customer_id,customer_unique_id,customer_zip_code_prefix,customer_city,customer_state
c_000000,cu_000860,113375,Belo Horizonte,MG
c_000001,cu_005390,163886,Rio de Janeiro,RJ
c_000002,cu_005226,501920,Belo Horizonte,MG
c_000003,cu_005191,319675,Guarulhos,SP
c_000004,cu_003772,197566,Sao Bernardo do Campo,SP
c_000005,cu_003092,712114,Sao Bernardo do Campo,SP
c_000006,cu_005734,152533,Rio de Janeiro,RJ
c_000007,cu_006265,354677,Santos,SP
c_000008,cu_000466,348357,Guarulhos,SP
c_000009,cu_005334,373469,Sao Bernardo do Campo,SP
c_000010,cu_004426,830491,Chapeco,SC
c_000011,cu_005578,932318,Campinas,SP
c_000012,cu_006231,346683,Belo Horizonte,MG
c_000013,cu_003444,370587,Belo Horizonte,MG
c_000014,cu_003171,498533,Florianopolis,SC
c_000015,cu_002919,278591,Manaus,AM
c_000016,cu_000130,735624,Guarulhos,SP
c_000017,cu_001685,784514,Sao Paulo,SP
c_000018,cu_000769,283661,Recife,PE
c_000019,cu_002391,674316,Nova Iguacu,RJ
c_000020,cu_005611,249322,Contagem,MG
c_000021,cu_006949,997653,Juiz de Fora,MG
c_000022,cu_002433,670414,Pelotas,RS
c_000023,cu_005311,768813,Manaus,AM
c_000024,cu_005051,465125,Aparecida de Goiania,GO
c_000025,cu_006420,302031,Canoas,RS
c_000026,cu_001184,692367,Sao Paulo,SP
c_000027,cu_004555,921681,Brasilia,DF
c_000028,cu_003385,920967,Guarulhos,SP
c_000029,cu_004117,611285,Santos,SP
c_000030,cu_006396,905666,Jaboatao dos Guararapes,PE
c_000031,cu_004843,183021,Guarulhos,SP
c_000032,cu_002904,640298,Sao Bernardo do Campo,SP
c_000033,cu_000474,183498,Campinas,SP
c_000034,cu_001082,196990,Feira de Santana,BA
c_000035,cu_002558,125476,Niteroi,RJ
c_000036,cu_002047,366187,Pelotas,RS
c_000037,cu_002747,979451,Guarulhos,SP
c_000038,cu_000975,283927,Curitiba,PR
c_000039,cu_001806,343186,Curitiba,PR
c_000040,cu_000189,635379,Santos,SP
c_000041,cu_007101,273715,Santos,SP
c_000042,cu_002734,920234,Santos,SP
c_000043,cu_003005,725164,Dourados,MS
c_000044,cu_004658,722767,Uberlandia,MG
c_000045,cu_001899,798182,Manaus,AM
c_000046,cu_001267,143696,Guarulhos,SP
c_000047,cu_006975,280928,Blumenau,SC
c_000048,cu_001528,910711,Curitiba,PR
c_000049,cu_003202,625785,Porto Alegre,RS
c_000050,cu_003556,590991,Cuiaba,MT
c_000051,cu_003890,948487,Santos,SP
c_000052,cu_000646,423311,Sao Bernardo do Campo,SP
c_000053,cu_006164,620236,Caxias do Sul,RS
c_000054,cu_002888,108827,Canoas,RS
c_000055,cu_006310,702947,Uberlandia,MG
c_000056,cu_005393,474913,Campinas,SP
c_000057,cu_002435,597171,Niteroi,RJ
c_000058,cu_000600,543319,Guarulhos,SP
c_000059,cu_002363,385032,Rio de Janeiro,RJ
c_000060,cu_002061,541691,Contagem,MG
c_000061,cu_000241,581434,Londrina,PR
c_000062,cu_002041,476493,Sao Paulo,SP
c_000063,cu_002824,427486,Santos,SP
c_000064,cu_002612,608029,Sao Paulo,SP
c_000065,cu_007041,189534,Santos,SP
c_000066,cu_001363,354330,Chapeco,SC
c_000067,cu_006235,563712,Juazeiro do Norte,CE
c_000068,cu_005486,455379,Guarulhos,SP
c_000069,cu_007099,398638,Curitiba,PR
c_000070,cu_001478,312254,Jaboatao dos Guararapes,PE
c_000071,cu_002556,968941,Salvador,BA
c_000072,cu_000775,904691,Guarulhos,SP
c_000073,cu_004014,236361,Santarem,PA
c_000074,cu_000034,375149,Santos,SP
c_000075,cu_006349,633922,Campinas,SP
c_000076,cu_003152,850398,Guarulhos,SP
c_000077,cu_001955,149372,Duque de Caxias,RJ
c_000078,cu_001585,302193,Guarulhos,SP
c_000079,cu_003943,608768,Sao Paulo,SP
c_000080,cu_003073,812740,Sao Bernardo do Campo,SP
c_000081,cu_001021,715567,Chapeco,SC
c_000082,cu_003461,740915,Brasilia,DF
c_000083,cu_002613,625440,Sao Bernardo do Campo,SP
c_000084,cu_005225,535456,Feira de Santana,BA
c_000085,cu_003843,445394,Vitoria da Conquista,BA
c_000086,cu_001500,706959,Maringa,PR
c_000087,cu_004798,837416,Guarulhos,SP
c_000088,cu_006545,620876,Canoas,RS
c_000089,cu_006873,529145,Ananindeua,PA
c_000090,cu_005675,721014,Canoas,RS
c_000091,cu_000161,613081,Santos,SP
c_000092,cu_004297,132137,Nova Iguacu,RJ
c_000093,cu_001981,770548,Belo Horizonte,MG
c_000094,cu_000995,183070,Duque de Caxias,RJ
c_000095,cu_006413,660694,Guarulhos,SP
c_000096,cu_004911,109147,Santos,SP
c_000097,cu_003342,333684,Joinville,SC
c_000098,cu_004551,258053,Brasilia,DF
c_000099,cu_003798,936642,Guarulhos,SP
c_000100,cu_001275,874624,Santarem,PA
c_000101,cu_001016,126932,Campinas,SP
c_000102,cu_006439,169317,Uberlandia,MG
c_000103,cu_006863,308393,Londrina,PR
c_000104,cu_000337,496761,Joinville,SC
c_000105,cu_000878,932537,Belem,PA
c_000106,cu_001076,578547,Sao Bernardo do Campo,SP
c_000107,cu_004887,712590,Salvador,BA
c_000108,cu_003993,184063,Santos,SP
c_000109,cu_006360,593455,Canoas,RS
c_000110,cu_004859,447257,Maringa,PR
c_000111,cu_006331,584369,Caxias do Sul,RS
c_000112,cu_000379,873914,Sao Bernardo do Campo,SP
c_000113,cu_000492,350979,Brasilia,DF
c_000114,cu_005276,702262,Sao Bernardo do Campo,SP
c_000115,cu_002062,285018,Sao Bernardo do Campo,SP
c_000116,cu_003884,992631,Caxias do Sul,RS
c_000117,cu_000064,401668,Rio de Janeiro,RJ
c_000118,cu_002568,762522,Vitoria da Conquista,BA
c_000119,cu_005463,500319,Sao Paulo,SP
c_000120,cu_005248,562328,Sao Paulo,SP
c_000121,cu_002027,801515,Salvador,BA
c_000122,cu_002695,878255,Nova Iguacu,RJ
c_000123,cu_001495,793854,Sao Bernardo do Campo,SP
c_000124,cu_005258,615618,Pelotas,RS
c_000125,cu_005618,335030,Duque de Caxias,RJ
c_000126,cu_006736,387097,Contagem,MG
c_000127,cu_000391,391015,Nova Iguacu,RJ
c_000128,cu_005794,386444,Feira de Santana,BA
c_000129,cu_004514,201792,Feira de Santana,BA
c_000130,cu_006432,937385,Porto Alegre,RS
c_000131,cu_004474,775956,Sao Bernardo do Campo,SP
c_000132,cu_005892,345142,Feira de Santana,BA
c_000133,cu_003561,570025,Porto Alegre,RS
c_000134,cu_002278,945479,Porto Alegre,RS
c_000135,cu_007161,166045,Sao Paulo,SP
c_000136,cu_006184,838163,Brasilia,DF
c_000137,cu_003099,307276,Canoas,RS
c_000138,cu_006278,301962,Guarulhos,SP
c_000139,cu_000200,762584,Sao Paulo,SP
c_000140,cu_005959,181551,Olinda,PE
c_000141,cu_004875,573455,Campinas,SP
c_000142,cu_007073,375390,Cuiaba,MT
c_000143,cu_003104,568583,Canoas,RS
c_000144,cu_004598,200442,Juiz de Fora,MG
c_000145,cu_002454,302571,Santos,SP
c_000146,cu_003645,522158,Sao Bernardo do Campo,SP
c_000147,cu_005847,467187,Ananindeua,PA
c_000148,cu_000804,260441,Sao Bernardo do Campo,SP
c_000149,cu_006242,558858,Londrina,PR
c_000150,cu_002731,916069,Sao Paulo,SP
c_000151,cu_005991,334977,Sao Paulo,SP
c_000152,cu_002773,892850,Guarulhos,SP
c_000153,cu_001570,812076,Rio de Janeiro,RJ
c_000154,cu_005056,536427,Campo Grande,MS
c_000155,cu_006756,367745,Santos,SP
c_000156,cu_005581,955043,Campinas,SP
c_000157,cu_002690,292457,Santos,SP
c_000158,cu_003840,624349,Nova Iguacu,RJ
c_000159,cu_001028,768123,Rio de Janeiro,RJ
c_000160,cu_000502,142189,Brasilia,DF
c_000161,cu_006910,105631,Nova Iguacu,RJ
c_000162,cu_004493,495025,Nova Iguacu,RJ
c_000163,cu_000870,414791,Santos,SP
c_000164,cu_006938,742891,Aparecida de Goiania,GO
c_000165,cu_004488,138563,Guarulhos,SP
c_000166,cu_000206,381712,Campinas,SP
c_000167,cu_005134,811541,Contagem,MG
c_000168,cu_005977,125918,Belo Horizonte,MG
c_000169,cu_007035,979165,Guarulhos,SP
c_000170,cu_001484,504895,Nova Iguacu,RJ
c_000171,cu_000863,147645,Blumenau,SC
c_000172,cu_002790,335987,Guarulhos,SP
c_000173,cu_000563,902431,Salvador,BA
c_000174,cu_005116,732359,Belo Horizonte,MG
c_000175,cu_004191,258232,Campinas,SP
c_000176,cu_006019,249885,Niteroi,RJ
c_000177,cu_001757,972261,Campinas,SP
c_000178,cu_006628,320938,Ponta Grossa,PR
c_000179,cu_006374,822894,Nova Iguacu,RJ
c_000180,cu_006892,666614,Guarulhos,SP
c_000181,cu_001678,926716,Uberlandia,MG
c_000182,cu_003242,147219,Goiania,GO
c_000183,cu_004636,183744,Rio de Janeiro,RJ
c_000184,cu_001059,746183,Manaus,AM
c_000185,cu_006668,869944,Guarulhos,SP
c_000186,cu_005279,833281,Campinas,SP
c_000187,cu_001722,738163,Campinas,SP
c_000188,cu_003314,803889,Guarulhos,SP
c_000189,cu_003157,230779,Campinas,SP
c_000190,cu_005915,377920,Sao Bernardo do Campo,SP
c_000191,cu_002625,831839,Fortaleza,CE
c_000192,cu_002729,433697,Vitoria da Conquista,BA
c_000193,cu_006700,940788,Ponta Grossa,PR
c_000194,cu_001597,852642,Guarulhos,SP
c_000195,cu_003060,386231,Sao Paulo,SP
c_000196,cu_002693,935351,Sao Bernardo do Campo,SP
c_000197,cu_004891,834756,Pelotas,RS
c_000198,cu_005147,644960,Manaus,AM
c_000199,cu_005739,381154,Niteroi,RJ
c_000200,cu_003627,442184,Santos,SP
c_000201,cu_001363,372130,Nova Iguacu,RJ
c_000202,cu_001981,931422,Santos,SP
c_000203,cu_005450,425334,Sao Paulo,SP
c_000204,cu_001663,178810,Belo Horizonte,MG
c_000205,cu_001529,502578,Pelotas,RS
c_000206,cu_002038,774180,Campinas,SP
c_000207,cu_005592,866061,Sao Bernardo do Campo,SP
c_000208,cu_003302,626815,Aparecida de Goiania,GO
c_000209,cu_002237,817659,Santos,SP
c_000210,cu_005504,856284,Santos,SP
c_000211,cu_005496,492765,Guarulhos,SP
c_000212,cu_001306,632644,Santos,SP
c_000213,cu_004029,888834,Guarulhos,SP
c_000214,cu_006776,647428,Joinville,SC
c_000215,cu_002675,148840,Sao Bernardo do Campo,SP
c_000216,cu_005068,876059,Niteroi,RJ
c_000217,cu_005864,477456,Porto Alegre,RS
c_000218,cu_001282,445267,Duque de Caxias,RJ
c_000219,cu_000709,984117,Brasilia,DF
c_000220,cu_005575,648135,Brasilia,DF
c_000221,cu_005530,811781,Sao Paulo,SP
c_000222,cu_004744,588756,Curitiba,PR
c_000223,cu_004413,444778,Niteroi,RJ
c_000224,cu_003748,861841,Aparecida de Goiania,GO
c_000225,cu_005353,758878,Rio de Janeiro,RJ
c_000226,cu_004779,357047,Goiania,GO
c_000227,cu_000663,375528,Curitiba,PR
c_000228,cu_001998,430996,Campinas,SP
c_000229,cu_003445,805622,Nova Iguacu,RJ
c_000230,cu_003743,842411,Goiania,GO
c_000231,cu_005727,750875,Feira de Santana,BA
c_000232,cu_001495,913694,Sao Paulo,SP
c_000233,cu_003304,435011,Porto Alegre,RS
c_000234,cu_003763,140916,Sao Bernardo do Campo,SP
c_000235,cu_005232,506753,Campinas,SP
c_000236,cu_001853,807273,Sao Bernardo do Campo,SP
c_000237,cu_005616,305132,Santos,SP
c_000238,cu_006585,396894,Joinville,SC
c_000239,cu_004659,627460,Guarulhos,SP
c_000240,cu_001291,366278,Salvador,BA
c_000241,cu_003581,363932,Campinas,SP
c_000242,cu_003457,636859,Guarulhos,SP
c_000243,cu_001636,710333,Santos,SP
c_000244,cu_003696,667070,Guarulhos,SP
c_000245,cu_002999,460834,Sao Paulo,SP
c_000246,cu_003152,231120,Sao Bernardo do Campo,SP
c_000247,cu_000698,350042,Uberlandia,MG
c_000248,cu_002160,703425,Santos,SP
c_000249,cu_004097,583420,Santos,SP
c_000250,cu_004737,314578,Sao Bernardo do Campo,SP
c_000251,cu_006363,544486,Brasilia,DF
c_000252,cu_005685,442343,Juazeiro do Norte,CE
c_000253,cu_000854,817997,Niteroi,RJ
c_000254,cu_005855,455930,Sao Bernardo do Campo,SP
c_000255,cu_006528,368638,Campinas,SP
c_000256,cu_003474,706632,Ananindeua,PA
c_000257,cu_005757,973617,Sao Bernardo do Campo,SP
c_000258,cu_005249,628986,Sao Paulo,SP
c_000259,cu_005172,129683,Sao Paulo,SP
c_000260,cu_001707,208623,Campinas,SP
c_000261,cu_002777,735971,Sao Bernardo do Campo,SP
c_000262,cu_005791,619455,Florianopolis,SC
c_000263,cu_001733,772262,Guarulhos,SP
c_000264,cu_005535,149561,Juiz de Fora,MG
c_000265,cu_006390,109316,Campinas,SP
c_000266,cu_004931,172093,Sao Bernardo do Campo,SP
c_000267,cu_003510,732520,Juazeiro do Norte,CE
c_000268,cu_000202,609934,Santos,SP
c_000269,cu_003255,502697,Salvador,BA
c_000270,cu_004218,605736,Nova Iguacu,RJ
c_000271,cu_004496,210667,Santos,SP
c_000272,cu_000766,873428,Ananindeua,PA
c_000273,cu_004389,961494,Sao Paulo,SP
c_000274,cu_002327,300579,Feira de Santana,BA
c_000275,cu_002931,626169,Campinas,SP
c_000276,cu_000197,176350,Vitoria da Conquista,BA
c_000277,cu_007125,669129,Santos,SP
c_000278,cu_001930,547913,Niteroi,RJ
c_000279,cu_003582,502367,Maringa,PR
c_000280,cu_006895,454374,Manaus,AM
c_000281,cu_006287,659167,Juazeiro do Norte,CE
c_000282,cu_000608,824328,Blumenau,SC
c_000283,cu_003272,711671,Olinda,PE
c_000284,cu_001147,176177,Campinas,SP
c_000285,cu_004282,722293,Guarulhos,SP
c_000286,cu_003397,611070,Campinas,SP
c_000287,cu_002511,729219,Sao Paulo,SP
c_000288,cu_001794,666133,Santos,SP
c_000289,cu_000659,706364,Duque de Caxias,RJ
c_000290,cu_002811,801561,Guarulhos,SP
c_000291,cu_007098,993547,Porto Alegre,RS
c_000292,cu_006051,810884,Sao Bernardo do Campo,SP
c_000293,cu_006546,682758,Campinas,SP
c_000294,cu_001369,218659,Nova Iguacu,RJ
c_000295,cu_001986,790921,Florianopolis,SC
c_000296,cu_005630,722825,Curitiba,PR
c_000297,cu_000146,466194,Belo Horizonte,MG
c_000298,cu_003219,893410,Guarulhos,SP
c_000299,cu_002911,426431,Nova Iguacu,RJ
c_000300,cu_001734,677493,Sao Bernardo do Campo,SP
c_000301,cu_001843,785023,Sao Paulo,SP
c_000302,cu_000488,206313,Sao Paulo,SP
c_000303,cu_002976,474875,Santos,SP
c_000304,cu_001959,373290,Guarulhos,SP
c_000305,cu_005759,572059,Santarem,PA
c_000306,cu_006694,131815,Ananindeua,PA
c_000307,cu_002385,649176,Campinas,SP
c_000308,cu_002919,967976,Sao Paulo,SP
c_000309,cu_004736,954468,Sao Bernardo do Campo,SP
c_000310,cu_001802,818030,Campinas,SP
c_000311,cu_006616,336746,Ananindeua,PA
c_000312,cu_006065,888794,Santos,SP
c_000313,cu_006294,124757,Ponta Grossa,PR
c_000314,cu_005534,975953,Santos,SP
c_000315,cu_004061,983582,Goiania,GO
c_000316,cu_003369,896846,Campinas,SP
c_000317,cu_005730,694033,Curitiba,PR
c_000318,cu_000262,236860,Santos,SP
c_000319,cu_005883,461268,Uberlandia,MG
c_000320,cu_006287,205988,Sao Bernardo do Campo,SP
c_000321,cu_006489,264469,Santos,SP
c_000322,cu_000623,626529,Manaus,AM
c_000323,cu_001016,319349,Caucaia,CE
c_000324,cu_003643,844296,Jaboatao dos Guararapes,PE
c_000325,cu_004976,934538,Juiz de Fora,MG
c_000326,cu_002049,950672,Florianopolis,SC
c_000327,cu_007040,991471,Santos,SP
c_000328,cu_005423,330979,Guarulhos,SP
c_000329,cu_006397,768665,Santos,SP
c_000330,cu_003723,962994,Contagem,MG
c_000331,cu_004548,936027,Guarulhos,SP
c_000332,cu_003108,430132,Sao Paulo,SP
c_000333,cu_005279,781934,Uberlandia,MG
c_000334,cu_004090,376929,Florianopolis,SC
c_000335,cu_007158,318027,Sao Paulo,SP
c_000336,cu_002056,366542,Campinas,SP
c_000337,cu_003170,354274,Sao Bernardo do Campo,SP
c_000338,cu_001682,914881,Sao Paulo,SP
c_000339,cu_006959,811050,Sao Paulo,SP
c_000340,cu_002255,373739,Contagem,MG
c_000341,cu_001154,436544,Belo Horizonte,MG
c_000342,cu_004499,343977,Canoas,RS
c_000343,cu_006295,231694,Santos,SP
c_000344,cu_006197,600482,Vitoria da Conquista,BA
c_000345,cu_003191,168438,Guarulhos,SP
c_000346,cu_001696,744065,Rio de Janeiro,RJ
c_000347,cu_003991,408721,Chapeco,SC
c_000348,cu_004723,311371,Sao Paulo,SP
c_000349,cu_004682,677839,Guarulhos,SP
c_000350,cu_001648,907997,Olinda,PE
c_000351,cu_005539,702878,Campinas,SP
c_000352,cu_001445,409471,Porto Alegre,RS
c_000353,cu_004199,380740,Campinas,SP
c_000354,cu_003923,188726,Canoas,RS
c_000355,cu_000253,701558,Sao Paulo,SP
c_000356,cu_003183,499322,Guarulhos,SP
c_000357,cu_002557,187547,Juiz de Fora,MG
c_000358,cu_005592,626994,Santos,SP
c_000359,cu_000098,499654,Guarulhos,SP
c_000360,cu_002200,629348,Guarulhos,SP
c_000361,cu_005980,990087,Guarulhos,SP
c_000362,cu_002961,466577,Guarulhos,SP
c_000363,cu_006015,754786,Sao Bernardo do Campo,SP
c_000364,cu_004973,301977,Juazeiro do Norte,CE
c_000365,cu_004433,948217,Sao Bernardo do Campo,SP
c_000366,cu_003777,487945,Nova Iguacu,RJ
c_000367,cu_002869,804595,Sao Paulo,SP
c_000368,cu_003234,584182,Sao Paulo,SP
c_000369,cu_003791,408755,Manaus,AM
c_000370,cu_000956,989047,Campinas,SP
c_000371,cu_005800,284556,Cuiaba,MT
c_000372,cu_004067,765624,Sao Paulo,SP
c_000373,cu_000160,418289,Maringa,PR
c_000374,cu_005699,486010,Duque de Caxias,RJ
c_000375,cu_006944,826076,Recife,PE
c_000376,cu_004493,291537,Uberlandia,MG
c_000377,cu_001300,462246,Niteroi,RJ
c_000378,cu_004911,131540,Santos,SP
c_000379,cu_003987,579320,Guarulhos,SP
c_000380,cu_001527,392538,Caucaia,CE
c_000381,cu_006015,446860,Campinas,SP
c_000382,cu_005511,502128,Campinas,SP
c_000383,cu_005254,540945,Curitiba,PR
c_000384,cu_001218,589177,Guarulhos,SP
c_000385,cu_004496,804298,Ananindeua,PA
c_000386,cu_004735,398444,Londrina,PR
c_000387,cu_003104,646885,Contagem,MG
c_000388,cu_002735,225093,Recife,PE
c_000389,cu_004555,713285,Sao Bernardo do Campo,SP
c_000390,cu_000954,892859,Sao Bernardo do Campo,SP
c_000391,cu_004565,186783,Rio de Janeiro,RJ
c_000392,cu_003446,376939,Guarulhos,SP
c_000393,cu_001045,132786,Curitiba,PR
c_000394,cu_006893,777679,Juazeiro do Norte,CE
c_000395,cu_001693,355594,Rio de Janeiro,RJ
c_000396,cu_006181,533660,Santos,SP
c_000397,cu_006373,409973,Cuiaba,MT
c_000398,cu_003436,678636,Niteroi,RJ
c_000399,cu_000562,773259,Duque de Caxias,RJ
c_000400,cu_002485,705466,Santos,SP
c_000401,cu_005895,265446,Caucaia,CE
c_000402,cu_003354,813273,Juiz de Fora,MG
c_000403,cu_006170,473339,Londrina,PR
c_000404,cu_000225,781132,Joinville,SC
c_000405,cu_004893,279574,Guarulhos,SP
c_000406,cu_006427,753922,Rio de Janeiro,RJ
c_000407,cu_007022,954082,Feira de Santana,BA
c_000408,cu_000959,721422,Guarulhos,SP
c_000409,cu_005600,714542,Joinville,SC
c_000410,cu_004548,360916,Belem,PA
c_000411,cu_003067,933760,Contagem,MG
c_000412,cu_000815,945564,Curitiba,PR
c_000413,cu_004754,693068,Florianopolis,SC
c_000414,cu_004642,408077,Vitoria da Conquista,BA
c_000415,cu_005311,236020,Sao Paulo,SP
c_000416,cu_003120,854611,Guarulhos,SP
c_000417,cu_000016,272631,Santos,SP
c_000418,cu_001243,190741,Pelotas,RS
c_000419,cu_002205,382478,Duque de Caxias,RJ
c_000420,cu_002524,902580,Ponta Grossa,PR
c_000421,cu_001069,345598,Santos,SP
c_000422,cu_003444,877478,Uberlandia,MG
c_000423,cu_002565,436520,Sao Paulo,SP
c_000424,cu_006242,627973,Curitiba,PR
c_000425,cu_005864,769717,Nova Iguacu,RJ
c_000426,cu_001060,976930,Sao Paulo,SP
c_000427,cu_002327,202079,Guarulhos,SP
c_000428,cu_003420,484476,Londrina,PR
c_000429,cu_006640,891452,Rio de Janeiro,RJ
c_000430,cu_000301,895182,Campinas,SP
c_000431,cu_004276,154692,Varzea Grande,MT
c_000432,cu_000606,418148,Caxias do Sul,RS
c_000433,cu_003170,498710,Santarem,PA
c_000434,cu_000699,433362,Duque de Caxias,RJ
c_000435,cu_005088,590142,Nova Iguacu,RJ
c_000436,cu_001139,670844,Recife,PE
c_000437,cu_000190,565231,Niteroi,RJ
c_000438,cu_002300,558677,Pelotas,RS
c_000439,cu_000980,126094,Santos,SP
c_000440,cu_002975,698249,Niteroi,RJ
c_000441,cu_006102,150039,Guarulhos,SP
c_000442,cu_001184,910516,Guarulhos,SP
c_000443,cu_003327,866480,Campinas,SP
c_000444,cu_003394,370650,Sao Bernardo do Campo,SP
c_000445,cu_000127,713543,Campo Grande,MS
c_000446,cu_002065,678161,Guarulhos,SP
c_000447,cu_001816,738615,Belo Horizonte,MG
c_000448,cu_005854,930034,Vitoria da Conquista,BA
c_000449,cu_006709,925719,Juiz de Fora,MG
c_000450,cu_000569,529735,Guarulhos,SP
c_000451,cu_005442,394895,Caxias do Sul,RS
c_000452,cu_001895,721180,Contagem,MG
c_000453,cu_002733,204020,Ponta Grossa,PR
c_000454,cu_003863,898859,Curitiba,PR
c_000455,cu_004721,855971,Dourados,MS
c_000456,cu_004014,914885,Contagem,MG
c_000457,cu_002901,701038,Campinas,SP
c_000458,cu_001686,238153,Uberlandia,MG
c_000459,cu_003009,472679,Sao Paulo,SP
c_000460,cu_000154,288753,Olinda,PE
c_000461,cu_002537,480945,Sao Bernardo do Campo,SP
c_000462,cu_001409,313166,Sao Bernardo do Campo,SP
c_000463,cu_004057,643985,Florianopolis,SC
c_000464,cu_000784,647447,Contagem,MG
c_000465,cu_003175,764726,Sao Bernardo do Campo,SP
c_000466,cu_004341,101672,Niteroi,RJ
c_000467,cu_005596,362348,Feira de Santana,BA
c_000468,cu_005801,112975,Campinas,SP
c_000469,cu_002806,531197,Brasilia,DF
c_000470,cu_000537,389540,Sao Bernardo do Campo,SP
c_000471,cu_005986,373618,Londrina,PR
c_000472,cu_001841,294665,Vitoria da Conquista,BA
c_000473,cu_005016,980887,Campinas,SP
c_000474,cu_002455,130098,Duque de Caxias,RJ
c_000475,cu_000524,550142,Sao Bernardo do Campo,SP
c_000476,cu_006971,691449,Porto Alegre,RS
c_000477,cu_005625,921792,Duque de Caxias,RJ
c_000478,cu_002950,936454,Uberlandia,MG
c_000479,cu_004131,793779,Guarulhos,SP
c_000480,cu_004780,388215,Sao Bernardo do Campo,SP
c_000481,cu_004115,836222,Sao Bernardo do Campo,SP
c_000482,cu_002368,408486,Santos,SP
c_000483,cu_003847,628440,Juiz de Fora,MG
c_000484,cu_006655,255218,Vitoria da Conquista,BA
c_000485,cu_004495,182422,Uberlandia,MG
c_000486,cu_002701,474823,Niteroi,RJ
c_000487,cu_000971,657834,Santarem,PA
c_000488,cu_006002,839087,Pelotas,RS
c_000489,cu_006614,569551,Manaus,AM
c_000490,cu_001166,193756,Rio de Janeiro,RJ
c_000491,cu_005211,859550,Sao Bernardo do Campo,SP
c_000492,cu_004929,405110,Campinas,SP
c_000493,cu_005919,369421,Porto Alegre,RS
c_000494,cu_002774,226747,Santos,SP
c_000495,cu_001982,426662,Sao Paulo,SP
c_000496,cu_000853,812941,Nova Iguacu,RJ
c_000497,cu_004146,987660,Contagem,MG
c_000498,cu_003736,538868,Contagem,MG
c_000499,cu_003769,831637,Sao Paulo,SP
c_000500,cu_000574,511157,Guarulhos,SP
c_000501,cu_003261,665931,Belo Horizonte,MG
c_000502,cu_001148,290310,Cuiaba,MT
c_000503,cu_006293,597951,Porto Alegre,RS
c_000504,cu_006457,340179,Manaus,AM
c_000505,cu_006713,824853,Maringa,PR
c_000506,cu_006448,729860,Uberlandia,MG
c_000507,cu_001715,255929,Sao Bernardo do Campo,SP
c_000508,cu_004777,807122,Juiz de Fora,MG
c_000509,cu_004933,495152,Uberlandia,MG
c_000510,cu_003854,114711,Belo Horizonte,MG
c_000511,cu_005173,516369,Duque de Caxias,RJ
c_000512,cu_007146,906726,Duque de Caxias,RJ
c_000513,cu_002491,906442,Sao Bernardo do Campo,SP
c_000514,cu_002660,640514,Rio de Janeiro,RJ
c_000515,cu_007136,828521,Santos,SP
c_000516,cu_006407,935147,Blumenau,SC
c_000517,cu_003124,688026,Santos,SP
c_000518,cu_005691,201349,Santos,SP
c_000519,cu_003051,839133,Rio de Janeiro,RJ
c_000520,cu_000004,624728,Contagem,MG
c_000521,cu_005222,230894,Niteroi,RJ
c_000522,cu_005315,582726,Guarulhos,SP
c_000523,cu_004869,277769,Juiz de Fora,MG
c_000524,cu_000876,798629,Guarulhos,SP
c_000525,cu_000991,886089,Manaus,AM
c_000526,cu_007027,259238,Manaus,AM
c_000527,cu_004142,709768,Rio de Janeiro,RJ
c_000528,cu_007010,671781,Campinas,SP
c_000529,cu_006966,516698,Maringa,PR
c_000530,cu_007079,915753,Santos,SP
c_000531,cu_006799,933444,Nova Iguacu,RJ
c_000532,cu_004364,204662,Sao Bernardo do Campo,SP
c_000533,cu_004465,863622,Manaus,AM
c_000534,cu_000635,717747,Guarulhos,SP
c_000535,cu_005225,443577,Belo Horizonte,MG
c_000536,cu_001693,830049,Maringa,PR
c_000537,cu_001682,196530,Rio de Janeiro,RJ
c_000538,cu_004752,767881,Santos,SP
c_000539,cu_000119,150084,Campo Grande,MS
c_000540,cu_000830,104983,Duque de Caxias,RJ
c_000541,cu_005906,198729,Contagem,MG
c_000542,cu_003675,777181,Santos,SP
c_000543,cu_005177,543462,Rio de Janeiro,RJ
c_000544,cu_006070,456794,Rio de Janeiro,RJ
c_000545,cu_001369,894413,Sao Paulo,SP
c_000546,cu_000740,680034,Sao Paulo,SP
c_000547,cu_000116,901784,Feira de Santana,BA
c_000548,cu_005949,882018,Sao Bernardo do Campo,SP
c_000549,cu_002838,120713,Sao Bernardo do Campo,SP
c_000550,cu_001150,602516,Duque de Caxias,RJ
c_000551,cu_001931,997447,Maringa,PR
c_000552,cu_001012,275961,Guarulhos,SP
c_000553,cu_001664,876092,Belo Horizonte,MG
c_000554,cu_001081,459054,Sao Bernardo do Campo,SP
c_000555,cu_004729,797030,Sao Bernardo do Campo,SP
c_000556,cu_000512,728511,Sao Paulo,SP
c_000557,cu_002849,501254,Vitoria da Conquista,BA
c_000558,cu_005215,396755,Campinas,SP
c_000559,cu_005237,267562,Campinas,SP
c_000560,cu_000559,539641,Nova Iguacu,RJ
c_000561,cu_003672,178522,Feira de Santana,BA
c_000562,cu_004583,383871,Sao Paulo,SP
c_000563,cu_004992,913764,Duque de Caxias,RJ
c_000564,cu_003343,226549,Sao Bernardo do Campo,SP
c_000565,cu_005308,690137,Rio de Janeiro,RJ
c_000566,cu_004070,914380,Uberlandia,MG
c_000567,cu_004799,161170,Belo Horizonte,MG
c_000568,cu_001470,452318,Campinas,SP
c_000569,cu_000580,470226,Campinas,SP
c_000570,cu_006933,642472,Sao Paulo,SP
c_000571,cu_007004,262822,Campinas,SP
c_000572,cu_002294,890754,Santos,SP
c_000573,cu_003147,920856,Curitiba,PR
c_000574,cu_004249,413993,Cuiaba,MT
c_000575,cu_001679,325095,Campo Grande,MS
c_000576,cu_003506,918181,Brasilia,DF
c_000577,cu_005092,128354,Uberlandia,MG
c_000578,cu_002744,672545,Caxias do Sul,RS
c_000579,cu_003356,979493,Sao Bernardo do Campo,SP
c_000580,cu_004045,507528,Uberlandia,MG
c_000581,cu_001243,863642,Nova Iguacu,RJ
c_000582,cu_005188,995176,Nova Iguacu,RJ
c_000583,cu_003118,807251,Maringa,PR
c_000584,cu_005104,249374,Campinas,SP
c_000585,cu_002141,137293,Sao Bernardo do Campo,SP
c_000586,cu_005869,807164,Manaus,AM
c_000587,cu_005053,389160,Campinas,SP
c_000588,cu_003059,758681,Rio de Janeiro,RJ
c_000589,cu_004548,431923,Juazeiro do Norte,CE
c_000590,cu_005323,496764,Contagem,MG
c_000591,cu_002959,122165,Nova Iguacu,RJ
c_000592,cu_002265,488869,Campinas,SP
c_000593,cu_006617,630080,Guarulhos,SP
c_000594,cu_002479,569317,Salvador,BA
c_000595,cu_006484,856635,Contagem,MG
c_000596,cu_004646,359812,Duque de Caxias,RJ
c_000597,cu_001635,575776,Campinas,SP
c_000598,cu_005408,255471,Sao Paulo,SP
c_000599,cu_001757,724166,Varzea Grande,MT
c_000600,cu_004452,108785,Guarulhos,SP
c_000601,cu_002070,370325,Belo Horizonte,MG
c_000602,cu_005881,341861,Campinas,SP
c_000603,cu_006665,274750,Porto Alegre,RS
c_000604,cu_005877,103822,Manaus,AM
c_000605,cu_002849,804352,Uberlandia,MG
c_000606,cu_003251,120897,Sao Bernardo do Campo,SP
c_000607,cu_006905,979655,Belo Horizonte,MG
c_000608,cu_003730,470956,Ponta Grossa,PR
c_000609,cu_002489,121362,Sao Bernardo do Campo,SP
c_000610,cu_001631,755250,Brasilia,DF
c_000611,cu_002816,723822,Belo Horizonte,MG
c_000612,cu_001015,340827,Olinda,PE
c_000613,cu_001348,897252,Juiz de Fora,MG
c_000614,cu_004611,182261,Campinas,SP
c_000615,cu_003087,710045,Sao Paulo,SP
c_000616,cu_002839,911768,Campinas,SP
c_000617,cu_000335,495361,Juazeiro do Norte,CE
c_000618,cu_005878,558328,Maringa,PR
c_000619,cu_006401,723520,Canoas,RS
c_000620,cu_004592,898388,Santos,SP
c_000621,cu_000895,216780,Santos,SP
c_000622,cu_006303,795876,Londrina,PR
c_000623,cu_003546,736070,Niteroi,RJ
c_000624,cu_000851,769959,Guarulhos,SP
c_000625,cu_001687,180285,Contagem,MG
c_000626,cu_001931,989294,Guarulhos,SP
c_000627,cu_006833,682523,Guarulhos,SP
c_000628,cu_003746,893926,Niteroi,RJ
c_000629,cu_002427,840678,Guarulhos,SP
c_000630,cu_001568,387080,Aparecida de Goiania,GO
c_000631,cu_004000,575890,Sao Bernardo do Campo,SP
c_000632,cu_005052,209838,Sao Bernardo do Campo,SP
c_000633,cu_002738,745257,Santos,SP
c_000634,cu_003498,532395,Ponta Grossa,PR
c_000635,cu_005732,906375,Nova Iguacu,RJ
c_000636,cu_005387,226257,Contagem,MG
c_000637,cu_005536,134968,Santos,SP
c_000638,cu_005287,144085,Sao Bernardo do Campo,SP
c_000639,cu_003913,356290,Nova Iguacu,RJ
c_000640,cu_001066,947917,Florianopolis,SC
c_000641,cu_004380,333324,Recife,PE
c_000642,cu_002444,107364,Sao Bernardo do Campo,SP
c_000643,cu_004107,854447,Niteroi,RJ
c_000644,cu_005726,320555,Juazeiro do Norte,CE
c_000645,cu_003373,247135,Sao Bernardo do Campo,SP
c_000646,cu_003969,853887,Feira de Santana,BA
c_000647,cu_002546,273045,Santos,SP
c_000648,cu_000753,202087,Manaus,AM
c_000649,cu_002082,653487,Curitiba,PR
c_000650,cu_002774,816149,Ananindeua,PA
c_000651,cu_002896,900982,Canoas,RS
c_000652,cu_004185,411751,Campinas,SP
c_000653,cu_000775,933745,Manaus,AM
c_000654,cu_006748,709159,Guarulhos,SP
c_000655,cu_007113,202691,Sao Bernardo do Campo,SP
c_000656,cu_001625,228640,Porto Alegre,RS
c_000657,cu_003069,951273,Maringa,PR
c_000658,cu_000417,329386,Manaus,AM
c_000659,cu_000114,147612,Sao Bernardo do Campo,SP
c_000660,cu_000616,997430,Florianopolis,SC
c_000661,cu_003974,294713,Curitiba,PR
c_000662,cu_003267,626088,Sao Bernardo do Campo,SP
c_000663,cu_000825,706657,Sao Bernardo do Campo,SP
c_000664,cu_005745,864776,Sao Paulo,SP
c_000665,cu_001516,646967,Santos,SP
c_000666,cu_003146,870420,Goiania,GO
c_000667,cu_000412,125657,Uberlandia,MG
c_000668,cu_000728,751257,Canoas,RS
c_000669,cu_003348,241790,Campo Grande,MS
c_000670,cu_007164,896544,Guarulhos,SP
c_000671,cu_002808,511462,Chapeco,SC
c_000672,cu_000675,355243,Duque de Caxias,RJ
c_000673,cu_003465,640785,Brasilia,DF
c_000674,cu_005988,573390,Guarulhos,SP
c_000675,cu_002504,304215,Ananindeua,PA
c_000676,cu_002967,549295,Guarulhos,SP
c_000677,cu_006335,465873,Sao Bernardo do Campo,SP
c_000678,cu_002786,369454,Ponta Grossa,PR
c_000679,cu_001122,578094,Sao Paulo,SP
c_000680,cu_004079,695228,Contagem,MG
c_000681,cu_001571,610656,Duque de Caxias,RJ
c_000682,cu_005073,539738,Londrina,PR
c_000683,cu_005104,866893,Sao Paulo,SP
c_000684,cu_002143,439232,Campinas,SP
c_000685,cu_001687,471160,Sao Bernardo do Campo,SP
c_000686,cu_006806,813831,Niteroi,RJ
c_000687,cu_004132,955653,Sao Paulo,SP
c_000688,cu_003851,419911,Guarulhos,SP
c_000689,cu_003440,794195,Guarulhos,SP
c_000690,cu_003766,455235,Campinas,SP
c_000691,cu_005644,465880,Juiz de Fora,MG
c_000692,cu_002326,499534,Olinda,PE
c_000693,cu_006360,605240,Campinas,SP
c_000694,cu_002914,527776,Contagem,MG
c_000695,cu_004968,809830,Contagem,MG
c_000696,cu_005917,476746,Santos,SP
c_000697,cu_005392,771928,Caxias do Sul,RS
c_000698,cu_003952,161294,Guarulhos,SP
c_000699,cu_006205,401762,Duque de Caxias,RJ
c_000700,cu_000595,810271,Sao Paulo,SP
c_000701,cu_005999,420115,Porto Alegre,RS
c_000702,cu_000728,855650,Belo Horizonte,MG
c_000703,cu_001365,234139,Guarulhos,SP
c_000704,cu_004492,969671,Sao Bernardo do Campo,SP
c_000705,cu_000698,775536,Campo Grande,MS
c_000706,cu_007186,872871,Rio de Janeiro,RJ
c_000707,cu_006320,861189,Nova Iguacu,RJ
c_000708,cu_005731,342214,Caucaia,CE
c_000709,cu_000395,986545,Caxias do Sul,RS
c_000710,cu_006588,978493,Belo Horizonte,MG
c_000711,cu_004171,466892,Florianopolis,SC
c_000712,cu_004360,746276,Brasilia,DF
c_000713,cu_002502,550978,Rio de Janeiro,RJ
c_000714,cu_001819,379379,Nova Iguacu,RJ
c_000715,cu_000717,639953,Santos,SP
c_000716,cu_002782,290663,Cuiaba,MT
c_000717,cu_004946,845988,Caxias do Sul,RS
c_000718,cu_003577,712047,Campinas,SP
c_000719,cu_005486,287396,Brasilia,DF
c_000720,cu_000143,717260,Duque de Caxias,RJ
c_000721,cu_004980,308895,Sao Bernardo do Campo,SP
c_000722,cu_003140,631197,Duque de Caxias,RJ
c_000723,cu_004491,788031,Santos,SP
c_000724,cu_007192,442626,Brasilia,DF
c_000725,cu_007091,292470,Sao Paulo,SP
c_000726,cu_002938,697615,Vitoria da Conquista,BA
c_000727,cu_005588,186226,Uberlandia,MG
c_000728,cu_003636,532048,Sao Bernardo do Campo,SP
c_000729,cu_003222,705257,Dourados,MS
c_000730,cu_001167,925987,Rio de Janeiro,RJ
c_000731,cu_002616,619636,Sao Paulo,SP
c_000732,cu_001062,799936,Duque de Caxias,RJ
c_000733,cu_002156,414372,Vitoria da Conquista,BA
c_000734,cu_005161,667830,Campinas,SP
c_000735,cu_005305,811451,Santos,SP
c_000736,cu_002982,699757,Santos,SP
c_000737,cu_006541,896281,Sao Paulo,SP
c_000738,cu_003294,909685,Chapeco,SC
c_000739,cu_004729,359425,Rio de Janeiro,RJ
c_000740,cu_001156,231575,Campinas,SP
c_000741,cu_005334,913965,Santos,SP
c_000742,cu_000732,370429,Campinas,SP
c_000743,cu_004330,672593,Manaus,AM
c_000744,cu_006801,983927,Sao Bernardo do Campo,SP
c_000745,cu_004846,112411,Aparecida de Goiania,GO
c_000746,cu_006731,609781,Rio de Janeiro,RJ
c_000747,cu_007176,297019,Campinas,SP
c_000748,cu_000953,376223,Recife,PE
c_000749,cu_002539,181439,Duque de Caxias,RJ
c_000750,cu_007056,265451,Canoas,RS
c_000751,cu_003324,113120,Aparecida de Goiania,GO
c_000752,cu_003301,831995,Santos,SP
c_000753,cu_001542,810646,Sao Bernardo do Campo,SP
c_000754,cu_005293,662511,Canoas,RS
c_000755,cu_005772,562878,Campinas,SP
c_000756,cu_001191,874752,Campinas,SP
c_000757,cu_006313,763271,Campinas,SP
c_000758,cu_005512,658982,Santos,SP
c_000759,cu_002993,403321,Maringa,PR
c_000760,cu_006938,990342,Sao Paulo,SP
c_000761,cu_002681,247177,Niteroi,RJ
c_000762,cu_001217,214223,Juiz de Fora,MG
c_000763,cu_001540,356882,Nova Iguacu,RJ
c_000764,cu_006172,655226,Sao Paulo,SP
c_000765,cu_003236,209169,Blumenau,SC
c_000766,cu_005541,509212,Guarulhos,SP
c_000767,cu_002386,173234,Maringa,PR
c_000768,cu_003719,970410,Olinda,PE
c_000769,cu_005615,475655,Rio de Janeiro,RJ
c_000770,cu_001388,962316,Nova Iguacu,RJ
c_000771,cu_001856,638524,Rio de Janeiro,RJ
c_000772,cu_001365,227920,Sao Paulo,SP
c_000773,cu_000499,322154,Recife,PE
c_000774,cu_001680,185422,Olinda,PE
c_000775,cu_000510,358690,Santos,SP
c_000776,cu_004312,822822,Contagem,MG
c_000777,cu_001324,625938,Manaus,AM
c_000778,cu_001155,774093,Varzea Grande,MT
c_000779,cu_001827,127540,Niteroi,RJ
c_000780,cu_003141,486384,Duque de Caxias,RJ
c_000781,cu_003486,705442,Sao Bernardo do Campo,SP
c_000782,cu_001810,180924,Belem,PA
c_000783,cu_006588,497846,Campinas,SP
c_000784,cu_002923,911443,Uberlandia,MG
c_000785,cu_005301,964669,Santos,SP
c_000786,cu_002214,430893,Sao Bernardo do Campo,SP
c_000787,cu_004186,365575,Campinas,SP
c_000788,cu_000713,198157,Goiania,GO
c_000789,cu_005977,115159,Santos,SP
c_000790,cu_003602,979152,Juiz de Fora,MG
c_000791,cu_004134,664892,Campinas,SP
c_000792,cu_003522,123164,Campinas,SP
c_000793,cu_004268,884179,Niteroi,RJ
c_000794,cu_004748,157160,Duque de Caxias,RJ
c_000795,cu_004849,760927,Sao Paulo,SP
c_000796,cu_001243,117041,Campinas,SP
c_000797,cu_003709,740696,Guarulhos,SP
c_000798,cu_001081,118827,Sao Paulo,SP
c_000799,cu_005779,567849,Varzea Grande,MT
c_000800,cu_006619,159987,Ananindeua,PA
c_000801,cu_000455,630195,Sao Paulo,SP
c_000802,cu_004924,619388,Belo Horizonte,MG
c_000803,cu_000894,526158,Juazeiro do Norte,CE
c_000804,cu_001384,983287,Sao Paulo,SP
c_000805,cu_001958,282737,Blumenau,SC
c_000806,cu_003072,820269,Belem,PA
c_000807,cu_006530,543855,Sao Bernardo do Campo,SP
c_000808,cu_001996,453788,Campinas,SP
c_000809,cu_006491,771674,Varzea Grande,MT
c_000810,cu_004285,781866,Duque de Caxias,RJ
c_000811,cu_000504,528613,Sao Paulo,SP
c_000812,cu_001214,308954,Sao Bernardo do Campo,SP
c_000813,cu_001531,782274,Duque de Caxias,RJ
c_000814,cu_003440,588520,Pelotas,RS
c_000815,cu_000823,789346,Ponta Grossa,PR
c_000816,cu_000928,608267,Goiania,GO
c_000817,cu_005029,843017,Guarulhos,SP
c_000818,cu_005236,379760,Nova Iguacu,RJ
c_000819,cu_000133,943432,Duque de Caxias,RJ
c_000820,cu_002105,800118,Sao Paulo,SP
c_000821,cu_003627,904622,Sao Paulo,SP
c_000822,cu_004780,689420,Dourados,MS
c_000823,cu_006815,401759,Feira de Santana,BA
c_000824,cu_006316,687876,Niteroi,RJ
c_000825,cu_001852,897638,Juiz de Fora,MG
c_000826,cu_004910,986865,Guarulhos,SP
c_000827,cu_005268,530325,Niteroi,RJ
c_000828,cu_004175,200280,Porto Alegre,RS
c_000829,cu_002933,914215,Duque de Caxias,RJ
c_000830,cu_003284,677860,Aparecida de Goiania,GO
c_000831,cu_004298,586698,Contagem,MG
c_000832,cu_002811,745358,Santos,SP
c_000833,cu_005348,230747,Londrina,PR
c_000834,cu_005795,103150,Campinas,SP
c_000835,cu_001250,129145,Santos,SP
c_000836,cu_005778,264296,Sao Bernardo do Campo,SP
c_000837,cu_005651,976919,Nova Iguacu,RJ
c_000838,cu_003512,490981,Blumenau,SC
c_000839,cu_006190,963831,Nova Iguacu,RJ
c_000840,cu_001256,357942,Blumenau,SC
c_000841,cu_003376,242216,Contagem,MG
c_000842,cu_005645,774559,Sao Bernardo do Campo,SP
c_000843,cu_005262,408188,Florianopolis,SC
c_000844,cu_003486,925097,Sao Paulo,SP
c_000845,cu_003584,965072,Campinas,SP
c_000846,cu_001396,998088,Duque de Caxias,RJ
c_000847,cu_003637,744423,Guarulhos,SP
c_000848,cu_003330,572394,Sao Bernardo do Campo,SP
c_000849,cu_002703,865993,Juiz de Fora,MG
c_000850,cu_000470,397612,Nova Iguacu,RJ
c_000851,cu_007114,750396,Rio de Janeiro,RJ
c_000852,cu_005131,961996,Varzea Grande,MT
c_000853,cu_001353,749044,Belo Horizonte,MG
c_000854,cu_002783,294495,Brasilia,DF
c_000855,cu_002831,652137,Campinas,SP
c_000856,cu_005063,709021,Contagem,MG
c_000857,cu_000357,124611,Brasilia,DF
c_000858,cu_003019,784246,Contagem,MG
c_000859,cu_000667,317113,Caxias do Sul,RS
c_000860,cu_004468,827843,Santos,SP
c_000861,cu_005127,671822,Sao Bernardo do Campo,SP
c_000862,cu_001145,433441,Nova Iguacu,RJ
c_000863,cu_005467,819058,Guarulhos,SP
c_000864,cu_006819,636156,Brasilia,DF
c_000865,cu_004185,628457,Guarulhos,SP
c_000866,cu_003719,894061,Cuiaba,MT
c_000867,cu_002745,133311,Belem,PA
c_000868,cu_000539,578058,Sao Paulo,SP
c_000869,cu_002779,366581,Campinas,SP
c_000870,cu_004964,141577,Olinda,PE
c_000871,cu_004136,878880,Varzea Grande,MT
c_000872,cu_004835,436657,Rio de Janeiro,RJ
c_000873,cu_003775,544246,Campinas,SP
c_000874,cu_006042,355990,Niteroi,RJ
c_000875,cu_006645,913713,Caxias do Sul,RS
c_000876,cu_007102,395714,Santos,SP
c_000877,cu_005320,272933,Londrina,PR
c_000878,cu_005024,102633,Sao Bernardo do Campo,SP
c_000879,cu_006132,405527,Sao Bernardo do Campo,SP
c_000880,cu_002508,265813,Campinas,SP
c_000881,cu_002779,845687,Santos,SP
c_000882,cu_006895,513741,Campinas,SP
c_000883,cu_000924,893160,Nova Iguacu,RJ
c_000884,cu_002956,433129,Guarulhos,SP
c_000885,cu_001581,298698,Santos,SP
c_000886,cu_003324,797971,Santos,SP
c_000887,cu_004485,873756,Dourados,MS
c_000888,cu_005713,478689,Guarulhos,SP
c_000889,cu_007026,826249,Nova Iguacu,RJ
c_000890,cu_000255,601461,Uberlandia,MG
c_000891,cu_004804,765946,Aparecida de Goiania,GO
c_000892,cu_001838,654553,Sao Paulo,SP
c_000893,cu_001944,394051,Pelotas,RS
c_000894,cu_006593,282028,Canoas,RS
c_000895,cu_000009,380293,Uberlandia,MG
c_000896,cu_002871,346353,Sao Bernardo do Campo,SP
c_000897,cu_000797,822289,Porto Alegre,RS
c_000898,cu_004972,597655,Santos,SP
c_000899,cu_005124,606754,Juiz de Fora,MG
c_000900,cu_001015,850131,Maringa,PR
c_000901,cu_001824,512532,Guarulhos,SP
c_000902,cu_004469,254072,Salvador,BA
c_000903,cu_003136,122068,Campinas,SP
c_000904,cu_002193,661361,Salvador,BA
c_000905,cu_000223,848848,Rio de Janeiro,RJ
c_000906,cu_005358,893851,Guarulhos,SP
c_000907,cu_006320,695836,Santos,SP
c_000908,cu_005898,448363,Belem,PA
c_000909,cu_004948,967024,Sao Bernardo do Campo,SP
c_000910,cu_004158,610381,Campinas,SP
c_000911,cu_005336,121913,Campinas,SP
c_000912,cu_003925,902926,Juiz de Fora,MG
c_000913,cu_006970,128915,Niteroi,RJ
c_000914,cu_006938,788648,Guarulhos,SP
c_000915,cu_004784,925717,Sao Paulo,SP
c_000916,cu_005580,477489,Guarulhos,SP
c_000917,cu_004000,720219,Campinas,SP
c_000918,cu_001633,356683,Sao Paulo,SP
c_000919,cu_002152,840421,Pelotas,RS
c_000920,cu_000510,107855,Santos,SP
c_000921,cu_000384,896741,Santos,SP
c_000922,cu_000404,316287,Guarulhos,SP
c_000923,cu_006966,674570,Campo Grande,MS
c_000924,cu_004613,196470,Belem,PA
c_000925,cu_004571,367355,Florianopolis,SC
c_000926,cu_002000,825964,Guarulhos,SP
c_000927,cu_002756,222876,Campinas,SP
c_000928,cu_001668,284034,Santos,SP
c_000929,cu_005989,430525,Sao Paulo,SP
c_000930,cu_006914,812422,Nova Iguacu,RJ
c_000931,cu_001460,297145,Londrina,PR
c_000932,cu_007190,452753,Salvador,BA
c_000933,cu_007140,338656,Salvador,BA
c_000934,cu_003636,496389,Sao Bernardo do Campo,SP
c_000935,cu_002724,517129,Caxias do Sul,RS
c_000936,cu_004809,469534,Santos,SP
c_000937,cu_004178,824295,Campinas,SP
c_000938,cu_005264,713143,Pelotas,RS
c_000939,cu_006600,370047,Campinas,SP
c_000940,cu_005997,430245,Sao Paulo,SP
c_000941,cu_002048,436686,Sao Paulo,SP
c_000942,cu_004146,416240,Caxias do Sul,RS
c_000943,cu_004780,313751,Maringa,PR
c_000944,cu_000716,103070,Sao Bernardo do Campo,SP
c_000945,cu_005565,280523,Joinville,SC
c_000946,cu_004544,456938,Campinas,SP
c_000947,cu_004976,631082,Nova Iguacu,RJ
c_000948,cu_004583,144877,Pelotas,RS
c_000949,cu_001823,508980,Canoas,RS
c_000950,cu_002081,280223,Goiania,GO
c_000951,cu_003419,855417,Guarulhos,SP
c_000952,cu_006238,651536,Uberlandia,MG
c_000953,cu_001574,136767,Juiz de Fora,MG
c_000954,cu_006297,364053,Caucaia,CE
c_000955,cu_000249,105842,Campinas,SP
c_000956,cu_000673,929487,Londrina,PR
c_000957,cu_004533,550727,Belo Horizonte,MG
c_000958,cu_002165,344670,Sao Paulo,SP
c_000959,cu_000770,962871,Niteroi,RJ
c_000960,cu_003962,570124,Sao Bernardo do Campo,SP
c_000961,cu_004363,656696,Uberlandia,MG
c_000962,cu_001984,738368,Jaboatao dos Guararapes,PE
c_000963,cu_001077,248949,Belo Horizonte,MG
c_000964,cu_000235,333482,Contagem,MG
c_000965,cu_000388,869090,Nova Iguacu,RJ
c_000966,cu_003037,438984,Santos,SP
c_000967,cu_004858,123017,Guarulhos,SP
c_000968,cu_001848,396233,Nova Iguacu,RJ
c_000969,cu_006544,378455,Guarulhos,SP
c_000970,cu_004719,180319,Sao Paulo,SP
c_000971,cu_002814,676621,Niteroi,RJ
c_000972,cu_003374,739657,Santos,SP
c_000973,cu_007062,669186,Sao Bernardo do Campo,SP
c_000974,cu_003278,534917,Niteroi,RJ
c_000975,cu_001252,645695,Campinas,SP
c_000976,cu_006996,808543,Manaus,AM
c_000977,cu_003981,517981,Brasilia,DF
c_000978,cu_004673,838630,Canoas,RS
c_000979,cu_002122,165681,Campinas,SP
c_000980,cu_004530,165814,Curitiba,PR
c_000981,cu_002150,803831,Chapeco,SC
c_000982,cu_004859,910219,Maringa,PR
c_000983,cu_006881,749886,Sao Paulo,SP
c_000984,cu_006949,404145,Juiz de Fora,MG
c_000985,cu_001329,333877,Vitoria da Conquista,BA
c_000986,cu_006241,271877,Contagem,MG
c_000987,cu_006941,112556,Juiz de Fora,MG
c_000988,cu_001358,945337,Nova Iguacu,RJ
c_000989,cu_007002,691736,Rio de Janeiro,RJ
c_000990,cu_002482,260448,Sao Paulo,SP
c_000991,cu_004542,308253,Contagem,MG
c_000992,cu_002017,984692,Campinas,SP
c_000993,cu_001331,609341,Niteroi,RJ
c_000994,cu_004344,814338,Campinas,SP
c_000995,cu_004261,656615,Duque de Caxias,RJ
c_000996,cu_007127,921837,Campinas,SP
c_000997,cu_001358,497250,Caxias do Sul,RS
c_000998,cu_005115,511386,Chapeco,SC
c_000999,cu_004637,772938,Sao Bernardo do Campo,SP
c_001000,cu_004854,228915,Sao Bernardo do Campo,SP
c_001001,cu_003177,351198,Sao Paulo,SP
c_001002,cu_002128,215543,Brasilia,DF
c_001003,cu_002180,722642,Nova Iguacu,RJ
c_001004,cu_004892,625153,Niteroi,RJ
c_001005,cu_007043,391385,Santos,SP
c_001006,cu_000137,282289,Uberlandia,MG
c_001007,cu_006327,963369,Brasilia,DF
c_001008,cu_003472,842545,Salvador,BA
c_001009,cu_005449,678256,Belo Horizonte,MG
c_001010,cu_002832,700355,Guarulhos,SP
c_001011,cu_003579,517553,Campinas,SP
c_001012,cu_005971,396258,Campinas,SP
c_001013,cu_003031,236767,Campinas,SP
c_001014,cu_004164,621016,Sao Bernardo do Campo,SP
c_001015,cu_002593,390950,Campinas,SP
c_001016,cu_006196,440524,Guarulhos,SP
c_001017,cu_005569,182032,Ananindeua,PA
c_001018,cu_004300,825574,Uberlandia,MG
c_001019,cu_006269,637267,Vitoria da Conquista,BA
c_001020,cu_003818,561622,Pelotas,RS
c_001021,cu_004138,908642,Guarulhos,SP
c_001022,cu_003823,266682,Maringa,PR
c_001023,cu_004042,320097,Guarulhos,SP
c_001024,cu_001906,762380,Juiz de Fora,MG
c_001025,cu_006254,705198,Sao Paulo,SP
c_001026,cu_000760,511590,Aparecida de Goiania,GO
c_001027,cu_006991,737128,Guarulhos,SP
c_001028,cu_006238,758746,Guarulhos,SP
c_001029,cu_006090,288395,Manaus,AM
c_001030,cu_003445,482228,Santos,SP
c_001031,cu_006031,271655,Pelotas,RS
c_001032,cu_000899,136843,Pelotas,RS
c_001033,cu_004455,374720,Salvador,BA
c_001034,cu_002947,813915,Campo Grande,MS
c_001035,cu_001719,770481,Dourados,MS
c_001036,cu_000280,105942,Sao Paulo,SP
c_001037,cu_003266,406456,Salvador,BA
c_001038,cu_001887,680388,Juiz de Fora,MG
c_001039,cu_003266,854236,Uberlandia,MG
c_001040,cu_000666,155857,Guarulhos,SP
c_001041,cu_004188,986111,Belo Horizonte,MG
c_001042,cu_000671,207036,Goiania,GO
c_001043,cu_001969,503836,Fortaleza,CE
c_001044,cu_004156,502226,Niteroi,RJ
c_001045,cu_006777,363468,Sao Paulo,SP
c_001046,cu_003122,828842,Santos,SP
c_001047,cu_005124,248546,Feira de Santana,BA
c_001048,cu_005585,382342,Caxias do Sul,RS
c_001049,cu_004699,542216,Duque de Caxias,RJ
c_001050,cu_004777,711564,Santos,SP
c_001051,cu_003900,484693,Duque de Caxias,RJ
c_001052,cu_006677,302487,Rio de Janeiro,RJ
c_001053,cu_005524,847623,Manaus,AM
c_001054,cu_006981,904866,Uberlandia,MG
c_001055,cu_006788,749055,Sao Bernardo do Campo,SP
c_001056,cu_006376,294533,Rio de Janeiro,RJ
c_001057,cu_000523,522851,Sao Paulo,SP
c_001058,cu_002393,980552,Campo Grande,MS
c_001059,cu_003117,871197,Sao Bernardo do Campo,SP
c_001060,cu_002593,535783,Duque de Caxias,RJ
c_001061,cu_001968,149376,Campinas,SP
c_001062,cu_005197,486843,Porto Alegre,RS
c_001063,cu_001753,643394,Contagem,MG
c_001064,cu_005932,243882,Pelotas,RS
c_001065,cu_006937,923656,Guarulhos,SP
c_001066,cu_002296,338090,Sao Paulo,SP
c_001067,cu_006190,119982,Guarulhos,SP
c_001068,cu_005240,542449,Belo Horizonte,MG
c_001069,cu_002261,579780,Sao Bernardo do Campo,SP
c_001070,cu_002286,780014,Uberlandia,MG
c_001071,cu_005175,376810,Brasilia,DF
c_001072,cu_006493,479190,Jaboatao dos Guararapes,PE
c_001073,cu_004202,429340,Rio de Janeiro,RJ
c_001074,cu_002878,884281,Duque de Caxias,RJ
c_001075,cu_004143,431139,Campinas,SP
c_001076,cu_003644,112694,Pelotas,RS
c_001077,cu_004432,869465,Vitoria da Conquista,BA
c_001078,cu_005145,537811,Santos,SP
c_001079,cu_006947,312173,Nova Iguacu,RJ
c_001080,cu_005376,749077,Feira de Santana,BA
c_001081,cu_002055,123822,Brasilia,DF
c_001082,cu_004720,134032,Santos,SP
c_001083,cu_005986,852059,Contagem,MG
c_001084,cu_001276,598788,Guarulhos,SP
c_001085,cu_005811,507546,Sao Bernardo do Campo,SP
c_001086,cu_002766,992432,Caucaia,CE
c_001087,cu_000302,935373,Vitoria da Conquista,BA
c_001088,cu_000638,886280,Curitiba,PR
c_001089,cu_000055,905218,Sao Paulo,SP
c_001090,cu_004821,932375,Salvador,BA
c_001091,cu_000525,986353,Nova Iguacu,RJ
c_001092,cu_004569,315646,Sao Bernardo do Campo,SP
c_001093,cu_004123,592368,Niteroi,RJ
c_001094,cu_002125,655417,Campinas,SP
c_001095,cu_003287,379559,Londrina,PR
c_001096,cu_000364,790047,Contagem,MG
c_001097,cu_006809,867195,Sao Bernardo do Campo,SP
c_001098,cu_004621,722188,Sao Paulo,SP
c_001099,cu_006842,426727,Santos,SP
c_001100,cu_005431,797673,Campinas,SP
c_001101,cu_004978,369950,Contagem,MG
c_001102,cu_005126,137269,Salvador,BA
c_001103,cu_005122,949790,Sao Bernardo do Campo,SP
c_001104,cu_001646,351445,Guarulhos,SP
c_001105,cu_000918,847180,Juiz de Fora,MG
c_001106,cu_002797,465617,Joinville,SC
c_001107,cu_006506,779017,Campinas,SP
c_001108,cu_005870,171540,Campinas,SP
c_001109,cu_001531,254766,Uberlandia,MG
c_001110,cu_003345,165136,Sao Paulo,SP
c_001111,cu_006949,574270,Sao Bernardo do Campo,SP
c_001112,cu_006882,604474,Ponta Grossa,PR
c_001113,cu_001906,999426,Contagem,MG
c_001114,cu_003086,452219,Belo Horizonte,MG
c_001115,cu_005311,372195,Ponta Grossa,PR
c_001116,cu_005750,356338,Canoas,RS
c_001117,cu_004580,120255,Santos,SP
c_001118,cu_002075,158868,Campinas,SP
c_001119,cu_000713,938775,Sao Bernardo do Campo,SP
c_001120,cu_001062,960995,Campinas,SP
c_001121,cu_001976,855618,Pelotas,RS
c_001122,cu_001296,153130,Feira de Santana,BA
c_001123,cu_005350,203591,Cuiaba,MT
c_001124,cu_006229,772214,Uberlandia,MG
c_001125,cu_000125,707562,Campinas,SP
c_001126,cu_006955,860387,Campinas,SP
c_001127,cu_004632,501528,Joinville,SC
c_001128,cu_006288,584026,Belo Horizonte,MG
c_001129,cu_003596,514977,Contagem,MG
c_001130,cu_003283,692297,Joinville,SC
c_001131,cu_006168,628024,Caxias do Sul,RS
c_001132,cu_001603,989424,Salvador,BA
c_001133,cu_000066,289837,Sao Paulo,SP
c_001134,cu_000232,939042,Curitiba,PR
c_001135,cu_002156,382214,Feira de Santana,BA
c_001136,cu_001169,966589,Sao Bernardo do Campo,SP
c_001137,cu_002158,284881,Contagem,MG
c_001138,cu_006371,404149,Sao Paulo,SP
c_001139,cu_004206,537945,Belem,PA
c_001140,cu_001493,796756,Guarulhos,SP
c_001141,cu_006177,828349,Contagem,MG
c_001142,cu_004718,501075,Sao Paulo,SP
c_001143,cu_004007,484815,Caxias do Sul,RS
c_001144,cu_006891,183212,Guarulhos,SP
c_001145,cu_006738,202183,Santos,SP
c_001146,cu_002472,449296,Duque de Caxias,RJ
c_001147,cu_002660,128818,Caucaia,CE
c_001148,cu_005637,207686,Guarulhos,SP
c_001149,cu_002739,237160,Sao Paulo,SP
c_001150,cu_005401,593435,Londrina,PR
c_001151,cu_001761,103960,Duque de Caxias,RJ
c_001152,cu_003514,118245,Juazeiro do Norte,CE
c_001153,cu_001975,649674,Sao Bernardo do Campo,SP
c_001154,cu_002362,968894,Juiz de Fora,MG
c_001155,cu_000876,350854,Santos,SP
c_001156,cu_006085,907246,Campinas,SP
c_001157,cu_003812,131852,Caxias do Sul,RS
c_001158,cu_003448,340340,Uberlandia,MG
c_001159,cu_001312,172817,Ponta Grossa,PR
c_001160,cu_001460,500158,Sao Bernardo do Campo,SP
c_001161,cu_002709,237567,Duque de Caxias,RJ
c_001162,cu_002324,102412,Campinas,SP
c_001163,cu_001733,245943,Aparecida de Goiania,GO
c_001164,cu_001605,315617,Sao Bernardo do Campo,SP
c_001165,cu_005622,704289,Sao Paulo,SP
c_001166,cu_006767,848691,Santos,SP
c_001167,cu_002563,476957,Contagem,MG
c_001168,cu_003421,573130,Campinas,SP
c_001169,cu_006986,417287,Fortaleza,CE
c_001170,cu_003517,918538,Sao Bernardo do Campo,SP
c_001171,cu_002397,755712,Jaboatao dos Guararapes,PE
c_001172,cu_005726,702220,Santos,SP
c_001173,cu_003735,669021,Contagem,MG
c_001174,cu_002870,287047,Juazeiro do Norte,CE
c_001175,cu_001160,499174,Santos,SP
c_001176,cu_004854,931665,Cuiaba,MT
c_001177,cu_007042,177475,Niteroi,RJ
c_001178,cu_000242,988540,Ananindeua,PA
c_001179,cu_002590,237661,Caxias do Sul,RS
c_001180,cu_001063,384643,Sao Bernardo do Campo,SP
c_001181,cu_004324,843098,Campinas,SP
c_001182,cu_002595,271626,Sao Paulo,SP
c_001183,cu_000919,778013,Campinas,SP
c_001184,cu_005342,237895,Santos,SP
c_001185,cu_000005,527544,Santos,SP
c_001186,cu_000467,831070,Niteroi,RJ
c_001187,cu_005851,123153,Joinville,SC
c_001188,cu_004170,642284,Sao Bernardo do Campo,SP
c_001189,cu_000003,124736,Sao Bernardo do Campo,SP
c_001190,cu_005966,474127,Belo Horizonte,MG
c_001191,cu_000645,106225,Guarulhos,SP
c_001192,cu_000117,730671,Santos,SP
c_001193,cu_002928,432218,Guarulhos,SP
c_001194,cu_005725,899748,Manaus,AM
c_001195,cu_002551,188219,Salvador,BA
c_001196,cu_006117,373921,Sao Paulo,SP
c_001197,cu_005042,516771,Uberlandia,MG
c_001198,cu_006717,569020,Nova Iguacu,RJ
c_001199,cu_005560,523132,Porto Alegre,RS
c_001200,cu_004289,190527,Canoas,RS
c_001201,cu_000846,901148,Uberlandia,MG
c_001202,cu_002762,561819,Guarulhos,SP
c_001203,cu_005511,957871,Guarulhos,SP
c_001204,cu_007193,772670,Nova Iguacu,RJ
c_001205,cu_005554,164370,Jaboatao dos Guararapes,PE
c_001206,cu_006316,507117,Contagem,MG
c_001207,cu_005764,801322,Salvador,BA
c_001208,cu_006469,660563,Aparecida de Goiania,GO
c_001209,cu_005529,668252,Campinas,SP
c_001210,cu_001141,439324,Caxias do Sul,RS
c_001211,cu_006979,556860,Pelotas,RS
c_001212,cu_001810,445936,Dourados,MS
c_001213,cu_000723,610965,Goiania,GO
c_001214,cu_000224,984970,Canoas,RS
c_001215,cu_004627,945110,Campinas,SP
c_001216,cu_004208,360993,Joinville,SC
c_001217,cu_006283,490929,Campinas,SP
c_001218,cu_004654,179435,Florianopolis,SC
c_001219,cu_002048,842321,Fortaleza,CE
c_001220,cu_006233,649260,Sao Paulo,SP
c_001221,cu_004749,599964,Contagem,MG
c_001222,cu_004415,619740,Duque de Caxias,RJ
c_001223,cu_001573,185525,Nova Iguacu,RJ
c_001224,cu_001828,575547,Campinas,SP
c_001225,cu_001917,520624,Curitiba,PR
c_001226,cu_004234,559685,Manaus,AM
c_001227,cu_006988,551381,Ananindeua,PA
c_001228,cu_002026,537078,Sao Paulo,SP
c_001229,cu_006402,444772,Brasilia,DF
c_001230,cu_003744,443286,Curitiba,PR
c_001231,cu_000901,622946,Sao Paulo,SP
c_001232,cu_004785,324116,Guarulhos,SP
c_001233,cu_002039,881884,Sao Bernardo do Campo,SP
c_001234,cu_000009,799840,Caucaia,CE
c_001235,cu_000260,744481,Uberlandia,MG
c_001236,cu_006038,781530,Porto Alegre,RS
c_001237,cu_001673,586486,Santos,SP
c_001238,cu_002219,523477,Caxias do Sul,RS
c_001239,cu_007041,333988,Sao Bernardo do Campo,SP
c_001240,cu_002060,784276,Guarulhos,SP
c_001241,cu_005287,220760,Belo Horizonte,MG
c_001242,cu_003713,192494,Sao Bernardo do Campo,SP
c_001243,cu_001619,394515,Salvador,BA
c_001244,cu_000320,642997,Guarulhos,SP
c_001245,cu_001342,859126,Juiz de Fora,MG
c_001246,cu_005732,689211,Sao Paulo,SP
c_001247,cu_002376,694521,Uberlandia,MG
c_001248,cu_002832,502750,Campinas,SP
c_001249,cu_002824,529510,Santos,SP
c_001250,cu_001994,847963,Caucaia,CE
c_001251,cu_002958,339837,Sao Paulo,SP
c_001252,cu_006039,289814,Blumenau,SC
c_001253,cu_002038,342725,Goiania,GO
c_001254,cu_003490,303640,Guarulhos,SP
c_001255,cu_003677,435516,Campinas,SP
c_001256,cu_001118,472048,Juiz de Fora,MG
c_001257,cu_001604,623698,Varzea Grande,MT
c_001258,cu_006461,931342,Fortaleza,CE
c_001259,cu_004027,569865,Niteroi,RJ
c_001260,cu_000235,484123,Florianopolis,SC
c_001261,cu_001969,971633,Santos,SP
c_001262,cu_004429,644443,Campo Grande,MS
c_001263,cu_001908,943896,Varzea Grande,MT
c_001264,cu_000375,395961,Guarulhos,SP
c_001265,cu_003530,239358,Campinas,SP
c_001266,cu_005256,856287,Sao Bernardo do Campo,SP
c_001267,cu_002635,763956,Campinas,SP
c_001268,cu_001570,837444,Blumenau,SC
c_001269,cu_002560,892980,Santos,SP
c_001270,cu_005415,545963,Santos,SP
c_001271,cu_003391,941819,Sao Paulo,SP
c_001272,cu_002965,899617,Goiania,GO
c_001273,cu_003643,394138,Uberlandia,MG
c_001274,cu_005951,799835,Guarulhos,SP
c_001275,cu_005468,176015,Santos,SP
c_001276,cu_003850,740726,Aparecida de Goiania,GO
c_001277,cu_000872,773171,Feira de Santana,BA
c_001278,cu_001252,125387,Sao Paulo,SP
c_001279,cu_006413,256928,Sao Paulo,SP
c_001280,cu_005947,849391,Guarulhos,SP
c_001281,cu_006941,788346,Guarulhos,SP
c_001282,cu_001314,600649,Uberlandia,MG
c_001283,cu_004820,676862,Manaus,AM
c_001284,cu_006148,854175,Rio de Janeiro,RJ
c_001285,cu_002898,770710,Salvador,BA
c_001286,cu_000077,755710,Rio de Janeiro,RJ
c_001287,cu_002621,116625,Caxias do Sul,RS
c_001288,cu_004227,930391,Londrina,PR
c_001289,cu_000600,242995,Guarulhos,SP
c_001290,cu_005868,263440,Campinas,SP
c_001291,cu_001065,411136,Contagem,MG
c_001292,cu_002136,871513,Sao Paulo,SP
c_001293,cu_002449,764078,Sao Paulo,SP
c_001294,cu_002343,128087,Rio de Janeiro,RJ
c_001295,cu_001863,380821,Aparecida de Goiania,GO
c_001296,cu_001318,640254,Nova Iguacu,RJ
c_001297,cu_004711,182239,Joinville,SC
c_001298,cu_003597,306165,Nova Iguacu,RJ
c_001299,cu_006943,486580,Blumenau,SC
c_001300,cu_003762,107732,Belo Horizonte,MG
c_001301,cu_006565,418723,Jaboatao dos Guararapes,PE
c_001302,cu_005984,813578,Campinas,SP
c_001303,cu_005142,178937,Juiz de Fora,MG
c_001304,cu_004670,232285,Belo Horizonte,MG
c_001305,cu_002190,767386,Sao Bernardo do Campo,SP
c_001306,cu_000992,265945,Campinas,SP
c_001307,cu_002712,406216,Campinas,SP
c_001308,cu_002192,307043,Guarulhos,SP
c_001309,cu_001248,355330,Brasilia,DF
c_001310,cu_003054,695789,Santos,SP
c_001311,cu_004598,557856,Santos,SP
c_001312,cu_004033,596950,Curitiba,PR
c_001313,cu_001997,325041,Sao Bernardo do Campo,SP
c_001314,cu_004916,933397,Rio de Janeiro,RJ
c_001315,cu_003687,301426,Sao Paulo,SP
c_001316,cu_002151,460873,Ananindeua,PA
c_001317,cu_004018,492557,Salvador,BA
c_001318,cu_003110,180464,Brasilia,DF
c_001319,cu_001970,166710,Campinas,SP
c_001320,cu_000197,425470,Ponta Grossa,PR
c_001321,cu_005765,101256,Santos,SP
c_001322,cu_002626,640362,Campinas,SP
c_001323,cu_006534,845417,Santos,SP
c_001324,cu_001202,723083,Uberlandia,MG
c_001325,cu_006697,110034,Rio de Janeiro,RJ
c_001326,cu_005567,597842,Rio de Janeiro,RJ
c_001327,cu_007182,753475,Sao Bernardo do Campo,SP
c_001328,cu_005742,416714,Niteroi,RJ
c_001329,cu_005788,931226,Caxias do Sul,RS
c_001330,cu_005408,207521,Nova Iguacu,RJ
c_001331,cu_002035,541344,Ponta Grossa,PR
c_001332,cu_000477,170130,Guarulhos,SP
c_001333,cu_001254,918575,Chapeco,SC
c_001334,cu_000922,783630,Belo Horizonte,MG
c_001335,cu_000419,683483,Campinas,SP
c_001336,cu_002204,422240,Guarulhos,SP
c_001337,cu_002597,911835,Contagem,MG
c_001338,cu_001120,925748,Salvador,BA
c_001339,cu_003068,966348,Campinas,SP
c_001340,cu_007140,953487,Sao Bernardo do Campo,SP
c_001341,cu_000950,346034,Brasilia,DF
c_001342,cu_002336,425540,Uberlandia,MG
c_001343,cu_005373,633456,Duque de Caxias,RJ
c_001344,cu_002243,875438,Rio de Janeiro,RJ
c_001345,cu_002645,463282,Campinas,SP
c_001346,cu_001857,101471,Belo Horizonte,MG
c_001347,cu_004612,920831,Campinas,SP
c_001348,cu_005754,294990,Goiania,GO
c_001349,cu_001865,779961,Rio de Janeiro,RJ
c_001350,cu_002912,407973,Rio de Janeiro,RJ
c_001351,cu_005237,997142,Contagem,MG
c_001352,cu_002853,732921,Caucaia,CE
c_001353,cu_006028,486447,Joinville,SC
c_001354,cu_004910,351392,Rio de Janeiro,RJ
c_001355,cu_006371,771012,Pelotas,RS
c_001356,cu_005996,951644,Belo Horizonte,MG
c_001357,cu_006359,986894,Rio de Janeiro,RJ
c_001358,cu_007091,907934,Campinas,SP
c_001359,cu_006158,370452,Niteroi,RJ
c_001360,cu_003228,726013,Campinas,SP
c_001361,cu_003719,559740,Caucaia,CE
c_001362,cu_003228,390478,Santos,SP
c_001363,cu_006190,793554,Belem,PA
c_001364,cu_002371,327046,Duque de Caxias,RJ
c_001365,cu_002891,912192,Belo Horizonte,MG
c_001366,cu_003756,486244,Nova Iguacu,RJ
c_001367,cu_004225,464615,Sao Bernardo do Campo,SP
c_001368,cu_000094,227139,Campinas,SP
c_001369,cu_002674,446337,Santos,SP
c_001370,cu_006898,960862,Juiz de Fora,MG
c_001371,cu_001955,594120,Rio de Janeiro,RJ
c_001372,cu_000793,189762,Londrina,PR
c_001373,cu_001834,160577,Campinas,SP
c_001374,cu_002116,965216,Sao Paulo,SP
c_001375,cu_005779,625687,Sao Bernardo do Campo,SP
c_001376,cu_004106,649172,Manaus,AM
c_001377,cu_003325,615623,Porto Alegre,RS
c_001378,cu_005961,817516,Sao Bernardo do Campo,SP
c_001379,cu_002919,451816,Duque de Caxias,RJ
c_001380,cu_002597,777564,Sao Paulo,SP
c_001381,cu_003205,637876,Aparecida de Goiania,GO
c_001382,cu_004807,767354,Belo Horizonte,MG
c_001383,cu_006166,967645,Campinas,SP
c_001384,cu_000814,472788,Juiz de Fora,MG
c_001385,cu_000345,499668,Sao Paulo,SP
c_001386,cu_002349,738155,Varzea Grande,MT
c_001387,cu_000362,781279,Sao Bernardo do Campo,SP
c_001388,cu_002443,534564,Contagem,MG
c_001389,cu_002265,371416,Sao Bernardo do Campo,SP
c_001390,cu_002188,518692,Canoas,RS
c_001391,cu_003005,696850,Ponta Grossa,PR
c_001392,cu_003281,868475,Pelotas,RS
c_001393,cu_000984,936184,Belo Horizonte,MG
c_001394,cu_007136,747678,Olinda,PE
c_001395,cu_001639,848460,Sao Bernardo do Campo,SP
c_001396,cu_000827,347317,Sao Paulo,SP
c_001397,cu_002730,368878,Campinas,SP
c_001398,cu_003531,229057,Goiania,GO
c_001399,cu_007147,907856,Sao Paulo,SP
c_001400,cu_004451,268815,Maringa,PR
c_001401,cu_007151,971426,Caxias do Sul,RS
c_001402,cu_005443,434365,Sao Bernardo do Campo,SP
c_001403,cu_002935,106545,Santos,SP
c_001404,cu_003876,441047,Sao Paulo,SP
c_001405,cu_005959,658884,Sao Bernardo do Campo,SP
c_001406,cu_000126,381512,Guarulhos,SP
c_001407,cu_003177,301727,Campinas,SP
c_001408,cu_003056,274298,Brasilia,DF
c_001409,cu_000603,450988,Varzea Grande,MT
c_001410,cu_003449,613691,Sao Bernardo do Campo,SP
c_001411,cu_006024,955491,Guarulhos,SP
c_001412,cu_005109,815822,Sao Paulo,SP
c_001413,cu_004146,592623,Porto Alegre,RS
c_001414,cu_007196,272245,Salvador,BA
c_001415,cu_003533,792914,Guarulhos,SP
c_001416,cu_003367,715734,Campinas,SP
c_001417,cu_003368,206748,Florianopolis,SC
c_001418,cu_003797,241970,Belo Horizonte,MG
c_001419,cu_006922,500274,Santos,SP
c_001420,cu_005526,283459,Contagem,MG
c_001421,cu_001792,631818,Guarulhos,SP
c_001422,cu_002861,513132,Campinas,SP
c_001423,cu_005732,772959,Curitiba,PR
c_001424,cu_003476,405521,Blumenau,SC
c_001425,cu_003417,415776,Guarulhos,SP
c_001426,cu_001645,686336,Santarem,PA
c_001427,cu_006563,195628,Guarulhos,SP
c_001428,cu_001205,580860,Ponta Grossa,PR
c_001429,cu_003030,943286,Rio de Janeiro,RJ
c_001430,cu_002872,804145,Olinda,PE
c_001431,cu_003072,599120,Juazeiro do Norte,CE
c_001432,cu_001854,506577,Sao Bernardo do Campo,SP
c_001433,cu_004021,380373,Manaus,AM
c_001434,cu_004662,202498,Vitoria da Conquista,BA
c_001435,cu_006514,332920,Blumenau,SC
c_001436,cu_005031,569411,Campinas,SP
c_001437,cu_006030,402649,Florianopolis,SC
c_001438,cu_002708,201113,Feira de Santana,BA
c_001439,cu_003502,662489,Guarulhos,SP
c_001440,cu_007112,270070,Ananindeua,PA
c_001441,cu_001332,121814,Campinas,SP
c_001442,cu_000201,907896,Sao Paulo,SP
c_001443,cu_003507,815276,Niteroi,RJ
c_001444,cu_006456,658535,Uberlandia,MG
c_001445,cu_004212,905853,Juiz de Fora,MG
c_001446,cu_005032,645655,Sao Paulo,SP
c_001447,cu_000574,570951,Cuiaba,MT
c_001448,cu_006387,503744,Guarulhos,SP
c_001449,cu_000536,901157,Guarulhos,SP
c_001450,cu_001625,917577,Guarulhos,SP
c_001451,cu_002122,754875,Uberlandia,MG
c_001452,cu_000385,139092,Manaus,AM
c_001453,cu_003281,200218,Uberlandia,MG
c_001454,cu_000474,839626,Salvador,BA
c_001455,cu_000417,425654,Guarulhos,SP
c_001456,cu_006490,700720,Duque de Caxias,RJ
c_001457,cu_003600,269486,Nova Iguacu,RJ
c_001458,cu_006783,583735,Niteroi,RJ
c_001459,cu_005034,832631,Sao Paulo,SP
c_001460,cu_000954,114794,Porto Alegre,RS
c_001461,cu_004971,462017,Duque de Caxias,RJ
c_001462,cu_004858,470976,Londrina,PR
c_001463,cu_005298,609481,Niteroi,RJ
c_001464,cu_001205,847245,Guarulhos,SP
c_001465,cu_004759,402335,Contagem,MG
c_001466,cu_004120,168313,Sao Paulo,SP
c_001467,cu_001990,773190,Brasilia,DF
c_001468,cu_005299,980835,Uberlandia,MG
c_001469,cu_004805,391088,Guarulhos,SP
c_001470,cu_003572,301738,Varzea Grande,MT
c_001471,cu_005975,318487,Niteroi,RJ
c_001472,cu_005280,769113,Campinas,SP
c_001473,cu_006320,566646,Uberlandia,MG
c_001474,cu_004380,829197,Guarulhos,SP
c_001475,cu_004158,492022,Chapeco,SC
c_001476,cu_005098,293926,Chapeco,SC
c_001477,cu_004757,105064,Campo Grande,MS
c_001478,cu_002713,236031,Nova Iguacu,RJ
c_001479,cu_002203,955721,Nova Iguacu,RJ
c_001480,cu_005588,703093,Maringa,PR
c_001481,cu_003120,125713,Santos,SP
c_001482,cu_000966,104422,Nova Iguacu,RJ
c_001483,cu_004944,233441,Rio de Janeiro,RJ
c_001484,cu_005203,800064,Campinas,SP
c_001485,cu_003432,708560,Santos,SP
c_001486,cu_000688,420770,Salvador,BA
c_001487,cu_004243,340019,Vitoria da Conquista,BA
c_001488,cu_003701,608928,Santos,SP
c_001489,cu_000341,855123,Guarulhos,SP
c_001490,cu_006619,849064,Santos,SP
c_001491,cu_005182,874065,Brasilia,DF
c_001492,cu_001724,618296,Guarulhos,SP
c_001493,cu_005479,165056,Pelotas,RS
c_001494,cu_006704,103374,Sao Paulo,SP
c_001495,cu_004422,403273,Uberlandia,MG
c_001496,cu_001792,864496,Campinas,SP
c_001497,cu_001759,965390,Chapeco,SC
c_001498,cu_003212,951340,Sao Bernardo do Campo,SP
c_001499,cu_000989,287471,Belo Horizonte,MG
c_001500,cu_002262,225617,Campinas,SP
c_001501,cu_002482,424068,Canoas,RS
c_001502,cu_000951,526331,Brasilia,DF
c_001503,cu_000722,871711,Santos,SP
c_001504,cu_003389,283228,Brasilia,DF
c_001505,cu_002079,673611,Belo Horizonte,MG
c_001506,cu_002717,863425,Sao Bernardo do Campo,SP
c_001507,cu_002332,595731,Rio de Janeiro,RJ
c_001508,cu_003376,421365,Campinas,SP
c_001509,cu_004524,720854,Canoas,RS
c_001510,cu_001500,745375,Curitiba,PR
c_001511,cu_000285,832888,Guarulhos,SP
c_001512,cu_003495,130531,Rio de Janeiro,RJ
c_001513,cu_007186,436748,Florianopolis,SC
c_001514,cu_002065,187250,Manaus,AM
c_001515,cu_000768,657877,Nova Iguacu,RJ
c_001516,cu_006733,203094,Ananindeua,PA
c_001517,cu_005490,773168,Niteroi,RJ
c_001518,cu_003057,466735,Campinas,SP
c_001519,cu_004289,154282,Vitoria da Conquista,BA
c_001520,cu_006645,873181,Niteroi,RJ
c_001521,cu_005083,151030,Nova Iguacu,RJ
c_001522,cu_005232,767160,Duque de Caxias,RJ
c_001523,cu_002161,869527,Vitoria da Conquista,BA
c_001524,cu_003293,219865,Feira de Santana,BA
c_001525,cu_005797,499591,Santos,SP
c_001526,cu_000946,553546,Sao Paulo,SP
c_001527,cu_004926,430325,Nova Iguacu,RJ
c_001528,cu_006016,873970,Uberlandia,MG
c_001529,cu_003335,229084,Santos,SP
c_001530,cu_007068,854941,Joinville,SC
c_001531,cu_004150,969328,Nova Iguacu,RJ
c_001532,cu_004895,842812,Santos,SP
c_001533,cu_004873,960396,Sao Paulo,SP
c_001534,cu_001481,621381,Guarulhos,SP
c_001535,cu_001901,314738,Ananindeua,PA
c_001536,cu_006305,703780,Sao Paulo,SP
c_001537,cu_003451,230279,Guarulhos,SP
c_001538,cu_004064,184688,Duque de Caxias,RJ
c_001539,cu_006230,852123,Sao Paulo,SP
c_001540,cu_000054,352496,Sao Bernardo do Campo,SP
c_001541,cu_001823,510556,Sao Paulo,SP
c_001542,cu_005297,867013,Rio de Janeiro,RJ
c_001543,cu_003462,766751,Juiz de Fora,MG
c_001544,cu_003079,381993,Campinas,SP
c_001545,cu_000832,697915,Nova Iguacu,RJ
c_001546,cu_004408,907744,Cuiaba,MT
c_001547,cu_002806,348974,Santos,SP
c_001548,cu_005954,668874,Campinas,SP
c_001549,cu_006103,702327,Sao Paulo,SP
c_001550,cu_006102,329344,Nova Iguacu,RJ
c_001551,cu_002490,725735,Maringa,PR
c_001552,cu_005886,123247,Sao Bernardo do Campo,SP
c_001553,cu_000327,402775,Canoas,RS
c_001554,cu_006904,460966,Campinas,SP
c_001555,cu_003310,332839,Guarulhos,SP
c_001556,cu_003300,812116,Londrina,PR
c_001557,cu_006722,468417,Campinas,SP
c_001558,cu_003675,869097,Uberlandia,MG
c_001559,cu_003054,358924,Santos,SP
c_001560,cu_005383,246344,Ponta Grossa,PR
c_001561,cu_002143,411033,Sao Bernardo do Campo,SP
c_001562,cu_005207,587152,Feira de Santana,BA
c_001563,cu_001311,628993,Campinas,SP
c_001564,cu_003191,936056,Brasilia,DF
c_001565,cu_006957,256161,Sao Bernardo do Campo,SP
c_001566,cu_002538,780514,Pelotas,RS
c_001567,cu_003983,728645,Santos,SP
c_001568,cu_004547,157488,Fortaleza,CE
c_001569,cu_005619,501664,Sao Bernardo do Campo,SP
c_001570,cu_000164,822766,Guarulhos,SP
c_001571,cu_004277,972282,Duque de Caxias,RJ
c_001572,cu_006612,596419,Sao Paulo,SP
c_001573,cu_005005,687798,Santos,SP
c_001574,cu_006878,540863,Ananindeua,PA
c_001575,cu_000822,195177,Dourados,MS
c_001576,cu_000943,196496,Santos,SP
c_001577,cu_006097,545464,Manaus,AM
c_001578,cu_006150,324481,Rio de Janeiro,RJ
c_001579,cu_004425,240821,Campinas,SP
c_001580,cu_000774,905187,Canoas,RS
c_001581,cu_002198,866391,Juiz de Fora,MG
c_001582,cu_003156,811388,Aparecida de Goiania,GO
c_001583,cu_004242,737742,Santos,SP
c_001584,cu_003695,660134,Caxias do Sul,RS
c_001585,cu_003452,536717,Campinas,SP
c_001586,cu_000914,497820,Guarulhos,SP
c_001587,cu_005667,185291,Sao Paulo,SP
c_001588,cu_001308,737757,Goiania,GO
c_001589,cu_006843,750172,Chapeco,SC
c_001590,cu_004177,911454,Blumenau,SC
c_001591,cu_000513,942842,Niteroi,RJ
c_001592,cu_001920,326069,Sao Bernardo do Campo,SP
c_001593,cu_006958,190875,Santos,SP
c_001594,cu_006852,156852,Sao Bernardo do Campo,SP
c_001595,cu_006035,687038,Santos,SP
c_001596,cu_003594,171783,Ponta Grossa,PR
c_001597,cu_004841,434520,Niteroi,RJ
c_001598,cu_007166,821412,Guarulhos,SP
c_001599,cu_001409,371817,Sao Paulo,SP
c_001600,cu_004802,245511,Sao Bernardo do Campo,SP
c_001601,cu_004566,803514,Sao Paulo,SP
c_001602,cu_003190,523029,Manaus,AM
c_001603,cu_004491,326786,Juiz de Fora,MG
c_001604,cu_001555,624941,Blumenau,SC
c_001605,cu_006404,672112,Niteroi,RJ
c_001606,cu_000804,901294,Guarulhos,SP
c_001607,cu_005029,750096,Guarulhos,SP
c_001608,cu_001279,140056,Brasilia,DF
c_001609,cu_005853,499180,Florianopolis,SC
c_001610,cu_005000,205759,Campinas,SP
c_001611,cu_005172,923342,Duque de Caxias,RJ
c_001612,cu_007083,102687,Duque de Caxias,RJ
c_001613,cu_005986,361828,Belo Horizonte,MG
c_001614,cu_005619,763985,Ananindeua,PA
c_001615,cu_003577,804280,Contagem,MG
c_001616,cu_002901,301834,Niteroi,RJ
c_001617,cu_001387,587892,Campinas,SP
c_001618,cu_005399,707592,Sao Paulo,SP
c_001619,cu_004688,255820,Campinas,SP
c_001620,cu_002761,272294,Campinas,SP
c_001621,cu_002679,265143,Maringa,PR
c_001622,cu_002106,622216,Porto Alegre,RS
c_001623,cu_004223,168373,Sao Paulo,SP
c_001624,cu_004831,358267,Feira de Santana,BA
c_001625,cu_002768,844336,Campinas,SP
c_001626,cu_003953,649269,Santos,SP
c_001627,cu_003186,267176,Sao Bernardo do Campo,SP
c_001628,cu_003280,842531,Guarulhos,SP
c_001629,cu_002573,801445,Sao Paulo,SP
c_001630,cu_004616,881990,Duque de Caxias,RJ
c_001631,cu_002599,614192,Santos,SP
c_001632,cu_004033,171590,Aparecida de Goiania,GO
c_001633,cu_000236,989439,Guarulhos,SP
c_001634,cu_001304,319435,Sao Paulo,SP
c_001635,cu_003430,957520,Sao Bernardo do Campo,SP
c_001636,cu_005877,259154,Uberlandia,MG
c_001637,cu_001301,605956,Sao Paulo,SP
c_001638,cu_002541,544067,Vitoria da Conquista,BA
c_001639,cu_002051,638531,Niteroi,RJ
c_001640,cu_006809,798233,Rio de Janeiro,RJ
c_001641,cu_000441,945481,Contagem,MG
c_001642,cu_002076,343047,Guarulhos,SP
c_001643,cu_003180,806017,Sao Bernardo do Campo,SP
c_001644,cu_002657,393698,Guarulhos,SP
c_001645,cu_003798,973163,Contagem,MG
c_001646,cu_000804,532398,Sao Bernardo do Campo,SP
c_001647,cu_000074,341950,Sao Bernardo do Campo,SP
c_001648,cu_006981,308447,Dourados,MS
c_001649,cu_002175,798746,Campinas,SP
c_001650,cu_003924,630927,Chapeco,SC
c_001651,cu_002089,928115,Florianopolis,SC
c_001652,cu_005475,804820,Guarulhos,SP
c_001653,cu_000040,519011,Guarulhos,SP
c_001654,cu_007077,845260,Campinas,SP
c_001655,cu_002081,609116,Canoas,RS
c_001656,cu_007184,471086,Contagem,MG
c_001657,cu_005796,182983,Blumenau,SC
c_001658,cu_007141,762789,Manaus,AM
c_001659,cu_005497,946262,Pelotas,RS
c_001660,cu_004683,398692,Sao Paulo,SP
c_001661,cu_001622,777544,Campinas,SP
c_001662,cu_000341,581423,Vitoria da Conquista,BA
c_001663,cu_004052,979678,Sao Bernardo do Campo,SP
c_001664,cu_002074,117627,Santos,SP
c_001665,cu_000645,982836,Canoas,RS
c_001666,cu_004826,362369,Campinas,SP
c_001667,cu_004263,377898,Manaus,AM
c_001668,cu_000609,475230,Juiz de Fora,MG
c_001669,cu_006411,536529,Santos,SP
c_001670,cu_005868,927696,Santarem,PA
c_001671,cu_006136,452193,Santos,SP
c_001672,cu_006964,495898,Santos,SP
c_001673,cu_000454,150633,Santos,SP
c_001674,cu_002953,639021,Sao Bernardo do Campo,SP
c_001675,cu_001708,661373,Duque de Caxias,RJ
c_001676,cu_003472,809293,Sao Bernardo do Campo,SP
c_001677,cu_002969,951953,Santos,SP
c_001678,cu_003028,230944,Santos,SP
c_001679,cu_004797,870072,Londrina,PR
c_001680,cu_002681,175527,Chapeco,SC
c_001681,cu_003629,611669,Sao Bernardo do Campo,SP
c_001682,cu_005695,285824,Guarulhos,SP
c_001683,cu_004225,162972,Campinas,SP
c_001684,cu_003067,755810,Sao Bernardo do Campo,SP
c_001685,cu_005941,842996,Joinville,SC
c_001686,cu_001386,655589,Caxias do Sul,RS
c_001687,cu_003776,899767,Campinas,SP
c_001688,cu_002866,110728,Campinas,SP
c_001689,cu_004788,649841,Sao Paulo,SP
c_001690,cu_003363,519518,Juiz de Fora,MG
c_001691,cu_005490,482158,Campinas,SP
c_001692,cu_004889,167640,Goiania,GO
c_001693,cu_004124,617864,Florianopolis,SC
c_001694,cu_000148,656611,Santos,SP
c_001695,cu_003850,642052,Contagem,MG
c_001696,cu_005415,688894,Juazeiro do Norte,CE
c_001697,cu_002058,835612,Uberlandia,MG
c_001698,cu_006819,339453,Sao Bernardo do Campo,SP
c_001699,cu_001136,907042,Santos,SP
c_001700,cu_000186,614927,Feira de Santana,BA
c_001701,cu_002854,302140,Juiz de Fora,MG
c_001702,cu_006887,401572,Uberlandia,MG
c_001703,cu_001250,304891,Brasilia,DF
c_001704,cu_001333,189373,Jaboatao dos Guararapes,PE
c_001705,cu_004193,708782,Juazeiro do Norte,CE
c_001706,cu_004150,238064,Sao Paulo,SP
c_001707,cu_006766,148315,Rio de Janeiro,RJ
c_001708,cu_002711,477995,Ponta Grossa,PR
c_001709,cu_004853,595475,Londrina,PR
c_001710,cu_004501,728020,Uberlandia,MG
c_001711,cu_006212,447552,Santos,SP
c_001712,cu_005408,788667,Blumenau,SC
c_001713,cu_001785,960147,Canoas,RS
c_001714,cu_000750,205964,Guarulhos,SP
c_001715,cu_001762,330912,Duque de Caxias,RJ
c_001716,cu_003920,260073,Campinas,SP
c_001717,cu_007101,323367,Santos,SP
c_001718,cu_004460,135138,Guarulhos,SP
c_001719,cu_006122,746990,Sao Paulo,SP
c_001720,cu_000481,416615,Nova Iguacu,RJ
c_001721,cu_006344,320953,Juiz de Fora,MG
c_001722,cu_000153,129936,Belo Horizonte,MG
c_001723,cu_001524,954761,Feira de Santana,BA
c_001724,cu_002120,588883,Sao Paulo,SP
c_001725,cu_006856,219021,Santos,SP
c_001726,cu_002343,421012,Vitoria da Conquista,BA
c_001727,cu_005136,944731,Sao Paulo,SP
c_001728,cu_005760,356317,Campo Grande,MS
c_001729,cu_001240,838323,Salvador,BA
c_001730,cu_000060,761925,Duque de Caxias,RJ
c_001731,cu_000938,925585,Goiania,GO
c_001732,cu_001639,204278,Santos,SP
c_001733,cu_006185,600314,Campinas,SP
c_001734,cu_004120,408881,Contagem,MG
c_001735,cu_005158,148719,Sao Paulo,SP
c_001736,cu_004226,274725,Manaus,AM
c_001737,cu_003569,216751,Santos,SP
c_001738,cu_001252,561032,Nova Iguacu,RJ
c_001739,cu_004203,547237,Juiz de Fora,MG
c_001740,cu_000171,866154,Belo Horizonte,MG
c_001741,cu_001458,148377,Santos,SP
c_001742,cu_003549,506933,Santos,SP
c_001743,cu_004197,820755,Feira de Santana,BA
c_001744,cu_007009,667171,Guarulhos,SP
c_001745,cu_006667,277327,Salvador,BA
c_001746,cu_002322,958991,Juiz de Fora,MG
c_001747,cu_001636,733221,Curitiba,PR
c_001748,cu_003115,294615,Canoas,RS
c_001749,cu_004090,441542,Sao Paulo,SP
c_001750,cu_006960,342189,Belo Horizonte,MG
c_001751,cu_003004,834521,Brasilia,DF
c_001752,cu_005136,903066,Nova Iguacu,RJ
c_001753,cu_000329,284422,Varzea Grande,MT
c_001754,cu_003640,350312,Niteroi,RJ
c_001755,cu_003894,534473,Sao Paulo,SP
c_001756,cu_005616,406593,Sao Paulo,SP
c_001757,cu_004107,407554,Santarem,PA
c_001758,cu_001341,644145,Campinas,SP
c_001759,cu_003663,997849,Brasilia,DF
c_001760,cu_000215,593525,Olinda,PE
c_001761,cu_000338,412927,Campinas,SP
c_001762,cu_005895,769133,Campinas,SP
c_001763,cu_004062,494945,Canoas,RS
c_001764,cu_002708,901027,Sao Bernardo do Campo,SP
c_001765,cu_003152,843926,Blumenau,SC
c_001766,cu_001750,895977,Nova Iguacu,RJ
c_001767,cu_005604,890688,Niteroi,RJ
c_001768,cu_002421,226682,Curitiba,PR
c_001769,cu_007119,497762,Santos,SP
c_001770,cu_000709,527478,Niteroi,RJ
c_001771,cu_005319,741375,Guarulhos,SP
c_001772,cu_006609,133762,Sao Bernardo do Campo,SP
c_001773,cu_005208,790093,Nova Iguacu,RJ
c_001774,cu_005387,247181,Florianopolis,SC
c_001775,cu_003726,304258,Campinas,SP
c_001776,cu_003642,251971,Duque de Caxias,RJ
c_001777,cu_003993,538858,Caxias do Sul,RS
c_001778,cu_000488,260542,Guarulhos,SP
c_001779,cu_005657,793997,Guarulhos,SP
c_001780,cu_000046,611713,Manaus,AM
c_001781,cu_003359,312458,Pelotas,RS
c_001782,cu_004873,599120,Belo Horizonte,MG
c_001783,cu_005135,244619,Belo Horizonte,MG
c_001784,cu_004806,430683,Santos,SP
c_001785,cu_000400,337232,Juiz de Fora,MG
c_001786,cu_003990,265941,Niteroi,RJ
c_001787,cu_005913,331977,Nova Iguacu,RJ
c_001788,cu_007124,880337,Sao Bernardo do Campo,SP
c_001789,cu_003157,251569,Campinas,SP
c_001790,cu_004345,158985,Sao Bernardo do Campo,SP
c_001791,cu_000390,361994,Santarem,PA
c_001792,cu_003853,648789,Campinas,SP
c_001793,cu_004430,535332,Rio de Janeiro,RJ
c_001794,cu_000628,360582,Sao Bernardo do Campo,SP
c_001795,cu_004232,975780,Guarulhos,SP
c_001796,cu_002930,275690,Caxias do Sul,RS
c_001797,cu_006831,337353,Rio de Janeiro,RJ
c_001798,cu_001521,313183,Rio de Janeiro,RJ
c_001799,cu_000826,664341,Sao Paulo,SP
c_001800,cu_004822,441042,Ponta Grossa,PR
c_001801,cu_001500,336757,Sao Bernardo do Campo,SP
c_001802,cu_006737,434359,Guarulhos,SP
c_001803,cu_003294,828132,Nova Iguacu,RJ
c_001804,cu_005085,409763,Guarulhos,SP
c_001805,cu_002419,816546,Campinas,SP
c_001806,cu_000934,433622,Juiz de Fora,MG
c_001807,cu_003042,438789,Contagem,MG
c_001808,cu_004497,610111,Vitoria da Conquista,BA
c_001809,cu_001466,506269,Santos,SP
c_001810,cu_003561,144052,Sao Paulo,SP
c_001811,cu_000614,624320,Guarulhos,SP
c_001812,cu_005392,695016,Aparecida de Goiania,GO
c_001813,cu_001182,760640,Uberlandia,MG
c_001814,cu_003223,710364,Caxias do Sul,RS
c_001815,cu_007138,320081,Campinas,SP
c_001816,cu_002667,742945,Niteroi,RJ
c_001817,cu_006331,294659,Santos,SP
c_001818,cu_005217,871543,Juiz de Fora,MG
c_001819,cu_000130,916088,Manaus,AM
c_001820,cu_006948,965197,Varzea Grande,MT
c_001821,cu_005290,240546,Niteroi,RJ
c_001822,cu_002983,709028,Duque de Caxias,RJ
c_001823,cu_007129,367710,Belem,PA
c_001824,cu_004278,274449,Porto Alegre,RS
c_001825,cu_007126,217752,Guarulhos,SP
c_001826,cu_004459,745860,Nova Iguacu,RJ
c_001827,cu_000038,662324,Guarulhos,SP
c_001828,cu_003959,293316,Niteroi,RJ
c_001829,cu_006640,817911,Duque de Caxias,RJ
c_001830,cu_003587,544430,Contagem,MG
c_001831,cu_005468,822487,Sao Paulo,SP
c_001832,cu_007125,410167,Santos,SP
c_001833,cu_000920,467861,Niteroi,RJ
c_001834,cu_002769,293828,Salvador,BA
c_001835,cu_004111,944468,Uberlandia,MG
c_001836,cu_000492,808368,Sao Bernardo do Campo,SP
c_001837,cu_005545,173593,Manaus,AM
c_001838,cu_001131,237674,Caucaia,CE
c_001839,cu_007037,472476,Campinas,SP
c_001840,cu_003521,625964,Campinas,SP
c_001841,cu_000310,155245,Ponta Grossa,PR
c_001842,cu_000738,178931,Salvador,BA
c_001843,cu_003241,155223,Varzea Grande,MT
c_001844,cu_000545,186044,Recife,PE
c_001845,cu_002461,687068,Contagem,MG
c_001846,cu_004346,694319,Niteroi,RJ
c_001847,cu_004854,563254,Campinas,SP
c_001848,cu_001804,276020,Santos,SP
c_001849,cu_003212,570818,Rio de Janeiro,RJ
c_001850,cu_005393,439843,Juiz de Fora,MG
c_001851,cu_005727,456198,Uberlandia,MG
c_001852,cu_003810,484464,Maringa,PR
c_001853,cu_006010,250824,Campinas,SP
c_001854,cu_000813,585357,Belo Horizonte,MG
c_001855,cu_004124,919587,Guarulhos,SP
c_001856,cu_005053,444790,Campinas,SP
c_001857,cu_002032,479118,Maringa,PR
c_001858,cu_004572,183388,Caxias do Sul,RS
c_001859,cu_004413,633560,Aparecida de Goiania,GO
c_001860,cu_000244,317587,Guarulhos,SP
c_001861,cu_004843,378846,Nova Iguacu,RJ
c_001862,cu_004792,953391,Campinas,SP
c_001863,cu_000271,772126,Duque de Caxias,RJ
c_001864,cu_003511,918774,Salvador,BA
c_001865,cu_001771,561622,Porto Alegre,RS
c_001866,cu_001262,199567,Recife,PE
c_001867,cu_002424,269340,Campinas,SP
c_001868,cu_004361,892137,Brasilia,DF
c_001869,cu_007069,305798,Campinas,SP
c_001870,cu_000920,545135,Jaboatao dos Guararapes,PE
c_001871,cu_003430,338026,Sao Paulo,SP
c_001872,cu_004435,951532,Guarulhos,SP
c_001873,cu_004484,193084,Duque de Caxias,RJ
c_001874,cu_002624,244478,Belem,PA
c_001875,cu_003760,959484,Sao Bernardo do Campo,SP
c_001876,cu_002050,555236,Santos,SP
c_001877,cu_003500,912069,Salvador,BA
c_001878,cu_001165,318718,Sao Bernardo do Campo,SP
c_001879,cu_000375,928386,Sao Paulo,SP
c_001880,cu_002033,594786,Duque de Caxias,RJ
c_001881,cu_006467,576272,Santos,SP
c_001882,cu_000145,589231,Caucaia,CE
c_001883,cu_006077,108728,Maringa,PR
c_001884,cu_004388,641348,Nova Iguacu,RJ
c_001885,cu_000431,791063,Goiania,GO
c_001886,cu_000704,622955,Niteroi,RJ
c_001887,cu_007092,579661,Sao Paulo,SP
c_001888,cu_006094,935382,Santos,SP
c_001889,cu_002632,922887,Niteroi,RJ
c_001890,cu_004494,776658,Sao Bernardo do Campo,SP
c_001891,cu_006960,434696,Ananindeua,PA
c_001892,cu_000963,520037,Curitiba,PR
c_001893,cu_002234,952735,Sao Paulo,SP
c_001894,cu_002041,256078,Belo Horizonte,MG
c_001895,cu_001828,772031,Pelotas,RS
c_001896,cu_002108,643977,Ananindeua,PA
c_001897,cu_004068,771337,Jaboatao dos Guararapes,PE
c_001898,cu_000938,418387,Duque de Caxias,RJ
c_001899,cu_004805,903277,Ponta Grossa,PR
c_001900,cu_000806,340984,Uberlandia,MG
c_001901,cu_001463,353413,Contagem,MG
c_001902,cu_005421,102651,Campinas,SP
c_001903,cu_003415,196480,Campinas,SP
c_001904,cu_000010,720734,Rio de Janeiro,RJ
c_001905,cu_005181,107113,Guarulhos,SP
c_001906,cu_001868,723820,Guarulhos,SP
c_001907,cu_006369,341168,Caxias do Sul,RS
c_001908,cu_006707,930845,Sao Bernardo do Campo,SP
c_001909,cu_004867,392431,Juiz de Fora,MG
c_001910,cu_005690,157659,Rio de Janeiro,RJ
c_001911,cu_005703,996381,Varzea Grande,MT
c_001912,cu_005429,275561,Nova Iguacu,RJ
c_001913,cu_000884,340552,Guarulhos,SP
c_001914,cu_003564,713955,Juiz de Fora,MG
c_001915,cu_001389,398834,Feira de Santana,BA
c_001916,cu_003401,211948,Aparecida de Goiania,GO
c_001917,cu_004321,900084,Niteroi,RJ
c_001918,cu_000824,906578,Sao Paulo,SP
c_001919,cu_002265,390171,Fortaleza,CE
c_001920,cu_000936,117386,Guarulhos,SP
c_001921,cu_002800,223840,Uberlandia,MG
c_001922,cu_002553,583444,Santos,SP
c_001923,cu_006402,808486,Santos,SP
c_001924,cu_006007,297380,Sao Paulo,SP
c_001925,cu_003845,324438,Campinas,SP
c_001926,cu_001796,822116,Porto Alegre,RS
c_001927,cu_000053,238232,Ananindeua,PA
c_001928,cu_000726,212341,Sao Bernardo do Campo,SP
c_001929,cu_002736,618154,Blumenau,SC
c_001930,cu_005640,324339,Campinas,SP
c_001931,cu_003170,212948,Duque de Caxias,RJ
c_001932,cu_005139,983676,Campinas,SP
c_001933,cu_001913,729931,Manaus,AM
c_001934,cu_005872,803995,Maringa,PR
c_001935,cu_001596,378538,Belo Horizonte,MG
c_001936,cu_001914,270651,Vitoria da Conquista,BA
c_001937,cu_002466,956686,Belo Horizonte,MG
c_001938,cu_002737,145483,Cuiaba,MT
c_001939,cu_000849,247568,Porto Alegre,RS
c_001940,cu_002109,991593,Manaus,AM
c_001941,cu_006359,945382,Duque de Caxias,RJ
c_001942,cu_000002,973448,Campinas,SP
c_001943,cu_004255,642587,Niteroi,RJ
c_001944,cu_004069,163746,Sao Bernardo do Campo,SP
c_001945,cu_004876,380597,Juiz de Fora,MG
c_001946,cu_000892,222324,Nova Iguacu,RJ
c_001947,cu_002030,924279,Belo Horizonte,MG
c_001948,cu_003160,614234,Sao Bernardo do Campo,SP
c_001949,cu_002376,224655,Santos,SP
c_001950,cu_004675,371019,Niteroi,RJ
c_001951,cu_001933,495286,Ananindeua,PA
c_001952,cu_001380,188060,Campinas,SP
c_001953,cu_003681,712450,Duque de Caxias,RJ
c_001954,cu_001290,618474,Caxias do Sul,RS
c_001955,cu_001640,379861,Belo Horizonte,MG
c_001956,cu_005047,249383,Santos,SP
c_001957,cu_002682,284756,Campinas,SP
c_001958,cu_000987,231665,Campinas,SP
c_001959,cu_001218,295021,Cuiaba,MT
c_001960,cu_005016,477835,Campinas,SP
c_001961,cu_006881,875721,Sao Bernardo do Campo,SP
c_001962,cu_001355,252325,Sao Paulo,SP
c_001963,cu_004265,297281,Santos,SP
c_001964,cu_004616,560445,Chapeco,SC
c_001965,cu_005582,619183,Campinas,SP
c_001966,cu_004135,677471,Guarulhos,SP
c_001967,cu_001560,309370,Rio de Janeiro,RJ
c_001968,cu_001418,457052,Guarulhos,SP
c_001969,cu_000954,314675,Sao Paulo,SP
c_001970,cu_000983,335895,Joinville,SC
c_001971,cu_000974,453448,Curitiba,PR
c_001972,cu_004133,476824,Fortaleza,CE
c_001973,cu_006471,697825,Feira de Santana,BA
c_001974,cu_005370,916391,Caxias do Sul,RS
c_001975,cu_003972,583434,Guarulhos,SP
c_001976,cu_005295,380740,Chapeco,SC
c_001977,cu_005721,496243,Feira de Santana,BA
c_001978,cu_000913,339025,Florianopolis,SC
c_001979,cu_004549,579424,Nova Iguacu,RJ
c_001980,cu_000036,344433,Guarulhos,SP
c_001981,cu_003387,933274,Salvador,BA
c_001982,cu_001711,948358,Porto Alegre,RS
c_001983,cu_003020,517757,Aparecida de Goiania,GO
c_001984,cu_000795,493652,Campinas,SP
c_001985,cu_004036,279790,Campinas,SP
c_001986,cu_005068,977123,Santos,SP
c_001987,cu_004688,358993,Chapeco,SC
c_001988,cu_005233,246175,Sao Paulo,SP
c_001989,cu_003111,171393,Santos,SP
c_001990,cu_001324,342362,Goiania,GO
c_001991,cu_006367,289083,Campinas,SP
c_001992,cu_000317,314710,Salvador,BA
c_001993,cu_002396,280683,Sao Paulo,SP
c_001994,cu_002162,505131,Vitoria da Conquista,BA
c_001995,cu_002745,975182,Belo Horizonte,MG
c_001996,cu_005442,476226,Caucaia,CE
c_001997,cu_001591,924068,Manaus,AM
c_001998,cu_003111,791039,Santos,SP
c_001999,cu_005985,313230,Santos,SP
c_002000,cu_006183,252543,Campinas,SP
c_002001,cu_003930,132859,Juiz de Fora,MG
c_002002,cu_001996,977956,Olinda,PE
c_002003,cu_005868,697293,Niteroi,RJ
c_002004,cu_001312,420559,Uberlandia,MG
c_002005,cu_001285,714172,Sao Paulo,SP
c_002006,cu_004311,485150,Florianopolis,SC
c_002007,cu_002383,858211,Cuiaba,MT
c_002008,cu_003239,882310,Sao Paulo,SP
c_002009,cu_002139,650756,Rio de Janeiro,RJ
c_002010,cu_006496,656861,Santos,SP
c_002011,cu_006714,539886,Belo Horizonte,MG
c_002012,cu_006959,761165,Rio de Janeiro,RJ
c_002013,cu_001704,771242,Santos,SP
c_002014,cu_006924,550753,Rio de Janeiro,RJ
c_002015,cu_000362,418565,Campinas,SP
c_002016,cu_002604,872393,Duque de Caxias,RJ
c_002017,cu_001716,119538,Juiz de Fora,MG
c_002018,cu_005289,210618,Sao Paulo,SP
c_002019,cu_004451,973058,Ponta Grossa,PR
c_002020,cu_004286,171846,Porto Alegre,RS
c_002021,cu_003738,499559,Campinas,SP
c_002022,cu_002469,643013,Sao Bernardo do Campo,SP
c_002023,cu_004795,991628,Curitiba,PR
c_002024,cu_006150,918646,Ananindeua,PA
c_002025,cu_006276,343546,Sao Bernardo do Campo,SP
c_002026,cu_000556,937041,Sao Bernardo do Campo,SP
c_002027,cu_000825,290321,Campinas,SP
c_002028,cu_002808,438389,Uberlandia,MG
c_002029,cu_005150,818163,Campinas,SP
c_002030,cu_006678,554274,Santos,SP
c_002031,cu_004521,649167,Porto Alegre,RS
c_002032,cu_002719,928730,Belo Horizonte,MG
c_002033,cu_006506,228382,Sao Bernardo do Campo,SP
c_002034,cu_003508,124755,Niteroi,RJ
c_002035,cu_003741,198121,Belo Horizonte,MG
c_002036,cu_001574,256569,Campinas,SP
c_002037,cu_003998,144823,Guarulhos,SP
c_002038,cu_002129,853453,Recife,PE
c_002039,cu_002403,571535,Santos,SP
c_002040,cu_003329,723425,Caxias do Sul,RS
c_002041,cu_000588,167198,Manaus,AM
c_002042,cu_002012,263025,Campinas,SP
c_002043,cu_001547,136087,Sao Bernardo do Campo,SP
c_002044,cu_000294,490139,Juiz de Fora,MG
c_002045,cu_001985,278380,Jaboatao dos Guararapes,PE
c_002046,cu_005343,805176,Ananindeua,PA
c_002047,cu_005644,667792,Ponta Grossa,PR
c_002048,cu_003117,309064,Santos,SP
c_002049,cu_001690,693269,Uberlandia,MG
c_002050,cu_001136,942580,Sao Paulo,SP
c_002051,cu_005352,205517,Nova Iguacu,RJ
c_002052,cu_002064,725686,Campinas,SP
c_002053,cu_004455,434727,Sao Bernardo do Campo,SP
c_002054,cu_007009,510193,Chapeco,SC
c_002055,cu_004795,968538,Niteroi,RJ
c_002056,cu_004543,721452,Santos,SP
c_002057,cu_006999,236343,Guarulhos,SP
c_002058,cu_006508,826780,Feira de Santana,BA
c_002059,cu_004770,205624,Maringa,PR
c_002060,cu_001007,583195,Sao Bernardo do Campo,SP
c_002061,cu_005445,879949,Sao Paulo,SP
c_002062,cu_002514,326414,Sao Bernardo do Campo,SP
c_002063,cu_006557,348175,Manaus,AM
c_002064,cu_003526,889663,Belo Horizonte,MG
c_002065,cu_004681,805058,Nova Iguacu,RJ
c_002066,cu_005352,515014,Juiz de Fora,MG
c_002067,cu_001247,800478,Guarulhos,SP
c_002068,cu_005089,566112,Chapeco,SC
c_002069,cu_003902,279796,Duque de Caxias,RJ
c_002070,cu_001435,387111,Campinas,SP
c_002071,cu_000571,261747,Sao Bernardo do Campo,SP
c_002072,cu_002382,707114,Duque de Caxias,RJ
c_002073,cu_001245,475720,Manaus,AM
c_002074,cu_002084,989619,Santos,SP
c_002075,cu_005084,595342,Brasilia,DF
c_002076,cu_000277,531465,Londrina,PR
c_002077,cu_005315,805111,Sao Bernardo do Campo,SP
c_002078,cu_007059,663274,Sao Bernardo do Campo,SP
c_002079,cu_001887,649642,Sao Paulo,SP
c_002080,cu_004579,197145,Pelotas,RS
c_002081,cu_001265,705135,Sao Bernardo do Campo,SP
c_002082,cu_004826,424610,Sao Paulo,SP
c_002083,cu_006335,441755,Rio de Janeiro,RJ
c_002084,cu_001040,641716,Caxias do Sul,RS
c_002085,cu_006667,515185,Sao Paulo,SP
c_002086,cu_000917,850682,Sao Paulo,SP
c_002087,cu_006544,667379,Niteroi,RJ
c_002088,cu_000885,179549,Duque de Caxias,RJ
c_002089,cu_002752,704451,Chapeco,SC
c_002090,cu_000021,622050,Santos,SP
c_002091,cu_004569,157264,Florianopolis,SC
c_002092,cu_003191,408038,Canoas,RS
c_002093,cu_006353,500571,Contagem,MG
c_002094,cu_002353,361361,Canoas,RS
c_002095,cu_004799,624543,Sao Paulo,SP
c_002096,cu_000686,167658,Santos,SP
c_002097,cu_000284,351342,Juiz de Fora,MG
c_002098,cu_004811,405296,Nova Iguacu,RJ
c_002099,cu_003747,532926,Contagem,MG
c_002100,cu_000762,624384,Sao Paulo,SP
c_002101,cu_005346,205588,Caucaia,CE
c_002102,cu_005043,810748,Juiz de Fora,MG
c_002103,cu_002428,275033,Santos,SP
c_002104,cu_002507,738767,Duque de Caxias,RJ
c_002105,cu_005126,401273,Ponta Grossa,PR
c_002106,cu_000028,613817,Florianopolis,SC
c_002107,cu_000906,539122,Niteroi,RJ
c_002108,cu_003104,854736,Recife,PE
c_002109,cu_007022,622411,Santos,SP
c_002110,cu_006222,895123,Sao Paulo,SP
c_002111,cu_003999,298926,Jaboatao dos Guararapes,PE
c_002112,cu_002994,360447,Jaboatao dos Guararapes,PE
c_002113,cu_002506,340773,Porto Alegre,RS
c_002114,cu_004665,381215,Vitoria da Conquista,BA
c_002115,cu_006102,502758,Santos,SP
c_002116,cu_003609,413538,Brasilia,DF
c_002117,cu_003553,650930,Campinas,SP
c_002118,cu_001453,853050,Sao Paulo,SP
c_002119,cu_004833,863114,Guarulhos,SP
c_002120,cu_003356,959030,Santos,SP
c_002121,cu_000515,387313,Sao Paulo,SP
c_002122,cu_006096,426816,Sao Paulo,SP
c_002123,cu_006540,346724,Sao Bernardo do Campo,SP
c_002124,cu_000038,531511,Sao Paulo,SP
c_002125,cu_003342,495966,Juiz de Fora,MG
c_002126,cu_000886,584841,Duque de Caxias,RJ
c_002127,cu_002844,862350,Campinas,SP
c_002128,cu_002204,887249,Londrina,PR
c_002129,cu_001098,850647,Jaboatao dos Guararapes,PE
c_002130,cu_007027,232146,Maringa,PR
c_002131,cu_001823,686264,Santos,SP
c_002132,cu_003201,578931,Curitiba,PR
c_002133,cu_005806,281856,Guarulhos,SP
c_002134,cu_005069,334148,Campinas,SP
c_002135,cu_003155,600675,Santos,SP
c_002136,cu_003093,822717,Blumenau,SC
c_002137,cu_003530,590752,Guarulhos,SP
c_002138,cu_005658,548593,Guarulhos,SP
c_002139,cu_003778,865590,Guarulhos,SP
c_002140,cu_002896,214522,Feira de Santana,BA
c_002141,cu_003453,247593,Uberlandia,MG
c_002142,cu_006891,392173,Santos,SP
c_002143,cu_003511,667970,Juiz de Fora,MG
c_002144,cu_000988,869649,Nova Iguacu,RJ
c_002145,cu_004116,593898,Contagem,MG
c_002146,cu_006446,260494,Guarulhos,SP
c_002147,cu_004964,604749,Brasilia,DF
c_002148,cu_004026,917577,Guarulhos,SP
c_002149,cu_004179,711717,Porto Alegre,RS
c_002150,cu_001682,283626,Santos,SP
c_002151,cu_006072,747618,Guarulhos,SP
c_002152,cu_005506,827333,Guarulhos,SP
c_002153,cu_005626,440020,Nova Iguacu,RJ
c_002154,cu_004665,922638,Sao Paulo,SP
c_002155,cu_003963,434480,Blumenau,SC
c_002156,cu_000933,891988,Campinas,SP
c_002157,cu_003598,262859,Pelotas,RS
c_002158,cu_003233,674533,Chapeco,SC
c_002159,cu_001980,999687,Juiz de Fora,MG
c_002160,cu_001855,229090,Londrina,PR
c_002161,cu_003056,358676,Contagem,MG
c_002162,cu_000792,355069,Sao Bernardo do Campo,SP
c_002163,cu_000791,977127,Blumenau,SC
c_002164,cu_001809,299781,Sao Bernardo do Campo,SP
c_002165,cu_005390,812992,Uberlandia,MG
c_002166,cu_006635,820937,Ponta Grossa,PR
c_002167,cu_002255,474078,Guarulhos,SP
c_002168,cu_003610,845169,Campinas,SP
c_002169,cu_001607,776714,Niteroi,RJ
c_002170,cu_005179,981382,Chapeco,SC
c_002171,cu_006573,902546,Manaus,AM
c_002172,cu_000984,984650,Nova Iguacu,RJ
c_002173,cu_005776,380462,Belo Horizonte,MG
c_002174,cu_003676,813993,Caucaia,CE
c_002175,cu_003380,882869,Sao Paulo,SP
c_002176,cu_000519,262173,Campinas,SP
c_002177,cu_000590,501463,Canoas,RS
c_002178,cu_001050,450516,Feira de Santana,BA
c_002179,cu_005805,368592,Feira de Santana,BA
c_002180,cu_003633,102719,Campinas,SP
c_002181,cu_006131,810595,Guarulhos,SP
c_002182,cu_006342,790693,Rio de Janeiro,RJ
c_002183,cu_006530,681952,Santos,SP
c_002184,cu_004444,567672,Sao Paulo,SP
c_002185,cu_000959,161074,Ponta Grossa,PR
c_002186,cu_006059,554663,Sao Bernardo do Campo,SP
c_002187,cu_000692,602780,Feira de Santana,BA
c_002188,cu_005655,672424,Nova Iguacu,RJ
c_002189,cu_003899,120227,Belo Horizonte,MG
c_002190,cu_004473,302713,Santos,SP
c_002191,cu_002946,117867,Santos,SP
c_002192,cu_007059,297927,Campinas,SP
c_002193,cu_000526,498443,Varzea Grande,MT
c_002194,cu_003224,602128,Joinville,SC
c_002195,cu_006877,651249,Duque de Caxias,RJ
c_002196,cu_002253,954268,Sao Paulo,SP
c_002197,cu_006598,652880,Manaus,AM
c_002198,cu_003344,898857,Sao Bernardo do Campo,SP
c_002199,cu_003965,827558,Guarulhos,SP
c_002200,cu_005355,378728,Contagem,MG
c_002201,cu_001875,756190,Ananindeua,PA
c_002202,cu_001763,580863,Guarulhos,SP
c_002203,cu_000520,688864,Guarulhos,SP
c_002204,cu_005797,957494,Manaus,AM
c_002205,cu_001016,639032,Guarulhos,SP
c_002206,cu_007099,534075,Sao Bernardo do Campo,SP
c_002207,cu_006869,122718,Uberlandia,MG
c_002208,cu_005109,780081,Brasilia,DF
c_002209,cu_006644,682353,Nova Iguacu,RJ
c_002210,cu_000116,218071,Goiania,GO
c_002211,cu_002433,210161,Caxias do Sul,RS
c_002212,cu_005463,151370,Sao Paulo,SP
c_002213,cu_000583,283261,Aparecida de Goiania,GO
c_002214,cu_000394,813757,Santos,SP
c_002215,cu_005183,411643,Campinas,SP
c_002216,cu_003788,685081,Contagem,MG
c_002217,cu_002768,859830,Sao Paulo,SP
c_002218,cu_004167,718484,Santos,SP
c_002219,cu_003860,998130,Guarulhos,SP
c_002220,cu_000273,294776,Duque de Caxias,RJ
c_002221,cu_002013,235882,Salvador,BA
c_002222,cu_005439,130752,Contagem,MG
c_002223,cu_004433,836685,Goiania,GO
c_002224,cu_001389,588236,Guarulhos,SP
c_002225,cu_003566,266494,Sao Bernardo do Campo,SP
c_002226,cu_004702,494860,Sao Paulo,SP
c_002227,cu_000165,121410,Guarulhos,SP
c_002228,cu_001567,547237,Guarulhos,SP
c_002229,cu_006154,470641,Florianopolis,SC
c_002230,cu_005420,220635,Juazeiro do Norte,CE
c_002231,cu_000728,446997,Dourados,MS
c_002232,cu_006944,584777,Santos,SP
c_002233,cu_002043,387891,Olinda,PE
c_002234,cu_004197,574936,Sao Paulo,SP
c_002235,cu_003496,100268,Campinas,SP
c_002236,cu_005511,788332,Brasilia,DF
c_002237,cu_000778,251783,Belo Horizonte,MG
c_002238,cu_000213,337950,Campinas,SP
c_002239,cu_003762,382341,Niteroi,RJ
c_002240,cu_005207,184850,Guarulhos,SP
c_002241,cu_001576,603687,Ponta Grossa,PR
c_002242,cu_002448,152057,Duque de Caxias,RJ
c_002243,cu_006731,725833,Goiania,GO
c_002244,cu_002936,313453,Sao Bernardo do Campo,SP
c_002245,cu_003117,681775,Sao Bernardo do Campo,SP
c_002246,cu_005791,879327,Duque de Caxias,RJ
c_002247,cu_000591,914338,Niteroi,RJ
c_002248,cu_005429,509787,Campinas,SP
c_002249,cu_005205,315748,Pelotas,RS
c_002250,cu_006235,452850,Brasilia,DF
c_002251,cu_002720,913490,Manaus,AM
c_002252,cu_000713,393796,Chapeco,SC
c_002253,cu_000935,917284,Salvador,BA
c_002254,cu_006047,614191,Contagem,MG
c_002255,cu_004337,192325,Feira de Santana,BA
c_002256,cu_006139,865777,Sao Paulo,SP
c_002257,cu_000001,349345,Campinas,SP
c_002258,cu_006368,342489,Santos,SP
c_002259,cu_002848,552164,Nova Iguacu,RJ
c_002260,cu_005864,337686,Santos,SP
c_002261,cu_004044,145313,Varzea Grande,MT
c_002262,cu_001949,454720,Sao Paulo,SP
c_002263,cu_006732,557770,Sao Bernardo do Campo,SP
c_002264,cu_006259,112144,Nova Iguacu,RJ
c_002265,cu_000917,763020,Sao Paulo,SP
c_002266,cu_003174,408352,Campinas,SP
c_002267,cu_002241,772387,Guarulhos,SP
c_002268,cu_007014,430768,Duque de Caxias,RJ
c_002269,cu_000089,381717,Rio de Janeiro,RJ
c_002270,cu_001709,946894,Blumenau,SC
c_002271,cu_002169,838738,Londrina,PR
c_002272,cu_004238,440292,Duque de Caxias,RJ
c_002273,cu_003041,994346,Sao Paulo,SP
c_002274,cu_000105,798938,Guarulhos,SP
c_002275,cu_000886,295630,Londrina,PR
c_002276,cu_000427,377521,Guarulhos,SP
c_002277,cu_005424,722656,Campinas,SP
c_002278,cu_001895,762124,Joinville,SC
c_002279,cu_006090,882068,Rio de Janeiro,RJ
c_002280,cu_000316,114089,Campinas,SP
c_002281,cu_006082,265087,Sao Bernardo do Campo,SP
c_002282,cu_000634,457328,Manaus,AM
c_002283,cu_001925,201541,Salvador,BA
c_002284,cu_002056,953430,Canoas,RS
c_002285,cu_006917,735323,Duque de Caxias,RJ
c_002286,cu_003144,412041,Duque de Caxias,RJ
c_002287,cu_002270,542620,Campo Grande,MS
c_002288,cu_001439,560477,Cuiaba,MT
c_002289,cu_000552,981314,Sao Bernardo do Campo,SP
c_002290,cu_000715,474773,Florianopolis,SC
c_002291,cu_005383,786141,Guarulhos,SP
c_002292,cu_003911,951883,Guarulhos,SP
c_002293,cu_001713,125075,Canoas,RS
c_002294,cu_005979,562849,Sao Paulo,SP
c_002295,cu_003389,129781,Manaus,AM
c_002296,cu_001107,949391,Sao Paulo,SP
c_002297,cu_005437,977650,Duque de Caxias,RJ
c_002298,cu_004206,263423,Fortaleza,CE
c_002299,cu_000250,702962,Fortaleza,CE
c_002300,cu_002430,661593,Guarulhos,SP
c_002301,cu_002054,384432,Sao Paulo,SP
c_002302,cu_000458,662394,Uberlandia,MG
c_002303,cu_005203,619086,Santos,SP
c_002304,cu_000207,733232,Cuiaba,MT
c_002305,cu_000899,919985,Fortaleza,CE
c_002306,cu_003461,408735,Campinas,SP
c_002307,cu_003385,166815,Sao Bernardo do Campo,SP
c_002308,cu_000021,462042,Sao Bernardo do Campo,SP
c_002309,cu_000409,746050,Fortaleza,CE
c_002310,cu_000894,101725,Campinas,SP
c_002311,cu_000514,655446,Sao Bernardo do Campo,SP
c_002312,cu_004904,391877,Duque de Caxias,RJ
c_002313,cu_004969,131562,Contagem,MG
c_002314,cu_004109,583245,Santos,SP
c_002315,cu_005066,806973,Guarulhos,SP
c_002316,cu_007121,613332,Manaus,AM
c_002317,cu_007157,552737,Fortaleza,CE
c_002318,cu_007179,982516,Joinville,SC
c_002319,cu_002134,766577,Sao Bernardo do Campo,SP
c_002320,cu_003595,613294,Santos,SP
c_002321,cu_002956,986496,Contagem,MG
c_002322,cu_001560,778257,Campinas,SP
c_002323,cu_005420,433270,Juazeiro do Norte,CE
c_002324,cu_001266,569712,Juiz de Fora,MG
c_002325,cu_002169,726043,Campinas,SP
c_002326,cu_003638,799551,Fortaleza,CE
c_002327,cu_000749,191550,Santarem,PA
c_002328,cu_003427,261729,Campinas,SP
c_002329,cu_004780,342566,Niteroi,RJ
c_002330,cu_001927,142534,Sao Paulo,SP
c_002331,cu_003804,564850,Guarulhos,SP
c_002332,cu_003702,151452,Santos,SP
c_002333,cu_002356,552566,Uberlandia,MG
c_002334,cu_004790,988214,Santarem,PA
c_002335,cu_002335,876582,Duque de Caxias,RJ
c_002336,cu_000306,954424,Campinas,SP
c_002337,cu_003665,211748,Contagem,MG
c_002338,cu_001989,734188,Guarulhos,SP
c_002339,cu_007057,167748,Vitoria da Conquista,BA
c_002340,cu_000661,121312,Niteroi,RJ
c_002341,cu_004644,525475,Sao Paulo,SP
c_002342,cu_000311,378654,Santos,SP
c_002343,cu_002920,921392,Maringa,PR
c_002344,cu_001082,686019,Sao Paulo,SP
c_002345,cu_002971,226130,Curitiba,PR
c_002346,cu_005833,588076,Guarulhos,SP
c_002347,cu_000754,305445,Santos,SP
c_002348,cu_004130,381576,Rio de Janeiro,RJ
c_002349,cu_004540,619639,Ananindeua,PA
c_002350,cu_006236,723080,Manaus,AM
c_002351,cu_006078,363183,Santos,SP
c_002352,cu_005326,909668,Sao Bernardo do Campo,SP
c_002353,cu_000352,730062,Guarulhos,SP
c_002354,cu_000902,684410,Duque de Caxias,RJ
c_002355,cu_005451,636243,Duque de Caxias,RJ
c_002356,cu_003888,659923,Fortaleza,CE
c_002357,cu_007005,525868,Manaus,AM
c_002358,cu_005844,511974,Campinas,SP
c_002359,cu_000158,187715,Niteroi,RJ
c_002360,cu_001977,354477,Recife,PE
c_002361,cu_000956,816450,Joinville,SC
c_002362,cu_002071,452863,Sao Bernardo do Campo,SP
c_002363,cu_000403,494896,Campinas,SP
c_002364,cu_006948,333438,Duque de Caxias,RJ
c_002365,cu_004611,588370,Santos,SP
c_002366,cu_002779,808522,Santos,SP
c_002367,cu_001387,174432,Campinas,SP
c_002368,cu_003453,517440,Contagem,MG
c_002369,cu_006675,355684,Campinas,SP
c_002370,cu_000955,879775,Sao Paulo,SP
c_002371,cu_006295,128657,Guarulhos,SP
c_002372,cu_001712,609913,Florianopolis,SC
c_002373,cu_007090,693537,Vitoria da Conquista,BA
c_002374,cu_004703,534525,Niteroi,RJ
c_002375,cu_006563,235678,Guarulhos,SP
c_002376,cu_001273,934974,Campo Grande,MS
c_002377,cu_007009,815723,Campinas,SP
c_002378,cu_005631,670643,Sao Paulo,SP
c_002379,cu_003811,655938,Guarulhos,SP
c_002380,cu_002625,607388,Sao Paulo,SP
c_002381,cu_002382,115275,Campinas,SP
c_002382,cu_001441,828249,Juazeiro do Norte,CE
c_002383,cu_002979,380524,Belo Horizonte,MG
c_002384,cu_001797,685076,Santos,SP
c_002385,cu_004390,232876,Manaus,AM
c_002386,cu_004009,339291,Campinas,SP
c_002387,cu_004850,919248,Campinas,SP
c_002388,cu_001394,425478,Uberlandia,MG
c_002389,cu_004281,288526,Uberlandia,MG
c_002390,cu_001269,852913,Guarulhos,SP
c_002391,cu_004732,324873,Guarulhos,SP
c_002392,cu_005387,441252,Belo Horizonte,MG
c_002393,cu_003714,744977,Pelotas,RS
c_002394,cu_000529,413282,Contagem,MG
c_002395,cu_003623,135960,Sao Bernardo do Campo,SP
c_002396,cu_006164,864786,Campinas,SP
c_002397,cu_002958,952514,Rio de Janeiro,RJ
c_002398,cu_002914,173037,Campinas,SP
c_002399,cu_004889,241797,Santarem,PA
c_002400,cu_003591,888861,Niteroi,RJ
c_002401,cu_002147,792874,Sao Paulo,SP
c_002402,cu_006895,187858,Londrina,PR
c_002403,cu_004573,648231,Duque de Caxias,RJ
c_002404,cu_005718,388473,Sao Bernardo do Campo,SP
c_002405,cu_003369,329730,Florianopolis,SC
c_002406,cu_000939,837127,Brasilia,DF
c_002407,cu_000525,226924,Caxias do Sul,RS
c_002408,cu_006477,200953,Santos,SP
c_002409,cu_000001,275754,Belo Horizonte,MG
c_002410,cu_000374,877645,Curitiba,PR
c_002411,cu_002340,757839,Santos,SP
c_002412,cu_006980,384194,Campinas,SP
c_002413,cu_004005,340440,Olinda,PE
c_002414,cu_003052,227165,Campinas,SP
c_002415,cu_004648,944470,Curitiba,PR
c_002416,cu_002365,376833,Nova Iguacu,RJ
c_002417,cu_001525,880113,Rio de Janeiro,RJ
c_002418,cu_005947,292811,Sao Paulo,SP
c_002419,cu_004476,726647,Chapeco,SC
c_002420,cu_001646,782824,Guarulhos,SP
c_002421,cu_000013,200251,Duque de Caxias,RJ
c_002422,cu_004599,765440,Caxias do Sul,RS
c_002423,cu_002278,706750,Caxias do Sul,RS
c_002424,cu_006104,720051,Ananindeua,PA
c_002425,cu_003155,470265,Rio de Janeiro,RJ
c_002426,cu_000129,543885,Sao Paulo,SP
c_002427,cu_003814,655694,Belem,PA
c_002428,cu_004933,338841,Uberlandia,MG
c_002429,cu_003216,799263,Guarulhos,SP
c_002430,cu_002938,270097,Campinas,SP
c_002431,cu_003928,638391,Salvador,BA
c_002432,cu_002040,329819,Santos,SP
c_002433,cu_000027,393090,Belo Horizonte,MG
c_002434,cu_002113,283346,Niteroi,RJ
c_002435,cu_001252,313989,Santos,SP
c_002436,cu_004356,743630,Contagem,MG
c_002437,cu_002046,320811,Sao Bernardo do Campo,SP
c_002438,cu_005568,662292,Guarulhos,SP
c_002439,cu_005543,728610,Niteroi,RJ
c_002440,cu_004555,469037,Nova Iguacu,RJ
c_002441,cu_004023,360944,Curitiba,PR
c_002442,cu_004396,122337,Vitoria da Conquista,BA
c_002443,cu_007062,477413,Curitiba,PR
c_002444,cu_003374,891650,Sao Paulo,SP
c_002445,cu_006430,951457,Guarulhos,SP
c_002446,cu_003466,697367,Nova Iguacu,RJ
c_002447,cu_003081,308634,Manaus,AM
c_002448,cu_003778,848395,Salvador,BA
c_002449,cu_000629,328756,Salvador,BA
c_002450,cu_000269,583536,Sao Paulo,SP
c_002451,cu_002639,162251,Duque de Caxias,RJ
c_002452,cu_001993,207557,Duque de Caxias,RJ
c_002453,cu_005724,985512,Guarulhos,SP
c_002454,cu_005897,623736,Guarulhos,SP
c_002455,cu_002891,369490,Ananindeua,PA
c_002456,cu_004957,419846,Sao Paulo,SP
c_002457,cu_003432,971086,Sao Paulo,SP
c_002458,cu_001280,543331,Campinas,SP
c_002459,cu_006276,901726,Manaus,AM
c_002460,cu_005895,844248,Contagem,MG
c_002461,cu_005802,418845,Uberlandia,MG
c_002462,cu_007115,422869,Caucaia,CE
c_002463,cu_006656,876825,Campinas,SP
c_002464,cu_002360,928975,Juiz de Fora,MG
c_002465,cu_000575,263953,Guarulhos,SP
c_002466,cu_007029,584247,Santos,SP
c_002467,cu_006099,502727,Vitoria da Conquista,BA
c_002468,cu_001307,126049,Ponta Grossa,PR
c_002469,cu_003192,279785,Guarulhos,SP
c_002470,cu_003178,521021,Santos,SP
c_002471,cu_006052,305982,Niteroi,RJ
c_002472,cu_002734,611131,Santos,SP
c_002473,cu_006116,488859,Sao Paulo,SP
c_002474,cu_002212,299913,Sao Paulo,SP
c_002475,cu_002352,842625,Guarulhos,SP
c_002476,cu_003568,126973,Chapeco,SC
c_002477,cu_001655,265550,Campinas,SP
c_002478,cu_001579,353377,Guarulhos,SP
c_002479,cu_005943,598219,Nova Iguacu,RJ
c_002480,cu_002203,711835,Brasilia,DF
c_002481,cu_001390,701937,Campinas,SP
c_002482,cu_001742,215375,Sao Paulo,SP
c_002483,cu_001925,233632,Sao Bernardo do Campo,SP
c_002484,cu_000619,447886,Ponta Grossa,PR
c_002485,cu_001274,127634,Belo Horizonte,MG
c_002486,cu_000956,336146,Blumenau,SC
c_002487,cu_001939,636858,Santarem,PA
c_002488,cu_003953,965224,Joinville,SC
c_002489,cu_002381,860169,Juiz de Fora,MG
c_002490,cu_000968,451776,Niteroi,RJ
c_002491,cu_006654,337552,Sao Paulo,SP
c_002492,cu_001316,774467,Aparecida de Goiania,GO
c_002493,cu_001043,724861,Santos,SP
c_002494,cu_000281,197178,Campinas,SP
c_002495,cu_002844,813655,Uberlandia,MG
c_002496,cu_007168,934434,Sao Bernardo do Campo,SP
c_002497,cu_006262,496044,Juiz de Fora,MG
c_002498,cu_001058,408683,Uberlandia,MG
c_002499,cu_004293,595144,Rio de Janeiro,RJ
c_002500,cu_002532,333247,Salvador,BA
c_002501,cu_003828,537528,Sao Bernardo do Campo,SP
c_002502,cu_005178,168558,Rio de Janeiro,RJ
c_002503,cu_006980,196835,Rio de Janeiro,RJ
c_002504,cu_005280,832044,Uberlandia,MG
c_002505,cu_001008,303345,Florianopolis,SC
c_002506,cu_006834,626165,Guarulhos,SP
c_002507,cu_001229,164541,Juiz de Fora,MG
c_002508,cu_001035,512124,Sao Paulo,SP
c_002509,cu_004585,911265,Manaus,AM
c_002510,cu_000275,743662,Campinas,SP
c_002511,cu_002740,809792,Pelotas,RS
c_002512,cu_002289,186820,Sao Bernardo do Campo,SP
c_002513,cu_001239,691411,Santos,SP
c_002514,cu_005370,921375,Duque de Caxias,RJ
c_002515,cu_000125,735526,Brasilia,DF
c_002516,cu_004065,510916,Nova Iguacu,RJ
c_002517,cu_004312,901425,Manaus,AM
c_002518,cu_003868,161575,Rio de Janeiro,RJ
c_002519,cu_001208,947813,Nova Iguacu,RJ
c_002520,cu_005342,745562,Sao Paulo,SP
c_002521,cu_006638,915295,Florianopolis,SC
c_002522,cu_006570,619358,Sao Bernardo do Campo,SP
c_002523,cu_003249,290369,Olinda,PE
c_002524,cu_000918,114382,Caucaia,CE
c_002525,cu_005413,325669,Belem,PA
c_002526,cu_003923,731824,Nova Iguacu,RJ
c_002527,cu_006294,925437,Caxias do Sul,RS
c_002528,cu_006527,820322,Ponta Grossa,PR
c_002529,cu_005757,759922,Sao Bernardo do Campo,SP
c_002530,cu_004403,748749,Juiz de Fora,MG
c_002531,cu_005455,891739,Campinas,SP
c_002532,cu_001969,640082,Duque de Caxias,RJ
c_002533,cu_002793,647248,Sao Bernardo do Campo,SP
c_002534,cu_000891,787288,Guarulhos,SP
c_002535,cu_004470,362058,Campinas,SP
c_002536,cu_007175,808079,Duque de Caxias,RJ
c_002537,cu_002033,219525,Uberlandia,MG
c_002538,cu_001364,969930,Santos,SP
c_002539,cu_000128,229448,Duque de Caxias,RJ
c_002540,cu_001014,462570,Guarulhos,SP
c_002541,cu_001799,381933,Juiz de Fora,MG
c_002542,cu_006812,674510,Contagem,MG
c_002543,cu_005477,856463,Juiz de Fora,MG
c_002544,cu_004612,287349,Curitiba,PR
c_002545,cu_001518,240620,Sao Bernardo do Campo,SP
c_002546,cu_004181,257713,Ponta Grossa,PR
c_002547,cu_001198,631153,Niteroi,RJ
c_002548,cu_003873,180754,Niteroi,RJ
c_002549,cu_006454,241594,Belo Horizonte,MG
c_002550,cu_005238,344956,Santos,SP
c_002551,cu_002474,449614,Belo Horizonte,MG
c_002552,cu_006089,810371,Uberlandia,MG
c_002553,cu_003485,573281,Campinas,SP
c_002554,cu_006257,970646,Guarulhos,SP
c_002555,cu_004049,429450,Santos,SP
c_002556,cu_003719,953286,Manaus,AM
c_002557,cu_000302,667046,Porto Alegre,RS
c_002558,cu_006887,342814,Campinas,SP
c_002559,cu_003952,302713,Sao Paulo,SP
c_002560,cu_004683,131563,Contagem,MG
c_002561,cu_000986,498987,Vitoria da Conquista,BA
c_002562,cu_001863,153086,Santos,SP
c_002563,cu_004440,285942,Guarulhos,SP
c_002564,cu_004909,575774,Jaboatao dos Guararapes,PE
c_002565,cu_006083,206797,Sao Bernardo do Campo,SP
c_002566,cu_006944,124318,Sao Bernardo do Campo,SP
c_002567,cu_003072,171187,Santarem,PA
c_002568,cu_005406,892471,Uberlandia,MG
c_002569,cu_006095,946215,Sao Paulo,SP
c_002570,cu_005773,356029,Sao Paulo,SP
c_002571,cu_003124,456045,Guarulhos,SP
c_002572,cu_001327,317779,Guarulhos,SP
c_002573,cu_005188,471416,Olinda,PE
c_002574,cu_002408,603263,Sao Paulo,SP
c_002575,cu_003673,265014,Caxias do Sul,RS
c_002576,cu_003291,352091,Fortaleza,CE
c_002577,cu_004033,859724,Sao Paulo,SP
c_002578,cu_005105,136219,Campinas,SP
c_002579,cu_000703,325666,Niteroi,RJ
c_002580,cu_000574,535885,Fortaleza,CE
c_002581,cu_005704,629710,Joinville,SC
c_002582,cu_003232,187540,Sao Bernardo do Campo,SP
c_002583,cu_005208,695521,Pelotas,RS
c_002584,cu_004783,880510,Uberlandia,MG
c_002585,cu_006924,292285,Caucaia,CE
c_002586,cu_002632,212891,Campinas,SP
c_002587,cu_003828,995542,Rio de Janeiro,RJ
c_002588,cu_006732,857497,Brasilia,DF
c_002589,cu_003230,384113,Santos,SP
c_002590,cu_000488,647744,Rio de Janeiro,RJ
c_002591,cu_007114,200884,Santos,SP
c_002592,cu_001347,263534,Santos,SP
c_002593,cu_003681,826177,Santos,SP
c_002594,cu_003173,852931,Belem,PA
c_002595,cu_004589,471268,Campinas,SP
c_002596,cu_001667,805839,Nova Iguacu,RJ
c_002597,cu_001637,394457,Porto Alegre,RS
c_002598,cu_004114,690661,Santos,SP
c_002599,cu_003553,326031,Rio de Janeiro,RJ
c_002600,cu_006540,396246,Maringa,PR
c_002601,cu_001000,422869,Brasilia,DF
c_002602,cu_000850,932057,Juiz de Fora,MG
c_002603,cu_001388,496630,Uberlandia,MG
c_002604,cu_005450,628135,Sao Paulo,SP
c_002605,cu_003712,615532,Santarem,PA
c_002606,cu_001367,568856,Sao Bernardo do Campo,SP
c_002607,cu_000821,507385,Londrina,PR
c_002608,cu_000454,665870,Sao Paulo,SP
c_002609,cu_001624,321293,Manaus,AM
c_002610,cu_002772,796384,Pelotas,RS
c_002611,cu_003726,669375,Maringa,PR
c_002612,cu_003147,499189,Santos,SP
c_002613,cu_004089,318725,Niteroi,RJ
c_002614,cu_004806,403271,Uberlandia,MG
c_002615,cu_002190,490338,Maringa,PR
c_002616,cu_000916,467040,Santos,SP
c_002617,cu_003986,651864,Cuiaba,MT
c_002618,cu_002875,333690,Jaboatao dos Guararapes,PE
c_002619,cu_006748,885929,Sao Bernardo do Campo,SP
c_002620,cu_005592,465647,Salvador,BA
c_002621,cu_001440,778663,Niteroi,RJ
c_002622,cu_004400,580127,Duque de Caxias,RJ
c_002623,cu_000735,470992,Sao Paulo,SP
c_002624,cu_003568,203044,Uberlandia,MG
c_002625,cu_006434,547593,Porto Alegre,RS
c_002626,cu_006059,261992,Campinas,SP
c_002627,cu_006245,351669,Contagem,MG
c_002628,cu_006105,212533,Porto Alegre,RS
c_002629,cu_003338,660448,Pelotas,RS
c_002630,cu_007010,518962,Sao Paulo,SP
c_002631,cu_003015,157513,Feira de Santana,BA
c_002632,cu_007117,979714,Rio de Janeiro,RJ
c_002633,cu_002889,434336,Guarulhos,SP
c_002634,cu_000961,702390,Sao Bernardo do Campo,SP
c_002635,cu_002989,897976,Nova Iguacu,RJ
c_002636,cu_003848,617143,Jaboatao dos Guararapes,PE
c_002637,cu_001026,554130,Santos,SP
c_002638,cu_006228,251433,Curitiba,PR
c_002639,cu_003865,206750,Sao Bernardo do Campo,SP
c_002640,cu_006471,750215,Niteroi,RJ
c_002641,cu_002863,463923,Goiania,GO
c_002642,cu_005569,555761,Ponta Grossa,PR
c_002643,cu_002501,453210,Guarulhos,SP
c_002644,cu_001947,741133,Rio de Janeiro,RJ
c_002645,cu_006772,820493,Guarulhos,SP
c_002646,cu_001177,913385,Sao Paulo,SP
c_002647,cu_004760,505212,Blumenau,SC
c_002648,cu_000011,970036,Ponta Grossa,PR
c_002649,cu_005252,468326,Sao Bernardo do Campo,SP
c_002650,cu_004399,572024,Manaus,AM
c_002651,cu_003364,167813,Contagem,MG
c_002652,cu_003022,945941,Sao Paulo,SP
c_002653,cu_003371,590658,Niteroi,RJ
c_002654,cu_005859,635582,Uberlandia,MG
c_002655,cu_002830,693012,Uberlandia,MG
c_002656,cu_000042,205857,Duque de Caxias,RJ
c_002657,cu_000943,657796,Duque de Caxias,RJ
c_002658,cu_002390,915233,Sao Bernardo do Campo,SP
c_002659,cu_005445,997924,Blumenau,SC
c_002660,cu_002545,939527,Nova Iguacu,RJ
c_002661,cu_002411,349196,Sao Bernardo do Campo,SP
c_002662,cu_004986,800450,Curitiba,PR
c_002663,cu_006570,801178,Manaus,AM
c_002664,cu_001004,586284,Belem,PA
c_002665,cu_000020,135526,Santos,SP
c_002666,cu_000406,943294,Sao Paulo,SP
c_002667,cu_006762,871044,Niteroi,RJ
c_002668,cu_001014,185441,Campinas,SP
c_002669,cu_004431,736391,Manaus,AM
c_002670,cu_001838,770450,Sao Bernardo do Campo,SP
c_002671,cu_003188,644646,Santos,SP
c_002672,cu_005243,957325,Santos,SP
c_002673,cu_006542,718254,Santos,SP
c_002674,cu_006936,413556,Blumenau,SC
c_002675,cu_005923,307958,Nova Iguacu,RJ
c_002676,cu_000714,684028,Sao Paulo,SP
c_002677,cu_004146,183448,Sao Bernardo do Campo,SP
c_002678,cu_003854,518469,Niteroi,RJ
c_002679,cu_004419,817858,Sao Paulo,SP
c_002680,cu_004884,599192,Uberlandia,MG
c_002681,cu_000140,629024,Belo Horizonte,MG
c_002682,cu_004565,939888,Porto Alegre,RS
c_002683,cu_004882,305292,Manaus,AM
c_002684,cu_005921,915138,Juazeiro do Norte,CE
c_002685,cu_005453,937978,Santarem,PA
c_002686,cu_006012,893431,Sao Paulo,SP
c_002687,cu_000963,357259,Sao Bernardo do Campo,SP
c_002688,cu_007151,905156,Campinas,SP
c_002689,cu_000372,525289,Olinda,PE
c_002690,cu_003635,370787,Dourados,MS
c_002691,cu_002541,281318,Feira de Santana,BA
c_002692,cu_003610,935197,Sao Bernardo do Campo,SP
c_002693,cu_001692,939679,Santarem,PA
c_002694,cu_006894,949639,Niteroi,RJ
c_002695,cu_005275,959174,Santos,SP
c_002696,cu_006434,724991,Rio de Janeiro,RJ
c_002697,cu_005767,748523,Guarulhos,SP
c_002698,cu_000105,604746,Rio de Janeiro,RJ
c_002699,cu_005539,309687,Campinas,SP
c_002700,cu_006813,633759,Duque de Caxias,RJ
c_002701,cu_001681,245932,Juiz de Fora,MG
c_002702,cu_004097,942280,Brasilia,DF
c_002703,cu_004016,450095,Uberlandia,MG
c_002704,cu_002636,660529,Rio de Janeiro,RJ
c_002705,cu_006787,962466,Chapeco,SC
c_002706,cu_002137,888997,Juazeiro do Norte,CE
c_002707,cu_003416,623835,Santos,SP
c_002708,cu_004445,857022,Niteroi,RJ
c_002709,cu_003530,950923,Santos,SP
c_002710,cu_001286,145620,Santos,SP
c_002711,cu_003179,331544,Juiz de Fora,MG
c_002712,cu_005158,763048,Brasilia,DF
c_002713,cu_007052,200374,Sao Paulo,SP
c_002714,cu_006302,519669,Blumenau,SC
c_002715,cu_003654,206674,Salvador,BA
c_002716,cu_007102,571697,Fortaleza,CE
c_002717,cu_002359,760844,Guarulhos,SP
c_002718,cu_000444,749441,Juazeiro do Norte,CE
c_002719,cu_006441,549848,Sao Paulo,SP
c_002720,cu_005047,626737,Contagem,MG
c_002721,cu_000035,909595,Santos,SP
c_002722,cu_005203,571567,Santos,SP
c_002723,cu_001475,706951,Pelotas,RS
c_002724,cu_003957,187524,Rio de Janeiro,RJ
c_002725,cu_001798,973470,Santos,SP
c_002726,cu_001845,486578,Santos,SP
c_002727,cu_001408,549975,Uberlandia,MG
c_002728,cu_005291,694772,Campinas,SP
c_002729,cu_005495,245893,Florianopolis,SC
c_002730,cu_001708,417248,Sao Paulo,SP
c_002731,cu_005481,442720,Santos,SP
c_002732,cu_006702,879866,Guarulhos,SP
c_002733,cu_002938,520634,Rio de Janeiro,RJ
c_002734,cu_006284,396489,Santos,SP
c_002735,cu_007030,392751,Guarulhos,SP
c_002736,cu_001300,947033,Varzea Grande,MT
c_002737,cu_006869,918447,Uberlandia,MG
c_002738,cu_001243,251856,Sao Paulo,SP
c_002739,cu_003976,187044,Duque de Caxias,RJ
c_002740,cu_003097,647729,Brasilia,DF
c_002741,cu_004616,212853,Campinas,SP
c_002742,cu_005902,749935,Sao Bernardo do Campo,SP
c_002743,cu_000009,228468,Londrina,PR
c_002744,cu_005079,386439,Contagem,MG
c_002745,cu_002425,297772,Juiz de Fora,MG
c_002746,cu_005752,963824,Guarulhos,SP
c_002747,cu_001660,603943,Sao Bernardo do Campo,SP
c_002748,cu_006825,982839,Contagem,MG
c_002749,cu_002631,562673,Sao Bernardo do Campo,SP
c_002750,cu_006295,329266,Nova Iguacu,RJ
c_002751,cu_004815,206721,Niteroi,RJ
c_002752,cu_001072,142333,Sao Bernardo do Campo,SP
c_002753,cu_003225,228067,Belem,PA
c_002754,cu_004954,443268,Vitoria da Conquista,BA
c_002755,cu_001316,401431,Canoas,RS
c_002756,cu_005699,249738,Sao Bernardo do Campo,SP
c_002757,cu_004145,928083,Campinas,SP
c_002758,cu_006807,965378,Rio de Janeiro,RJ
c_002759,cu_006674,863726,Santos,SP
c_002760,cu_003683,564649,Dourados,MS
c_002761,cu_003273,406011,Campinas,SP
c_002762,cu_007000,883430,Rio de Janeiro,RJ
c_002763,cu_000145,851016,Sao Bernardo do Campo,SP
c_002764,cu_005010,554061,Uberlandia,MG
c_002765,cu_003040,841857,Santos,SP
c_002766,cu_001462,866180,Duque de Caxias,RJ
c_002767,cu_006385,485684,Campinas,SP
c_002768,cu_004676,354585,Recife,PE
c_002769,cu_006830,164230,Guarulhos,SP
c_002770,cu_001584,491860,Juazeiro do Norte,CE
c_002771,cu_000482,340919,Vitoria da Conquista,BA
c_002772,cu_003179,105445,Sao Bernardo do Campo,SP
c_002773,cu_001249,184126,Chapeco,SC
c_002774,cu_004768,558798,Sao Bernardo do Campo,SP
c_002775,cu_000630,390684,Varzea Grande,MT
c_002776,cu_006804,605694,Niteroi,RJ
c_002777,cu_000661,901596,Guarulhos,SP
c_002778,cu_003503,207195,Sao Paulo,SP
c_002779,cu_002852,737679,Santos,SP
c_002780,cu_002466,463019,Aparecida de Goiania,GO
c_002781,cu_000987,671122,Sao Bernardo do Campo,SP
c_002782,cu_001546,457070,Belo Horizonte,MG
c_002783,cu_000649,899393,Nova Iguacu,RJ
c_002784,cu_000968,261995,Santarem,PA
c_002785,cu_002637,320425,Santos,SP
c_002786,cu_001100,874256,Duque de Caxias,RJ
c_002787,cu_006652,857439,Duque de Caxias,RJ
c_002788,cu_000440,179776,Pelotas,RS
c_002789,cu_005016,399933,Guarulhos,SP
c_002790,cu_000769,376485,Santos,SP
c_002791,cu_001343,919997,Sao Paulo,SP
c_002792,cu_005922,723943,Ponta Grossa,PR
c_002793,cu_004358,487459,Campinas,SP
c_002794,cu_003729,432963,Belo Horizonte,MG
c_002795,cu_003906,658458,Sao Bernardo do Campo,SP
c_002796,cu_001577,930179,Brasilia,DF
c_002797,cu_006780,216023,Ananindeua,PA
c_002798,cu_004008,461018,Rio de Janeiro,RJ
c_002799,cu_006602,833193,Guarulhos,SP
c_002800,cu_005094,903512,Sao Bernardo do Campo,SP
c_002801,cu_003351,252732,Sao Paulo,SP
c_002802,cu_004795,823459,Sao Paulo,SP
c_002803,cu_002349,561075,Juiz de Fora,MG
c_002804,cu_003602,969736,Duque de Caxias,RJ
c_002805,cu_005699,762649,Ananindeua,PA
c_002806,cu_001241,496427,Santos,SP
c_002807,cu_001125,267448,Pelotas,RS
c_002808,cu_002601,339216,Nova Iguacu,RJ
c_002809,cu_006431,787866,Duque de Caxias,RJ
c_002810,cu_001190,292147,Campinas,SP
c_002811,cu_006764,543345,Rio de Janeiro,RJ
c_002812,cu_005101,171694,Rio de Janeiro,RJ
c_002813,cu_004131,476829,Canoas,RS
c_002814,cu_004839,941839,Santarem,PA
c_002815,cu_005860,886060,Sao Paulo,SP
c_002816,cu_004448,520416,Sao Paulo,SP
c_002817,cu_006018,603344,Rio de Janeiro,RJ
c_002818,cu_000072,915743,Nova Iguacu,RJ
c_002819,cu_006791,867585,Campinas,SP
c_002820,cu_005472,796538,Londrina,PR
c_002821,cu_001914,102692,Aparecida de Goiania,GO
c_002822,cu_005189,715651,Santarem,PA
c_002823,cu_002472,758888,Sao Paulo,SP
c_002824,cu_003046,676779,Brasilia,DF
c_002825,cu_000707,146626,Porto Alegre,RS
c_002826,cu_001804,868922,Duque de Caxias,RJ
c_002827,cu_006704,980921,Rio de Janeiro,RJ
c_002828,cu_006971,477783,Vitoria da Conquista,BA
c_002829,cu_003713,368794,Duque de Caxias,RJ
c_002830,cu_005051,780674,Campinas,SP
c_002831,cu_002564,117970,Rio de Janeiro,RJ
c_002832,cu_002475,646474,Uberlandia,MG
c_002833,cu_003610,192130,Santos,SP
c_002834,cu_004255,652725,Caucaia,CE
c_002835,cu_006292,846541,Porto Alegre,RS
c_002836,cu_002823,911350,Belo Horizonte,MG
c_002837,cu_001735,115122,Santos,SP
c_002838,cu_001585,990688,Belo Horizonte,MG
c_002839,cu_000066,462550,Campinas,SP
c_002840,cu_003061,944012,Campinas,SP
c_002841,cu_002428,553425,Rio de Janeiro,RJ
c_002842,cu_004153,172098,Santos,SP
c_002843,cu_000341,422946,Contagem,MG
c_002844,cu_005249,809986,Sao Paulo,SP
c_002845,cu_002774,481335,Niteroi,RJ
c_002846,cu_005291,368570,Campinas,SP
c_002847,cu_002817,690637,Aparecida de Goiania,GO
c_002848,cu_002661,804654,Uberlandia,MG
c_002849,cu_001232,826172,Pelotas,RS
c_002850,cu_003874,967514,Guarulhos,SP
c_002851,cu_002401,730061,Guarulhos,SP
c_002852,cu_001494,943432,Dourados,MS
c_002853,cu_005917,382145,Santos,SP
c_002854,cu_004211,912042,Nova Iguacu,RJ
c_002855,cu_000661,961689,Uberlandia,MG
c_002856,cu_003883,988635,Campinas,SP
c_002857,cu_005561,948486,Blumenau,SC
c_002858,cu_003619,828326,Rio de Janeiro,RJ
c_002859,cu_006596,557541,Sao Bernardo do Campo,SP
c_002860,cu_001868,557234,Sao Paulo,SP
c_002861,cu_002334,163753,Guarulhos,SP
c_002862,cu_003374,494859,Recife,PE
c_002863,cu_001016,655056,Canoas,RS
c_002864,cu_004406,990360,Campinas,SP
c_002865,cu_000207,963087,Santos,SP
c_002866,cu_002665,434178,Caxias do Sul,RS
c_002867,cu_002493,655030,Juiz de Fora,MG
c_002868,cu_006813,523890,Santos,SP
c_002869,cu_000632,816093,Sao Bernardo do Campo,SP
c_002870,cu_002102,658391,Sao Bernardo do Campo,SP
c_002871,cu_002959,241732,Uberlandia,MG
c_002872,cu_003083,690567,Dourados,MS
c_002873,cu_004752,392586,Guarulhos,SP
c_002874,cu_005519,719555,Belo Horizonte,MG
c_002875,cu_001931,127276,Nova Iguacu,RJ
c_002876,cu_003719,464474,Niteroi,RJ
c_002877,cu_007123,271614,Guarulhos,SP
c_002878,cu_002562,723254,Feira de Santana,BA
c_002879,cu_001679,135696,Rio de Janeiro,RJ
c_002880,cu_000236,120343,Nova Iguacu,RJ
c_002881,cu_004443,259696,Santos,SP
c_002882,cu_006770,149671,Sao Paulo,SP
c_002883,cu_004725,106253,Guarulhos,SP
c_002884,cu_001540,973179,Canoas,RS
c_002885,cu_006099,587652,Campinas,SP
c_002886,cu_003943,512535,Pelotas,RS
c_002887,cu_005367,632872,Campinas,SP
c_002888,cu_000363,888758,Guarulhos,SP
c_002889,cu_002368,437972,Nova Iguacu,RJ
c_002890,cu_000285,863322,Sao Paulo,SP
c_002891,cu_000148,417897,Sao Paulo,SP
c_002892,cu_005203,611354,Santos,SP
c_002893,cu_004037,776355,Uberlandia,MG
c_002894,cu_006549,377650,Uberlandia,MG
c_002895,cu_007121,181310,Sao Paulo,SP
c_002896,cu_004551,683277,Nova Iguacu,RJ
c_002897,cu_001766,288321,Campinas,SP
c_002898,cu_004895,467182,Sao Bernardo do Campo,SP
c_002899,cu_005280,756242,Santos,SP
c_002900,cu_001012,617744,Jaboatao dos Guararapes,PE
c_002901,cu_002831,772153,Sao Paulo,SP
c_002902,cu_002507,204951,Sao Bernardo do Campo,SP
c_002903,cu_001523,998941,Campinas,SP
c_002904,cu_002785,615528,Sao Bernardo do Campo,SP
c_002905,cu_002556,900066,Uberlandia,MG
c_002906,cu_003725,229035,Campinas,SP
c_002907,cu_004576,859928,Sao Bernardo do Campo,SP
c_002908,cu_005782,850621,Contagem,MG
c_002909,cu_006257,925865,Guarulhos,SP
c_002910,cu_006892,879133,Canoas,RS
c_002911,cu_001601,777047,Juiz de Fora,MG
c_002912,cu_002408,977079,Campinas,SP
c_002913,cu_000340,898784,Contagem,MG
c_002914,cu_002817,705468,Santos,SP
c_002915,cu_006106,550574,Duque de Caxias,RJ
c_002916,cu_006904,824757,Nova Iguacu,RJ
c_002917,cu_007112,725662,Sao Paulo,SP
c_002918,cu_002496,905181,Contagem,MG
c_002919,cu_005962,528430,Brasilia,DF
c_002920,cu_004930,315472,Goiania,GO
c_002921,cu_005299,380454,Uberlandia,MG
c_002922,cu_001725,172172,Sao Bernardo do Campo,SP
c_002923,cu_001689,797453,Sao Bernardo do Campo,SP
c_002924,cu_003267,439467,Guarulhos,SP
c_002925,cu_004406,912845,Duque de Caxias,RJ
c_002926,cu_000261,615684,Campinas,SP
c_002927,cu_001442,581284,Juazeiro do Norte,CE
c_002928,cu_000405,981834,Sao Paulo,SP
c_002929,cu_002190,120686,Santos,SP
c_002930,cu_004437,846167,Sao Paulo,SP
c_002931,cu_005435,915129,Feira de Santana,BA
c_002932,cu_000243,752233,Uberlandia,MG
c_002933,cu_004585,204949,Contagem,MG
c_002934,cu_004107,359187,Sao Paulo,SP
c_002935,cu_000560,500495,Blumenau,SC
c_002936,cu_004137,928295,Santos,SP
c_002937,cu_002725,630766,Brasilia,DF
c_002938,cu_000593,469067,Duque de Caxias,RJ
c_002939,cu_005548,426631,Sao Bernardo do Campo,SP
c_002940,cu_001826,374594,Rio de Janeiro,RJ
c_002941,cu_003229,363982,Contagem,MG
c_002942,cu_003287,107683,Guarulhos,SP
c_002943,cu_004073,450494,Brasilia,DF
c_002944,cu_005789,629651,Nova Iguacu,RJ
c_002945,cu_000133,756780,Santos,SP
c_002946,cu_003138,322131,Guarulhos,SP
c_002947,cu_003919,312930,Duque de Caxias,RJ
c_002948,cu_007174,783423,Niteroi,RJ
c_002949,cu_005043,447322,Campinas,SP
c_002950,cu_000072,598996,Canoas,RS
c_002951,cu_004494,294463,Rio de Janeiro,RJ
c_002952,cu_005524,639133,Varzea Grande,MT
c_002953,cu_006721,122284,Contagem,MG
c_002954,cu_007002,883050,Blumenau,SC
c_002955,cu_004225,560495,Santos,SP
c_002956,cu_002978,500051,Sao Bernardo do Campo,SP
c_002957,cu_005907,636427,Guarulhos,SP
c_002958,cu_006097,810287,Belo Horizonte,MG
c_002959,cu_004361,160320,Brasilia,DF
c_002960,cu_005656,729570,Sao Paulo,SP
c_002961,cu_001985,810345,Santos,SP
c_002962,cu_000792,163792,Vitoria da Conquista,BA
c_002963,cu_006396,284492,Guarulhos,SP
c_002964,cu_006965,104661,Contagem,MG
c_002965,cu_005408,480788,Niteroi,RJ
c_002966,cu_004259,208084,Salvador,BA
c_002967,cu_000094,227732,Santos,SP
c_002968,cu_005901,774151,Sao Paulo,SP
c_002969,cu_006976,626580,Belo Horizonte,MG
c_002970,cu_001133,663437,Ananindeua,PA
c_002971,cu_006479,432872,Sao Paulo,SP
c_002972,cu_004917,795846,Santos,SP
c_002973,cu_000237,514328,Uberlandia,MG
c_002974,cu_006524,651776,Manaus,AM
c_002975,cu_002946,901894,Vitoria da Conquista,BA
c_002976,cu_002530,234435,Aparecida de Goiania,GO
c_002977,cu_001960,113786,Sao Bernardo do Campo,SP
c_002978,cu_007045,590679,Sao Bernardo do Campo,SP
c_002979,cu_001048,375968,Belo Horizonte,MG
c_002980,cu_005772,177014,Salvador,BA
c_002981,cu_002529,442287,Santos,SP
c_002982,cu_002964,801292,Sao Bernardo do Campo,SP
c_002983,cu_007137,585293,Chapeco,SC
c_002984,cu_000963,962775,Guarulhos,SP
c_002985,cu_000536,298216,Sao Bernardo do Campo,SP
c_002986,cu_005699,996516,Nova Iguacu,RJ
c_002987,cu_006075,920963,Contagem,MG
c_002988,cu_007179,269292,Canoas,RS
c_002989,cu_004223,537672,Guarulhos,SP
c_002990,cu_003679,426722,Juiz de Fora,MG
c_002991,cu_004187,269536,Belo Horizonte,MG
c_002992,cu_003724,258643,Rio de Janeiro,RJ
c_002993,cu_000542,568081,Uberlandia,MG
c_002994,cu_000845,646039,Sao Paulo,SP
c_002995,cu_003603,326818,Campinas,SP
c_002996,cu_005777,824973,Sao Bernardo do Campo,SP
c_002997,cu_003036,846131,Campinas,SP
c_002998,cu_005947,448651,Duque de Caxias,RJ
c_002999,cu_002494,374973,Salvador,BA
c_003000,cu_004485,240553,Pelotas,RS
c_003001,cu_002719,457572,Joinville,SC
c_003002,cu_001884,372797,Sao Paulo,SP
c_003003,cu_004138,729190,Sao Bernardo do Campo,SP
c_003004,cu_004349,350151,Sao Bernardo do Campo,SP
c_003005,cu_003201,275572,Sao Paulo,SP
c_003006,cu_005179,681674,Sao Bernardo do Campo,SP
c_003007,cu_002710,220397,Belo Horizonte,MG
c_003008,cu_006610,958218,Goiania,GO
c_003009,cu_006430,750070,Guarulhos,SP
c_003010,cu_007154,474629,Guarulhos,SP
c_003011,cu_005636,566596,Maringa,PR
c_003012,cu_001953,834944,Sao Paulo,SP
c_003013,cu_006921,539855,Salvador,BA
c_003014,cu_006488,876613,Caxias do Sul,RS
c_003015,cu_004737,206364,Belem,PA
c_003016,cu_006525,974385,Santos,SP
c_003017,cu_003850,197632,Uberlandia,MG
c_003018,cu_000689,506914,Duque de Caxias,RJ
c_003019,cu_005372,740255,Belo Horizonte,MG
c_003020,cu_001950,134588,Rio de Janeiro,RJ
c_003021,cu_005175,394262,Guarulhos,SP
c_003022,cu_005582,477030,Niteroi,RJ
c_003023,cu_000456,942496,Niteroi,RJ
c_003024,cu_005078,904860,Joinville,SC
c_003025,cu_002130,145092,Curitiba,PR
c_003026,cu_003976,135018,Contagem,MG
c_003027,cu_005218,500480,Guarulhos,SP
c_003028,cu_004244,124447,Canoas,RS
c_003029,cu_005448,573481,Nova Iguacu,RJ
c_003030,cu_001179,144069,Recife,PE
c_003031,cu_004285,691537,Juazeiro do Norte,CE
c_003032,cu_003565,181380,Sao Bernardo do Campo,SP
c_003033,cu_000882,273095,Salvador,BA
c_003034,cu_006406,297447,Campinas,SP
c_003035,cu_000399,293785,Sao Bernardo do Campo,SP
c_003036,cu_006907,458853,Duque de Caxias,RJ
c_003037,cu_000608,353638,Santos,SP
c_003038,cu_005891,929823,Londrina,PR
c_003039,cu_001638,882516,Sao Paulo,SP
c_003040,cu_005671,697471,Campinas,SP
c_003041,cu_006928,795625,Contagem,MG
c_003042,cu_002148,354634,Canoas,RS
c_003043,cu_001382,267221,Juazeiro do Norte,CE
c_003044,cu_001403,140165,Pelotas,RS
c_003045,cu_000819,531383,Pelotas,RS
c_003046,cu_003292,735260,Campinas,SP
c_003047,cu_000819,947997,Santos,SP
c_003048,cu_000419,814657,Sao Paulo,SP
c_003049,cu_004219,727939,Nova Iguacu,RJ
c_003050,cu_004517,396736,Caxias do Sul,RS
c_003051,cu_003302,453484,Santos,SP
c_003052,cu_001508,423875,Curitiba,PR
c_003053,cu_005693,373882,Nova Iguacu,RJ
c_003054,cu_000767,283696,Campinas,SP
c_003055,cu_002044,256828,Guarulhos,SP
c_003056,cu_006626,572031,Feira de Santana,BA
c_003057,cu_006662,954414,Porto Alegre,RS
c_003058,cu_006298,752593,Jaboatao dos Guararapes,PE
c_003059,cu_002139,893587,Campinas,SP
c_003060,cu_003029,922135,Aparecida de Goiania,GO
c_003061,cu_001549,773796,Santos,SP
c_003062,cu_006598,481997,Sao Paulo,SP
c_003063,cu_001764,183452,Goiania,GO
c_003064,cu_006140,922125,Sao Paulo,SP
c_003065,cu_002645,893380,Uberlandia,MG
c_003066,cu_003716,999895,Santos,SP
c_003067,cu_004605,640658,Contagem,MG
c_003068,cu_005302,446850,Juazeiro do Norte,CE
c_003069,cu_004481,941237,Sao Bernardo do Campo,SP
c_003070,cu_005693,686773,Porto Alegre,RS
c_003071,cu_006548,751628,Sao Bernardo do Campo,SP
c_003072,cu_002293,326281,Uberlandia,MG
c_003073,cu_004837,624012,Guarulhos,SP
c_003074,cu_002708,599314,Sao Paulo,SP
c_003075,cu_006793,349229,Sao Bernardo do Campo,SP
c_003076,cu_006007,999789,Campinas,SP
c_003077,cu_005542,317545,Fortaleza,CE
c_003078,cu_000900,834146,Campinas,SP
c_003079,cu_006208,260593,Sao Paulo,SP
c_003080,cu_003084,355769,Duque de Caxias,RJ
c_003081,cu_006356,304286,Guarulhos,SP
c_003082,cu_002009,177897,Londrina,PR
c_003083,cu_000241,739592,Campo Grande,MS
c_003084,cu_006636,697440,Nova Iguacu,RJ
c_003085,cu_002385,142069,Brasilia,DF
c_003086,cu_006116,310876,Belo Horizonte,MG
c_003087,cu_004268,634538,Guarulhos,SP
c_003088,cu_000671,708288,Pelotas,RS
c_003089,cu_000163,491076,Rio de Janeiro,RJ
c_003090,cu_000464,149025,Contagem,MG
c_003091,cu_003042,693243,Recife,PE
c_003092,cu_004592,437187,Duque de Caxias,RJ
c_003093,cu_004795,598984,Caucaia,CE
c_003094,cu_002442,697139,Londrina,PR
c_003095,cu_004798,438067,Niteroi,RJ
c_003096,cu_006036,960324,Belo Horizonte,MG
c_003097,cu_002355,847322,Santos,SP
c_003098,cu_005887,879044,Goiania,GO
c_003099,cu_004278,371174,Juiz de Fora,MG
c_003100,cu_004724,160227,Campinas,SP
c_003101,cu_002557,912135,Sao Bernardo do Campo,SP
c_003102,cu_005827,781281,Uberlandia,MG
c_003103,cu_000545,206714,Sao Bernardo do Campo,SP
c_003104,cu_005683,686314,Campinas,SP
c_003105,cu_004719,650245,Duque de Caxias,RJ
c_003106,cu_003835,619690,Campinas,SP
c_003107,cu_000593,613234,Rio de Janeiro,RJ
c_003108,cu_004839,512043,Campinas,SP
c_003109,cu_005864,625928,Campinas,SP
c_003110,cu_003804,392210,Pelotas,RS
c_003111,cu_001459,438776,Rio de Janeiro,RJ
c_003112,cu_006044,655288,Sao Bernardo do Campo,SP
c_003113,cu_003493,501357,Guarulhos,SP
c_003114,cu_002601,729097,Juiz de Fora,MG
c_003115,cu_006164,155115,Sao Paulo,SP
c_003116,cu_006697,760772,Campinas,SP
c_003117,cu_002444,759970,Campinas,SP
c_003118,cu_002672,612446,Blumenau,SC
c_003119,cu_004200,838497,Ponta Grossa,PR
c_003120,cu_006335,318649,Maringa,PR
c_003121,cu_000016,364693,Pelotas,RS
c_003122,cu_003191,510680,Belo Horizonte,MG
c_003123,cu_000392,681757,Duque de Caxias,RJ
c_003124,cu_000424,327822,Belo Horizonte,MG
c_003125,cu_006272,161769,Guarulhos,SP
c_003126,cu_000571,145016,Belo Horizonte,MG
c_003127,cu_003631,837234,Curitiba,PR
c_003128,cu_006172,345460,Rio de Janeiro,RJ
c_003129,cu_001120,480814,Guarulhos,SP
c_003130,cu_007177,275722,Guarulhos,SP
c_003131,cu_000241,795314,Uberlandia,MG
c_003132,cu_003897,336510,Canoas,RS
c_003133,cu_004095,260963,Brasilia,DF
c_003134,cu_002279,222312,Campinas,SP
c_003135,cu_000788,681011,Maringa,PR
c_003136,cu_000714,744840,Contagem,MG
c_003137,cu_004854,593789,Recife,PE
c_003138,cu_002849,173794,Rio de Janeiro,RJ
c_003139,cu_000775,397973,Rio de Janeiro,RJ
c_003140,cu_004026,152943,Belo Horizonte,MG
c_003141,cu_006869,814176,Londrina,PR
c_003142,cu_002247,298675,Cuiaba,MT
c_003143,cu_007088,221576,Sao Bernardo do Campo,SP
c_003144,cu_000078,904548,Campinas,SP
c_003145,cu_007099,124447,Manaus,AM
c_003146,cu_003926,805892,Nova Iguacu,RJ
c_003147,cu_000855,113278,Belo Horizonte,MG
c_003148,cu_006610,237058,Duque de Caxias,RJ
c_003149,cu_006724,208766,Sao Paulo,SP
c_003150,cu_005535,500294,Maringa,PR
c_003151,cu_007083,931097,Maringa,PR
c_003152,cu_006592,782233,Sao Paulo,SP
c_003153,cu_006230,136259,Guarulhos,SP
c_003154,cu_002148,950510,Salvador,BA
c_003155,cu_001031,270648,Santos,SP
c_003156,cu_004940,791372,Recife,PE
c_003157,cu_003271,339389,Santos,SP
c_003158,cu_003576,912673,Contagem,MG
c_003159,cu_004182,468041,Manaus,AM
c_003160,cu_006186,741079,Porto Alegre,RS
c_003161,cu_003456,499724,Sao Paulo,SP
c_003162,cu_003506,758657,Pelotas,RS
c_003163,cu_000407,698191,Sao Paulo,SP
c_003164,cu_002711,312369,Campinas,SP
c_003165,cu_003088,745673,Aparecida de Goiania,GO
c_003166,cu_001668,261596,Londrina,PR
c_003167,cu_000147,502697,Juiz de Fora,MG
c_003168,cu_006420,786948,Campinas,SP
c_003169,cu_004327,344688,Sao Bernardo do Campo,SP
c_003170,cu_003897,785737,Sao Paulo,SP
c_003171,cu_001950,421695,Contagem,MG
c_003172,cu_000365,352431,Maringa,PR
c_003173,cu_001674,849845,Nova Iguacu,RJ
c_003174,cu_004531,296141,Salvador,BA
c_003175,cu_004494,562547,Sao Bernardo do Campo,SP
c_003176,cu_005330,929243,Guarulhos,SP
c_003177,cu_005510,444854,Guarulhos,SP
c_003178,cu_002546,704776,Nova Iguacu,RJ
c_003179,cu_006683,221464,Santos,SP
c_003180,cu_000562,462631,Ananindeua,PA
c_003181,cu_003562,887586,Sao Paulo,SP
c_003182,cu_002489,726838,Manaus,AM
c_003183,cu_005380,647954,Rio de Janeiro,RJ
c_003184,cu_000772,188619,Goiania,GO
c_003185,cu_006493,726326,Uberlandia,MG
c_003186,cu_002037,805647,Manaus,AM
c_003187,cu_003423,126034,Sao Bernardo do Campo,SP
c_003188,cu_002567,235231,Curitiba,PR
c_003189,cu_005439,400644,Juazeiro do Norte,CE
c_003190,cu_006281,182229,Guarulhos,SP
c_003191,cu_001573,382048,Sao Bernardo do Campo,SP
c_003192,cu_003694,592641,Niteroi,RJ
c_003193,cu_005087,225472,Manaus,AM
c_003194,cu_006511,900949,Duque de Caxias,RJ
c_003195,cu_003291,875882,Duque de Caxias,RJ
c_003196,cu_001246,888965,Guarulhos,SP
c_003197,cu_003719,574478,Sao Bernardo do Campo,SP
c_003198,cu_003839,528731,Florianopolis,SC
c_003199,cu_000359,108461,Sao Paulo,SP
c_003200,cu_005016,615636,Juiz de Fora,MG
c_003201,cu_002376,678373,Caucaia,CE
c_003202,cu_003009,115363,Sao Paulo,SP
c_003203,cu_006606,741438,Contagem,MG
c_003204,cu_002993,301983,Guarulhos,SP
c_003205,cu_000962,157082,Belo Horizonte,MG
c_003206,cu_003632,934019,Campinas,SP
c_003207,cu_001827,369171,Curitiba,PR
c_003208,cu_006979,650715,Guarulhos,SP
c_003209,cu_001613,684989,Nova Iguacu,RJ
c_003210,cu_001640,465525,Belo Horizonte,MG
c_003211,cu_002216,666958,Sao Paulo,SP
c_003212,cu_004312,349274,Curitiba,PR
c_003213,cu_000377,751237,Guarulhos,SP
c_003214,cu_004214,977481,Contagem,MG
c_003215,cu_004285,565630,Campinas,SP
c_003216,cu_006910,951168,Canoas,RS
c_003217,cu_000369,243741,Santos,SP
c_003218,cu_005897,171429,Rio de Janeiro,RJ
c_003219,cu_002196,140869,Sao Bernardo do Campo,SP
c_003220,cu_003747,834670,Londrina,PR
c_003221,cu_000651,866449,Santos,SP
c_003222,cu_005978,212770,Olinda,PE
c_003223,cu_005607,989889,Jaboatao dos Guararapes,PE
c_003224,cu_000769,178262,Sao Bernardo do Campo,SP
c_003225,cu_002421,317932,Juiz de Fora,MG
c_003226,cu_000780,217846,Sao Paulo,SP
c_003227,cu_001716,376452,Campinas,SP
c_003228,cu_006303,372494,Porto Alegre,RS
c_003229,cu_006494,586138,Belo Horizonte,MG
c_003230,cu_003983,885684,Contagem,MG
c_003231,cu_001311,757859,Sao Bernardo do Campo,SP
c_003232,cu_003359,388914,Campinas,SP
c_003233,cu_007035,695198,Campinas,SP
c_003234,cu_005345,532026,Caxias do Sul,RS
c_003235,cu_000522,968898,Nova Iguacu,RJ
c_003236,cu_000521,438218,Caxias do Sul,RS
c_003237,cu_004878,531277,Sao Paulo,SP
c_003238,cu_002320,324888,Guarulhos,SP
c_003239,cu_000935,255125,Campinas,SP
c_003240,cu_002230,664487,Campinas,SP
c_003241,cu_004040,530994,Sao Paulo,SP
c_003242,cu_005784,849672,Chapeco,SC
c_003243,cu_004583,931050,Olinda,PE
c_003244,cu_005946,271677,Nova Iguacu,RJ
c_003245,cu_004941,593718,Niteroi,RJ
c_003246,cu_006267,245589,Campinas,SP
c_003247,cu_007128,754519,Brasilia,DF
c_003248,cu_003697,802663,Sao Bernardo do Campo,SP
c_003249,cu_002837,497849,Santarem,PA
c_003250,cu_004083,930956,Duque de Caxias,RJ
c_003251,cu_002461,777329,Sao Paulo,SP
c_003252,cu_006099,698531,Manaus,AM
c_003253,cu_005844,591191,Sao Paulo,SP
c_003254,cu_003243,190074,Uberlandia,MG
c_003255,cu_003359,377083,Rio de Janeiro,RJ
c_003256,cu_000685,618086,Sao Bernardo do Campo,SP
c_003257,cu_002160,195033,Nova Iguacu,RJ
c_003258,cu_007031,460696,Juiz de Fora,MG
c_003259,cu_003988,603811,Porto Alegre,RS
c_003260,cu_004066,222162,Sao Bernardo do Campo,SP
c_003261,cu_006265,165024,Manaus,AM
c_003262,cu_001567,342545,Sao Paulo,SP
c_003263,cu_005341,415923,Guarulhos,SP
c_003264,cu_000038,630136,Santos,SP
c_003265,cu_002544,870058,Campinas,SP
c_003266,cu_004875,938186,Campinas,SP
c_003267,cu_001256,609953,Goiania,GO
c_003268,cu_002990,404170,Santos,SP
c_003269,cu_002196,639882,Campinas,SP
c_003270,cu_003468,445645,Guarulhos,SP
c_003271,cu_007165,540625,Caxias do Sul,RS
c_003272,cu_002708,864947,Salvador,BA
c_003273,cu_006023,452229,Santos,SP
c_003274,cu_000301,511287,Campinas,SP
c_003275,cu_006381,556552,Sao Paulo,SP
c_003276,cu_000646,642352,Guarulhos,SP
c_003277,cu_004758,597775,Campinas,SP
c_003278,cu_006379,367862,Rio de Janeiro,RJ
c_003279,cu_001759,977587,Sao Bernardo do Campo,SP
c_003280,cu_006346,832986,Duque de Caxias,RJ
c_003281,cu_004351,184181,Guarulhos,SP
c_003282,cu_000597,503822,Ananindeua,PA
c_003283,cu_000661,992165,Juazeiro do Norte,CE
c_003284,cu_004330,594688,Juiz de Fora,MG
c_003285,cu_001368,765746,Santos,SP
c_003286,cu_002581,724042,Santos,SP
c_003287,cu_007003,125637,Sao Bernardo do Campo,SP
c_003288,cu_003868,786756,Caxias do Sul,RS
c_003289,cu_003537,320594,Duque de Caxias,RJ
c_003290,cu_004865,951362,Salvador,BA
c_003291,cu_006684,537913,Belem,PA
c_003292,cu_004308,727718,Guarulhos,SP
c_003293,cu_004558,532447,Juiz de Fora,MG
c_003294,cu_006579,931051,Santos,SP
c_003295,cu_000282,337134,Sao Paulo,SP
c_003296,cu_003678,730221,Sao Bernardo do Campo,SP
c_003297,cu_001486,745235,Sao Paulo,SP
c_003298,cu_004082,579619,Brasilia,DF
c_003299,cu_005526,201731,Sao Paulo,SP
c_003300,cu_004183,404762,Duque de Caxias,RJ
c_003301,cu_005163,679480,Belo Horizonte,MG
c_003302,cu_000460,525069,Pelotas,RS
c_003303,cu_002325,938524,Campinas,SP
c_003304,cu_003754,812319,Brasilia,DF
c_003305,cu_002468,239997,Uberlandia,MG
c_003306,cu_001724,729597,Duque de Caxias,RJ
c_003307,cu_001376,468766,Campinas,SP
c_003308,cu_002743,712743,Nova Iguacu,RJ
c_003309,cu_000514,155249,Salvador,BA
c_003310,cu_000702,992110,Contagem,MG
c_003311,cu_001653,610852,Vitoria da Conquista,BA
c_003312,cu_002066,594535,Niteroi,RJ
c_003313,cu_000022,668456,Sao Bernardo do Campo,SP
c_003314,cu_002460,355118,Guarulhos,SP
c_003315,cu_005149,445680,Guarulhos,SP
c_003316,cu_005926,475568,Porto Alegre,RS
c_003317,cu_006251,911960,Blumenau,SC
c_003318,cu_001304,266025,Sao Bernardo do Campo,SP
c_003319,cu_003300,922920,Rio de Janeiro,RJ
c_003320,cu_005230,658691,Duque de Caxias,RJ
c_003321,cu_006279,457668,Guarulhos,SP
c_003322,cu_000361,712549,Sao Bernardo do Campo,SP
c_003323,cu_003727,392330,Santos,SP
c_003324,cu_006272,517115,Guarulhos,SP
c_003325,cu_005995,942272,Campinas,SP
c_003326,cu_001284,847613,Sao Paulo,SP
c_003327,cu_000514,380418,Sao Paulo,SP
c_003328,cu_000448,644483,Belo Horizonte,MG
c_003329,cu_006019,657596,Santos,SP
c_003330,cu_005602,740560,Dourados,MS
c_003331,cu_005343,453459,Guarulhos,SP
c_003332,cu_001855,160723,Sao Paulo,SP
c_003333,cu_004969,839420,Sao Paulo,SP
c_003334,cu_003562,496043,Sao Bernardo do Campo,SP
c_003335,cu_002520,661260,Vitoria da Conquista,BA
c_003336,cu_003081,120141,Guarulhos,SP
c_003337,cu_001428,613161,Belem,PA
c_003338,cu_003967,236463,Olinda,PE
c_003339,cu_006445,854563,Nova Iguacu,RJ
c_003340,cu_006374,488760,Nova Iguacu,RJ
c_003341,cu_005850,962259,Belo Horizonte,MG
c_003342,cu_000922,851985,Campinas,SP
c_003343,cu_003137,327447,Uberlandia,MG
c_003344,cu_007080,226322,Santos,SP
c_003345,cu_002159,529931,Sao Bernardo do Campo,SP
c_003346,cu_005132,266586,Niteroi,RJ
c_003347,cu_005512,113642,Rio de Janeiro,RJ
c_003348,cu_002547,678654,Recife,PE
c_003349,cu_002979,976066,Campinas,SP
c_003350,cu_006741,932523,Vitoria da Conquista,BA
c_003351,cu_002281,537847,Campinas,SP
c_003352,cu_002649,473046,Santos,SP
c_003353,cu_000313,931813,Campinas,SP
c_003354,cu_002613,531318,Guarulhos,SP
c_003355,cu_003083,584049,Guarulhos,SP
c_003356,cu_002256,472613,Duque de Caxias,RJ
c_003357,cu_006093,224161,Joinville,SC
c_003358,cu_001037,677762,Rio de Janeiro,RJ
c_003359,cu_005752,328069,Nova Iguacu,RJ
c_003360,cu_003489,879697,Feira de Santana,BA
c_003361,cu_007187,957232,Pelotas,RS
c_003362,cu_002634,225594,Rio de Janeiro,RJ
c_003363,cu_003983,746274,Sao Paulo,SP
c_003364,cu_001778,265850,Olinda,PE
c_003365,cu_005110,364853,Juiz de Fora,MG
c_003366,cu_005189,442954,Sao Bernardo do Campo,SP
c_003367,cu_003895,586078,Guarulhos,SP
c_003368,cu_001124,393260,Florianopolis,SC
c_003369,cu_000697,764974,Santos,SP
c_003370,cu_002179,911991,Aparecida de Goiania,GO
c_003371,cu_001404,598349,Sao Bernardo do Campo,SP
c_003372,cu_005251,370228,Blumenau,SC
c_003373,cu_001043,356997,Sao Bernardo do Campo,SP
c_003374,cu_001929,178352,Niteroi,RJ
c_003375,cu_006679,141425,Recife,PE
c_003376,cu_001013,210337,Sao Paulo,SP
c_003377,cu_000226,630929,Duque de Caxias,RJ
c_003378,cu_001828,963418,Sao Bernardo do Campo,SP
c_003379,cu_005588,574554,Sao Bernardo do Campo,SP
c_003380,cu_004917,556124,Guarulhos,SP
c_003381,cu_002023,763639,Pelotas,RS
c_003382,cu_004966,672292,Campinas,SP
c_003383,cu_002452,184153,Campinas,SP
c_003384,cu_006345,164533,Santos,SP
c_003385,cu_002085,427216,Belo Horizonte,MG
c_003386,cu_007085,470142,Canoas,RS
c_003387,cu_005891,663040,Sao Bernardo do Campo,SP
c_003388,cu_004283,355620,Santos,SP
c_003389,cu_001080,838714,Santarem,PA
c_003390,cu_005036,566111,Campinas,SP
c_003391,cu_007187,480111,Feira de Santana,BA
c_003392,cu_002320,841321,Brasilia,DF
c_003393,cu_003190,228189,Londrina,PR
c_003394,cu_002630,918766,Sao Bernardo do Campo,SP
c_003395,cu_002563,130245,Salvador,BA
c_003396,cu_003292,676384,Curitiba,PR
c_003397,cu_004621,918033,Contagem,MG
c_003398,cu_003586,697871,Campinas,SP
c_003399,cu_004431,709058,Campinas,SP
c_003400,cu_006841,751196,Guarulhos,SP
c_003401,cu_005174,436256,Niteroi,RJ
c_003402,cu_006643,301286,Contagem,MG
c_003403,cu_002947,610450,Campinas,SP
c_003404,cu_003959,550240,Nova Iguacu,RJ
c_003405,cu_002813,862318,Sao Bernardo do Campo,SP
c_003406,cu_002583,703713,Belo Horizonte,MG
c_003407,cu_000161,199637,Juazeiro do Norte,CE
c_003408,cu_000593,620924,Campinas,SP
c_003409,cu_006034,993097,Santos,SP
c_003410,cu_006302,642764,Campinas,SP
c_003411,cu_003259,308413,Uberlandia,MG
c_003412,cu_004155,971528,Porto Alegre,RS
c_003413,cu_002962,146266,Manaus,AM
c_003414,cu_003888,250146,Santos,SP
c_003415,cu_003390,171592,Ananindeua,PA
c_003416,cu_005997,817464,Santos,SP
c_003417,cu_006354,461146,Uberlandia,MG
c_003418,cu_004501,121170,Sao Bernardo do Campo,SP
c_003419,cu_000663,175348,Jaboatao dos Guararapes,PE
c_003420,cu_001132,422261,Nova Iguacu,RJ
c_003421,cu_005195,997075,Uberlandia,MG
c_003422,cu_000541,296058,Vitoria da Conquista,BA
c_003423,cu_005433,681340,Santos,SP
c_003424,cu_005093,272467,Santos,SP
c_003425,cu_005236,249469,Brasilia,DF
c_003426,cu_002974,642895,Sao Bernardo do Campo,SP
c_003427,cu_000867,943770,Santos,SP
c_003428,cu_002066,816051,Duque de Caxias,RJ
c_003429,cu_000431,128493,Contagem,MG
c_003430,cu_004835,608336,Guarulhos,SP
c_003431,cu_005469,949114,Guarulhos,SP
c_003432,cu_004278,245962,Sao Bernardo do Campo,SP
c_003433,cu_006256,757947,Duque de Caxias,RJ
c_003434,cu_001206,859562,Jaboatao dos Guararapes,PE
c_003435,cu_002528,292163,Aparecida de Goiania,GO
c_003436,cu_001169,338786,Uberlandia,MG
c_003437,cu_000830,582544,Campinas,SP
c_003438,cu_001651,350388,Caucaia,CE
c_003439,cu_001136,963081,Duque de Caxias,RJ
c_003440,cu_002810,369838,Sao Paulo,SP
c_003441,cu_000475,150878,Manaus,AM
c_003442,cu_002810,631056,Londrina,PR
c_003443,cu_001326,227416,Londrina,PR
c_003444,cu_005066,106391,Porto Alegre,RS
c_003445,cu_001019,185921,Sao Paulo,SP
c_003446,cu_005237,254745,Sao Paulo,SP
c_003447,cu_001836,307620,Porto Alegre,RS
c_003448,cu_004256,143679,Sao Bernardo do Campo,SP
c_003449,cu_002448,465756,Rio de Janeiro,RJ
c_003450,cu_004293,858490,Blumenau,SC
c_003451,cu_001283,509476,Joinville,SC
c_003452,cu_000659,572852,Nova Iguacu,RJ
c_003453,cu_005871,472983,Blumenau,SC
c_003454,cu_005166,207648,Feira de Santana,BA
c_003455,cu_002010,167346,Uberlandia,MG
c_003456,cu_000398,189519,Santos,SP
c_003457,cu_001733,191334,Guarulhos,SP
c_003458,cu_005678,827350,Guarulhos,SP
c_003459,cu_002125,586592,Santos,SP
c_003460,cu_002171,427358,Guarulhos,SP
c_003461,cu_000074,252235,Campinas,SP
c_003462,cu_006280,847760,Niteroi,RJ
c_003463,cu_004697,345626,Caucaia,CE
c_003464,cu_003471,214370,Guarulhos,SP
c_003465,cu_000836,923764,Canoas,RS
c_003466,cu_005624,360984,Porto Alegre,RS
c_003467,cu_000499,859157,Santos,SP
c_003468,cu_005692,240065,Manaus,AM
c_003469,cu_000137,919997,Uberlandia,MG
c_003470,cu_002097,459796,Guarulhos,SP
c_003471,cu_005890,648965,Maringa,PR
c_003472,cu_005068,482863,Guarulhos,SP
c_003473,cu_005738,865126,Canoas,RS
c_003474,cu_003696,377129,Campinas,SP
c_003475,cu_001885,441030,Feira de Santana,BA
c_003476,cu_006397,683942,Nova Iguacu,RJ
c_003477,cu_006124,932433,Belo Horizonte,MG
c_003478,cu_002757,272688,Guarulhos,SP
c_003479,cu_003920,921798,Canoas,RS
c_003480,cu_001900,306527,Curitiba,PR
c_003481,cu_002610,193342,Nova Iguacu,RJ
c_003482,cu_006900,205058,Uberlandia,MG
c_003483,cu_003986,703086,Rio de Janeiro,RJ
c_003484,cu_001449,604377,Olinda,PE
c_003485,cu_000546,460234,Duque de Caxias,RJ
c_003486,cu_005017,696385,Feira de Santana,BA
c_003487,cu_004676,238534,Blumenau,SC
c_003488,cu_005468,206052,Campinas,SP
c_003489,cu_006052,214918,Guarulhos,SP
c_003490,cu_002003,869312,Campinas,SP
c_003491,cu_002096,849265,Salvador,BA
c_003492,cu_007060,435362,Guarulhos,SP
c_003493,cu_000703,696930,Rio de Janeiro,RJ
c_003494,cu_006404,444848,Joinville,SC
c_003495,cu_002403,632732,Sao Paulo,SP
c_003496,cu_001625,604978,Contagem,MG
c_003497,cu_003331,450854,Guarulhos,SP
c_003498,cu_004733,779750,Campinas,SP
c_003499,cu_006886,315383,Joinville,SC
c_003500,cu_005105,590560,Campinas,SP
c_003501,cu_002978,408244,Sao Paulo,SP
c_003502,cu_004736,223974,Salvador,BA
c_003503,cu_002839,145970,Guarulhos,SP
c_003504,cu_003384,898223,Dourados,MS
c_003505,cu_002659,362661,Campo Grande,MS
c_003506,cu_001861,802041,Campinas,SP
c_003507,cu_002856,146319,Campinas,SP
c_003508,cu_005301,738449,Canoas,RS
c_003509,cu_000685,267848,Nova Iguacu,RJ
c_003510,cu_005947,873619,Santos,SP
c_003511,cu_004283,392625,Canoas,RS
c_003512,cu_001619,854287,Guarulhos,SP
c_003513,cu_005783,841060,Brasilia,DF
c_003514,cu_005080,802555,Santos,SP
c_003515,cu_004643,681435,Santos,SP
c_003516,cu_006868,721940,Sao Paulo,SP
c_003517,cu_007069,380390,Varzea Grande,MT
c_003518,cu_001431,554724,Canoas,RS
c_003519,cu_000875,751067,Florianopolis,SC
c_003520,cu_004713,466139,Sao Bernardo do Campo,SP
c_003521,cu_002461,105152,Santos,SP
c_003522,cu_001365,451592,Sao Bernardo do Campo,SP
c_003523,cu_001243,433077,Niteroi,RJ
c_003524,cu_004998,267422,Juiz de Fora,MG
c_003525,cu_000162,236128,Uberlandia,MG
c_003526,cu_001974,155542,Guarulhos,SP
c_003527,cu_003291,879274,Ananindeua,PA
c_003528,cu_000269,321045,Sao Paulo,SP
c_003529,cu_000631,270148,Cuiaba,MT
c_003530,cu_000905,371273,Guarulhos,SP
c_003531,cu_003471,331677,Duque de Caxias,RJ
c_003532,cu_003253,746984,Sao Paulo,SP
c_003533,cu_002014,535281,Rio de Janeiro,RJ
c_003534,cu_001641,570518,Uberlandia,MG
c_003535,cu_000204,935546,Niteroi,RJ
c_003536,cu_000581,110568,Santos,SP
c_003537,cu_005675,545930,Ponta Grossa,PR
c_003538,cu_000840,169837,Caxias do Sul,RS
c_003539,cu_005932,993865,Salvador,BA
c_003540,cu_005347,673918,Santos,SP
c_003541,cu_001719,449143,Contagem,MG
c_003542,cu_005738,120841,Contagem,MG
c_003543,cu_002643,823334,Guarulhos,SP
c_003544,cu_002297,450672,Niteroi,RJ
c_003545,cu_000874,303954,Guarulhos,SP
c_003546,cu_005560,764535,Campinas,SP
c_003547,cu_006339,261760,Sao Bernardo do Campo,SP
c_003548,cu_000689,264621,Guarulhos,SP
c_003549,cu_004000,625836,Caxias do Sul,RS
c_003550,cu_006106,819042,Belo Horizonte,MG
c_003551,cu_003141,709547,Ananindeua,PA
c_003552,cu_006782,871366,Pelotas,RS
c_003553,cu_001422,817357,Sao Bernardo do Campo,SP
c_003554,cu_006097,263773,Olinda,PE
c_003555,cu_000671,854322,Brasilia,DF
c_003556,cu_001171,410788,Rio de Janeiro,RJ
c_003557,cu_005591,209342,Uberlandia,MG
c_003558,cu_003726,110485,Campo Grande,MS
c_003559,cu_000943,412622,Nova Iguacu,RJ
c_003560,cu_006342,890460,Caucaia,CE
c_003561,cu_001449,902762,Sao Paulo,SP
c_003562,cu_003737,393434,Santos,SP
c_003563,cu_002539,615628,Nova Iguacu,RJ
c_003564,cu_003959,284555,Juiz de Fora,MG
c_003565,cu_004991,254192,Florianopolis,SC
c_003566,cu_006285,394480,Aparecida de Goiania,GO
c_003567,cu_005432,259192,Santos,SP
c_003568,cu_004260,507251,Santos,SP
c_003569,cu_002361,697847,Florianopolis,SC
c_003570,cu_006164,685868,Belo Horizonte,MG
c_003571,cu_005201,620929,Sao Paulo,SP
c_003572,cu_003652,349819,Nova Iguacu,RJ
c_003573,cu_003670,672831,Ponta Grossa,PR
c_003574,cu_001753,349370,Maringa,PR
c_003575,cu_007127,408819,Niteroi,RJ
c_003576,cu_002352,779592,Sao Paulo,SP
c_003577,cu_001938,662749,Dourados,MS
c_003578,cu_000370,499049,Uberlandia,MG
c_003579,cu_005976,824159,Guarulhos,SP
c_003580,cu_004948,417413,Campinas,SP
c_003581,cu_004479,129892,Curitiba,PR
c_003582,cu_001931,506143,Santos,SP
c_003583,cu_006588,605733,Guarulhos,SP
c_003584,cu_000424,628922,Rio de Janeiro,RJ
c_003585,cu_006304,964055,Santos,SP
c_003586,cu_004724,625137,Belo Horizonte,MG
c_003587,cu_000894,364210,Guarulhos,SP
c_003588,cu_006633,807522,Juiz de Fora,MG
c_003589,cu_007160,227414,Sao Bernardo do Campo,SP
c_003590,cu_006470,598341,Santos,SP
c_003591,cu_000597,883444,Sao Bernardo do Campo,SP
c_003592,cu_003062,125916,Manaus,AM
c_003593,cu_002336,617883,Brasilia,DF
c_003594,cu_004688,635810,Guarulhos,SP
c_003595,cu_001687,550768,Maringa,PR
c_003596,cu_000572,854162,Belo Horizonte,MG
c_003597,cu_006171,830580,Campo Grande,MS
c_003598,cu_007097,599416,Campinas,SP
c_003599,cu_002090,942378,Pelotas,RS
c_003600,cu_005800,651649,Sao Paulo,SP
c_003601,cu_006566,392971,Guarulhos,SP
c_003602,cu_003669,950919,Varzea Grande,MT
c_003603,cu_004272,891396,Duque de Caxias,RJ
c_003604,cu_004624,171571,Sao Paulo,SP
c_003605,cu_001633,852765,Santos,SP
c_003606,cu_005061,619283,Canoas,RS
c_003607,cu_001517,314018,Juiz de Fora,MG
c_003608,cu_004293,467144,Campinas,SP
c_003609,cu_002657,837048,Belem,PA
c_003610,cu_003648,981786,Sao Paulo,SP
c_003611,cu_006985,294489,Campinas,SP
c_003612,cu_004948,438357,Manaus,AM
c_003613,cu_003588,454019,Guarulhos,SP
c_003614,cu_001537,801068,Guarulhos,SP
c_003615,cu_006165,777750,Niteroi,RJ
c_003616,cu_005176,132160,Feira de Santana,BA
c_003617,cu_003137,566939,Santos,SP
c_003618,cu_006985,206349,Santarem,PA
c_003619,cu_000097,426124,Blumenau,SC
c_003620,cu_003215,481112,Campinas,SP
c_003621,cu_005999,435150,Canoas,RS
c_003622,cu_004530,514370,Guarulhos,SP
c_003623,cu_004732,744756,Sao Bernardo do Campo,SP
c_003624,cu_003750,886385,Chapeco,SC
c_003625,cu_003157,331187,Varzea Grande,MT
c_003626,cu_004683,253027,Campinas,SP
c_003627,cu_000343,379793,Duque de Caxias,RJ
c_003628,cu_005413,550278,Nova Iguacu,RJ
c_003629,cu_006075,490455,Sao Bernardo do Campo,SP
c_003630,cu_004666,157789,Sao Bernardo do Campo,SP
c_003631,cu_000610,831774,Sao Bernardo do Campo,SP
c_003632,cu_001727,293128,Porto Alegre,RS
c_003633,cu_002290,918131,Nova Iguacu,RJ
c_003634,cu_001854,118271,Sao Bernardo do Campo,SP
c_003635,cu_002608,447222,Chapeco,SC
c_003636,cu_005055,665976,Florianopolis,SC
c_003637,cu_002079,263569,Niteroi,RJ
c_003638,cu_006534,543253,Sao Paulo,SP
c_003639,cu_002324,521455,Juiz de Fora,MG
c_003640,cu_004627,157958,Sao Bernardo do Campo,SP
c_003641,cu_001177,885077,Campinas,SP
c_003642,cu_006526,952429,Ponta Grossa,PR
c_003643,cu_001091,571827,Campinas,SP
c_003644,cu_005997,989558,Sao Paulo,SP
c_003645,cu_004979,597851,Guarulhos,SP
c_003646,cu_006357,225221,Sao Paulo,SP
c_003647,cu_005774,342245,Sao Paulo,SP
c_003648,cu_006519,996737,Aparecida de Goiania,GO
c_003649,cu_002791,853995,Campinas,SP
c_003650,cu_006356,790947,Guarulhos,SP
c_003651,cu_006222,528114,Sao Bernardo do Campo,SP
c_003652,cu_001749,565384,Manaus,AM
c_003653,cu_002675,125678,Rio de Janeiro,RJ
c_003654,cu_006747,244777,Sao Bernardo do Campo,SP
c_003655,cu_000781,670078,Brasilia,DF
c_003656,cu_003048,559925,Santos,SP
c_003657,cu_006823,169372,Campinas,SP
c_003658,cu_002105,967491,Santos,SP
c_003659,cu_003867,367418,Santos,SP
c_003660,cu_007193,804425,Campinas,SP
c_003661,cu_004976,692950,Canoas,RS
c_003662,cu_004542,841339,Santos,SP
c_003663,cu_002113,588958,Juiz de Fora,MG
c_003664,cu_005879,258524,Sao Paulo,SP
c_003665,cu_005373,565947,Sao Bernardo do Campo,SP
c_003666,cu_003970,353869,Guarulhos,SP
c_003667,cu_001991,306796,Manaus,AM
c_003668,cu_001067,930298,Campinas,SP
c_003669,cu_001577,439059,Belo Horizonte,MG
c_003670,cu_001011,294181,Guarulhos,SP
c_003671,cu_002274,182118,Guarulhos,SP
c_003672,cu_004869,181529,Guarulhos,SP
c_003673,cu_006822,269876,Santos,SP
c_003674,cu_001814,669143,Santos,SP
c_003675,cu_006744,596382,Santos,SP
c_003676,cu_002426,599121,Maringa,PR
c_003677,cu_005297,211128,Santos,SP
c_003678,cu_005546,558789,Belo Horizonte,MG
c_003679,cu_006852,256132,Santos,SP
c_003680,cu_004402,545766,Nova Iguacu,RJ
c_003681,cu_004874,888145,Uberlandia,MG
c_003682,cu_002551,368495,Guarulhos,SP
c_003683,cu_006411,782675,Sao Paulo,SP
c_003684,cu_003657,531069,Ponta Grossa,PR
c_003685,cu_000007,387662,Brasilia,DF
c_003686,cu_002555,510744,Santos,SP
c_003687,cu_000475,666933,Guarulhos,SP
c_003688,cu_005416,993390,Recife,PE
c_003689,cu_002211,400866,Guarulhos,SP
c_003690,cu_000484,849588,Uberlandia,MG
c_003691,cu_006710,642098,Sao Paulo,SP
c_003692,cu_005000,391122,Sao Bernardo do Campo,SP
c_003693,cu_004654,648588,Contagem,MG
c_003694,cu_006063,177380,Rio de Janeiro,RJ
c_003695,cu_002285,698053,Santos,SP
c_003696,cu_005223,739712,Nova Iguacu,RJ
c_003697,cu_005329,914147,Joinville,SC
c_003698,cu_006697,919588,Belo Horizonte,MG
c_003699,cu_006971,728846,Guarulhos,SP
c_003700,cu_004563,289745,Rio de Janeiro,RJ
c_003701,cu_003525,643350,Caxias do Sul,RS
c_003702,cu_003339,356776,Joinville,SC
c_003703,cu_006529,671761,Contagem,MG
c_003704,cu_002822,775234,Sao Bernardo do Campo,SP
c_003705,cu_004943,563776,Canoas,RS
c_003706,cu_006530,288466,Caxias do Sul,RS
c_003707,cu_002924,413441,Sao Paulo,SP
c_003708,cu_000258,262292,Santos,SP
c_003709,cu_000282,361072,Sao Bernardo do Campo,SP
c_003710,cu_005745,406996,Contagem,MG
c_003711,cu_001898,225510,Sao Paulo,SP
c_003712,cu_004135,545244,Belo Horizonte,MG
c_003713,cu_006629,810290,Caucaia,CE
c_003714,cu_002976,468635,Florianopolis,SC
c_003715,cu_002267,623795,Manaus,AM
c_003716,cu_003200,866132,Dourados,MS
c_003717,cu_005110,941644,Santos,SP
c_003718,cu_007167,122587,Contagem,MG
c_003719,cu_000612,634876,Sao Paulo,SP
c_003720,cu_007071,417953,Vitoria da Conquista,BA
c_003721,cu_006011,522320,Guarulhos,SP
c_003722,cu_000687,602395,Aparecida de Goiania,GO
c_003723,cu_003690,124692,Juiz de Fora,MG
c_003724,cu_000612,961284,Blumenau,SC
c_003725,cu_002307,616086,Campinas,SP
c_003726,cu_007133,237158,Sao Bernardo do Campo,SP
c_003727,cu_003013,523822,Ponta Grossa,PR
c_003728,cu_006509,361242,Sao Paulo,SP
c_003729,cu_001781,691957,Chapeco,SC
c_003730,cu_005906,708366,Sao Paulo,SP
c_003731,cu_002591,405891,Belo Horizonte,MG
c_003732,cu_002696,633411,Guarulhos,SP
c_003733,cu_005643,594025,Juiz de Fora,MG
c_003734,cu_006026,407928,Canoas,RS
c_003735,cu_006957,397576,Sao Paulo,SP
c_003736,cu_003958,853641,Campinas,SP
c_003737,cu_007183,776094,Campinas,SP
c_003738,cu_005248,768062,Juiz de Fora,MG
c_003739,cu_000574,338434,Duque de Caxias,RJ
c_003740,cu_001910,999045,Ponta Grossa,PR
c_003741,cu_005108,236698,Nova Iguacu,RJ
c_003742,cu_003604,718757,Duque de Caxias,RJ
c_003743,cu_000669,331652,Sao Bernardo do Campo,SP
c_003744,cu_004364,890935,Sao Paulo,SP
c_003745,cu_001283,811456,Guarulhos,SP
c_003746,cu_000923,961212,Dourados,MS
c_003747,cu_001125,652924,Brasilia,DF
c_003748,cu_001529,973193,Sao Bernardo do Campo,SP
c_003749,cu_005854,602953,Juiz de Fora,MG
c_003750,cu_001594,246089,Salvador,BA
c_003751,cu_000246,635713,Nova Iguacu,RJ
c_003752,cu_003711,132753,Santos,SP
c_003753,cu_001560,623855,Sao Bernardo do Campo,SP
c_003754,cu_006274,954322,Niteroi,RJ
c_003755,cu_002400,573278,Varzea Grande,MT
c_003756,cu_002243,629162,Caxias do Sul,RS
c_003757,cu_003864,412222,Guarulhos,SP
c_003758,cu_001939,372820,Guarulhos,SP
c_003759,cu_005025,899541,Ponta Grossa,PR
c_003760,cu_003069,450027,Feira de Santana,BA
c_003761,cu_006788,223029,Juiz de Fora,MG
c_003762,cu_000226,539545,Juiz de Fora,MG
c_003763,cu_006844,247646,Sao Bernardo do Campo,SP
c_003764,cu_003547,884091,Salvador,BA
c_003765,cu_000264,343028,Joinville,SC
c_003766,cu_001395,794331,Sao Bernardo do Campo,SP
c_003767,cu_003557,225610,Porto Alegre,RS
c_003768,cu_005553,275229,Santos,SP
c_003769,cu_000645,771344,Campinas,SP
c_003770,cu_006354,533279,Campinas,SP
c_003771,cu_005514,401370,Sao Paulo,SP
c_003772,cu_005569,865270,Sao Bernardo do Campo,SP
c_003773,cu_002990,586654,Guarulhos,SP
c_003774,cu_005483,395826,Nova Iguacu,RJ
c_003775,cu_001899,254095,Niteroi,RJ
c_003776,cu_002504,971473,Sao Bernardo do Campo,SP
c_003777,cu_002772,646723,Campinas,SP
c_003778,cu_005345,667076,Contagem,MG
c_003779,cu_005077,273814,Campinas,SP
c_003780,cu_001154,626986,Guarulhos,SP
c_003781,cu_000587,969094,Brasilia,DF
c_003782,cu_004571,148434,Maringa,PR
c_003783,cu_001821,445430,Feira de Santana,BA
c_003784,cu_000985,992373,Nova Iguacu,RJ
c_003785,cu_004079,616644,Sao Paulo,SP
c_003786,cu_003348,554018,Porto Alegre,RS
c_003787,cu_006299,847677,Sao Paulo,SP
c_003788,cu_003831,962498,Nova Iguacu,RJ
c_003789,cu_001241,104791,Sao Bernardo do Campo,SP
c_003790,cu_000189,418016,Salvador,BA
c_003791,cu_005536,954965,Sao Paulo,SP
c_003792,cu_000980,967170,Fortaleza,CE
c_003793,cu_001698,202839,Brasilia,DF
c_003794,cu_001715,281326,Nova Iguacu,RJ
c_003795,cu_002593,651380,Ponta Grossa,PR
c_003796,cu_004136,580351,Uberlandia,MG
c_003797,cu_006450,205016,Blumenau,SC
c_003798,cu_005038,265217,Nova Iguacu,RJ
c_003799,cu_004433,919914,Florianopolis,SC
c_003800,cu_005433,631895,Duque de Caxias,RJ
c_003801,cu_001098,685911,Santarem,PA
c_003802,cu_007096,761560,Niteroi,RJ
c_003803,cu_002326,759321,Nova Iguacu,RJ
c_003804,cu_003247,591064,Florianopolis,SC
c_003805,cu_000895,545354,Salvador,BA
c_003806,cu_006416,579779,Uberlandia,MG
c_003807,cu_006980,893735,Campinas,SP
c_003808,cu_006763,587791,Niteroi,RJ
c_003809,cu_001674,442966,Varzea Grande,MT
c_003810,cu_002909,413387,Londrina,PR
c_003811,cu_000930,293249,Chapeco,SC
c_003812,cu_004384,717446,Santos,SP
c_003813,cu_000723,219695,Niteroi,RJ
c_003814,cu_002940,233837,Belo Horizonte,MG
c_003815,cu_006415,362028,Salvador,BA
c_003816,cu_006049,987468,Campinas,SP
c_003817,cu_001089,693175,Feira de Santana,BA
c_003818,cu_004578,101893,Niteroi,RJ
c_003819,cu_000935,146460,Campinas,SP
c_003820,cu_002295,631025,Guarulhos,SP
c_003821,cu_000155,502044,Santos,SP
c_003822,cu_001070,129476,Niteroi,RJ
c_003823,cu_001958,824070,Campinas,SP
c_003824,cu_002501,258562,Sao Bernardo do Campo,SP
c_003825,cu_006344,642738,Florianopolis,SC
c_003826,cu_005779,119483,Guarulhos,SP
c_003827,cu_004219,734311,Santos,SP
c_003828,cu_006144,669971,Nova Iguacu,RJ
c_003829,cu_005063,927167,Nova Iguacu,RJ
c_003830,cu_003830,863678,Ponta Grossa,PR
c_003831,cu_000854,656144,Duque de Caxias,RJ
c_003832,cu_000639,293415,Blumenau,SC
c_003833,cu_002238,536796,Contagem,MG
c_003834,cu_001602,317155,Sao Paulo,SP
c_003835,cu_006659,574750,Sao Bernardo do Campo,SP
c_003836,cu_000441,623828,Nova Iguacu,RJ
c_003837,cu_006040,811611,Sao Paulo,SP
c_003838,cu_005934,675018,Curitiba,PR
c_003839,cu_005925,919030,Belo Horizonte,MG
c_003840,cu_006286,535017,Guarulhos,SP
c_003841,cu_004628,761044,Campinas,SP
c_003842,cu_006370,979384,Guarulhos,SP
c_003843,cu_001336,788344,Juiz de Fora,MG
c_003844,cu_003700,618712,Nova Iguacu,RJ
c_003845,cu_000948,904421,Niteroi,RJ
c_003846,cu_003373,373472,Sao Paulo,SP
c_003847,cu_006115,985752,Juiz de Fora,MG
c_003848,cu_000459,597086,Vitoria da Conquista,BA
c_003849,cu_004646,231738,Guarulhos,SP
c_003850,cu_000392,796661,Duque de Caxias,RJ
c_003851,cu_003938,879428,Dourados,MS
c_003852,cu_001787,104769,Guarulhos,SP
c_003853,cu_004940,884297,Uberlandia,MG
c_003854,cu_002257,745065,Guarulhos,SP
c_003855,cu_001138,716410,Contagem,MG
c_003856,cu_003808,878762,Santos,SP
c_003857,cu_004741,506591,Ananindeua,PA
c_003858,cu_006362,400598,Caxias do Sul,RS
c_003859,cu_002454,133456,Chapeco,SC
c_003860,cu_001466,994459,Caxias do Sul,RS
c_003861,cu_003674,978540,Uberlandia,MG
c_003862,cu_001377,806824,Nova Iguacu,RJ
c_003863,cu_007031,489732,Vitoria da Conquista,BA
c_003864,cu_006701,910150,Santarem,PA
c_003865,cu_002597,178296,Nova Iguacu,RJ
c_003866,cu_000141,458692,Manaus,AM
c_003867,cu_002659,659720,Juiz de Fora,MG
c_003868,cu_004596,605174,Rio de Janeiro,RJ
c_003869,cu_000839,535534,Rio de Janeiro,RJ
c_003870,cu_006845,427188,Guarulhos,SP
c_003871,cu_003618,928549,Santos,SP
c_003872,cu_005778,237594,Guarulhos,SP
c_003873,cu_005661,723853,Rio de Janeiro,RJ
c_003874,cu_006142,247968,Santos,SP
c_003875,cu_003917,921471,Niteroi,RJ
c_003876,cu_005626,430567,Goiania,GO
c_003877,cu_000595,645272,Sao Bernardo do Campo,SP
c_003878,cu_001904,354769,Rio de Janeiro,RJ
c_003879,cu_000280,118889,Sao Paulo,SP
c_003880,cu_000423,145970,Guarulhos,SP
c_003881,cu_006999,544678,Ponta Grossa,PR
c_003882,cu_004365,316198,Juiz de Fora,MG
c_003883,cu_004249,689796,Londrina,PR
c_003884,cu_006757,966475,Campinas,SP
c_003885,cu_001750,185855,Juiz de Fora,MG
c_003886,cu_004757,344058,Campinas,SP
c_003887,cu_001967,151569,Campinas,SP
c_003888,cu_004088,237538,Guarulhos,SP
c_003889,cu_004178,466956,Sao Bernardo do Campo,SP
c_003890,cu_007090,339072,Guarulhos,SP
c_003891,cu_002946,563860,Guarulhos,SP
c_003892,cu_001449,884845,Aparecida de Goiania,GO
c_003893,cu_005394,994849,Sao Paulo,SP
c_003894,cu_002331,749469,Guarulhos,SP
c_003895,cu_005075,557897,Santos,SP
c_003896,cu_002220,909336,Juiz de Fora,MG
c_003897,cu_003789,840849,Sao Paulo,SP
c_003898,cu_002810,453354,Brasilia,DF
c_003899,cu_005755,504256,Cuiaba,MT
c_003900,cu_005494,405165,Sao Bernardo do Campo,SP
c_003901,cu_004728,873394,Rio de Janeiro,RJ
c_003902,cu_001531,700574,Santos,SP
c_003903,cu_004882,326122,Belo Horizonte,MG
c_003904,cu_002990,769354,Sao Paulo,SP
c_003905,cu_007155,929649,Sao Paulo,SP
c_003906,cu_004493,147824,Sao Paulo,SP
c_003907,cu_001143,757711,Contagem,MG
c_003908,cu_000933,988435,Sao Bernardo do Campo,SP
c_003909,cu_001460,119384,Santos,SP
c_003910,cu_005948,105835,Porto Alegre,RS
c_003911,cu_002723,557330,Uberlandia,MG
c_003912,cu_007079,564423,Salvador,BA
c_003913,cu_002512,862316,Guarulhos,SP
c_003914,cu_000285,219631,Blumenau,SC
c_003915,cu_000264,373190,Caxias do Sul,RS
c_003916,cu_002367,133544,Santos,SP
c_003917,cu_006816,224712,Caxias do Sul,RS
c_003918,cu_003447,495776,Nova Iguacu,RJ
c_003919,cu_006963,811164,Ananindeua,PA
c_003920,cu_006232,260437,Campinas,SP
c_003921,cu_005773,498240,Juiz de Fora,MG
c_003922,cu_005322,635191,Sao Bernardo do Campo,SP
c_003923,cu_004916,199763,Ananindeua,PA
c_003924,cu_001762,196394,Guarulhos,SP
c_003925,cu_003048,219851,Varzea Grande,MT
c_003926,cu_002381,691095,Fortaleza,CE
c_003927,cu_002269,157698,Sao Bernardo do Campo,SP
c_003928,cu_000040,105320,Chapeco,SC
c_003929,cu_005827,198494,Aparecida de Goiania,GO
c_003930,cu_000067,346767,Santos,SP
c_003931,cu_000987,153125,Duque de Caxias,RJ
c_003932,cu_005895,902859,Niteroi,RJ
c_003933,cu_006657,108975,Santos,SP
c_003934,cu_005717,414522,Santos,SP
c_003935,cu_004008,511082,Santos,SP
c_003936,cu_005751,855979,Sao Paulo,SP
c_003937,cu_003198,506759,Rio de Janeiro,RJ
c_003938,cu_005374,339176,Guarulhos,SP
c_003939,cu_004790,615530,Brasilia,DF
c_003940,cu_007183,325261,Porto Alegre,RS
c_003941,cu_002524,177566,Sao Paulo,SP
c_003942,cu_001085,622955,Contagem,MG
c_003943,cu_007024,941611,Contagem,MG
c_003944,cu_002479,106361,Santarem,PA
c_003945,cu_001693,605620,Sao Bernardo do Campo,SP
c_003946,cu_002315,906988,Sao Bernardo do Campo,SP
c_003947,cu_005154,491573,Manaus,AM
c_003948,cu_000778,109264,Manaus,AM
c_003949,cu_004589,267792,Canoas,RS
c_003950,cu_001585,650834,Curitiba,PR
c_003951,cu_001492,593680,Santos,SP
c_003952,cu_005886,189719,Rio de Janeiro,RJ
c_003953,cu_000660,558711,Santos,SP
c_003954,cu_001348,413154,Sao Paulo,SP
c_003955,cu_005423,253217,Blumenau,SC
c_003956,cu_001299,828616,Sao Paulo,SP
c_003957,cu_003940,916296,Rio de Janeiro,RJ
c_003958,cu_001986,235130,Manaus,AM
c_003959,cu_007156,805184,Guarulhos,SP
c_003960,cu_002044,159841,Campo Grande,MS
c_003961,cu_003516,304412,Goiania,GO
c_003962,cu_006024,557177,Uberlandia,MG
c_003963,cu_005443,796885,Campinas,SP
c_003964,cu_001058,717612,Campinas,SP
c_003965,cu_000976,957939,Niteroi,RJ
c_003966,cu_004577,179781,Sao Bernardo do Campo,SP
c_003967,cu_000727,671325,Sao Paulo,SP
c_003968,cu_002527,502015,Campo Grande,MS
c_003969,cu_003136,691198,Campinas,SP
c_003970,cu_005127,998017,Londrina,PR
c_003971,cu_000342,717918,Sao Bernardo do Campo,SP
c_003972,cu_001447,810277,Juiz de Fora,MG
c_003973,cu_002379,678549,Caucaia,CE
c_003974,cu_006581,151418,Santos,SP
c_003975,cu_003659,295176,Guarulhos,SP
c_003976,cu_006317,996582,Belo Horizonte,MG
c_003977,cu_006702,998511,Porto Alegre,RS
c_003978,cu_000526,751394,Porto Alegre,RS
c_003979,cu_001896,697312,Santos,SP
c_003980,cu_004754,871468,Santos,SP
c_003981,cu_002073,615742,Santarem,PA
c_003982,cu_004915,547224,Manaus,AM
c_003983,cu_006748,427483,Nova Iguacu,RJ
c_003984,cu_000405,724323,Feira de Santana,BA
c_003985,cu_006375,693257,Duque de Caxias,RJ
c_003986,cu_006676,756438,Rio de Janeiro,RJ
c_003987,cu_001573,634693,Santos,SP
c_003988,cu_005907,223643,Niteroi,RJ
c_003989,cu_004600,520852,Nova Iguacu,RJ
c_003990,cu_003740,204217,Sao Paulo,SP
c_003991,cu_004274,576620,Nova Iguacu,RJ
c_003992,cu_004227,919934,Blumenau,SC
c_003993,cu_001846,473147,Porto Alegre,RS
c_003994,cu_001478,830286,Belo Horizonte,MG
c_003995,cu_002395,330283,Juazeiro do Norte,CE
c_003996,cu_006683,136129,Santos,SP
c_003997,cu_000771,120820,Uberlandia,MG
c_003998,cu_005525,609251,Blumenau,SC
c_003999,cu_006219,902561,Duque de Caxias,RJ
c_004000,cu_000578,551661,Santos,SP
c_004001,cu_002901,251316,Sao Paulo,SP
c_004002,cu_005611,842534,Olinda,PE
c_004003,cu_000193,635185,Rio de Janeiro,RJ
c_004004,cu_002007,774950,Brasilia,DF
c_004005,cu_001185,815461,Contagem,MG
c_004006,cu_002394,543890,Caxias do Sul,RS
c_004007,cu_002998,632474,Blumenau,SC
c_004008,cu_005480,666976,Belo Horizonte,MG
c_004009,cu_001792,616180,Sao Paulo,SP
c_004010,cu_001110,220576,Duque de Caxias,RJ
c_004011,cu_004005,285589,Joinville,SC
c_004012,cu_002261,343540,Sao Paulo,SP
c_004013,cu_003736,778022,Sao Bernardo do Campo,SP
c_004014,cu_003793,409868,Santos,SP
c_004015,cu_001936,644073,Juazeiro do Norte,CE
c_004016,cu_006716,743684,Sao Bernardo do Campo,SP
c_004017,cu_004875,393980,Contagem,MG
c_004018,cu_004357,672533,Sao Bernardo do Campo,SP
c_004019,cu_000729,586076,Guarulhos,SP
c_004020,cu_004378,117574,Pelotas,RS
c_004021,cu_005586,183768,Santos,SP
c_004022,cu_003451,884555,Juiz de Fora,MG
c_004023,cu_004457,868896,Ponta Grossa,PR
c_004024,cu_004536,365361,Feira de Santana,BA
c_004025,cu_002140,434982,Sao Bernardo do Campo,SP
c_004026,cu_001644,338681,Jaboatao dos Guararapes,PE
c_004027,cu_002800,137377,Juiz de Fora,MG
c_004028,cu_004962,226191,Jaboatao dos Guararapes,PE
c_004029,cu_005543,931238,Duque de Caxias,RJ
c_004030,cu_000141,684215,Nova Iguacu,RJ
c_004031,cu_005410,388467,Caucaia,CE
c_004032,cu_001455,513878,Recife,PE
c_004033,cu_006892,311946,Niteroi,RJ
c_004034,cu_005971,149067,Sao Paulo,SP
c_004035,cu_005943,404546,Santos,SP
c_004036,cu_005808,658535,Guarulhos,SP
c_004037,cu_006796,321725,Guarulhos,SP
c_004038,cu_004796,827732,Sao Bernardo do Campo,SP
c_004039,cu_005093,759412,Brasilia,DF
c_004040,cu_002096,716620,Campinas,SP
c_004041,cu_001325,916961,Canoas,RS
c_004042,cu_004976,419855,Campinas,SP
c_004043,cu_001213,973279,Guarulhos,SP
c_004044,cu_001159,680525,Sao Paulo,SP
c_004045,cu_004650,352960,Campinas,SP
c_004046,cu_004499,596420,Curitiba,PR
c_004047,cu_004987,165072,Recife,PE
c_004048,cu_007008,390467,Sao Paulo,SP
c_004049,cu_004697,511441,Rio de Janeiro,RJ
c_004050,cu_005926,112181,Duque de Caxias,RJ
c_004051,cu_000340,760350,Brasilia,DF
c_004052,cu_003828,468279,Ponta Grossa,PR
c_004053,cu_001968,572435,Nova Iguacu,RJ
c_004054,cu_000703,786436,Pelotas,RS
c_004055,cu_004413,272974,Salvador,BA
c_004056,cu_006761,612946,Sao Bernardo do Campo,SP
c_004057,cu_005482,866886,Campinas,SP
c_004058,cu_002429,205074,Caucaia,CE
c_004059,cu_006376,764093,Maringa,PR
c_004060,cu_001800,420776,Nova Iguacu,RJ
c_004061,cu_005463,867498,Niteroi,RJ
c_004062,cu_005668,572123,Campinas,SP
c_004063,cu_004912,206636,Nova Iguacu,RJ
c_004064,cu_004648,928736,Belo Horizonte,MG
c_004065,cu_000855,291884,Guarulhos,SP
c_004066,cu_001812,943157,Porto Alegre,RS
c_004067,cu_002866,721034,Brasilia,DF
c_004068,cu_003642,835933,Sao Paulo,SP
c_004069,cu_000182,484817,Niteroi,RJ
c_004070,cu_003112,737468,Sao Bernardo do Campo,SP
c_004071,cu_005670,255252,Canoas,RS
c_004072,cu_004492,186277,Sao Bernardo do Campo,SP
c_004073,cu_005823,954817,Uberlandia,MG
c_004074,cu_006922,820958,Brasilia,DF
c_004075,cu_001517,202982,Campinas,SP
c_004076,cu_005002,424181,Caucaia,CE
c_004077,cu_001356,414036,Goiania,GO
c_004078,cu_002174,455768,Campinas,SP
c_004079,cu_003629,806360,Campinas,SP
c_004080,cu_003628,319640,Santarem,PA
c_004081,cu_004096,693749,Santarem,PA
c_004082,cu_003239,567525,Campinas,SP
c_004083,cu_003691,721995,Guarulhos,SP
c_004084,cu_000018,941872,Guarulhos,SP
c_004085,cu_003403,873589,Aparecida de Goiania,GO
c_004086,cu_004679,307594,Santos,SP
c_004087,cu_004551,302240,Nova Iguacu,RJ
c_004088,cu_003004,839459,Salvador,BA
c_004089,cu_006132,701114,Santos,SP
c_004090,cu_001132,808722,Contagem,MG
c_004091,cu_003339,435976,Guarulhos,SP
c_004092,cu_006588,466239,Brasilia,DF
c_004093,cu_003311,202934,Sao Paulo,SP
c_004094,cu_006048,141171,Pelotas,RS
c_004095,cu_003372,985377,Caxias do Sul,RS
c_004096,cu_006745,447035,Guarulhos,SP
c_004097,cu_006246,568072,Campinas,SP
c_004098,cu_000987,559577,Santos,SP
c_004099,cu_003321,181559,Guarulhos,SP
c_004100,cu_004615,661215,Joinville,SC
c_004101,cu_004954,303760,Chapeco,SC
c_004102,cu_000173,587556,Nova Iguacu,RJ
c_004103,cu_005462,214918,Contagem,MG
c_004104,cu_003741,100638,Juiz de Fora,MG
c_004105,cu_003052,425093,Salvador,BA
c_004106,cu_006574,866364,Niteroi,RJ
c_004107,cu_000726,608768,Santos,SP
c_004108,cu_003760,429927,Campinas,SP
c_004109,cu_005806,873749,Rio de Janeiro,RJ
c_004110,cu_001875,595240,Duque de Caxias,RJ
c_004111,cu_006993,604744,Nova Iguacu,RJ
c_004112,cu_005777,102577,Campinas,SP
c_004113,cu_004033,315393,Caxias do Sul,RS
c_004114,cu_005443,448985,Guarulhos,SP
c_004115,cu_000989,616114,Sao Bernardo do Campo,SP
c_004116,cu_003744,285253,Guarulhos,SP
c_004117,cu_002686,513010,Guarulhos,SP
c_004118,cu_000419,480952,Uberlandia,MG
c_004119,cu_000593,231172,Campinas,SP
c_004120,cu_006628,723886,Rio de Janeiro,RJ
c_004121,cu_001774,878875,Rio de Janeiro,RJ
c_004122,cu_002459,717319,Guarulhos,SP
c_004123,cu_000935,307048,Guarulhos,SP
c_004124,cu_005203,526838,Olinda,PE
c_004125,cu_005232,141343,Niteroi,RJ
c_004126,cu_003808,988390,Santos,SP
c_004127,cu_000331,714820,Sao Bernardo do Campo,SP
c_004128,cu_003449,530941,Niteroi,RJ
c_004129,cu_002702,191920,Uberlandia,MG
c_004130,cu_006184,421026,Uberlandia,MG
c_004131,cu_004006,371992,Canoas,RS
c_004132,cu_005889,589570,Sao Paulo,SP
c_004133,cu_005054,179273,Sao Bernardo do Campo,SP
c_004134,cu_003868,654323,Joinville,SC
c_004135,cu_004200,919151,Ananindeua,PA
c_004136,cu_000201,236010,Santos,SP
c_004137,cu_002497,725241,Duque de Caxias,RJ
c_004138,cu_001842,709873,Sao Paulo,SP
c_004139,cu_001866,120540,Sao Paulo,SP
c_004140,cu_001996,431587,Campinas,SP
c_004141,cu_005385,981423,Santos,SP
c_004142,cu_000909,401263,Caxias do Sul,RS
c_004143,cu_004305,854789,Duque de Caxias,RJ
c_004144,cu_004658,927040,Guarulhos,SP
c_004145,cu_003189,573439,Guarulhos,SP
c_004146,cu_006856,793447,Blumenau,SC
c_004147,cu_005659,422886,Santos,SP
c_004148,cu_000770,333571,Uberlandia,MG
c_004149,cu_003155,673754,Santos,SP
c_004150,cu_002501,821642,Uberlandia,MG
c_004151,cu_002714,242579,Campinas,SP
c_004152,cu_004724,352265,Guarulhos,SP
c_004153,cu_003585,568443,Sao Bernardo do Campo,SP
c_004154,cu_001628,252096,Sao Paulo,SP
c_004155,cu_005797,211731,Niteroi,RJ
c_004156,cu_000386,830053,Belo Horizonte,MG
c_004157,cu_006031,572118,Santos,SP
c_004158,cu_003421,893951,Sao Paulo,SP
c_004159,cu_006439,826550,Rio de Janeiro,RJ
c_004160,cu_006401,480127,Juiz de Fora,MG
c_004161,cu_005200,851055,Varzea Grande,MT
c_004162,cu_004008,909975,Contagem,MG
c_004163,cu_004093,462714,Niteroi,RJ
c_004164,cu_004363,538013,Uberlandia,MG
c_004165,cu_002466,354295,Manaus,AM
c_004166,cu_002282,796081,Vitoria da Conquista,BA
c_004167,cu_001856,799617,Guarulhos,SP
c_004168,cu_001998,604378,Sao Paulo,SP
c_004169,cu_007129,601236,Campinas,SP
c_004170,cu_005476,449314,Rio de Janeiro,RJ
c_004171,cu_001236,285217,Curitiba,PR
c_004172,cu_004669,957913,Niteroi,RJ
c_004173,cu_004144,266224,Santos,SP
c_004174,cu_001150,858936,Canoas,RS
c_004175,cu_004318,121257,Florianopolis,SC
c_004176,cu_007064,974955,Sao Paulo,SP
c_004177,cu_001431,411968,Belo Horizonte,MG
c_004178,cu_005624,764513,Rio de Janeiro,RJ
c_004179,cu_001819,299428,Jaboatao dos Guararapes,PE
c_004180,cu_002324,604828,Salvador,BA
c_004181,cu_005557,147451,Rio de Janeiro,RJ
c_004182,cu_001130,499276,Caxias do Sul,RS
c_004183,cu_005777,582371,Recife,PE
c_004184,cu_006563,326816,Duque de Caxias,RJ
c_004185,cu_002658,193996,Guarulhos,SP
c_004186,cu_003500,729851,Ponta Grossa,PR
c_004187,cu_000374,598922,Campinas,SP
c_004188,cu_002120,942277,Guarulhos,SP
c_004189,cu_004020,862010,Brasilia,DF
c_004190,cu_002021,530482,Caxias do Sul,RS
c_004191,cu_003705,390319,Santos,SP
c_004192,cu_005149,876390,Guarulhos,SP
c_004193,cu_003259,896445,Santos,SP
c_004194,cu_003435,307427,Guarulhos,SP
c_004195,cu_001889,306518,Santos,SP
c_004196,cu_001823,567416,Ponta Grossa,PR
c_004197,cu_001474,112270,Santos,SP
c_004198,cu_002242,609691,Niteroi,RJ
c_004199,cu_005275,199026,Sao Paulo,SP
c_004200,cu_003243,892562,Aparecida de Goiania,GO
c_004201,cu_006990,782551,Santos,SP
c_004202,cu_005160,570947,Sao Paulo,SP
c_004203,cu_003134,458040,Sao Bernardo do Campo,SP
c_004204,cu_002070,380238,Juiz de Fora,MG
c_004205,cu_000359,187118,Juiz de Fora,MG
c_004206,cu_006703,709596,Campinas,SP
c_004207,cu_006815,440319,Duque de Caxias,RJ
c_004208,cu_002041,655052,Campinas,SP
c_004209,cu_001141,420784,Nova Iguacu,RJ
c_004210,cu_001635,409716,Duque de Caxias,RJ
c_004211,cu_005499,363824,Guarulhos,SP
c_004212,cu_004000,655112,Sao Bernardo do Campo,SP
c_004213,cu_001943,447188,Sao Paulo,SP
c_004214,cu_004774,262423,Guarulhos,SP
c_004215,cu_003361,248212,Juiz de Fora,MG
c_004216,cu_006583,145340,Santos,SP
c_004217,cu_002980,547089,Sao Bernardo do Campo,SP
c_004218,cu_000006,517026,Campinas,SP
c_004219,cu_003267,271212,Belem,PA
c_004220,cu_006564,300297,Salvador,BA
c_004221,cu_001591,725481,Campinas,SP
c_004222,cu_004928,968849,Guarulhos,SP
c_004223,cu_003264,624175,Campinas,SP
c_004224,cu_002606,991849,Duque de Caxias,RJ
c_004225,cu_003219,282134,Sao Paulo,SP
c_004226,cu_005906,109159,Pelotas,RS
c_004227,cu_003273,338410,Duque de Caxias,RJ
c_004228,cu_000913,160253,Jaboatao dos Guararapes,PE
c_004229,cu_002011,919812,Guarulhos,SP
c_004230,cu_001442,237310,Joinville,SC
c_004231,cu_005546,616264,Chapeco,SC
c_004232,cu_003054,784062,Santos,SP
c_004233,cu_005598,481142,Guarulhos,SP
c_004234,cu_003546,430689,Sao Paulo,SP
c_004235,cu_004221,963720,Sao Paulo,SP
c_004236,cu_006538,970423,Santos,SP
c_004237,cu_004912,735630,Uberlandia,MG
c_004238,cu_002928,154523,Guarulhos,SP
c_004239,cu_001829,508549,Santarem,PA
c_004240,cu_000575,598544,Sao Bernardo do Campo,SP
c_004241,cu_006468,318442,Dourados,MS
c_004242,cu_005511,616877,Santos,SP
c_004243,cu_000929,970757,Maringa,PR
c_004244,cu_003759,201925,Guarulhos,SP
c_004245,cu_003699,859835,Santos,SP
c_004246,cu_001463,334031,Salvador,BA
c_004247,cu_003275,327816,Sao Paulo,SP
c_004248,cu_004928,398539,Belo Horizonte,MG
c_004249,cu_001054,670588,Contagem,MG
c_004250,cu_005744,170549,Rio de Janeiro,RJ
c_004251,cu_001900,342424,Duque de Caxias,RJ
c_004252,cu_001457,348494,Maringa,PR
c_004253,cu_006980,274514,Sao Paulo,SP
c_004254,cu_007069,354655,Belo Horizonte,MG
c_004255,cu_001399,662819,Recife,PE
c_004256,cu_003415,411424,Santos,SP
c_004257,cu_000442,234524,Sao Bernardo do Campo,SP
c_004258,cu_003650,367490,Pelotas,RS
c_004259,cu_006218,168915,Rio de Janeiro,RJ
c_004260,cu_004652,805635,Guarulhos,SP
c_004261,cu_001178,683273,Campinas,SP
c_004262,cu_006133,261397,Rio de Janeiro,RJ
c_004263,cu_004458,862337,Campinas,SP
c_004264,cu_006591,606776,Duque de Caxias,RJ
c_004265,cu_001257,415896,Maringa,PR
c_004266,cu_003634,549035,Sao Bernardo do Campo,SP
c_004267,cu_001841,145591,Niteroi,RJ
c_004268,cu_002309,562045,Aparecida de Goiania,GO
c_004269,cu_005946,609973,Canoas,RS
c_004270,cu_006268,105911,Salvador,BA
c_004271,cu_000910,719949,Sao Bernardo do Campo,SP
c_004272,cu_004340,653186,Londrina,PR
c_004273,cu_004637,800812,Sao Paulo,SP
c_004274,cu_004009,668641,Sao Paulo,SP
c_004275,cu_006628,598717,Campinas,SP
c_004276,cu_002169,442198,Sao Bernardo do Campo,SP
c_004277,cu_002172,758038,Feira de Santana,BA
c_004278,cu_005668,237398,Guarulhos,SP
c_004279,cu_006313,914468,Juiz de Fora,MG
c_004280,cu_000123,643760,Pelotas,RS
c_004281,cu_003158,844655,Contagem,MG
c_004282,cu_006789,696537,Santos,SP
c_004283,cu_005827,711588,Contagem,MG
c_004284,cu_000785,509811,Guarulhos,SP
c_004285,cu_006139,535889,Sao Bernardo do Campo,SP
c_004286,cu_006344,113933,Goiania,GO
c_004287,cu_002416,640887,Sao Bernardo do Campo,SP
c_004288,cu_000796,828514,Campinas,SP
c_004289,cu_004172,777880,Brasilia,DF
c_004290,cu_004154,953623,Santos,SP
c_004291,cu_006574,341945,Uberlandia,MG
c_004292,cu_006781,359459,Guarulhos,SP
c_004293,cu_005619,198388,Sao Paulo,SP
c_004294,cu_001936,312253,Guarulhos,SP
c_004295,cu_002156,399426,Guarulhos,SP
c_004296,cu_003807,854879,Guarulhos,SP
c_004297,cu_007151,390017,Pelotas,RS
c_004298,cu_001301,598183,Niteroi,RJ
c_004299,cu_004163,614788,Ananindeua,PA
c_004300,cu_003140,139552,Santos,SP
c_004301,cu_003236,300146,Rio de Janeiro,RJ
c_004302,cu_002352,955597,Contagem,MG
c_004303,cu_001932,826872,Manaus,AM
c_004304,cu_002721,536187,Guarulhos,SP
c_004305,cu_000364,718020,Juiz de Fora,MG
c_004306,cu_004916,879428,Salvador,BA
c_004307,cu_005498,137327,Campinas,SP
c_004308,cu_002390,512732,Brasilia,DF
c_004309,cu_000946,933167,Sao Paulo,SP
c_004310,cu_007042,402030,Maringa,PR
c_004311,cu_005673,429238,Manaus,AM
c_004312,cu_001377,105750,Contagem,MG
c_004313,cu_001439,639421,Nova Iguacu,RJ
c_004314,cu_003180,614214,Santos,SP
c_004315,cu_004857,547335,Manaus,AM
c_004316,cu_000340,956472,Niteroi,RJ
c_004317,cu_002989,258719,Guarulhos,SP
c_004318,cu_000382,526232,Pelotas,RS
c_004319,cu_005099,766681,Rio de Janeiro,RJ
c_004320,cu_001556,199857,Sao Paulo,SP
c_004321,cu_000299,434355,Guarulhos,SP
c_004322,cu_000138,501457,Guarulhos,SP
c_004323,cu_000358,632778,Uberlandia,MG
c_004324,cu_004931,685834,Uberlandia,MG
c_004325,cu_001522,800490,Niteroi,RJ
c_004326,cu_003456,366172,Blumenau,SC
c_004327,cu_001627,154067,Brasilia,DF
c_004328,cu_006078,790840,Contagem,MG
c_004329,cu_001303,415798,Santos,SP
c_004330,cu_006626,816577,Caxias do Sul,RS
c_004331,cu_005004,399353,Sao Paulo,SP
c_004332,cu_001134,620936,Uberlandia,MG
c_004333,cu_007009,864568,Contagem,MG
c_004334,cu_002186,967012,Sao Bernardo do Campo,SP
c_004335,cu_005091,275616,Juazeiro do Norte,CE
c_004336,cu_006578,671325,Guarulhos,SP
c_004337,cu_006652,412041,Caxias do Sul,RS
c_004338,cu_006416,660598,Sao Bernardo do Campo,SP
c_004339,cu_003170,357812,Manaus,AM
c_004340,cu_003835,547369,Sao Bernardo do Campo,SP
c_004341,cu_002151,295438,Guarulhos,SP
c_004342,cu_001237,158679,Campinas,SP
c_004343,cu_005880,168436,Sao Paulo,SP
c_004344,cu_003735,426844,Sao Bernardo do Campo,SP
c_004345,cu_006905,165826,Belo Horizonte,MG
c_004346,cu_002834,252544,Niteroi,RJ
c_004347,cu_004260,815086,Santos,SP
c_004348,cu_000998,678957,Sao Bernardo do Campo,SP
c_004349,cu_002567,763426,Joinville,SC
c_004350,cu_001307,610824,Pelotas,RS
c_004351,cu_006660,624791,Caxias do Sul,RS
c_004352,cu_000656,162323,Caxias do Sul,RS
c_004353,cu_002660,626154,Sao Bernardo do Campo,SP
c_004354,cu_002211,698447,Santos,SP
c_004355,cu_001909,554284,Santos,SP
c_004356,cu_003730,101057,Feira de Santana,BA
c_004357,cu_002046,217776,Aparecida de Goiania,GO
c_004358,cu_006207,349295,Rio de Janeiro,RJ
c_004359,cu_003162,736435,Sao Paulo,SP
c_004360,cu_001140,355218,Sao Bernardo do Campo,SP
c_004361,cu_005985,248216,Campinas,SP
c_004362,cu_000266,474175,Contagem,MG
c_004363,cu_001845,483939,Sao Bernardo do Campo,SP
c_004364,cu_001708,375567,Santarem,PA
c_004365,cu_003630,459786,Sao Paulo,SP
c_004366,cu_003211,623798,Caucaia,CE
c_004367,cu_002293,274086,Florianopolis,SC
c_004368,cu_003732,629115,Londrina,PR
c_004369,cu_003829,409723,Uberlandia,MG
c_004370,cu_006538,599933,Contagem,MG
c_004371,cu_001510,993548,Belo Horizonte,MG
c_004372,cu_000475,834494,Contagem,MG
c_004373,cu_000976,592635,Contagem,MG
c_004374,cu_001207,606867,Goiania,GO
c_004375,cu_005139,638982,Curitiba,PR
c_004376,cu_001960,231840,Londrina,PR
c_004377,cu_000557,949824,Brasilia,DF
c_004378,cu_005113,289688,Guarulhos,SP
c_004379,cu_005701,697680,Sao Paulo,SP
c_004380,cu_000882,953781,Rio de Janeiro,RJ
c_004381,cu_002194,934025,Niteroi,RJ
c_004382,cu_004761,490422,Vitoria da Conquista,BA
c_004383,cu_002667,930973,Rio de Janeiro,RJ
c_004384,cu_005867,395550,Belo Horizonte,MG
c_004385,cu_006963,302417,Nova Iguacu,RJ
c_004386,cu_004959,599654,Sao Paulo,SP
c_004387,cu_004677,756947,Belo Horizonte,MG
c_004388,cu_007166,686212,Feira de Santana,BA
c_004389,cu_004790,199731,Sao Bernardo do Campo,SP
c_004390,cu_005347,124341,Belo Horizonte,MG
c_004391,cu_001610,341426,Contagem,MG
c_004392,cu_003488,726391,Campinas,SP
c_004393,cu_005335,893879,Sao Bernardo do Campo,SP
c_004394,cu_002454,962464,Aparecida de Goiania,GO
c_004395,cu_004494,214140,Guarulhos,SP
c_004396,cu_001946,402430,Sao Bernardo do Campo,SP
c_004397,cu_004810,800710,Guarulhos,SP
c_004398,cu_004799,699981,Belo Horizonte,MG
c_004399,cu_002808,682475,Contagem,MG
c_004400,cu_006642,776646,Contagem,MG
c_004401,cu_003825,345593,Santos,SP
c_004402,cu_003536,239071,Recife,PE
c_004403,cu_005810,383646,Sao Bernardo do Campo,SP
c_004404,cu_006068,346962,Sao Paulo,SP
c_004405,cu_007117,370251,Rio de Janeiro,RJ
c_004406,cu_003802,416513,Sao Paulo,SP
c_004407,cu_004177,543032,Brasilia,DF
c_004408,cu_004699,699224,Manaus,AM
c_004409,cu_001970,759791,Guarulhos,SP
c_004410,cu_005806,655797,Brasilia,DF
c_004411,cu_006142,858937,Florianopolis,SC
c_004412,cu_003822,440628,Manaus,AM
c_004413,cu_002819,670073,Sao Bernardo do Campo,SP
c_004414,cu_000902,522790,Belo Horizonte,MG
c_004415,cu_000364,254521,Sao Bernardo do Campo,SP
c_004416,cu_004258,913216,Salvador,BA
c_004417,cu_003119,385932,Campinas,SP
c_004418,cu_002558,700346,Uberlandia,MG
c_004419,cu_001863,981179,Campinas,SP
c_004420,cu_000115,378083,Campinas,SP
c_004421,cu_007084,629889,Juiz de Fora,MG
c_004422,cu_002384,781450,Salvador,BA
c_004423,cu_004976,497242,Belo Horizonte,MG
c_004424,cu_006880,859428,Vitoria da Conquista,BA
c_004425,cu_003935,819996,Santos,SP
c_004426,cu_004935,548050,Niteroi,RJ
c_004427,cu_006290,761957,Rio de Janeiro,RJ
c_004428,cu_005442,958086,Sao Bernardo do Campo,SP
c_004429,cu_002490,664231,Belo Horizonte,MG
c_004430,cu_006980,789696,Juiz de Fora,MG
c_004431,cu_005132,375121,Contagem,MG
c_004432,cu_000942,771062,Curitiba,PR
c_004433,cu_001724,614028,Belo Horizonte,MG
c_004434,cu_002334,336968,Santos,SP
c_004435,cu_002767,506568,Sao Paulo,SP
c_004436,cu_001137,246367,Juiz de Fora,MG
c_004437,cu_002527,889571,Sao Paulo,SP
c_004438,cu_004117,882570,Sao Bernardo do Campo,SP
c_004439,cu_003420,496546,Niteroi,RJ
c_004440,cu_005845,118187,Belo Horizonte,MG
c_004441,cu_004778,198971,Sao Bernardo do Campo,SP
c_004442,cu_003906,727272,Pelotas,RS
c_004443,cu_003637,170629,Contagem,MG
c_004444,cu_002953,584794,Campinas,SP
c_004445,cu_005929,564978,Curitiba,PR
c_004446,cu_002367,568197,Uberlandia,MG
c_004447,cu_004221,904448,Juiz de Fora,MG
c_004448,cu_000276,501515,Contagem,MG
c_004449,cu_001999,555351,Sao Paulo,SP
c_004450,cu_001227,501019,Canoas,RS
c_004451,cu_006337,564622,Sao Paulo,SP
c_004452,cu_003752,709048,Ananindeua,PA
c_004453,cu_003735,353669,Blumenau,SC
c_004454,cu_000695,787968,Contagem,MG
c_004455,cu_001309,843889,Campinas,SP
c_004456,cu_004152,309036,Sao Paulo,SP
c_004457,cu_003234,156769,Sao Paulo,SP
c_004458,cu_004114,162079,Rio de Janeiro,RJ
c_004459,cu_002311,373417,Sao Paulo,SP
c_004460,cu_002841,195898,Duque de Caxias,RJ
c_004461,cu_004208,176290,Sao Paulo,SP
c_004462,cu_003559,533511,Dourados,MS
c_004463,cu_003398,752013,Campinas,SP
c_004464,cu_000541,798981,Manaus,AM
c_004465,cu_002694,938814,Caucaia,CE
c_004466,cu_004674,880714,Rio de Janeiro,RJ
c_004467,cu_001088,774678,Pelotas,RS
c_004468,cu_003363,689047,Nova Iguacu,RJ
c_004469,cu_000024,228017,Belo Horizonte,MG
c_004470,cu_001572,709979,Guarulhos,SP
c_004471,cu_006144,354559,Sao Bernardo do Campo,SP
c_004472,cu_002958,956049,Contagem,MG
c_004473,cu_005668,466283,Nova Iguacu,RJ
c_004474,cu_004236,445442,Uberlandia,MG
c_004475,cu_001767,580861,Santos,SP
c_004476,cu_004743,752042,Sao Bernardo do Campo,SP
c_004477,cu_002235,721687,Santos,SP
c_004478,cu_000200,559946,Campinas,SP
c_004479,cu_003198,580578,Guarulhos,SP
c_004480,cu_000256,548369,Campinas,SP
c_004481,cu_003747,811983,Santos,SP
c_004482,cu_004642,786069,Blumenau,SC
c_004483,cu_002241,294365,Campinas,SP
c_004484,cu_006846,676844,Contagem,MG
c_004485,cu_003175,141492,Sao Paulo,SP
c_004486,cu_003606,810575,Brasilia,DF
c_004487,cu_003336,372845,Niteroi,RJ
c_004488,cu_004897,564148,Guarulhos,SP
c_004489,cu_005037,174132,Niteroi,RJ
c_004490,cu_000413,159153,Sao Bernardo do Campo,SP
c_004491,cu_002014,972597,Juiz de Fora,MG
c_004492,cu_001381,850820,Sao Paulo,SP
c_004493,cu_001098,674818,Aparecida de Goiania,GO
c_004494,cu_003426,459535,Duque de Caxias,RJ
c_004495,cu_003655,303412,Campinas,SP
c_004496,cu_000909,957324,Porto Alegre,RS
c_004497,cu_000187,138863,Sao Bernardo do Campo,SP
c_004498,cu_004044,307120,Vitoria da Conquista,BA
c_004499,cu_003756,884096,Nova Iguacu,RJ
c_004500,cu_002015,425661,Canoas,RS
c_004501,cu_005409,705890,Sao Paulo,SP
c_004502,cu_002092,385998,Vitoria da Conquista,BA
c_004503,cu_003644,781921,Londrina,PR
c_004504,cu_002130,707112,Sao Paulo,SP
c_004505,cu_005242,412138,Santos,SP
c_004506,cu_000357,597197,Sao Paulo,SP
c_004507,cu_005647,869549,Dourados,MS
c_004508,cu_005185,435479,Guarulhos,SP
c_004509,cu_007079,641766,Niteroi,RJ
c_004510,cu_005776,728147,Santos,SP
c_004511,cu_002422,652126,Sao Paulo,SP
c_004512,cu_004257,361775,Juiz de Fora,MG
c_004513,cu_006465,449993,Belem,PA
c_004514,cu_004545,888118,Duque de Caxias,RJ
c_004515,cu_001497,962348,Joinville,SC
c_004516,cu_005132,827298,Nova Iguacu,RJ
c_004517,cu_006327,569697,Guarulhos,SP
c_004518,cu_002158,854683,Sao Paulo,SP
c_004519,cu_006046,622227,Belo Horizonte,MG
c_004520,cu_002555,680242,Ananindeua,PA
c_004521,cu_005409,765262,Vitoria da Conquista,BA
c_004522,cu_002342,732728,Guarulhos,SP
c_004523,cu_002951,362835,Campinas,SP
c_004524,cu_001238,243633,Santos,SP
c_004525,cu_000973,766163,Manaus,AM
c_004526,cu_004727,406213,Vitoria da Conquista,BA
c_004527,cu_003965,855167,Curitiba,PR
c_004528,cu_005686,541135,Sao Paulo,SP
c_004529,cu_001050,171886,Nova Iguacu,RJ
c_004530,cu_003701,372795,Nova Iguacu,RJ
c_004531,cu_002780,854686,Sao Paulo,SP
c_004532,cu_001588,385490,Duque de Caxias,RJ
c_004533,cu_003878,506748,Sao Paulo,SP
c_004534,cu_002368,397730,Santos,SP
c_004535,cu_007056,448087,Olinda,PE
c_004536,cu_005789,922147,Maringa,PR
c_004537,cu_000436,123043,Rio de Janeiro,RJ
c_004538,cu_002828,225186,Duque de Caxias,RJ
c_004539,cu_001556,634082,Guarulhos,SP
c_004540,cu_005172,296319,Ponta Grossa,PR
c_004541,cu_003858,277846,Joinville,SC
c_004542,cu_001304,587041,Ponta Grossa,PR
c_004543,cu_006869,485057,Canoas,RS
c_004544,cu_006174,407077,Guarulhos,SP
c_004545,cu_002384,821554,Guarulhos,SP
c_004546,cu_000182,314242,Rio de Janeiro,RJ
c_004547,cu_007190,841856,Sao Paulo,SP
c_004548,cu_006687,112162,Ponta Grossa,PR
c_004549,cu_005565,218240,Guarulhos,SP
c_004550,cu_007177,179498,Guarulhos,SP
c_004551,cu_005575,527145,Campinas,SP
c_004552,cu_001589,832653,Dourados,MS
c_004553,cu_001587,317268,Sao Bernardo do Campo,SP
c_004554,cu_000659,698677,Belo Horizonte,MG
c_004555,cu_000159,569951,Duque de Caxias,RJ
c_004556,cu_003953,622451,Campinas,SP
c_004557,cu_007181,446810,Nova Iguacu,RJ
c_004558,cu_006555,149062,Porto Alegre,RS
c_004559,cu_001011,526355,Rio de Janeiro,RJ
c_004560,cu_000052,290431,Brasilia,DF
c_004561,cu_006551,265061,Santos,SP
c_004562,cu_006990,419137,Santos,SP
c_004563,cu_005141,726072,Manaus,AM
c_004564,cu_005149,387915,Santos,SP
c_004565,cu_006846,383247,Belo Horizonte,MG
c_004566,cu_002307,675835,Joinville,SC
c_004567,cu_001228,542828,Santos,SP
c_004568,cu_005590,911190,Caxias do Sul,RS
c_004569,cu_006919,786339,Campinas,SP
c_004570,cu_005585,440588,Sao Bernardo do Campo,SP
c_004571,cu_001035,491478,Sao Paulo,SP
c_004572,cu_003702,472292,Joinville,SC
c_004573,cu_006046,857735,Campinas,SP
c_004574,cu_004045,471126,Pelotas,RS
c_004575,cu_004945,583092,Ananindeua,PA
c_004576,cu_004449,261932,Duque de Caxias,RJ
c_004577,cu_005194,768046,Niteroi,RJ
c_004578,cu_007016,272811,Duque de Caxias,RJ
c_004579,cu_005835,120141,Sao Paulo,SP
c_004580,cu_005560,416083,Niteroi,RJ
c_004581,cu_005086,271374,Belo Horizonte,MG
c_004582,cu_001264,883946,Goiania,GO
c_004583,cu_007161,785991,Manaus,AM
c_004584,cu_001884,634122,Brasilia,DF
c_004585,cu_001809,732512,Olinda,PE
c_004586,cu_003167,146851,Niteroi,RJ
c_004587,cu_003797,914149,Juiz de Fora,MG
c_004588,cu_002341,183369,Jaboatao dos Guararapes,PE
c_004589,cu_006352,510610,Santos,SP
c_004590,cu_003414,448151,Cuiaba,MT
c_004591,cu_005207,682170,Sao Bernardo do Campo,SP
c_004592,cu_000817,739586,Uberlandia,MG
c_004593,cu_005895,979594,Porto Alegre,RS
c_004594,cu_006056,741136,Ananindeua,PA
c_004595,cu_002437,580137,Campinas,SP
c_004596,cu_006468,275830,Ponta Grossa,PR
c_004597,cu_007083,997348,Niteroi,RJ
c_004598,cu_000888,252682,Santos,SP
c_004599,cu_005951,234121,Curitiba,PR
c_004600,cu_005276,250047,Uberlandia,MG
c_004601,cu_000667,912165,Uberlandia,MG
c_004602,cu_004728,692695,Guarulhos,SP
c_004603,cu_002624,970757,Duque de Caxias,RJ
c_004604,cu_005738,867567,Juiz de Fora,MG
c_004605,cu_004232,425644,Sao Bernardo do Campo,SP
c_004606,cu_006042,465622,Campinas,SP
c_004607,cu_005793,308693,Cuiaba,MT
c_004608,cu_004523,818856,Nova Iguacu,RJ
c_004609,cu_005571,197811,Ponta Grossa,PR
c_004610,cu_006755,404739,Sao Bernardo do Campo,SP
c_004611,cu_007054,300664,Sao Bernardo do Campo,SP
c_004612,cu_000818,359986,Campinas,SP
c_004613,cu_002188,947151,Sao Paulo,SP
c_004614,cu_001106,691560,Rio de Janeiro,RJ
c_004615,cu_002224,467287,Duque de Caxias,RJ
c_004616,cu_000197,818154,Niteroi,RJ
c_004617,cu_002671,308541,Guarulhos,SP
c_004618,cu_006091,738871,Rio de Janeiro,RJ
c_004619,cu_006834,877576,Guarulhos,SP
c_004620,cu_003492,637193,Sao Paulo,SP
c_004621,cu_002448,894896,Manaus,AM
c_004622,cu_000470,722356,Juiz de Fora,MG
c_004623,cu_006361,981463,Belo Horizonte,MG
c_004624,cu_001948,809181,Santos,SP
c_004625,cu_005024,921632,Juazeiro do Norte,CE
c_004626,cu_003899,222539,Juiz de Fora,MG
c_004627,cu_002010,224820,Ponta Grossa,PR
c_004628,cu_003800,602636,Sao Paulo,SP
c_004629,cu_006775,669856,Varzea Grande,MT
c_004630,cu_007094,584859,Feira de Santana,BA
c_004631,cu_005001,413829,Feira de Santana,BA
c_004632,cu_006318,251754,Sao Bernardo do Campo,SP
c_004633,cu_004118,564286,Sao Bernardo do Campo,SP
c_004634,cu_003796,476864,Guarulhos,SP
c_004635,cu_003988,907298,Sao Paulo,SP
c_004636,cu_000234,655881,Feira de Santana,BA
c_004637,cu_007180,234385,Santos,SP
c_004638,cu_005220,649097,Guarulhos,SP
c_004639,cu_000928,104838,Santos,SP
c_004640,cu_003607,351091,Campinas,SP
c_004641,cu_000522,466092,Sao Bernardo do Campo,SP
c_004642,cu_005904,968778,Joinville,SC
c_004643,cu_003523,372057,Contagem,MG
c_004644,cu_004526,983098,Campinas,SP
c_004645,cu_004888,435750,Nova Iguacu,RJ
c_004646,cu_001629,637992,Sao Paulo,SP
c_004647,cu_005832,966648,Campinas,SP
c_004648,cu_004628,767959,Caxias do Sul,RS
c_004649,cu_007122,834834,Porto Alegre,RS
c_004650,cu_005842,954040,Caxias do Sul,RS
c_004651,cu_005771,482047,Pelotas,RS
c_004652,cu_001316,650267,Campinas,SP
c_004653,cu_002857,737962,Belem,PA
c_004654,cu_005008,744913,Chapeco,SC
c_004655,cu_001124,953961,Fortaleza,CE
c_004656,cu_005621,755896,Campinas,SP
c_004657,cu_005423,992323,Manaus,AM
c_004658,cu_007014,752852,Florianopolis,SC
c_004659,cu_002587,659968,Salvador,BA
c_004660,cu_001023,690569,Sao Bernardo do Campo,SP
c_004661,cu_005672,964488,Maringa,PR
c_004662,cu_001378,323451,Belem,PA
c_004663,cu_003374,863145,Pelotas,RS
c_004664,cu_001519,244739,Belo Horizonte,MG
c_004665,cu_005777,110196,Ananindeua,PA
c_004666,cu_006093,843434,Duque de Caxias,RJ
c_004667,cu_000226,153586,Contagem,MG
c_004668,cu_005355,270065,Niteroi,RJ
c_004669,cu_004968,811496,Manaus,AM
c_004670,cu_000891,846937,Sao Paulo,SP
c_004671,cu_005574,749261,Rio de Janeiro,RJ
c_004672,cu_004072,171281,Canoas,RS
c_004673,cu_005132,724182,Blumenau,SC
c_004674,cu_002257,876050,Belo Horizonte,MG
c_004675,cu_002788,464849,Fortaleza,CE
c_004676,cu_000396,612484,Ananindeua,PA
c_004677,cu_005219,384347,Campinas,SP
c_004678,cu_002078,159296,Sao Bernardo do Campo,SP
c_004679,cu_007041,344946,Campinas,SP
c_004680,cu_004744,844878,Sao Paulo,SP
c_004681,cu_004424,102686,Niteroi,RJ
c_004682,cu_003237,325336,Juazeiro do Norte,CE
c_004683,cu_005578,464281,Feira de Santana,BA
c_004684,cu_003893,208696,Sao Bernardo do Campo,SP
c_004685,cu_005047,301585,Sao Bernardo do Campo,SP
c_004686,cu_002005,812372,Contagem,MG
c_004687,cu_002016,808421,Rio de Janeiro,RJ
c_004688,cu_003171,446331,Sao Paulo,SP
c_004689,cu_002668,546750,Olinda,PE
c_004690,cu_001878,389666,Manaus,AM
c_004691,cu_001196,525564,Sao Paulo,SP
c_004692,cu_001772,970948,Olinda,PE
c_004693,cu_000161,228841,Sao Paulo,SP
c_004694,cu_003976,664721,Maringa,PR
c_004695,cu_001751,692876,Rio de Janeiro,RJ
c_004696,cu_000775,169718,Campinas,SP
c_004697,cu_005923,869614,Manaus,AM
c_004698,cu_006417,970235,Nova Iguacu,RJ
c_004699,cu_007170,394410,Londrina,PR
c_004700,cu_005147,638496,Sao Paulo,SP
c_004701,cu_006469,206113,Sao Bernardo do Campo,SP
c_004702,cu_000939,130728,Campinas,SP
c_004703,cu_003220,130396,Duque de Caxias,RJ
c_004704,cu_000539,656647,Canoas,RS
c_004705,cu_006631,489196,Santos,SP
c_004706,cu_004917,672418,Pelotas,RS
c_004707,cu_001461,635059,Porto Alegre,RS
c_004708,cu_005184,513336,Porto Alegre,RS
c_004709,cu_000355,110429,Rio de Janeiro,RJ
c_004710,cu_003604,760125,Juazeiro do Norte,CE
c_004711,cu_003323,978222,Rio de Janeiro,RJ
c_004712,cu_000234,956129,Nova Iguacu,RJ
c_004713,cu_006370,985559,Sao Bernardo do Campo,SP
c_004714,cu_001548,774338,Guarulhos,SP
c_004715,cu_002096,253514,Guarulhos,SP
c_004716,cu_004213,302844,Contagem,MG
c_004717,cu_002101,285691,Guarulhos,SP
c_004718,cu_001673,708596,Guarulhos,SP
c_004719,cu_006708,824116,Curitiba,PR
c_004720,cu_005163,398781,Sao Paulo,SP
c_004721,cu_002100,709047,Sao Paulo,SP
c_004722,cu_003657,178063,Santos,SP
c_004723,cu_004653,315353,Maringa,PR
c_004724,cu_003596,429622,Campinas,SP
c_004725,cu_003748,729633,Rio de Janeiro,RJ
c_004726,cu_003173,404379,Rio de Janeiro,RJ
c_004727,cu_001815,856914,Canoas,RS
c_004728,cu_003841,216972,Uberlandia,MG
c_004729,cu_002005,803646,Chapeco,SC
c_004730,cu_007011,772664,Sao Paulo,SP
c_004731,cu_004493,939221,Santos,SP
c_004732,cu_000674,617166,Sao Paulo,SP
c_004733,cu_000386,766421,Sao Paulo,SP
c_004734,cu_002158,724318,Sao Paulo,SP
c_004735,cu_002661,596631,Sao Paulo,SP
c_004736,cu_002064,165642,Nova Iguacu,RJ
c_004737,cu_003851,936697,Contagem,MG
c_004738,cu_003253,447042,Sao Paulo,SP
c_004739,cu_004979,742670,Caxias do Sul,RS
c_004740,cu_004636,964391,Sao Bernardo do Campo,SP
c_004741,cu_004266,223657,Campinas,SP
c_004742,cu_006552,727772,Rio de Janeiro,RJ
c_004743,cu_000739,316593,Sao Bernardo do Campo,SP
c_004744,cu_001401,279331,Guarulhos,SP
c_004745,cu_003259,700530,Campinas,SP
c_004746,cu_007001,164579,Santarem,PA
c_004747,cu_002277,458431,Porto Alegre,RS
c_004748,cu_003904,214033,Sao Paulo,SP
c_004749,cu_003923,166170,Vitoria da Conquista,BA
c_004750,cu_004214,920313,Curitiba,PR
c_004751,cu_003227,402321,Uberlandia,MG
c_004752,cu_002831,573582,Feira de Santana,BA
c_004753,cu_003758,747193,Santos,SP
c_004754,cu_002512,516983,Sao Paulo,SP
c_004755,cu_002151,501956,Nova Iguacu,RJ
c_004756,cu_003675,685668,Rio de Janeiro,RJ
c_004757,cu_002745,103438,Nova Iguacu,RJ
c_004758,cu_006091,861862,Uberlandia,MG
c_004759,cu_003866,647669,Santarem,PA
c_004760,cu_003764,417615,Juazeiro do Norte,CE
c_004761,cu_005801,936789,Brasilia,DF
c_004762,cu_005818,258632,Blumenau,SC
c_004763,cu_002222,642284,Ananindeua,PA
c_004764,cu_002792,195265,Sao Bernardo do Campo,SP
c_004765,cu_001697,397864,Sao Paulo,SP
c_004766,cu_005540,397054,Nova Iguacu,RJ
c_004767,cu_003462,295972,Salvador,BA
c_004768,cu_004063,180538,Duque de Caxias,RJ
c_004769,cu_005855,257528,Londrina,PR
c_004770,cu_001524,979165,Sao Bernardo do Campo,SP
c_004771,cu_004760,980396,Guarulhos,SP
c_004772,cu_000032,662658,Ponta Grossa,PR
c_004773,cu_006198,162684,Campinas,SP
c_004774,cu_004025,986620,Guarulhos,SP
c_004775,cu_002566,104849,Sao Bernardo do Campo,SP
c_004776,cu_002803,537256,Sao Bernardo do Campo,SP
c_004777,cu_003896,484239,Pelotas,RS
c_004778,cu_003709,531176,Santos,SP
c_004779,cu_006155,899746,Belo Horizonte,MG
c_004780,cu_005647,736831,Guarulhos,SP
c_004781,cu_000719,913954,Florianopolis,SC
c_004782,cu_006698,613321,Sao Paulo,SP
c_004783,cu_006516,342272,Uberlandia,MG
c_004784,cu_004579,952497,Canoas,RS
c_004785,cu_000972,730956,Campinas,SP
c_004786,cu_003718,982763,Olinda,PE
c_004787,cu_006766,246257,Uberlandia,MG
c_004788,cu_004402,299124,Duque de Caxias,RJ
c_004789,cu_004552,111225,Guarulhos,SP
c_004790,cu_002207,326352,Belem,PA
c_004791,cu_004426,625452,Maringa,PR
c_004792,cu_006919,381137,Sao Paulo,SP
c_004793,cu_004320,183369,Campinas,SP
c_004794,cu_003030,942112,Florianopolis,SC
c_004795,cu_006872,525465,Canoas,RS
c_004796,cu_003575,351893,Ponta Grossa,PR
c_004797,cu_005575,204177,Duque de Caxias,RJ
c_004798,cu_003116,845832,Porto Alegre,RS
c_004799,cu_003285,811822,Sao Paulo,SP
c_004800,cu_005178,986814,Sao Bernardo do Campo,SP
c_004801,cu_000643,226013,Belo Horizonte,MG
c_004802,cu_004711,135738,Campo Grande,MS
c_004803,cu_000194,641244,Sao Bernardo do Campo,SP
c_004804,cu_003996,908344,Rio de Janeiro,RJ
c_004805,cu_000488,890693,Porto Alegre,RS
c_004806,cu_002204,495567,Nova Iguacu,RJ
c_004807,cu_002657,560227,Feira de Santana,BA
c_004808,cu_005345,124461,Londrina,PR
c_004809,cu_006555,124931,Guarulhos,SP
c_004810,cu_003276,762069,Goiania,GO
c_004811,cu_001102,686919,Londrina,PR
c_004812,cu_005243,697189,Brasilia,DF
c_004813,cu_006614,696815,Belo Horizonte,MG
c_004814,cu_001241,850537,Feira de Santana,BA
c_004815,cu_000515,107350,Sao Bernardo do Campo,SP
c_004816,cu_005721,387831,Campinas,SP
c_004817,cu_005223,312638,Brasilia,DF
c_004818,cu_000392,747043,Sao Bernardo do Campo,SP
c_004819,cu_000630,467911,Santos,SP
c_004820,cu_003716,908984,Florianopolis,SC
c_004821,cu_001847,198428,Vitoria da Conquista,BA
c_004822,cu_002655,854829,Santos,SP
c_004823,cu_000979,495591,Feira de Santana,BA
c_004824,cu_004529,468713,Porto Alegre,RS
c_004825,cu_003402,404570,Niteroi,RJ
c_004826,cu_003871,308515,Vitoria da Conquista,BA
c_004827,cu_006683,372790,Guarulhos,SP
c_004828,cu_000277,670092,Santos,SP
c_004829,cu_000232,379451,Santos,SP
c_004830,cu_001552,468295,Rio de Janeiro,RJ
c_004831,cu_005690,205126,Niteroi,RJ
c_004832,cu_005209,337378,Chapeco,SC
c_004833,cu_003270,497441,Florianopolis,SC
c_004834,cu_002409,765930,Juiz de Fora,MG
c_004835,cu_003512,584141,Chapeco,SC
c_004836,cu_000025,492123,Santos,SP
c_004837,cu_007192,772584,Sao Paulo,SP
c_004838,cu_005513,217167,Brasilia,DF
c_004839,cu_006650,463116,Sao Bernardo do Campo,SP
c_004840,cu_006410,334368,Sao Bernardo do Campo,SP
c_004841,cu_000460,406745,Pelotas,RS
c_004842,cu_003764,168340,Campinas,SP
c_004843,cu_006599,821152,Brasilia,DF
c_004844,cu_003431,360256,Campinas,SP
c_004845,cu_005187,830175,Sao Paulo,SP
c_004846,cu_005102,150395,Sao Paulo,SP
c_004847,cu_007006,152289,Belo Horizonte,MG
c_004848,cu_003483,350827,Campinas,SP
c_004849,cu_001994,842334,Rio de Janeiro,RJ
c_004850,cu_000490,263283,Brasilia,DF
c_004851,cu_001072,461310,Fortaleza,CE
c_004852,cu_006707,759088,Sao Bernardo do Campo,SP
c_004853,cu_003173,358875,Rio de Janeiro,RJ
c_004854,cu_000215,862662,Rio de Janeiro,RJ
c_004855,cu_001723,183393,Ananindeua,PA
c_004856,cu_001592,115869,Aparecida de Goiania,GO
c_004857,cu_002606,234739,Sao Bernardo do Campo,SP
c_004858,cu_000158,191029,Porto Alegre,RS
c_004859,cu_006632,140359,Campinas,SP
c_004860,cu_004781,269039,Sao Bernardo do Campo,SP
c_004861,cu_003313,528864,Santos,SP
c_004862,cu_002841,911685,Niteroi,RJ
c_004863,cu_001776,152269,Duque de Caxias,RJ
c_004864,cu_002052,808634,Sao Paulo,SP
c_004865,cu_005939,457134,Pelotas,RS
c_004866,cu_006504,574761,Guarulhos,SP
c_004867,cu_006602,159269,Belo Horizonte,MG
c_004868,cu_002295,632772,Campinas,SP
c_004869,cu_005685,175529,Santos,SP
c_004870,cu_001696,149614,Santos,SP
c_004871,cu_002993,342172,Sao Bernardo do Campo,SP
c_004872,cu_002469,512736,Rio de Janeiro,RJ
c_004873,cu_001946,801657,Sao Paulo,SP
c_004874,cu_003809,459055,Niteroi,RJ
c_004875,cu_006158,146197,Santos,SP
c_004876,cu_002783,955927,Caxias do Sul,RS
c_004877,cu_003644,116574,Londrina,PR
c_004878,cu_005241,869695,Santos,SP
c_004879,cu_006420,317347,Niteroi,RJ
c_004880,cu_005677,544394,Santos,SP
c_004881,cu_002500,848651,Uberlandia,MG
c_004882,cu_003645,983939,Guarulhos,SP
c_004883,cu_002645,430273,Nova Iguacu,RJ
c_004884,cu_006589,560718,Nova Iguacu,RJ
c_004885,cu_006353,736866,Manaus,AM
c_004886,cu_006857,687384,Niteroi,RJ
c_004887,cu_002349,817293,Juiz de Fora,MG
c_004888,cu_001932,663517,Campinas,SP
c_004889,cu_003294,176444,Santarem,PA
c_004890,cu_001757,165214,Curitiba,PR
c_004891,cu_006146,496413,Sao Paulo,SP
c_004892,cu_005085,675968,Vitoria da Conquista,BA
c_004893,cu_005637,114533,Duque de Caxias,RJ
c_004894,cu_001116,518840,Salvador,BA
c_004895,cu_002567,369654,Vitoria da Conquista,BA
c_004896,cu_003499,924011,Sao Paulo,SP
c_004897,cu_000492,448137,Caxias do Sul,RS
c_004898,cu_003306,996643,Sao Paulo,SP
c_004899,cu_000619,655919,Guarulhos,SP
c_004900,cu_003232,404866,Campinas,SP
c_004901,cu_003823,527095,Porto Alegre,RS
c_004902,cu_006474,307448,Sao Bernardo do Campo,SP
c_004903,cu_002380,703728,Santos,SP
c_004904,cu_006193,331228,Pelotas,RS
c_004905,cu_001546,426068,Guarulhos,SP
c_004906,cu_004958,583895,Campinas,SP
c_004907,cu_005787,661879,Campinas,SP
c_004908,cu_003563,235079,Santos,SP
c_004909,cu_001605,704887,Rio de Janeiro,RJ
c_004910,cu_003752,832327,Campinas,SP
c_004911,cu_006415,285458,Dourados,MS
c_004912,cu_004675,854675,Canoas,RS
c_004913,cu_001890,820794,Campinas,SP
c_004914,cu_001275,748675,Campinas,SP
c_004915,cu_006703,338313,Duque de Caxias,RJ
c_004916,cu_002743,866431,Belo Horizonte,MG
c_004917,cu_005951,268356,Santos,SP
c_004918,cu_002493,200986,Guarulhos,SP
c_004919,cu_007160,327262,Salvador,BA
c_004920,cu_005451,842468,Santos,SP
c_004921,cu_005258,706316,Campinas,SP
c_004922,cu_000356,223741,Brasilia,DF
c_004923,cu_005720,670970,Belo Horizonte,MG
c_004924,cu_006417,326328,Santos,SP
c_004925,cu_007186,128272,Canoas,RS
c_004926,cu_006102,874070,Guarulhos,SP
c_004927,cu_006454,428654,Ponta Grossa,PR
c_004928,cu_000869,936310,Nova Iguacu,RJ
c_004929,cu_000885,288253,Florianopolis,SC
c_004930,cu_002001,327571,Ananindeua,PA
c_004931,cu_006297,787488,Manaus,AM
c_004932,cu_005509,979288,Fortaleza,CE
c_004933,cu_001283,302392,Duque de Caxias,RJ
c_004934,cu_000619,495059,Guarulhos,SP
c_004935,cu_000882,359296,Rio de Janeiro,RJ
c_004936,cu_000796,254711,Caxias do Sul,RS
c_004937,cu_003642,574943,Jaboatao dos Guararapes,PE
c_004938,cu_006268,543673,Sao Bernardo do Campo,SP
c_004939,cu_003425,755094,Caucaia,CE
c_004940,cu_001296,949723,Blumenau,SC
c_004941,cu_004714,863685,Dourados,MS
c_004942,cu_005930,258114,Recife,PE
c_004943,cu_000244,268579,Sao Bernardo do Campo,SP
c_004944,cu_002895,853111,Sao Bernardo do Campo,SP
c_004945,cu_006593,791170,Sao Paulo,SP
c_004946,cu_000929,673180,Sao Bernardo do Campo,SP
c_004947,cu_005366,903223,Uberlandia,MG
c_004948,cu_000519,334685,Blumenau,SC
c_004949,cu_003212,286164,Recife,PE
c_004950,cu_002409,585240,Belo Horizonte,MG
c_004951,cu_000007,124216,Santos,SP
c_004952,cu_002525,651114,Sao Paulo,SP
c_004953,cu_003423,566881,Campinas,SP
c_004954,cu_002019,801569,Santos,SP
c_004955,cu_004590,863633,Rio de Janeiro,RJ
c_004956,cu_005725,766270,Sao Bernardo do Campo,SP
c_004957,cu_006976,500336,Sao Paulo,SP
c_004958,cu_005158,159829,Santos,SP
c_004959,cu_006736,106985,Belo Horizonte,MG
c_004960,cu_004282,465912,Rio de Janeiro,RJ
c_004961,cu_003667,328148,Rio de Janeiro,RJ
c_004962,cu_003671,468292,Nova Iguacu,RJ
c_004963,cu_002801,565277,Santarem,PA
c_004964,cu_005973,571347,Santos,SP
c_004965,cu_006236,660015,Niteroi,RJ
c_004966,cu_000085,510337,Londrina,PR
c_004967,cu_003115,178217,Contagem,MG
c_004968,cu_004232,205716,Manaus,AM
c_004969,cu_002468,310995,Sao Paulo,SP
c_004970,cu_006217,828374,Rio de Janeiro,RJ
c_004971,cu_003619,232051,Sao Bernardo do Campo,SP
c_004972,cu_001636,541720,Juiz de Fora,MG
c_004973,cu_003583,756289,Guarulhos,SP
c_004974,cu_004009,716337,Sao Paulo,SP
c_004975,cu_003326,637868,Niteroi,RJ
c_004976,cu_002218,381255,Nova Iguacu,RJ
c_004977,cu_005847,853756,Guarulhos,SP
c_004978,cu_002217,462312,Porto Alegre,RS
c_004979,cu_005883,171438,Contagem,MG
c_004980,cu_004967,416267,Campinas,SP
c_004981,cu_002369,552919,Rio de Janeiro,RJ
c_004982,cu_003638,381570,Canoas,RS
c_004983,cu_002503,557870,Nova Iguacu,RJ
c_004984,cu_000943,447815,Sao Bernardo do Campo,SP
c_004985,cu_005722,272336,Campinas,SP
c_004986,cu_002837,323040,Belo Horizonte,MG
c_004987,cu_002660,306068,Manaus,AM
c_004988,cu_002936,361330,Caxias do Sul,RS
c_004989,cu_004444,769820,Santos,SP
c_004990,cu_003947,167733,Niteroi,RJ
c_004991,cu_001676,571360,Jaboatao dos Guararapes,PE
c_004992,cu_001196,400455,Sao Bernardo do Campo,SP
c_004993,cu_004105,998694,Goiania,GO
c_004994,cu_002787,172839,Belem,PA
c_004995,cu_001461,573472,Sao Paulo,SP
c_004996,cu_003318,599486,Manaus,AM
c_004997,cu_000666,486691,Sao Paulo,SP
c_004998,cu_006689,703955,Salvador,BA
c_004999,cu_005618,982987,Guarulhos,SP
c_005000,cu_002176,731572,Nova Iguacu,RJ
c_005001,cu_003743,511160,Contagem,MG
c_005002,cu_000600,495157,Maringa,PR
c_005003,cu_002652,221678,Sao Paulo,SP
c_005004,cu_004422,709254,Uberlandia,MG
c_005005,cu_003824,658646,Campinas,SP
c_005006,cu_003906,894056,Campinas,SP
c_005007,cu_000979,897997,Guarulhos,SP
c_005008,cu_002451,251442,Nova Iguacu,RJ
c_005009,cu_000628,388341,Santos,SP
c_005010,cu_001629,533944,Santos,SP
c_005011,cu_003696,728976,Santos,SP
c_005012,cu_003430,110263,Guarulhos,SP
c_005013,cu_003674,499369,Duque de Caxias,RJ
c_005014,cu_003929,470897,Santarem,PA
c_005015,cu_002765,439260,Sao Paulo,SP
c_005016,cu_007184,853769,Santarem,PA
c_005017,cu_004369,465926,Londrina,PR
c_005018,cu_004780,658830,Belo Horizonte,MG
c_005019,cu_000115,580237,Belo Horizonte,MG
c_005020,cu_004956,452571,Vitoria da Conquista,BA
c_005021,cu_002003,577731,Campinas,SP
c_005022,cu_000692,713747,Nova Iguacu,RJ
c_005023,cu_003162,725435,Canoas,RS
c_005024,cu_001105,833563,Uberlandia,MG
c_005025,cu_006467,215028,Feira de Santana,BA
c_005026,cu_003008,513750,Santos,SP
c_005027,cu_002161,872912,Canoas,RS
c_005028,cu_005888,491524,Duque de Caxias,RJ
c_005029,cu_000153,732562,Campinas,SP
c_005030,cu_005996,993587,Santos,SP
c_005031,cu_005523,493889,Uberlandia,MG
c_005032,cu_003699,207333,Jaboatao dos Guararapes,PE
c_005033,cu_005385,319225,Nova Iguacu,RJ
c_005034,cu_004410,838361,Salvador,BA
c_005035,cu_003786,929848,Guarulhos,SP
c_005036,cu_001064,748034,Santos,SP
c_005037,cu_004200,385730,Santos,SP
c_005038,cu_006020,772398,Campinas,SP
c_005039,cu_001913,777939,Sao Paulo,SP
c_005040,cu_001216,885697,Campinas,SP
c_005041,cu_005520,830086,Pelotas,RS
c_005042,cu_002401,187890,Ponta Grossa,PR
c_005043,cu_007159,950244,Campinas,SP
c_005044,cu_001772,232178,Santos,SP
c_005045,cu_001960,537580,Sao Paulo,SP
c_005046,cu_002780,988623,Niteroi,RJ
c_005047,cu_005699,946214,Santos,SP
c_005048,cu_004804,622013,Santos,SP
c_005049,cu_004746,402762,Santarem,PA
c_005050,cu_002871,275382,Blumenau,SC
c_005051,cu_005042,918695,Guarulhos,SP
c_005052,cu_000660,955293,Sao Bernardo do Campo,SP
c_005053,cu_006242,185970,Sao Paulo,SP
c_005054,cu_002635,235077,Blumenau,SC
c_005055,cu_002329,591880,Rio de Janeiro,RJ
c_005056,cu_003954,312051,Sao Bernardo do Campo,SP
c_005057,cu_002450,296483,Londrina,PR
c_005058,cu_001132,378138,Sao Bernardo do Campo,SP
c_005059,cu_000699,124379,Sao Bernardo do Campo,SP
c_005060,cu_006342,893866,Guarulhos,SP
c_005061,cu_002038,649431,Rio de Janeiro,RJ
c_005062,cu_006470,870183,Campinas,SP
c_005063,cu_006297,879558,Sao Bernardo do Campo,SP
c_005064,cu_004647,204736,Campinas,SP
c_005065,cu_004500,754465,Campinas,SP
c_005066,cu_004557,822190,Maringa,PR
c_005067,cu_002179,961390,Campinas,SP
c_005068,cu_002838,906213,Santos,SP
c_005069,cu_000873,557070,Belo Horizonte,MG
c_005070,cu_000083,345245,Maringa,PR
c_005071,cu_001422,616373,Florianopolis,SC
c_005072,cu_006897,583327,Niteroi,RJ
c_005073,cu_002675,434022,Santos,SP
c_005074,cu_003180,484448,Curitiba,PR
c_005075,cu_004316,909697,Pelotas,RS
c_005076,cu_003975,937734,Sao Bernardo do Campo,SP
c_005077,cu_006696,231825,Fortaleza,CE
c_005078,cu_001391,425937,Santos,SP
c_005079,cu_003218,401953,Goiania,GO
c_005080,cu_004207,976654,Brasilia,DF
c_005081,cu_000614,540470,Caxias do Sul,RS
c_005082,cu_005677,693736,Manaus,AM
c_005083,cu_002971,972912,Canoas,RS
c_005084,cu_003565,595348,Sao Bernardo do Campo,SP
c_005085,cu_003576,938444,Niteroi,RJ
c_005086,cu_004570,966655,Campinas,SP
c_005087,cu_006979,837831,Campinas,SP
c_005088,cu_006009,343761,Londrina,PR
c_005089,cu_000270,555284,Santos,SP
c_005090,cu_004066,440038,Campinas,SP
c_005091,cu_002468,475483,Belo Horizonte,MG
c_005092,cu_006016,115895,Brasilia,DF
c_005093,cu_006850,283713,Campinas,SP
c_005094,cu_001390,202514,Guarulhos,SP
c_005095,cu_003354,824628,Guarulhos,SP
c_005096,cu_004135,167768,Caxias do Sul,RS
c_005097,cu_006078,504681,Campinas,SP
c_005098,cu_006332,127585,Belo Horizonte,MG
c_005099,cu_005089,258864,Campinas,SP
c_005100,cu_006108,124548,Sao Bernardo do Campo,SP
c_005101,cu_003607,767010,Manaus,AM
c_005102,cu_002583,318432,Guarulhos,SP
c_005103,cu_004073,425135,Duque de Caxias,RJ
c_005104,cu_003075,686369,Guarulhos,SP
c_005105,cu_003906,988974,Rio de Janeiro,RJ
c_005106,cu_000289,341988,Nova Iguacu,RJ
c_005107,cu_002480,839678,Santos,SP
c_005108,cu_006614,830987,Campinas,SP
c_005109,cu_003252,168578,Sao Paulo,SP
c_005110,cu_006771,602360,Porto Alegre,RS
c_005111,cu_000278,583524,Chapeco,SC
c_005112,cu_002924,297280,Nova Iguacu,RJ
c_005113,cu_000580,951624,Contagem,MG
c_005114,cu_004958,589387,Sao Paulo,SP
c_005115,cu_000253,359478,Santos,SP
c_005116,cu_004276,395593,Santos,SP
c_005117,cu_004776,514376,Sao Paulo,SP
c_005118,cu_000824,864463,Santos,SP
c_005119,cu_003832,620845,Nova Iguacu,RJ
c_005120,cu_000699,460547,Belo Horizonte,MG
c_005121,cu_006709,161071,Santarem,PA
c_005122,cu_005445,113097,Santos,SP
c_005123,cu_001380,767312,Uberlandia,MG
c_005124,cu_003896,472989,Chapeco,SC
c_005125,cu_001673,202435,Contagem,MG
c_005126,cu_002727,559121,Sao Paulo,SP
c_005127,cu_006534,150794,Campinas,SP
c_005128,cu_005734,987262,Sao Paulo,SP
c_005129,cu_006053,587685,Sao Bernardo do Campo,SP
c_005130,cu_003156,319328,Londrina,PR
c_005131,cu_003388,354679,Santos,SP
c_005132,cu_004307,565580,Sao Bernardo do Campo,SP
c_005133,cu_005634,875037,Caxias do Sul,RS
c_005134,cu_000383,457428,Florianopolis,SC
c_005135,cu_005810,402390,Rio de Janeiro,RJ
c_005136,cu_000341,154057,Canoas,RS
c_005137,cu_005934,151028,Sao Bernardo do Campo,SP
c_005138,cu_001987,770298,Campinas,SP
c_005139,cu_004059,617957,Campinas,SP
c_005140,cu_004939,908328,Belo Horizonte,MG
c_005141,cu_003109,348024,Belem,PA
c_005142,cu_004082,681977,Sao Paulo,SP
c_005143,cu_005630,774224,Duque de Caxias,RJ
c_005144,cu_004515,790016,Campinas,SP
c_005145,cu_002798,690063,Nova Iguacu,RJ
c_005146,cu_003240,652319,Guarulhos,SP
c_005147,cu_001988,277761,Campinas,SP
c_005148,cu_006028,405836,Chapeco,SC
c_005149,cu_003414,346571,Juiz de Fora,MG
c_005150,cu_001849,101568,Niteroi,RJ
c_005151,cu_000305,358025,Campinas,SP
c_005152,cu_003613,894842,Sao Paulo,SP
c_005153,cu_002749,578978,Santos,SP
c_005154,cu_004964,960261,Vitoria da Conquista,BA
c_005155,cu_006680,823253,Varzea Grande,MT
c_005156,cu_001135,909332,Nova Iguacu,RJ
c_005157,cu_005530,583592,Sao Paulo,SP
c_005158,cu_000205,434364,Vitoria da Conquista,BA
c_005159,cu_004591,787326,Duque de Caxias,RJ
c_005160,cu_003450,555461,Juiz de Fora,MG
c_005161,cu_006005,629265,Campinas,SP
c_005162,cu_003811,706918,Maringa,PR
c_005163,cu_003622,498436,Rio de Janeiro,RJ
c_005164,cu_003599,870181,Blumenau,SC
c_005165,cu_002551,398181,Chapeco,SC
c_005166,cu_005141,160245,Campinas,SP
c_005167,cu_004308,841934,Pelotas,RS
c_005168,cu_000309,944722,Florianopolis,SC
c_005169,cu_002708,348788,Sao Bernardo do Campo,SP
c_005170,cu_001991,168986,Campinas,SP
c_005171,cu_006896,949942,Santos,SP
c_005172,cu_000271,416634,Rio de Janeiro,RJ
c_005173,cu_003642,182549,Guarulhos,SP
c_005174,cu_004086,664711,Contagem,MG
c_005175,cu_001822,781319,Santos,SP
c_005176,cu_007081,153361,Feira de Santana,BA
c_005177,cu_003273,751065,Santos,SP
c_005178,cu_006175,960898,Sao Paulo,SP
c_005179,cu_004538,223789,Rio de Janeiro,RJ
c_005180,cu_006305,576591,Nova Iguacu,RJ
c_005181,cu_006910,583664,Guarulhos,SP
c_005182,cu_004349,145919,Sao Paulo,SP
c_005183,cu_000520,111942,Campinas,SP
c_005184,cu_000976,698071,Porto Alegre,RS
c_005185,cu_003722,748136,Londrina,PR
c_005186,cu_003551,422683,Niteroi,RJ
c_005187,cu_004105,958584,Caxias do Sul,RS
c_005188,cu_002773,637838,Maringa,PR
c_005189,cu_002552,107692,Campinas,SP
c_005190,cu_002832,140819,Cuiaba,MT
c_005191,cu_003907,326758,Feira de Santana,BA
c_005192,cu_005679,657423,Sao Bernardo do Campo,SP
c_005193,cu_006579,483439,Sao Bernardo do Campo,SP
c_005194,cu_005230,830723,Sao Paulo,SP
c_005195,cu_000152,471277,Santos,SP
c_005196,cu_005754,994645,Ponta Grossa,PR
c_005197,cu_002964,592737,Nova Iguacu,RJ
c_005198,cu_002916,634941,Florianopolis,SC
c_005199,cu_002800,716856,Londrina,PR
c_005200,cu_005952,447542,Belo Horizonte,MG
c_005201,cu_005310,154146,Pelotas,RS
c_005202,cu_001752,809298,Sao Bernardo do Campo,SP
c_005203,cu_002610,366183,Sao Bernardo do Campo,SP
c_005204,cu_003875,926017,Belo Horizonte,MG
c_005205,cu_001104,519610,Sao Paulo,SP
c_005206,cu_002536,937797,Campinas,SP
c_005207,cu_004990,543882,Feira de Santana,BA
c_005208,cu_005207,407973,Canoas,RS
c_005209,cu_004199,932712,Sao Paulo,SP
c_005210,cu_003854,138267,Pelotas,RS
c_005211,cu_003494,192777,Joinville,SC
c_005212,cu_001914,156047,Santos,SP
c_005213,cu_003072,189718,Sao Paulo,SP
c_005214,cu_001006,336858,Manaus,AM
c_005215,cu_000406,595338,Campinas,SP
c_005216,cu_005497,339892,Sao Bernardo do Campo,SP
c_005217,cu_000166,674335,Niteroi,RJ
c_005218,cu_000508,358820,Maringa,PR
c_005219,cu_001661,735643,Guarulhos,SP
c_005220,cu_006456,530957,Sao Bernardo do Campo,SP
c_005221,cu_003664,422681,Santos,SP
c_005222,cu_003489,328540,Aparecida de Goiania,GO
c_005223,cu_004858,272848,Sao Bernardo do Campo,SP
c_005224,cu_000680,224933,Belo Horizonte,MG
c_005225,cu_002524,352377,Manaus,AM
c_005226,cu_002120,870270,Guarulhos,SP
c_005227,cu_005260,857825,Dourados,MS
c_005228,cu_004677,153882,Belem,PA
c_005229,cu_004357,246681,Olinda,PE
c_005230,cu_001363,871479,Sao Bernardo do Campo,SP
c_005231,cu_001331,149096,Belo Horizonte,MG
c_005232,cu_002292,270965,Curitiba,PR
c_005233,cu_001538,291833,Aparecida de Goiania,GO
c_005234,cu_003408,702588,Guarulhos,SP
c_005235,cu_000560,709979,Maringa,PR
c_005236,cu_001099,271378,Santos,SP
c_005237,cu_001903,578348,Sao Paulo,SP
c_005238,cu_000174,484493,Rio de Janeiro,RJ
c_005239,cu_002156,933069,Blumenau,SC
c_005240,cu_002230,173216,Rio de Janeiro,RJ
c_005241,cu_004287,476176,Duque de Caxias,RJ
c_005242,cu_004160,817936,Goiania,GO
c_005243,cu_003920,379642,Santos,SP
c_005244,cu_007106,530294,Juiz de Fora,MG
c_005245,cu_001497,264390,Guarulhos,SP
c_005246,cu_003854,540661,Guarulhos,SP
c_005247,cu_003171,436424,Pelotas,RS
c_005248,cu_001567,441192,Manaus,AM
c_005249,cu_007007,669677,Nova Iguacu,RJ
c_005250,cu_001151,344010,Ponta Grossa,PR
c_005251,cu_006033,278239,Guarulhos,SP
c_005252,cu_000368,979636,Sao Paulo,SP
c_005253,cu_004946,890672,Duque de Caxias,RJ
c_005254,cu_000042,236040,Santos,SP
c_005255,cu_001907,197728,Santos,SP
c_005256,cu_003490,879388,Niteroi,RJ
c_005257,cu_002535,430046,Sao Paulo,SP
c_005258,cu_004173,158295,Sao Paulo,SP
c_005259,cu_002873,965117,Nova Iguacu,RJ
c_005260,cu_001824,947591,Uberlandia,MG
c_005261,cu_001293,339826,Manaus,AM
c_005262,cu_004769,223820,Belo Horizonte,MG
c_005263,cu_004796,651839,Sao Paulo,SP
c_005264,cu_004854,636315,Manaus,AM
c_005265,cu_006019,177996,Joinville,SC
c_005266,cu_006871,323645,Campinas,SP
c_005267,cu_003386,468988,Sao Paulo,SP
c_005268,cu_002972,837272,Canoas,RS
c_005269,cu_003922,825049,Contagem,MG
c_005270,cu_004997,824940,Chapeco,SC
c_005271,cu_007032,479614,Londrina,PR
c_005272,cu_000992,530613,Contagem,MG
c_005273,cu_005287,244665,Aparecida de Goiania,GO
c_005274,cu_002386,502147,Rio de Janeiro,RJ
c_005275,cu_002240,648563,Sao Paulo,SP
c_005276,cu_001476,524235,Salvador,BA
c_005277,cu_006426,847584,Sao Bernardo do Campo,SP
c_005278,cu_003407,259676,Londrina,PR
c_005279,cu_000389,421620,Santarem,PA
c_005280,cu_000999,675570,Porto Alegre,RS
c_005281,cu_004620,728322,Uberlandia,MG
c_005282,cu_001855,233720,Duque de Caxias,RJ
c_005283,cu_005602,397420,Campinas,SP
c_005284,cu_000658,547352,Sao Bernardo do Campo,SP
c_005285,cu_002763,666711,Uberlandia,MG
c_005286,cu_003663,976445,Ponta Grossa,PR
c_005287,cu_004986,901358,Canoas,RS
c_005288,cu_001481,601821,Sao Paulo,SP
c_005289,cu_003731,323315,Nova Iguacu,RJ
c_005290,cu_000451,846756,Chapeco,SC
c_005291,cu_002475,504185,Niteroi,RJ
c_005292,cu_003222,365535,Nova Iguacu,RJ
c_005293,cu_001537,471841,Ponta Grossa,PR
c_005294,cu_003093,312929,Uberlandia,MG
c_005295,cu_000882,263078,Guarulhos,SP
c_005296,cu_004408,199161,Olinda,PE
c_005297,cu_004068,559051,Santos,SP
c_005298,cu_004935,786610,Aparecida de Goiania,GO
c_005299,cu_002566,989416,Sao Bernardo do Campo,SP
c_005300,cu_003277,592195,Santos,SP
c_005301,cu_000374,348143,Olinda,PE
c_005302,cu_004546,975419,Campinas,SP
c_005303,cu_003697,955835,Canoas,RS
c_005304,cu_003062,573151,Chapeco,SC
c_005305,cu_004690,198671,Feira de Santana,BA
c_005306,cu_003250,459549,Aparecida de Goiania,GO
c_005307,cu_005329,185487,Sao Bernardo do Campo,SP
c_005308,cu_004595,256990,Caxias do Sul,RS
c_005309,cu_004559,510356,Sao Paulo,SP
c_005310,cu_000112,517635,Guarulhos,SP
c_005311,cu_005131,625497,Salvador,BA
c_005312,cu_003197,890635,Sao Bernardo do Campo,SP
c_005313,cu_002378,700178,Belo Horizonte,MG
c_005314,cu_001924,181444,Duque de Caxias,RJ
c_005315,cu_000139,858159,Belo Horizonte,MG
c_005316,cu_001424,742339,Campo Grande,MS
c_005317,cu_002949,617376,Sao Bernardo do Campo,SP
c_005318,cu_003168,973517,Belo Horizonte,MG
c_005319,cu_000516,604156,Brasilia,DF
c_005320,cu_002616,787055,Duque de Caxias,RJ
c_005321,cu_006043,875944,Sao Bernardo do Campo,SP
c_005322,cu_006989,440660,Belo Horizonte,MG
c_005323,cu_006261,503017,Sao Paulo,SP
c_005324,cu_000887,179253,Guarulhos,SP
c_005325,cu_003104,155459,Salvador,BA
c_005326,cu_005437,440388,Niteroi,RJ
c_005327,cu_000049,236662,Manaus,AM
c_005328,cu_003951,929511,Blumenau,SC
c_005329,cu_003560,820732,Pelotas,RS
c_005330,cu_000018,841968,Sao Paulo,SP
c_005331,cu_004821,695643,Rio de Janeiro,RJ
c_005332,cu_006340,836936,Guarulhos,SP
c_005333,cu_001473,361413,Juazeiro do Norte,CE
c_005334,cu_004061,427179,Santos,SP
c_005335,cu_002606,838436,Guarulhos,SP
c_005336,cu_000451,667849,Rio de Janeiro,RJ
c_005337,cu_006432,433432,Guarulhos,SP
c_005338,cu_005260,940373,Guarulhos,SP
c_005339,cu_005203,175438,Juiz de Fora,MG
c_005340,cu_003765,989253,Campinas,SP
c_005341,cu_002438,137078,Campinas,SP
c_005342,cu_004310,625926,Sao Bernardo do Campo,SP
c_005343,cu_001549,180145,Canoas,RS
c_005344,cu_006358,800741,Juiz de Fora,MG
c_005345,cu_003474,433738,Rio de Janeiro,RJ
c_005346,cu_000127,625875,Contagem,MG
c_005347,cu_005941,796794,Sao Bernardo do Campo,SP
c_005348,cu_004855,698267,Manaus,AM
c_005349,cu_006547,379261,Campinas,SP
c_005350,cu_007196,976426,Caxias do Sul,RS
c_005351,cu_005911,838639,Olinda,PE
c_005352,cu_006481,609681,Chapeco,SC
c_005353,cu_006974,948414,Campinas,SP
c_005354,cu_002761,529389,Sao Bernardo do Campo,SP
c_005355,cu_004456,530880,Caxias do Sul,RS
c_005356,cu_004664,161873,Guarulhos,SP
c_005357,cu_001415,473514,Chapeco,SC
c_005358,cu_006361,911447,Porto Alegre,RS
c_005359,cu_005693,316855,Porto Alegre,RS
c_005360,cu_005788,823568,Campinas,SP
c_005361,cu_000201,216113,Pelotas,RS
c_005362,cu_006160,916027,Porto Alegre,RS
c_005363,cu_002369,831834,Salvador,BA
c_005364,cu_000517,848346,Campinas,SP
c_005365,cu_005444,184427,Sao Bernardo do Campo,SP
c_005366,cu_005531,264339,Sao Bernardo do Campo,SP
c_005367,cu_001341,226316,Guarulhos,SP
c_005368,cu_004776,121550,Juiz de Fora,MG
c_005369,cu_001988,334036,Fortaleza,CE
c_005370,cu_003545,309060,Sao Bernardo do Campo,SP
c_005371,cu_005587,211680,Vitoria da Conquista,BA
c_005372,cu_004520,633472,Guarulhos,SP
c_005373,cu_006064,316166,Guarulhos,SP
c_005374,cu_003802,417622,Sao Bernardo do Campo,SP
c_005375,cu_005808,434594,Sao Paulo,SP
c_005376,cu_003275,393371,Caucaia,CE
c_005377,cu_003654,665569,Guarulhos,SP
c_005378,cu_007162,344869,Belo Horizonte,MG
c_005379,cu_002434,689661,Duque de Caxias,RJ
c_005380,cu_004873,761924,Manaus,AM
c_005381,cu_006241,184437,Sao Bernardo do Campo,SP
c_005382,cu_005922,226890,Guarulhos,SP
c_005383,cu_000207,574465,Guarulhos,SP
c_005384,cu_005633,453045,Rio de Janeiro,RJ
c_005385,cu_005755,931965,Guarulhos,SP
c_005386,cu_002633,326480,Brasilia,DF
c_005387,cu_006309,101964,Juiz de Fora,MG
c_005388,cu_004117,278169,Belo Horizonte,MG
c_005389,cu_000153,785710,Niteroi,RJ
c_005390,cu_006058,974878,Santos,SP
c_005391,cu_003366,398347,Duque de Caxias,RJ
c_005392,cu_004314,559933,Goiania,GO
c_005393,cu_004764,119622,Vitoria da Conquista,BA
c_005394,cu_001518,498841,Recife,PE
c_005395,cu_006373,346941,Vitoria da Conquista,BA
c_005396,cu_006163,427866,Sao Bernardo do Campo,SP
c_005397,cu_002600,602180,Sao Bernardo do Campo,SP
c_005398,cu_005045,807753,Campinas,SP
c_005399,cu_002195,576111,Campinas,SP
c_005400,cu_004498,661252,Santos,SP
c_005401,cu_004691,157482,Rio de Janeiro,RJ
c_005402,cu_003554,879657,Porto Alegre,RS
c_005403,cu_002414,959192,Brasilia,DF
c_005404,cu_005533,245669,Curitiba,PR
c_005405,cu_002849,930860,Manaus,AM
c_005406,cu_007061,957491,Sao Paulo,SP
c_005407,cu_005253,183122,Campinas,SP
c_005408,cu_001742,448179,Belo Horizonte,MG
c_005409,cu_001306,548296,Guarulhos,SP
c_005410,cu_003849,948888,Sao Bernardo do Campo,SP
c_005411,cu_004168,669459,Sao Paulo,SP
c_005412,cu_004576,706217,Sao Paulo,SP
c_005413,cu_004655,627820,Niteroi,RJ
c_005414,cu_004840,588036,Duque de Caxias,RJ
c_005415,cu_005562,159865,Nova Iguacu,RJ
c_005416,cu_004195,887656,Canoas,RS
c_005417,cu_005178,131240,Santos,SP
c_005418,cu_002555,767154,Guarulhos,SP
c_005419,cu_002305,349235,Guarulhos,SP
c_005420,cu_004508,123038,Santos,SP
c_005421,cu_001088,104338,Londrina,PR
c_005422,cu_002642,827811,Londrina,PR
c_005423,cu_001177,638424,Juiz de Fora,MG
c_005424,cu_006104,661567,Campinas,SP
c_005425,cu_006409,650661,Uberlandia,MG
c_005426,cu_004916,463862,Uberlandia,MG
c_005427,cu_004757,851781,Niteroi,RJ
c_005428,cu_002994,428448,Niteroi,RJ
c_005429,cu_000559,936222,Niteroi,RJ
c_005430,cu_002964,161646,Uberlandia,MG
c_005431,cu_007034,745441,Canoas,RS
c_005432,cu_001271,588731,Guarulhos,SP
c_005433,cu_001813,181217,Londrina,PR
c_005434,cu_002915,864276,Guarulhos,SP
c_005435,cu_000609,442456,Guarulhos,SP
c_005436,cu_002461,320754,Campo Grande,MS
c_005437,cu_004120,436861,Belem,PA
c_005438,cu_006124,863920,Santos,SP
c_005439,cu_000283,538030,Rio de Janeiro,RJ
c_005440,cu_005568,282018,Sao Bernardo do Campo,SP
c_005441,cu_002928,118871,Rio de Janeiro,RJ
c_005442,cu_004396,622114,Vitoria da Conquista,BA
c_005443,cu_001091,288824,Ananindeua,PA
c_005444,cu_005126,805990,Uberlandia,MG
c_005445,cu_000816,623313,Campinas,SP
c_005446,cu_000082,103349,Juiz de Fora,MG
c_005447,cu_001920,242923,Campinas,SP
c_005448,cu_003491,298717,Fortaleza,CE
c_005449,cu_003144,727176,Brasilia,DF
c_005450,cu_002093,254788,Uberlandia,MG
c_005451,cu_004713,770767,Guarulhos,SP
c_005452,cu_007071,151310,Campinas,SP
c_005453,cu_006405,617443,Campinas,SP
c_005454,cu_000175,247177,Joinville,SC
c_005455,cu_005285,133721,Niteroi,RJ
c_005456,cu_002704,844419,Guarulhos,SP
c_005457,cu_004937,441298,Rio de Janeiro,RJ
c_005458,cu_000369,197679,Chapeco,SC
c_005459,cu_001818,506849,Guarulhos,SP
c_005460,cu_002101,187191,Vitoria da Conquista,BA
c_005461,cu_004785,358982,Recife,PE
c_005462,cu_003490,254961,Ananindeua,PA
c_005463,cu_001779,546126,Santos,SP
c_005464,cu_001364,362131,Santos,SP
c_005465,cu_005528,935185,Campinas,SP
c_005466,cu_004462,739931,Sao Bernardo do Campo,SP
c_005467,cu_003342,756559,Campinas,SP
c_005468,cu_004739,810554,Juiz de Fora,MG
c_005469,cu_003676,393417,Niteroi,RJ
c_005470,cu_002426,379574,Brasilia,DF
c_005471,cu_000072,532849,Guarulhos,SP
c_005472,cu_002962,532814,Juiz de Fora,MG
c_005473,cu_005367,411655,Maringa,PR
c_005474,cu_000859,474726,Londrina,PR
c_005475,cu_003856,782439,Recife,PE
c_005476,cu_004138,245988,Canoas,RS
c_005477,cu_002424,345145,Manaus,AM
c_005478,cu_001064,509054,Guarulhos,SP
c_005479,cu_002217,996359,Nova Iguacu,RJ
c_005480,cu_004017,211164,Sao Paulo,SP
c_005481,cu_002259,458559,Sao Paulo,SP
c_005482,cu_005612,337331,Guarulhos,SP
c_005483,cu_003751,784295,Sao Paulo,SP
c_005484,cu_002086,609879,Guarulhos,SP
c_005485,cu_000368,572312,Sao Paulo,SP
c_005486,cu_002804,392579,Guarulhos,SP
c_005487,cu_000150,799258,Fortaleza,CE
c_005488,cu_001134,559044,Guarulhos,SP
c_005489,cu_005599,708716,Londrina,PR
c_005490,cu_005555,920164,Guarulhos,SP
c_005491,cu_005166,357832,Caucaia,CE
c_005492,cu_005119,500075,Jaboatao dos Guararapes,PE
c_005493,cu_005694,633918,Belo Horizonte,MG
c_005494,cu_002784,371688,Pelotas,RS
c_005495,cu_006136,280991,Guarulhos,SP
c_005496,cu_005485,683087,Aparecida de Goiania,GO
c_005497,cu_004164,393192,Brasilia,DF
c_005498,cu_002346,541214,Olinda,PE
c_005499,cu_005039,751378,Uberlandia,MG
c_005500,cu_004897,732324,Sao Bernardo do Campo,SP
c_005501,cu_006439,774597,Olinda,PE
c_005502,cu_002250,620229,Campinas,SP
c_005503,cu_000060,918125,Juiz de Fora,MG
c_005504,cu_005041,952234,Santos,SP
c_005505,cu_003010,583966,Manaus,AM
c_005506,cu_003901,174618,Sao Paulo,SP
c_005507,cu_001337,894674,Santos,SP
c_005508,cu_001184,632128,Belo Horizonte,MG
c_005509,cu_004426,814865,Curitiba,PR
c_005510,cu_001551,302477,Contagem,MG
c_005511,cu_004433,717316,Santos,SP
c_005512,cu_001629,371131,Sao Bernardo do Campo,SP
c_005513,cu_001327,819769,Curitiba,PR
c_005514,cu_001526,270229,Goiania,GO
c_005515,cu_001673,652958,Blumenau,SC
c_005516,cu_001361,865551,Nova Iguacu,RJ
c_005517,cu_001573,732443,Juazeiro do Norte,CE
c_005518,cu_002686,931378,Campinas,SP
c_005519,cu_004370,126537,Niteroi,RJ
c_005520,cu_005283,637886,Rio de Janeiro,RJ
c_005521,cu_002366,143175,Nova Iguacu,RJ
c_005522,cu_006732,803744,Maringa,PR
c_005523,cu_006647,208561,Rio de Janeiro,RJ
c_005524,cu_003757,725956,Campinas,SP
c_005525,cu_002434,348537,Santos,SP
c_005526,cu_001993,929232,Campinas,SP
c_005527,cu_000869,607844,Juiz de Fora,MG
c_005528,cu_006976,404841,Sao Paulo,SP
c_005529,cu_001014,482225,Santos,SP
c_005530,cu_001911,626360,Uberlandia,MG
c_005531,cu_000602,657063,Porto Alegre,RS
c_005532,cu_003821,564095,Londrina,PR
c_005533,cu_005895,983933,Duque de Caxias,RJ
c_005534,cu_000690,617273,Recife,PE
c_005535,cu_000493,336146,Manaus,AM
c_005536,cu_000489,172321,Joinville,SC
c_005537,cu_006864,927513,Uberlandia,MG
c_005538,cu_002556,236588,Sao Paulo,SP
c_005539,cu_004485,974146,Aparecida de Goiania,GO
c_005540,cu_000294,485384,Sao Paulo,SP
c_005541,cu_005488,696033,Guarulhos,SP
c_005542,cu_004027,868947,Rio de Janeiro,RJ
c_005543,cu_002843,449846,Sao Paulo,SP
c_005544,cu_002912,398541,Dourados,MS
c_005545,cu_001717,940323,Belo Horizonte,MG
c_005546,cu_002596,519119,Belo Horizonte,MG
c_005547,cu_004744,751725,Contagem,MG
c_005548,cu_001873,775127,Niteroi,RJ
c_005549,cu_004663,817465,Campinas,SP
c_005550,cu_003258,906156,Juiz de Fora,MG
c_005551,cu_006996,187891,Canoas,RS
c_005552,cu_002817,727242,Campinas,SP
c_005553,cu_000444,260968,Ponta Grossa,PR
c_005554,cu_003641,610941,Sao Paulo,SP
c_005555,cu_004458,344887,Santos,SP
c_005556,cu_006266,313630,Campinas,SP
c_005557,cu_005307,796615,Campinas,SP
c_005558,cu_000741,876358,Feira de Santana,BA
c_005559,cu_002041,108335,Vitoria da Conquista,BA
c_005560,cu_000679,366853,Santos,SP
c_005561,cu_002467,989038,Contagem,MG
c_005562,cu_003697,541491,Canoas,RS
c_005563,cu_005738,757285,Guarulhos,SP
c_005564,cu_005668,389412,Campinas,SP
c_005565,cu_001358,289082,Campo Grande,MS
c_005566,cu_006235,311563,Juiz de Fora,MG
c_005567,cu_000062,406329,Goiania,GO
c_005568,cu_002559,280614,Sao Bernardo do Campo,SP
c_005569,cu_005258,948716,Canoas,RS
c_005570,cu_003769,649346,Sao Paulo,SP
c_005571,cu_005324,922352,Campinas,SP
c_005572,cu_006915,912645,Nova Iguacu,RJ
c_005573,cu_004351,179275,Sao Bernardo do Campo,SP
c_005574,cu_000134,942127,Campinas,SP
c_005575,cu_003644,178924,Campinas,SP
c_005576,cu_004970,545745,Sao Bernardo do Campo,SP
c_005577,cu_004917,767150,Pelotas,RS
c_005578,cu_002135,563583,Niteroi,RJ
c_005579,cu_007131,773826,Santos,SP
c_005580,cu_003278,615567,Sao Paulo,SP
c_005581,cu_000822,763329,Guarulhos,SP
c_005582,cu_003074,123261,Contagem,MG
c_005583,cu_005069,884933,Sao Bernardo do Campo,SP
c_005584,cu_002981,894041,Londrina,PR
c_005585,cu_005873,434484,Guarulhos,SP
c_005586,cu_000120,477932,Sao Paulo,SP
c_005587,cu_001637,217231,Jaboatao dos Guararapes,PE
c_005588,cu_005460,874441,Canoas,RS
c_005589,cu_005103,896391,Santos,SP
c_005590,cu_000924,407863,Vitoria da Conquista,BA
c_005591,cu_000644,391779,Duque de Caxias,RJ
c_005592,cu_002032,732667,Vitoria da Conquista,BA
c_005593,cu_002761,257955,Juiz de Fora,MG
c_005594,cu_007003,296082,Pelotas,RS
c_005595,cu_002068,890211,Aparecida de Goiania,GO
c_005596,cu_000241,484496,Campinas,SP
c_005597,cu_006598,241987,Uberlandia,MG
c_005598,cu_007106,594244,Niteroi,RJ
c_005599,cu_002668,930728,Sao Paulo,SP
c_005600,cu_006446,619872,Campinas,SP
c_005601,cu_005715,700217,Sao Paulo,SP
c_005602,cu_000802,614222,Juiz de Fora,MG
c_005603,cu_005059,154239,Belo Horizonte,MG
c_005604,cu_004164,987311,Belo Horizonte,MG
c_005605,cu_005248,497834,Santos,SP
c_005606,cu_000195,986031,Rio de Janeiro,RJ
c_005607,cu_002187,880528,Manaus,AM
c_005608,cu_003515,196850,Guarulhos,SP
c_005609,cu_002330,884538,Juiz de Fora,MG
c_005610,cu_002359,659117,Curitiba,PR
c_005611,cu_004841,847015,Blumenau,SC
c_005612,cu_003606,581990,Niteroi,RJ
c_005613,cu_005784,423517,Feira de Santana,BA
c_005614,cu_000276,125186,Sao Bernardo do Campo,SP
c_005615,cu_000060,840973,Recife,PE
c_005616,cu_003390,499832,Sao Paulo,SP
c_005617,cu_001913,618090,Campinas,SP
c_005618,cu_006195,642197,Campinas,SP
c_005619,cu_003927,897819,Joinville,SC
c_005620,cu_006296,914112,Campinas,SP
c_005621,cu_005868,357768,Guarulhos,SP
c_005622,cu_005430,913393,Sao Paulo,SP
c_005623,cu_005933,205828,Fortaleza,CE
c_005624,cu_002591,465981,Feira de Santana,BA
c_005625,cu_000566,636866,Contagem,MG
c_005626,cu_003935,847219,Uberlandia,MG
c_005627,cu_001571,508038,Niteroi,RJ
c_005628,cu_004717,122280,Sao Bernardo do Campo,SP
c_005629,cu_006121,621777,Caucaia,CE
c_005630,cu_001200,353698,Santos,SP
c_005631,cu_004409,235733,Sao Bernardo do Campo,SP
c_005632,cu_002854,872248,Santos,SP
c_005633,cu_002895,237134,Nova Iguacu,RJ
c_005634,cu_006240,287477,Niteroi,RJ
c_005635,cu_007024,436198,Nova Iguacu,RJ
c_005636,cu_001236,214295,Campinas,SP
c_005637,cu_006972,975664,Duque de Caxias,RJ
c_005638,cu_000136,789862,Sao Bernardo do Campo,SP
c_005639,cu_001029,599872,Guarulhos,SP
c_005640,cu_007154,534218,Santos,SP
c_005641,cu_002156,436296,Ponta Grossa,PR
c_005642,cu_002594,722714,Duque de Caxias,RJ
c_005643,cu_000661,224435,Juiz de Fora,MG
c_005644,cu_002472,791494,Caxias do Sul,RS
c_005645,cu_002677,630622,Porto Alegre,RS
c_005646,cu_002308,551496,Duque de Caxias,RJ
c_005647,cu_000086,945062,Guarulhos,SP
c_005648,cu_002512,335854,Campinas,SP
c_005649,cu_006219,661553,Juiz de Fora,MG
c_005650,cu_006614,337677,Rio de Janeiro,RJ
c_005651,cu_006557,409661,Feira de Santana,BA
c_005652,cu_006968,156110,Brasilia,DF
c_005653,cu_002942,923169,Santos,SP
c_005654,cu_002773,787182,Guarulhos,SP
c_005655,cu_002504,802193,Belo Horizonte,MG
c_005656,cu_005404,887629,Guarulhos,SP
c_005657,cu_003310,509794,Guarulhos,SP
c_005658,cu_001700,782239,Recife,PE
c_005659,cu_003670,718619,Guarulhos,SP
c_005660,cu_002700,456057,Manaus,AM
c_005661,cu_006815,368594,Caxias do Sul,RS
c_005662,cu_003629,582126,Curitiba,PR
c_005663,cu_004590,880714,Guarulhos,SP
c_005664,cu_001647,222183,Campinas,SP
c_005665,cu_006038,323975,Nova Iguacu,RJ
c_005666,cu_005164,789313,Sao Bernardo do Campo,SP
c_005667,cu_005520,640393,Campinas,SP
c_005668,cu_003318,618576,Santos,SP
c_005669,cu_003687,514234,Campinas,SP
c_005670,cu_000596,260188,Sao Bernardo do Campo,SP
c_005671,cu_004545,669878,Blumenau,SC
c_005672,cu_000484,180759,Santos,SP
c_005673,cu_000645,930649,Sao Paulo,SP
c_005674,cu_006763,916550,Belo Horizonte,MG
c_005675,cu_003089,517151,Campo Grande,MS
c_005676,cu_005725,256852,Santos,SP
c_005677,cu_004757,174176,Sao Bernardo do Campo,SP
c_005678,cu_004853,743750,Contagem,MG
c_005679,cu_004384,393372,Juazeiro do Norte,CE
c_005680,cu_000720,550956,Chapeco,SC
c_005681,cu_004733,690964,Belo Horizonte,MG
c_005682,cu_006378,321870,Sao Paulo,SP
c_005683,cu_006559,900941,Rio de Janeiro,RJ
c_005684,cu_007081,251413,Guarulhos,SP
c_005685,cu_000498,872481,Porto Alegre,RS
c_005686,cu_007117,202229,Pelotas,RS
c_005687,cu_004729,375874,Varzea Grande,MT
c_005688,cu_001673,580832,Campinas,SP
c_005689,cu_006126,983335,Santos,SP
c_005690,cu_003067,773371,Duque de Caxias,RJ
c_005691,cu_000114,590740,Canoas,RS
c_005692,cu_002979,422592,Blumenau,SC
c_005693,cu_004769,302114,Sao Bernardo do Campo,SP
c_005694,cu_001736,410625,Campinas,SP
c_005695,cu_005353,986291,Duque de Caxias,RJ
c_005696,cu_003611,358488,Santos,SP
c_005697,cu_007178,227784,Brasilia,DF
c_005698,cu_002253,686080,Nova Iguacu,RJ
c_005699,cu_002294,805759,Chapeco,SC
c_005700,cu_003630,946765,Juiz de Fora,MG
c_005701,cu_006901,448132,Ponta Grossa,PR
c_005702,cu_000146,677222,Sao Paulo,SP
c_005703,cu_006261,633667,Salvador,BA
c_005704,cu_003982,512226,Sao Bernardo do Campo,SP
c_005705,cu_003453,889747,Rio de Janeiro,RJ
c_005706,cu_004507,805178,Guarulhos,SP
c_005707,cu_005783,506877,Rio de Janeiro,RJ
c_005708,cu_002410,538098,Sao Paulo,SP
c_005709,cu_005628,354525,Sao Bernardo do Campo,SP
c_005710,cu_000136,866575,Cuiaba,MT
c_005711,cu_003360,281477,Sao Paulo,SP
c_005712,cu_003005,473126,Blumenau,SC
c_005713,cu_003552,868591,Aparecida de Goiania,GO
c_005714,cu_000018,686963,Santos,SP
c_005715,cu_002242,927374,Canoas,RS
c_005716,cu_006473,134238,Sao Bernardo do Campo,SP
c_005717,cu_006055,340872,Sao Bernardo do Campo,SP
c_005718,cu_006318,162354,Sao Bernardo do Campo,SP
c_005719,cu_005097,447252,Manaus,AM
c_005720,cu_000448,976977,Sao Paulo,SP
c_005721,cu_001948,251543,Uberlandia,MG
c_005722,cu_000945,919232,Rio de Janeiro,RJ
c_005723,cu_005473,190125,Brasilia,DF
c_005724,cu_005618,875536,Guarulhos,SP
c_005725,cu_004236,306637,Caxias do Sul,RS
c_005726,cu_006901,956277,Caxias do Sul,RS
c_005727,cu_001920,796016,Contagem,MG
c_005728,cu_002977,359634,Ananindeua,PA
c_005729,cu_004188,432150,Vitoria da Conquista,BA
c_005730,cu_004015,362150,Santos,SP
c_005731,cu_000238,484197,Rio de Janeiro,RJ
c_005732,cu_000204,555857,Guarulhos,SP
c_005733,cu_002607,591821,Guarulhos,SP
c_005734,cu_005552,533978,Niteroi,RJ
c_005735,cu_004340,176868,Santos,SP
c_005736,cu_004927,838855,Duque de Caxias,RJ
c_005737,cu_003388,861728,Campo Grande,MS
c_005738,cu_002972,857949,Campinas,SP
c_005739,cu_004390,745660,Manaus,AM
c_005740,cu_002687,511777,Duque de Caxias,RJ
c_005741,cu_004951,343969,Contagem,MG
c_005742,cu_006160,708698,Feira de Santana,BA
c_005743,cu_004166,939159,Sao Paulo,SP
c_005744,cu_005388,654244,Niteroi,RJ
c_005745,cu_001348,303687,Santos,SP
c_005746,cu_004400,309156,Guarulhos,SP
c_005747,cu_005126,526340,Manaus,AM
c_005748,cu_005433,338483,Feira de Santana,BA
c_005749,cu_000816,732625,Sao Paulo,SP
c_005750,cu_005222,866377,Guarulhos,SP
c_005751,cu_000820,872150,Nova Iguacu,RJ
c_005752,cu_000192,130593,Santos,SP
c_005753,cu_001776,305384,Uberlandia,MG
c_005754,cu_003645,681226,Campinas,SP
c_005755,cu_004624,545666,Nova Iguacu,RJ
c_005756,cu_006314,285825,Sao Paulo,SP
c_005757,cu_000250,297197,Sao Paulo,SP
c_005758,cu_001788,312765,Canoas,RS
c_005759,cu_006684,847658,Duque de Caxias,RJ
c_005760,cu_003700,765213,Dourados,MS
c_005761,cu_006122,538744,Brasilia,DF
c_005762,cu_002463,290972,Campinas,SP
c_005763,cu_006937,242861,Sao Paulo,SP
c_005764,cu_005499,234850,Feira de Santana,BA
c_005765,cu_001167,130996,Juazeiro do Norte,CE
c_005766,cu_006168,678965,Feira de Santana,BA
c_005767,cu_003893,756823,Campinas,SP
c_005768,cu_006811,985234,Goiania,GO
c_005769,cu_001096,314262,Campinas,SP
c_005770,cu_002679,573933,Canoas,RS
c_005771,cu_001847,145838,Juazeiro do Norte,CE
c_005772,cu_003904,133776,Santos,SP
c_005773,cu_000504,645094,Juazeiro do Norte,CE
c_005774,cu_001621,502098,Santos,SP
c_005775,cu_006479,664356,Campo Grande,MS
c_005776,cu_002472,134564,Guarulhos,SP
c_005777,cu_002546,951692,Santarem,PA
c_005778,cu_001387,313847,Campinas,SP
c_005779,cu_002994,971528,Canoas,RS
c_005780,cu_006773,881691,Rio de Janeiro,RJ
c_005781,cu_003816,125896,Niteroi,RJ
c_005782,cu_005318,832567,Sao Bernardo do Campo,SP
c_005783,cu_000717,748762,Canoas,RS
c_005784,cu_003484,698813,Sao Bernardo do Campo,SP
c_005785,cu_004434,566463,Contagem,MG
c_005786,cu_000658,560437,Campinas,SP
c_005787,cu_005057,734365,Ananindeua,PA
c_005788,cu_004008,950057,Santos,SP
c_005789,cu_004524,867534,Sao Paulo,SP
c_005790,cu_004994,900139,Santos,SP
c_005791,cu_004234,330632,Campinas,SP
c_005792,cu_003764,614033,Guarulhos,SP
c_005793,cu_002989,196010,Duque de Caxias,RJ
c_005794,cu_004637,962981,Brasilia,DF
c_005795,cu_002104,776743,Caxias do Sul,RS
c_005796,cu_001255,251212,Uberlandia,MG
c_005797,cu_006801,139171,Campinas,SP
c_005798,cu_002482,717617,Canoas,RS
c_005799,cu_000383,671935,Guarulhos,SP
c_005800,cu_002607,460038,Florianopolis,SC
c_005801,cu_000193,744282,Guarulhos,SP
c_005802,cu_003807,888514,Sao Paulo,SP
c_005803,cu_003719,783365,Campinas,SP
c_005804,cu_002581,694454,Salvador,BA
c_005805,cu_002565,133445,Sao Paulo,SP
c_005806,cu_002763,832815,Juiz de Fora,MG
c_005807,cu_002798,380785,Sao Bernardo do Campo,SP
c_005808,cu_006328,619054,Canoas,RS
c_005809,cu_005991,416316,Caucaia,CE
c_005810,cu_002339,848833,Rio de Janeiro,RJ
c_005811,cu_003406,565270,Rio de Janeiro,RJ
c_005812,cu_000731,345041,Manaus,AM
c_005813,cu_006259,435774,Nova Iguacu,RJ
c_005814,cu_002872,909566,Niteroi,RJ
c_005815,cu_003120,908394,Contagem,MG
c_005816,cu_004780,915539,Canoas,RS
c_005817,cu_004177,633868,Campinas,SP
c_005818,cu_006977,633771,Feira de Santana,BA
c_005819,cu_006476,746563,Niteroi,RJ
c_005820,cu_002604,305747,Sao Bernardo do Campo,SP
c_005821,cu_002382,397438,Florianopolis,SC
c_005822,cu_000531,664854,Sao Bernardo do Campo,SP
c_005823,cu_006079,284096,Guarulhos,SP
c_005824,cu_004316,728984,Belo Horizonte,MG
c_005825,cu_000634,821929,Jaboatao dos Guararapes,PE
c_005826,cu_001769,431430,Olinda,PE
c_005827,cu_003804,634062,Ananindeua,PA
c_005828,cu_002370,145295,Brasilia,DF
c_005829,cu_005970,139283,Sao Paulo,SP
c_005830,cu_000002,405084,Campinas,SP
c_005831,cu_005813,579447,Blumenau,SC
c_005832,cu_000205,944655,Guarulhos,SP
c_005833,cu_005951,736341,Belo Horizonte,MG
c_005834,cu_004135,907948,Uberlandia,MG
c_005835,cu_006202,250566,Guarulhos,SP
c_005836,cu_007094,840929,Juazeiro do Norte,CE
c_005837,cu_002621,120991,Rio de Janeiro,RJ
c_005838,cu_004739,552194,Nova Iguacu,RJ
c_005839,cu_005626,311943,Aparecida de Goiania,GO
c_005840,cu_006003,117720,Niteroi,RJ
c_005841,cu_002890,949019,Santos,SP
c_005842,cu_003193,456681,Rio de Janeiro,RJ
c_005843,cu_002666,127474,Florianopolis,SC
c_005844,cu_006239,399512,Curitiba,PR
c_005845,cu_003306,105253,Chapeco,SC
c_005846,cu_000897,877557,Pelotas,RS
c_005847,cu_001085,262737,Sao Paulo,SP
c_005848,cu_001279,882360,Brasilia,DF
c_005849,cu_006704,960834,Olinda,PE
c_005850,cu_007048,255335,Santos,SP
c_005851,cu_006491,346953,Santos,SP
c_005852,cu_000670,247452,Campo Grande,MS
c_005853,cu_001505,747773,Brasilia,DF
c_005854,cu_006460,133789,Jaboatao dos Guararapes,PE
c_005855,cu_003575,946074,Olinda,PE
c_005856,cu_004814,208723,Duque de Caxias,RJ
c_005857,cu_005167,984886,Juiz de Fora,MG
c_005858,cu_001955,382882,Niteroi,RJ
c_005859,cu_005255,497315,Sao Bernardo do Campo,SP
c_005860,cu_000249,595746,Curitiba,PR
c_005861,cu_006457,233662,Duque de Caxias,RJ
c_005862,cu_001892,266743,Uberlandia,MG
c_005863,cu_003439,221290,Nova Iguacu,RJ
c_005864,cu_001853,677670,Rio de Janeiro,RJ
c_005865,cu_002854,538152,Campinas,SP
c_005866,cu_001503,467616,Santos,SP
c_005867,cu_003385,504055,Santos,SP
c_005868,cu_003571,282723,Sao Bernardo do Campo,SP
c_005869,cu_003792,421965,Dourados,MS
c_005870,cu_003426,777190,Sao Paulo,SP
c_005871,cu_006628,551134,Sao Paulo,SP
c_005872,cu_005330,777058,Belo Horizonte,MG
c_005873,cu_000043,732836,Juiz de Fora,MG
c_005874,cu_003612,168554,Sao Paulo,SP
c_005875,cu_002618,953224,Joinville,SC
c_005876,cu_004678,173398,Chapeco,SC
c_005877,cu_003163,645037,Santos,SP
c_005878,cu_001288,273281,Sao Bernardo do Campo,SP
c_005879,cu_002942,752779,Manaus,AM
c_005880,cu_000219,730357,Feira de Santana,BA
c_005881,cu_001925,903121,Pelotas,RS
c_005882,cu_002972,571070,Sao Bernardo do Campo,SP
c_005883,cu_003513,244196,Sao Bernardo do Campo,SP
c_005884,cu_002448,238490,Uberlandia,MG
c_005885,cu_003471,539669,Sao Paulo,SP
c_005886,cu_002774,580080,Duque de Caxias,RJ
c_005887,cu_000990,126887,Belo Horizonte,MG
c_005888,cu_002946,966957,Guarulhos,SP
c_005889,cu_001812,123858,Chapeco,SC
c_005890,cu_004953,980167,Feira de Santana,BA
c_005891,cu_000803,876882,Sao Paulo,SP
c_005892,cu_000489,678548,Salvador,BA
c_005893,cu_003556,717412,Sao Paulo,SP
c_005894,cu_005876,644520,Feira de Santana,BA
c_005895,cu_001493,333344,Guarulhos,SP
c_005896,cu_003645,558152,Sao Paulo,SP
c_005897,cu_007081,935996,Uberlandia,MG
c_005898,cu_002891,688651,Niteroi,RJ
c_005899,cu_001705,905412,Caucaia,CE
c_005900,cu_003516,851387,Santos,SP
c_005901,cu_003340,210830,Campinas,SP
c_005902,cu_006410,222486,Nova Iguacu,RJ
c_005903,cu_000053,852862,Duque de Caxias,RJ
c_005904,cu_002575,385955,Campinas,SP
c_005905,cu_003591,930097,Canoas,RS
c_005906,cu_000615,433854,Londrina,PR
c_005907,cu_005178,823153,Feira de Santana,BA
c_005908,cu_005944,481390,Campo Grande,MS
c_005909,cu_000954,464570,Sao Bernardo do Campo,SP
c_005910,cu_002433,441721,Porto Alegre,RS
c_005911,cu_001629,760918,Sao Bernardo do Campo,SP
c_005912,cu_002781,414511,Caxias do Sul,RS
c_005913,cu_006859,830352,Rio de Janeiro,RJ
c_005914,cu_000649,871023,Aparecida de Goiania,GO
c_005915,cu_002347,643953,Canoas,RS
c_005916,cu_004490,954411,Santarem,PA
c_005917,cu_003278,448745,Feira de Santana,BA
c_005918,cu_005455,853796,Caucaia,CE
c_005919,cu_002640,503078,Chapeco,SC
c_005920,cu_003801,443889,Niteroi,RJ
c_005921,cu_002561,436733,Sao Bernardo do Campo,SP
c_005922,cu_003249,246537,Guarulhos,SP
c_005923,cu_006539,157334,Santos,SP
c_005924,cu_000370,177447,Niteroi,RJ
c_005925,cu_000857,803095,Niteroi,RJ
c_005926,cu_004886,902154,Duque de Caxias,RJ
c_005927,cu_004753,243941,Campo Grande,MS
c_005928,cu_006879,842483,Fortaleza,CE
c_005929,cu_005488,770073,Sao Paulo,SP
c_005930,cu_000383,733916,Guarulhos,SP
c_005931,cu_006205,106962,Rio de Janeiro,RJ
c_005932,cu_003877,993482,Sao Bernardo do Campo,SP
c_005933,cu_002552,515055,Blumenau,SC
c_005934,cu_004334,960173,Rio de Janeiro,RJ
c_005935,cu_004290,914318,Contagem,MG
c_005936,cu_002725,787024,Salvador,BA
c_005937,cu_004034,524225,Florianopolis,SC
c_005938,cu_003293,877860,Campinas,SP
c_005939,cu_006204,219716,Canoas,RS
c_005940,cu_005248,333767,Duque de Caxias,RJ
c_005941,cu_007133,908626,Guarulhos,SP
c_005942,cu_006828,419336,Campinas,SP
c_005943,cu_006111,622039,Rio de Janeiro,RJ
c_005944,cu_004251,753176,Guarulhos,SP
c_005945,cu_003988,944123,Campinas,SP
c_005946,cu_000922,126649,Porto Alegre,RS
c_005947,cu_002915,531012,Ponta Grossa,PR
c_005948,cu_002950,699982,Sao Paulo,SP
c_005949,cu_005705,342785,Guarulhos,SP
c_005950,cu_003046,906425,Vitoria da Conquista,BA
c_005951,cu_000974,698181,Sao Paulo,SP
c_005952,cu_001230,507755,Manaus,AM
c_005953,cu_002435,164942,Contagem,MG
c_005954,cu_001814,385660,Santos,SP
c_005955,cu_002934,657871,Sao Paulo,SP
c_005956,cu_004933,911684,Sao Bernardo do Campo,SP
c_005957,cu_006103,229368,Sao Paulo,SP
c_005958,cu_001363,371353,Campinas,SP
c_005959,cu_003940,959593,Uberlandia,MG
c_005960,cu_006483,503220,Santos,SP
c_005961,cu_000203,360619,Niteroi,RJ
c_005962,cu_000160,520654,Juiz de Fora,MG
c_005963,cu_004487,437443,Guarulhos,SP
c_005964,cu_000768,864032,Santos,SP
c_005965,cu_003748,707885,Guarulhos,SP
c_005966,cu_006718,936675,Campinas,SP
c_005967,cu_002581,236389,Londrina,PR
c_005968,cu_001093,848958,Campinas,SP
c_005969,cu_007036,895177,Chapeco,SC
c_005970,cu_004500,309086,Nova Iguacu,RJ
c_005971,cu_000607,114891,Rio de Janeiro,RJ
c_005972,cu_005710,609893,Duque de Caxias,RJ
c_005973,cu_001540,311313,Porto Alegre,RS
c_005974,cu_002875,701016,Campinas,SP
c_005975,cu_003191,210993,Campinas,SP
c_005976,cu_001837,941813,Juiz de Fora,MG
c_005977,cu_000689,410668,Guarulhos,SP
c_005978,cu_003759,946131,Duque de Caxias,RJ
c_005979,cu_002949,949539,Contagem,MG
c_005980,cu_005336,614816,Nova Iguacu,RJ
c_005981,cu_002103,293222,Uberlandia,MG
c_005982,cu_000365,933315,Rio de Janeiro,RJ
c_005983,cu_005818,677550,Londrina,PR
c_005984,cu_003575,194794,Canoas,RS
c_005985,cu_004550,176525,Duque de Caxias,RJ
c_005986,cu_004199,817233,Canoas,RS
c_005987,cu_004172,349619,Brasilia,DF
c_005988,cu_004325,456268,Duque de Caxias,RJ
c_005989,cu_006033,641040,Guarulhos,SP
c_005990,cu_002378,766475,Maringa,PR
c_005991,cu_001205,872325,Belo Horizonte,MG
c_005992,cu_004988,361274,Campinas,SP
c_005993,cu_003839,219979,Recife,PE
c_005994,cu_005669,803284,Sao Paulo,SP
c_005995,cu_002735,732390,Londrina,PR
c_005996,cu_006170,578649,Londrina,PR
c_005997,cu_003347,985672,Santarem,PA
c_005998,cu_001675,416247,Sao Bernardo do Campo,SP
c_005999,cu_000298,241646,Contagem,MG
c_006000,cu_000956,970891,Rio de Janeiro,RJ
c_006001,cu_006942,882921,Campinas,SP
c_006002,cu_001114,950753,Campinas,SP
c_006003,cu_006623,857315,Contagem,MG
c_006004,cu_006716,293473,Rio de Janeiro,RJ
c_006005,cu_002505,534426,Sao Bernardo do Campo,SP
c_006006,cu_001474,842619,Juiz de Fora,MG
c_006007,cu_004460,733472,Curitiba,PR
c_006008,cu_007002,656594,Ponta Grossa,PR
c_006009,cu_005794,252518,Fortaleza,CE
c_006010,cu_004446,279442,Sao Bernardo do Campo,SP
c_006011,cu_003726,782621,Ananindeua,PA
c_006012,cu_003471,467694,Brasilia,DF
c_006013,cu_006396,736941,Sao Paulo,SP
c_006014,cu_002828,682677,Santos,SP
c_006015,cu_006000,319290,Nova Iguacu,RJ
c_006016,cu_002850,829926,Santos,SP
c_006017,cu_005107,887131,Belo Horizonte,MG
c_006018,cu_002506,635169,Uberlandia,MG
c_006019,cu_003770,307629,Maringa,PR
c_006020,cu_002964,523537,Duque de Caxias,RJ
c_006021,cu_004594,724115,Campinas,SP
c_006022,cu_000949,511421,Salvador,BA
c_006023,cu_006090,358422,Sao Bernardo do Campo,SP
c_006024,cu_006142,248885,Campo Grande,MS
c_006025,cu_004603,740233,Sao Paulo,SP
c_006026,cu_005423,904754,Belem,PA
c_006027,cu_006644,862310,Santos,SP
c_006028,cu_002850,592824,Campinas,SP
c_006029,cu_006741,831512,Campinas,SP
c_006030,cu_000165,169863,Porto Alegre,RS
c_006031,cu_003486,681946,Salvador,BA
c_006032,cu_002509,315332,Duque de Caxias,RJ
c_006033,cu_000919,700827,Manaus,AM
c_006034,cu_000113,613640,Contagem,MG
c_006035,cu_003504,195957,Juiz de Fora,MG
c_006036,cu_000991,946954,Feira de Santana,BA
c_006037,cu_006047,858773,Santos,SP
c_006038,cu_006350,577084,Sao Paulo,SP
c_006039,cu_003839,492136,Caucaia,CE
c_006040,cu_001258,234726,Caucaia,CE
c_006041,cu_003426,708520,Campo Grande,MS
c_006042,cu_000514,586867,Fortaleza,CE
c_006043,cu_005327,496091,Campinas,SP
c_006044,cu_004804,350589,Vitoria da Conquista,BA
c_006045,cu_003196,273783,Sao Paulo,SP
c_006046,cu_006281,210823,Aparecida de Goiania,GO
c_006047,cu_004434,676025,Duque de Caxias,RJ
c_006048,cu_002584,309651,Contagem,MG
c_006049,cu_000067,135875,Nova Iguacu,RJ
c_006050,cu_001596,207618,Sao Bernardo do Campo,SP
c_006051,cu_005660,823649,Campinas,SP
c_006052,cu_004478,681514,Recife,PE
c_006053,cu_000018,597481,Blumenau,SC
c_006054,cu_002730,330214,Sao Bernardo do Campo,SP
c_006055,cu_003521,207590,Ponta Grossa,PR
c_006056,cu_006217,132842,Belo Horizonte,MG
c_006057,cu_000572,447794,Campinas,SP
c_006058,cu_007082,200224,Guarulhos,SP
c_006059,cu_005395,976880,Vitoria da Conquista,BA
c_006060,cu_002258,738615,Caxias do Sul,RS
c_006061,cu_002902,338086,Duque de Caxias,RJ
c_006062,cu_006039,424970,Contagem,MG
c_006063,cu_000650,631543,Sao Bernardo do Campo,SP
c_006064,cu_005741,120798,Niteroi,RJ
c_006065,cu_005089,263817,Guarulhos,SP
c_006066,cu_006838,932724,Sao Paulo,SP
c_006067,cu_002587,535628,Uberlandia,MG
c_006068,cu_003262,964918,Juazeiro do Norte,CE
c_006069,cu_001338,860538,Sao Paulo,SP
c_006070,cu_004996,737528,Campinas,SP
c_006071,cu_003634,969855,Belo Horizonte,MG
c_006072,cu_005780,724789,Brasilia,DF
c_006073,cu_002827,963769,Ponta Grossa,PR
c_006074,cu_005681,111714,Brasilia,DF
c_006075,cu_006019,156628,Nova Iguacu,RJ
c_006076,cu_005877,293697,Curitiba,PR
c_006077,cu_005232,892651,Sao Paulo,SP
c_006078,cu_002217,539089,Sao Bernardo do Campo,SP
c_006079,cu_003539,650036,Campinas,SP
c_006080,cu_006040,798755,Nova Iguacu,RJ
c_006081,cu_001037,368637,Manaus,AM
c_006082,cu_005834,220374,Brasilia,DF
c_006083,cu_004383,805796,Guarulhos,SP
c_006084,cu_003978,959777,Santos,SP
c_006085,cu_006332,671373,Sao Paulo,SP
c_006086,cu_002961,521480,Sao Bernardo do Campo,SP
c_006087,cu_003226,131244,Contagem,MG
c_006088,cu_005686,252846,Caucaia,CE
c_006089,cu_006837,649639,Varzea Grande,MT
c_006090,cu_005841,576825,Belo Horizonte,MG
c_006091,cu_007031,139822,Vitoria da Conquista,BA
c_006092,cu_006614,763012,Niteroi,RJ
c_006093,cu_001098,204732,Guarulhos,SP
c_006094,cu_002324,123964,Nova Iguacu,RJ
c_006095,cu_000939,746441,Juiz de Fora,MG
c_006096,cu_003716,361939,Curitiba,PR
c_006097,cu_003414,959368,Campinas,SP
c_006098,cu_001448,514873,Sao Paulo,SP
c_006099,cu_000570,777639,Campinas,SP
c_006100,cu_002904,612478,Belem,PA
c_006101,cu_005096,855918,Niteroi,RJ
c_006102,cu_005301,114122,Ponta Grossa,PR
c_006103,cu_002505,613777,Curitiba,PR
c_006104,cu_000917,828131,Santos,SP
c_006105,cu_001874,255524,Belo Horizonte,MG
c_006106,cu_004928,689486,Olinda,PE
c_006107,cu_006982,202810,Nova Iguacu,RJ
c_006108,cu_006336,605140,Ananindeua,PA
c_006109,cu_001678,559429,Sao Bernardo do Campo,SP
c_006110,cu_000615,285573,Campinas,SP
c_006111,cu_004501,442919,Jaboatao dos Guararapes,PE
c_006112,cu_001749,627640,Feira de Santana,BA
c_006113,cu_003825,798696,Aparecida de Goiania,GO
c_006114,cu_007086,543167,Pelotas,RS
c_006115,cu_006864,745696,Manaus,AM
c_006116,cu_004188,214672,Feira de Santana,BA
c_006117,cu_002477,751446,Feira de Santana,BA
c_006118,cu_004749,102736,Contagem,MG
c_006119,cu_003505,634946,Sao Bernardo do Campo,SP
c_006120,cu_003475,202998,Manaus,AM
c_006121,cu_004529,299671,Rio de Janeiro,RJ
c_006122,cu_001135,308750,Niteroi,RJ
c_006123,cu_004000,137451,Nova Iguacu,RJ
c_006124,cu_000374,404518,Belo Horizonte,MG
c_006125,cu_005162,727543,Duque de Caxias,RJ
c_006126,cu_000206,694947,Campinas,SP
c_006127,cu_004875,735280,Olinda,PE
c_006128,cu_001319,764632,Duque de Caxias,RJ
c_006129,cu_001141,240529,Uberlandia,MG
c_006130,cu_004627,815065,Guarulhos,SP
c_006131,cu_006309,233211,Sao Paulo,SP
c_006132,cu_002690,414751,Santos,SP
c_006133,cu_003255,899258,Caxias do Sul,RS
c_006134,cu_000089,902619,Santos,SP
c_006135,cu_005213,619170,Fortaleza,CE
c_006136,cu_004108,630795,Guarulhos,SP
c_006137,cu_003020,779657,Sao Bernardo do Campo,SP
c_006138,cu_001857,451885,Santos,SP
c_006139,cu_000804,376818,Campinas,SP
c_006140,cu_000944,323260,Curitiba,PR
c_006141,cu_002789,904849,Brasilia,DF
c_006142,cu_005953,771979,Uberlandia,MG
c_006143,cu_003875,336734,Guarulhos,SP
c_006144,cu_001610,755519,Campinas,SP
c_006145,cu_002923,916837,Rio de Janeiro,RJ
c_006146,cu_006055,890045,Ananindeua,PA
c_006147,cu_003882,559735,Sao Paulo,SP
c_006148,cu_003221,600977,Maringa,PR
c_006149,cu_006803,820824,Rio de Janeiro,RJ
c_006150,cu_007175,895850,Sao Paulo,SP
c_006151,cu_005148,881380,Rio de Janeiro,RJ
c_006152,cu_004391,713669,Campinas,SP
c_006153,cu_007129,930388,Florianopolis,SC
c_006154,cu_005021,330239,Campinas,SP
c_006155,cu_004735,539571,Caxias do Sul,RS
c_006156,cu_002387,499517,Sao Paulo,SP
c_006157,cu_004723,949839,Ananindeua,PA
c_006158,cu_006582,242740,Guarulhos,SP
c_006159,cu_005263,245537,Jaboatao dos Guararapes,PE
c_006160,cu_000941,234672,Chapeco,SC
c_006161,cu_004925,296161,Varzea Grande,MT
c_006162,cu_005866,561286,Nova Iguacu,RJ
c_006163,cu_002566,669074,Caxias do Sul,RS
c_006164,cu_000975,385892,Sao Bernardo do Campo,SP
c_006165,cu_000954,904748,Sao Bernardo do Campo,SP
c_006166,cu_001262,910598,Duque de Caxias,RJ
c_006167,cu_005047,558252,Sao Bernardo do Campo,SP
c_006168,cu_000943,304358,Goiania,GO
c_006169,cu_002202,970810,Sao Paulo,SP
c_006170,cu_005300,183433,Uberlandia,MG
c_006171,cu_006231,256424,Contagem,MG
c_006172,cu_003327,644088,Niteroi,RJ
c_006173,cu_005630,154229,Contagem,MG
c_006174,cu_005192,280120,Campinas,SP
c_006175,cu_007074,108137,Contagem,MG
c_006176,cu_004274,935789,Guarulhos,SP
c_006177,cu_002259,307148,Ananindeua,PA
c_006178,cu_001828,803060,Curitiba,PR
c_006179,cu_001257,133159,Campo Grande,MS
c_006180,cu_000464,814516,Guarulhos,SP
c_006181,cu_005870,797962,Sao Bernardo do Campo,SP
c_006182,cu_003294,711292,Sao Bernardo do Campo,SP
c_006183,cu_006774,258964,Guarulhos,SP
c_006184,cu_006968,683440,Sao Bernardo do Campo,SP
c_006185,cu_001230,967998,Pelotas,RS
c_006186,cu_002654,821458,Campinas,SP
c_006187,cu_000884,549761,Nova Iguacu,RJ
c_006188,cu_003805,558352,Olinda,PE
c_006189,cu_006509,625483,Caxias do Sul,RS
c_006190,cu_006419,757153,Sao Bernardo do Campo,SP
c_006191,cu_006523,629892,Guarulhos,SP
c_006192,cu_005428,107894,Nova Iguacu,RJ
c_006193,cu_005750,665246,Sao Bernardo do Campo,SP
c_006194,cu_005040,896766,Juiz de Fora,MG
c_006195,cu_003856,694136,Santos,SP
c_006196,cu_003135,214696,Vitoria da Conquista,BA
c_006197,cu_006953,321679,Maringa,PR
c_006198,cu_000924,644965,Contagem,MG
c_006199,cu_006034,447081,Guarulhos,SP
c_006200,cu_004589,252636,Campinas,SP
c_006201,cu_001546,178848,Londrina,PR
c_006202,cu_006065,842159,Nova Iguacu,RJ
c_006203,cu_001094,354894,Sao Paulo,SP
c_006204,cu_002411,560813,Sao Paulo,SP
c_006205,cu_002617,764043,Guarulhos,SP
c_006206,cu_005921,576224,Londrina,PR
c_006207,cu_000762,196670,Campinas,SP
c_006208,cu_002323,669470,Niteroi,RJ
c_006209,cu_004145,955523,Duque de Caxias,RJ
c_006210,cu_002775,981474,Belo Horizonte,MG
c_006211,cu_005001,150941,Brasilia,DF
c_006212,cu_007071,486557,Brasilia,DF
c_006213,cu_004659,487119,Rio de Janeiro,RJ
c_006214,cu_004878,750854,Campinas,SP
c_006215,cu_006628,319912,Rio de Janeiro,RJ
c_006216,cu_003155,490188,Uberlandia,MG
c_006217,cu_003970,707019,Belo Horizonte,MG
c_006218,cu_002040,122964,Contagem,MG
c_006219,cu_005927,934123,Santos,SP
c_006220,cu_000583,197717,Juiz de Fora,MG
c_006221,cu_005415,163424,Sao Paulo,SP
c_006222,cu_004331,571724,Maringa,PR
c_006223,cu_002103,618963,Sao Paulo,SP
c_006224,cu_001942,593951,Porto Alegre,RS
c_006225,cu_004455,447449,Sao Bernardo do Campo,SP
c_006226,cu_006026,819483,Campinas,SP
c_006227,cu_000109,129861,Caxias do Sul,RS
c_006228,cu_000191,770123,Sao Bernardo do Campo,SP
c_006229,cu_000903,554067,Florianopolis,SC
c_006230,cu_005212,581438,Uberlandia,MG
c_006231,cu_000861,713435,Contagem,MG
c_006232,cu_006711,452276,Sao Paulo,SP
c_006233,cu_001083,781869,Duque de Caxias,RJ
c_006234,cu_000649,912479,Belo Horizonte,MG
c_006235,cu_004134,518512,Duque de Caxias,RJ
c_006236,cu_003611,909651,Porto Alegre,RS
c_006237,cu_000636,869238,Nova Iguacu,RJ
c_006238,cu_001036,461531,Sao Paulo,SP
c_006239,cu_004131,415767,Sao Paulo,SP
c_006240,cu_002148,617619,Guarulhos,SP
c_006241,cu_003865,409671,Campinas,SP
c_006242,cu_003157,389856,Curitiba,PR
c_006243,cu_003587,524922,Florianopolis,SC
c_006244,cu_003294,804643,Sao Bernardo do Campo,SP
c_006245,cu_005457,441132,Belem,PA
c_006246,cu_006079,160596,Nova Iguacu,RJ
c_006247,cu_004261,748248,Fortaleza,CE
c_006248,cu_002430,679515,Pelotas,RS
c_006249,cu_001879,621894,Caxias do Sul,RS
c_006250,cu_003966,480769,Campinas,SP
c_006251,cu_006933,327279,Sao Bernardo do Campo,SP
c_006252,cu_003713,330888,Guarulhos,SP
c_006253,cu_004126,579252,Canoas,RS
c_006254,cu_004106,926815,Sao Bernardo do Campo,SP
c_006255,cu_002011,890811,Joinville,SC
c_006256,cu_003373,543921,Campinas,SP
c_006257,cu_002143,738941,Joinville,SC
c_006258,cu_002500,455882,Sao Paulo,SP
c_006259,cu_006335,184562,Guarulhos,SP
c_006260,cu_004581,233238,Sao Bernardo do Campo,SP
c_006261,cu_001289,227491,Guarulhos,SP
c_006262,cu_001447,429492,Sao Bernardo do Campo,SP
c_006263,cu_003199,133615,Ponta Grossa,PR
c_006264,cu_006381,286747,Sao Bernardo do Campo,SP
c_006265,cu_001943,791444,Sao Bernardo do Campo,SP
c_006266,cu_006059,488642,Vitoria da Conquista,BA
c_006267,cu_003183,303612,Santos,SP
c_006268,cu_005947,608327,Ananindeua,PA
c_006269,cu_005565,328186,Goiania,GO
c_006270,cu_005462,260134,Campinas,SP
c_006271,cu_003216,229980,Sao Bernardo do Campo,SP
c_006272,cu_003136,516736,Guarulhos,SP
c_006273,cu_003318,304651,Maringa,PR
c_006274,cu_002782,388135,Contagem,MG
c_006275,cu_000990,319814,Uberlandia,MG
c_006276,cu_004920,210320,Curitiba,PR
c_006277,cu_005558,581521,Campinas,SP
c_006278,cu_002153,317752,Feira de Santana,BA
c_006279,cu_006324,550135,Canoas,RS
c_006280,cu_006327,972778,Uberlandia,MG
c_006281,cu_000225,806055,Jaboatao dos Guararapes,PE
c_006282,cu_000776,932417,Pelotas,RS
c_006283,cu_002837,546266,Sao Bernardo do Campo,SP
c_006284,cu_005208,305222,Rio de Janeiro,RJ
c_006285,cu_000687,594675,Duque de Caxias,RJ
c_006286,cu_000529,704478,Guarulhos,SP
c_006287,cu_003442,135757,Ananindeua,PA
c_006288,cu_005067,650578,Sao Bernardo do Campo,SP
c_006289,cu_005031,994260,Caxias do Sul,RS
c_006290,cu_005518,756292,Duque de Caxias,RJ
c_006291,cu_002153,481081,Santos,SP
c_006292,cu_001294,443874,Manaus,AM
c_006293,cu_006094,735726,Salvador,BA
c_006294,cu_006974,714679,Nova Iguacu,RJ
c_006295,cu_001526,553212,Sao Bernardo do Campo,SP
c_006296,cu_004774,774695,Santos,SP
c_006297,cu_002896,970955,Sao Bernardo do Campo,SP
c_006298,cu_003103,595870,Campinas,SP
c_006299,cu_002440,104265,Nova Iguacu,RJ
c_006300,cu_004135,682929,Varzea Grande,MT
c_006301,cu_006803,734675,Uberlandia,MG
c_006302,cu_003802,768673,Jaboatao dos Guararapes,PE
c_006303,cu_007124,365067,Juiz de Fora,MG
c_006304,cu_005201,534564,Duque de Caxias,RJ
c_006305,cu_000844,187733,Vitoria da Conquista,BA
c_006306,cu_005839,274098,Rio de Janeiro,RJ
c_006307,cu_006344,487650,Brasilia,DF
c_006308,cu_000446,704038,Santos,SP
c_006309,cu_003915,711811,Santos,SP
c_006310,cu_003109,943921,Vitoria da Conquista,BA
c_006311,cu_001234,804470,Uberlandia,MG
c_006312,cu_006587,156787,Olinda,PE
c_006313,cu_005446,695846,Manaus,AM
c_006314,cu_006904,235338,Campinas,SP
c_006315,cu_000226,602994,Nova Iguacu,RJ
c_006316,cu_004143,596550,Santos,SP
c_006317,cu_007185,871290,Uberlandia,MG
c_006318,cu_002959,293215,Blumenau,SC
c_006319,cu_005558,119317,Sao Bernardo do Campo,SP
c_006320,cu_001830,561632,Belo Horizonte,MG
c_006321,cu_003779,887830,Canoas,RS
c_006322,cu_000186,420055,Campinas,SP
c_006323,cu_006488,976511,Joinville,SC
c_006324,cu_006367,238384,Juiz de Fora,MG
c_006325,cu_002877,453753,Santarem,PA
c_006326,cu_002535,892497,Campinas,SP
c_006327,cu_001932,599192,Sao Bernardo do Campo,SP
c_006328,cu_002924,493248,Duque de Caxias,RJ
c_006329,cu_000848,146454,Sao Bernardo do Campo,SP
c_006330,cu_002032,261022,Varzea Grande,MT
c_006331,cu_001252,160441,Santos,SP
c_006332,cu_005509,162052,Maringa,PR
c_006333,cu_005074,747398,Rio de Janeiro,RJ
c_006334,cu_005708,809820,Campinas,SP
c_006335,cu_005112,115548,Sao Paulo,SP
c_006336,cu_006331,768141,Juiz de Fora,MG
c_006337,cu_001881,371516,Contagem,MG
c_006338,cu_000269,769075,Sao Paulo,SP
c_006339,cu_001630,206959,Fortaleza,CE
c_006340,cu_004405,381924,Campinas,SP
c_006341,cu_003203,328548,Rio de Janeiro,RJ
c_006342,cu_006139,239985,Nova Iguacu,RJ
c_006343,cu_001574,324871,Santos,SP
c_006344,cu_005191,172343,Manaus,AM
c_006345,cu_002892,627394,Guarulhos,SP
c_006346,cu_001695,108627,Sao Paulo,SP
c_006347,cu_003258,784661,Campinas,SP
c_006348,cu_006629,514997,Contagem,MG
c_006349,cu_003262,616163,Nova Iguacu,RJ
c_006350,cu_001445,348322,Caxias do Sul,RS
c_006351,cu_006263,492290,Santos,SP
c_006352,cu_000219,731036,Sao Bernardo do Campo,SP
c_006353,cu_000052,901363,Florianopolis,SC
c_006354,cu_001757,452782,Guarulhos,SP
c_006355,cu_005570,991652,Salvador,BA
c_006356,cu_001666,916261,Sao Bernardo do Campo,SP
c_006357,cu_005356,536517,Vitoria da Conquista,BA
c_006358,cu_006901,154627,Sao Bernardo do Campo,SP
c_006359,cu_002785,835087,Contagem,MG
c_006360,cu_000719,688481,Campinas,SP
c_006361,cu_000405,296817,Sao Paulo,SP
c_006362,cu_006751,551675,Sao Bernardo do Campo,SP
c_006363,cu_007164,799286,Campinas,SP
c_006364,cu_006565,393387,Sao Bernardo do Campo,SP
c_006365,cu_006855,256229,Rio de Janeiro,RJ
c_006366,cu_002294,907551,Uberlandia,MG
c_006367,cu_000071,466959,Chapeco,SC
c_006368,cu_005949,819886,Juiz de Fora,MG
c_006369,cu_006328,174162,Uberlandia,MG
c_006370,cu_002053,804938,Santos,SP
c_006371,cu_001229,526339,Duque de Caxias,RJ
c_006372,cu_001567,573791,Sao Paulo,SP
c_006373,cu_003682,783041,Feira de Santana,BA
c_006374,cu_002953,519787,Guarulhos,SP
c_006375,cu_004482,108898,Guarulhos,SP
c_006376,cu_005887,438165,Belo Horizonte,MG
c_006377,cu_000698,418533,Santos,SP
c_006378,cu_005296,730639,Jaboatao dos Guararapes,PE
c_006379,cu_000826,186464,Vitoria da Conquista,BA
c_006380,cu_005918,567142,Guarulhos,SP
c_006381,cu_000348,155742,Sao Bernardo do Campo,SP
c_006382,cu_005374,529173,Nova Iguacu,RJ
c_006383,cu_003908,282188,Uberlandia,MG
c_006384,cu_000307,109139,Santos,SP
c_006385,cu_003416,392121,Canoas,RS
c_006386,cu_005246,850970,Contagem,MG
c_006387,cu_006056,153420,Campinas,SP
c_006388,cu_002334,920758,Sao Bernardo do Campo,SP
c_006389,cu_004861,392589,Curitiba,PR
c_006390,cu_004820,190915,Sao Paulo,SP
c_006391,cu_002809,600851,Vitoria da Conquista,BA
c_006392,cu_005715,715355,Niteroi,RJ
c_006393,cu_003558,249158,Uberlandia,MG
c_006394,cu_004478,894488,Brasilia,DF
c_006395,cu_003477,970577,Brasilia,DF
c_006396,cu_006531,710391,Sao Paulo,SP
c_006397,cu_004620,625846,Santos,SP
c_006398,cu_002686,663131,Londrina,PR
c_006399,cu_002985,112914,Niteroi,RJ
c_006400,cu_000275,775441,Sao Bernardo do Campo,SP
c_006401,cu_002547,277128,Juazeiro do Norte,CE
c_006402,cu_002764,545413,Campinas,SP
c_006403,cu_000336,825035,Santos,SP
c_006404,cu_001973,969759,Sao Bernardo do Campo,SP
c_006405,cu_002979,571853,Uberlandia,MG
c_006406,cu_004576,640170,Belo Horizonte,MG
c_006407,cu_003968,876760,Campinas,SP
c_006408,cu_000910,159847,Sao Paulo,SP
c_006409,cu_001996,496354,Sao Bernardo do Campo,SP
c_006410,cu_003129,829379,Caxias do Sul,RS
c_006411,cu_005447,232440,Sao Bernardo do Campo,SP
c_006412,cu_006129,911154,Manaus,AM
c_006413,cu_005850,233970,Guarulhos,SP
c_006414,cu_004204,746688,Aparecida de Goiania,GO
c_006415,cu_003757,646353,Sao Paulo,SP
c_006416,cu_000327,860453,Maringa,PR
c_006417,cu_001799,121831,Guarulhos,SP
c_006418,cu_000314,895197,Campinas,SP
c_006419,cu_003545,482374,Brasilia,DF
c_006420,cu_001134,534182,Salvador,BA
c_006421,cu_002746,398583,Sao Paulo,SP
c_006422,cu_004876,901780,Pelotas,RS
c_006423,cu_001520,525559,Belo Horizonte,MG
c_006424,cu_000155,200484,Feira de Santana,BA
c_006425,cu_005592,769656,Guarulhos,SP
c_006426,cu_001724,498112,Duque de Caxias,RJ
c_006427,cu_003343,147187,Rio de Janeiro,RJ
c_006428,cu_000886,130825,Santos,SP
c_006429,cu_003073,870744,Olinda,PE
c_006430,cu_002805,404711,Sao Paulo,SP
c_006431,cu_000721,301764,Santos,SP
c_006432,cu_000912,588180,Uberlandia,MG
c_006433,cu_003357,519751,Juiz de Fora,MG
c_006434,cu_000870,587013,Campinas,SP
c_006435,cu_004108,643458,Santos,SP
c_006436,cu_006751,157115,Belem,PA
c_006437,cu_000497,933940,Santos,SP
c_006438,cu_001756,159691,Juiz de Fora,MG
c_006439,cu_006381,207043,Ponta Grossa,PR
c_006440,cu_001117,525053,Niteroi,RJ
c_006441,cu_003409,115742,Manaus,AM
c_006442,cu_002828,431865,Maringa,PR
c_006443,cu_005290,822177,Duque de Caxias,RJ
c_006444,cu_006100,361292,Uberlandia,MG
c_006445,cu_006749,144395,Porto Alegre,RS
c_006446,cu_006804,190419,Uberlandia,MG
c_006447,cu_001647,280139,Brasilia,DF
c_006448,cu_005686,885166,Campinas,SP
c_006449,cu_006992,693092,Santos,SP
c_006450,cu_002983,392232,Santos,SP
c_006451,cu_005586,855521,Campinas,SP
c_006452,cu_006771,191922,Guarulhos,SP
c_006453,cu_000142,521977,Brasilia,DF
c_006454,cu_005320,557081,Canoas,RS
c_006455,cu_002761,295318,Juiz de Fora,MG
c_006456,cu_003435,894574,Uberlandia,MG
c_006457,cu_006622,439983,Salvador,BA
c_006458,cu_004660,757068,Niteroi,RJ
c_006459,cu_006614,160068,Brasilia,DF
c_006460,cu_002431,558247,Campinas,SP
c_006461,cu_005811,378617,Manaus,AM
c_006462,cu_007069,305252,Caxias do Sul,RS
c_006463,cu_004512,102520,Sao Paulo,SP
c_006464,cu_001848,829730,Contagem,MG
c_006465,cu_006451,755385,Rio de Janeiro,RJ
c_006466,cu_002696,212914,Campinas,SP
c_006467,cu_001717,514519,Contagem,MG
c_006468,cu_005486,963319,Guarulhos,SP
c_006469,cu_003072,836965,Sao Paulo,SP
c_006470,cu_001067,579746,Santarem,PA
c_006471,cu_002786,155931,Belo Horizonte,MG
c_006472,cu_005962,491457,Brasilia,DF
c_006473,cu_005217,790093,Caxias do Sul,RS
c_006474,cu_003791,641250,Santos,SP
c_006475,cu_001288,561286,Nova Iguacu,RJ
c_006476,cu_003871,834726,Caxias do Sul,RS
c_006477,cu_001806,764371,Varzea Grande,MT
c_006478,cu_006283,834729,Campinas,SP
c_006479,cu_001504,238225,Brasilia,DF
c_006480,cu_003308,919875,Manaus,AM
c_006481,cu_007117,449849,Porto Alegre,RS
c_006482,cu_005112,650617,Manaus,AM
c_006483,cu_005048,313784,Sao Paulo,SP
c_006484,cu_002951,912494,Belem,PA
c_006485,cu_000071,486594,Caxias do Sul,RS
c_006486,cu_001690,644826,Santos,SP
c_006487,cu_005387,545275,Caucaia,CE
c_006488,cu_001344,931056,Nova Iguacu,RJ
c_006489,cu_006250,339536,Duque de Caxias,RJ
c_006490,cu_003303,651448,Belo Horizonte,MG
c_006491,cu_003113,972156,Sao Paulo,SP
c_006492,cu_000882,525110,Rio de Janeiro,RJ
c_006493,cu_004234,101329,Vitoria da Conquista,BA
c_006494,cu_002662,380382,Sao Bernardo do Campo,SP
c_006495,cu_007006,554036,Guarulhos,SP
c_006496,cu_006416,316965,Sao Bernardo do Campo,SP
c_006497,cu_001504,465146,Guarulhos,SP
c_006498,cu_002463,901740,Pelotas,RS
c_006499,cu_002553,924062,Florianopolis,SC
c_006500,cu_000732,487819,Santarem,PA
c_006501,cu_001748,446422,Juiz de Fora,MG
c_006502,cu_003924,152921,Santos,SP
c_006503,cu_000423,567996,Manaus,AM
c_006504,cu_003478,894016,Curitiba,PR
c_006505,cu_001591,319076,Contagem,MG
c_006506,cu_004485,948535,Porto Alegre,RS
c_006507,cu_004437,662847,Manaus,AM
c_006508,cu_005041,361142,Porto Alegre,RS
c_006509,cu_004709,166026,Guarulhos,SP
c_006510,cu_000492,417871,Caxias do Sul,RS
c_006511,cu_000191,406311,Sao Paulo,SP
c_006512,cu_000498,912734,Santos,SP
c_006513,cu_004917,730934,Santos,SP
c_006514,cu_005831,705413,Campinas,SP
c_006515,cu_001256,714643,Santos,SP
c_006516,cu_001968,956036,Sao Paulo,SP
c_006517,cu_004322,392710,Belo Horizonte,MG
c_006518,cu_005490,786761,Blumenau,SC
c_006519,cu_002186,734574,Goiania,GO
c_006520,cu_006999,555920,Sao Bernardo do Campo,SP
c_006521,cu_000816,874786,Contagem,MG
c_006522,cu_003220,101466,Manaus,AM
c_006523,cu_001473,413520,Campinas,SP
c_006524,cu_001086,265629,Pelotas,RS
c_006525,cu_004199,276339,Ponta Grossa,PR
c_006526,cu_001874,252919,Sao Paulo,SP
c_006527,cu_000870,886588,Brasilia,DF
c_006528,cu_004763,791038,Florianopolis,SC
c_006529,cu_002042,361730,Sao Paulo,SP
c_006530,cu_000272,375442,Sao Bernardo do Campo,SP
c_006531,cu_001029,910128,Sao Bernardo do Campo,SP
c_006532,cu_003218,906785,Santos,SP
c_006533,cu_006327,620890,Niteroi,RJ
c_006534,cu_004069,722226,Niteroi,RJ
c_006535,cu_001051,880823,Sao Bernardo do Campo,SP
c_006536,cu_004033,356375,Fortaleza,CE
c_006537,cu_001573,329355,Sao Bernardo do Campo,SP
c_006538,cu_003190,680969,Sao Paulo,SP
c_006539,cu_004388,839961,Campinas,SP
c_006540,cu_003797,340057,Duque de Caxias,RJ
c_006541,cu_003289,957479,Sao Bernardo do Campo,SP
c_006542,cu_006320,208339,Sao Paulo,SP
c_006543,cu_003747,653092,Guarulhos,SP
c_006544,cu_002105,643079,Florianopolis,SC
c_006545,cu_005388,449776,Goiania,GO
c_006546,cu_000307,439461,Santos,SP
c_006547,cu_003359,177319,Santos,SP
c_006548,cu_005072,359786,Juiz de Fora,MG
c_006549,cu_003176,898158,Pelotas,RS
c_006550,cu_001251,406181,Sao Paulo,SP
c_006551,cu_005366,764978,Fortaleza,CE
c_006552,cu_002747,842052,Juiz de Fora,MG
c_006553,cu_001517,197383,Rio de Janeiro,RJ
c_006554,cu_006226,218837,Uberlandia,MG
c_006555,cu_005305,444367,Santarem,PA
c_006556,cu_006395,668437,Chapeco,SC
c_006557,cu_001378,232194,Sao Paulo,SP
c_006558,cu_005869,646870,Campinas,SP
c_006559,cu_005815,143846,Rio de Janeiro,RJ
c_006560,cu_006138,667845,Campinas,SP
c_006561,cu_004891,883519,Pelotas,RS
c_006562,cu_004992,435014,Salvador,BA
c_006563,cu_001961,484551,Maringa,PR
c_006564,cu_004305,232696,Aparecida de Goiania,GO
c_006565,cu_002863,921922,Sao Bernardo do Campo,SP
c_006566,cu_002656,559334,Brasilia,DF
c_006567,cu_002494,766275,Londrina,PR
c_006568,cu_006603,978367,Sao Paulo,SP
c_006569,cu_005063,740147,Curitiba,PR
c_006570,cu_004567,273723,Campinas,SP
c_006571,cu_006513,728352,Chapeco,SC
c_006572,cu_007043,784095,Duque de Caxias,RJ
c_006573,cu_004005,859970,Santos,SP
c_006574,cu_003563,488361,Belo Horizonte,MG
c_006575,cu_000922,605311,Juiz de Fora,MG
c_006576,cu_004232,401440,Sao Bernardo do Campo,SP
c_006577,cu_004462,212891,Guarulhos,SP
c_006578,cu_002959,747281,Niteroi,RJ
c_006579,cu_000183,269614,Uberlandia,MG
c_006580,cu_003358,840787,Brasilia,DF
c_006581,cu_006615,566586,Manaus,AM
c_006582,cu_001398,522020,Rio de Janeiro,RJ
c_006583,cu_006797,857454,Curitiba,PR
c_006584,cu_002796,717088,Duque de Caxias,RJ
c_006585,cu_000536,131168,Curitiba,PR
c_006586,cu_006945,140160,Sao Bernardo do Campo,SP
c_006587,cu_005698,259632,Sao Bernardo do Campo,SP
c_006588,cu_001273,423885,Juiz de Fora,MG
c_006589,cu_002967,786592,Guarulhos,SP
c_006590,cu_006653,327578,Porto Alegre,RS
c_006591,cu_006773,176537,Salvador,BA
c_006592,cu_003049,249730,Guarulhos,SP
c_006593,cu_001096,383830,Duque de Caxias,RJ
c_006594,cu_001305,606625,Vitoria da Conquista,BA
c_006595,cu_000915,374974,Curitiba,PR
c_006596,cu_003081,881255,Santos,SP
c_006597,cu_004247,846453,Guarulhos,SP
c_006598,cu_001028,941724,Caxias do Sul,RS
c_006599,cu_005314,514977,Juiz de Fora,MG
c_006600,cu_001977,684886,Campinas,SP
c_006601,cu_003354,334555,Campinas,SP
c_006602,cu_002511,768076,Recife,PE
c_006603,cu_000270,269882,Canoas,RS
c_006604,cu_001186,703718,Goiania,GO
c_006605,cu_004555,755132,Curitiba,PR
c_006606,cu_004200,246846,Santarem,PA
c_006607,cu_003764,331866,Santos,SP
c_006608,cu_005806,634723,Maringa,PR
c_006609,cu_006305,693993,Campinas,SP
c_006610,cu_002398,763045,Caxias do Sul,RS
c_006611,cu_004529,422626,Niteroi,RJ
c_006612,cu_006995,381912,Santos,SP
c_006613,cu_004235,142449,Brasilia,DF
c_006614,cu_005590,310548,Feira de Santana,BA
c_006615,cu_004182,689445,Santos,SP
c_006616,cu_001711,479485,Juiz de Fora,MG
c_006617,cu_002230,414738,Campinas,SP
c_006618,cu_006511,505177,Santos,SP
c_006619,cu_000128,890132,Feira de Santana,BA
c_006620,cu_001269,394927,Campinas,SP
c_006621,cu_003672,962831,Ananindeua,PA
c_006622,cu_001601,711677,Sao Bernardo do Campo,SP
c_006623,cu_004765,123484,Juiz de Fora,MG
c_006624,cu_003970,891244,Pelotas,RS
c_006625,cu_004244,612840,Sao Paulo,SP
c_006626,cu_005080,585652,Campinas,SP
c_006627,cu_004947,122684,Feira de Santana,BA
c_006628,cu_005552,716060,Curitiba,PR
c_006629,cu_000627,580133,Sao Bernardo do Campo,SP
c_006630,cu_003797,635724,Duque de Caxias,RJ
c_006631,cu_005588,499512,Campinas,SP
c_006632,cu_006589,576461,Campinas,SP
c_006633,cu_002044,233754,Nova Iguacu,RJ
c_006634,cu_003552,111786,Campinas,SP
c_006635,cu_004979,309731,Feira de Santana,BA
c_006636,cu_002341,973480,Pelotas,RS
c_006637,cu_005884,252657,Belem,PA
c_006638,cu_003214,979340,Canoas,RS
c_006639,cu_000249,314913,Santarem,PA
c_006640,cu_002925,468076,Juiz de Fora,MG
c_006641,cu_005043,428218,Juiz de Fora,MG
c_006642,cu_000974,515192,Campo Grande,MS
c_006643,cu_001325,230569,Uberlandia,MG
c_006644,cu_007192,171695,Sao Bernardo do Campo,SP
c_006645,cu_006932,675881,Porto Alegre,RS
c_006646,cu_000983,735957,Fortaleza,CE
c_006647,cu_000888,950572,Blumenau,SC
c_006648,cu_002937,534267,Belo Horizonte,MG
c_006649,cu_002117,292216,Pelotas,RS
c_006650,cu_002672,911571,Goiania,GO
c_006651,cu_004970,406311,Sao Bernardo do Campo,SP
c_006652,cu_001326,935221,Contagem,MG
c_006653,cu_000470,489283,Sao Paulo,SP
c_006654,cu_001987,522050,Uberlandia,MG
c_006655,cu_000090,439532,Uberlandia,MG
c_006656,cu_000529,595794,Sao Bernardo do Campo,SP
c_006657,cu_004756,915030,Campinas,SP
c_006658,cu_004059,969665,Juiz de Fora,MG
c_006659,cu_004834,473316,Santos,SP
c_006660,cu_002773,989214,Santos,SP
c_006661,cu_004967,611359,Feira de Santana,BA
c_006662,cu_001686,400564,Sao Paulo,SP
c_006663,cu_000191,101049,Nova Iguacu,RJ
c_006664,cu_001986,622120,Ananindeua,PA
c_006665,cu_003623,467713,Sao Paulo,SP
c_006666,cu_002185,833490,Guarulhos,SP
c_006667,cu_004440,616483,Uberlandia,MG
c_006668,cu_001008,786051,Curitiba,PR
c_006669,cu_003783,128425,Fortaleza,CE
c_006670,cu_006646,657069,Juazeiro do Norte,CE
c_006671,cu_004298,343525,Curitiba,PR
c_006672,cu_004668,202951,Sao Paulo,SP
c_006673,cu_004287,758437,Santos,SP
c_006674,cu_002052,545132,Sao Paulo,SP
c_006675,cu_006009,875551,Campinas,SP
c_006676,cu_003308,126798,Caxias do Sul,RS
c_006677,cu_001716,515967,Uberlandia,MG
c_006678,cu_000310,885838,Sao Bernardo do Campo,SP
c_006679,cu_006692,639495,Feira de Santana,BA
c_006680,cu_006199,428754,Campinas,SP
c_006681,cu_004538,631381,Nova Iguacu,RJ
c_006682,cu_001260,531774,Juiz de Fora,MG
c_006683,cu_004965,183823,Niteroi,RJ
c_006684,cu_003932,582785,Rio de Janeiro,RJ
c_006685,cu_003268,450333,Santos,SP
c_006686,cu_000584,882447,Sao Bernardo do Campo,SP
c_006687,cu_005690,307542,Londrina,PR
c_006688,cu_002799,328479,Caucaia,CE
c_006689,cu_005633,380845,Santos,SP
c_006690,cu_000359,752193,Rio de Janeiro,RJ
c_006691,cu_005819,471936,Caxias do Sul,RS
c_006692,cu_002866,577118,Santarem,PA
c_006693,cu_006173,679650,Sao Bernardo do Campo,SP
c_006694,cu_005898,429335,Niteroi,RJ
c_006695,cu_002011,445910,Blumenau,SC
c_006696,cu_006251,857154,Belo Horizonte,MG
c_006697,cu_004939,556778,Santos,SP
c_006698,cu_004006,775161,Uberlandia,MG
c_006699,cu_001625,723773,Sao Bernardo do Campo,SP
c_006700,cu_002764,631985,Niteroi,RJ
c_006701,cu_000890,237534,Duque de Caxias,RJ
c_006702,cu_006087,913035,Brasilia,DF
c_006703,cu_006078,980390,Duque de Caxias,RJ
c_006704,cu_005055,431661,Campinas,SP
c_006705,cu_005564,259895,Guarulhos,SP
c_006706,cu_007036,757267,Brasilia,DF
c_006707,cu_005557,163880,Sao Bernardo do Campo,SP
c_006708,cu_000731,164522,Duque de Caxias,RJ
c_006709,cu_003961,108942,Guarulhos,SP
c_006710,cu_004701,155069,Curitiba,PR
c_006711,cu_002504,622487,Niteroi,RJ
c_006712,cu_000614,517833,Sao Paulo,SP
c_006713,cu_003806,709183,Sao Bernardo do Campo,SP
c_006714,cu_006841,779055,Feira de Santana,BA
c_006715,cu_006100,188971,Juiz de Fora,MG
c_006716,cu_001719,970488,Caxias do Sul,RS
c_006717,cu_004769,516054,Recife,PE
c_006718,cu_005366,505164,Fortaleza,CE
c_006719,cu_006686,618576,Sao Bernardo do Campo,SP
c_006720,cu_001587,837563,Belem,PA
c_006721,cu_007000,328372,Guarulhos,SP
c_006722,cu_001611,962961,Santos,SP
c_006723,cu_000896,783776,Olinda,PE
c_006724,cu_005558,827521,Sao Paulo,SP
c_006725,cu_000277,457729,Guarulhos,SP
c_006726,cu_004647,748695,Sao Bernardo do Campo,SP
c_006727,cu_001636,326153,Belo Horizonte,MG
c_006728,cu_002158,951387,Rio de Janeiro,RJ
c_006729,cu_002432,823561,Porto Alegre,RS
c_006730,cu_003904,475750,Olinda,PE
c_006731,cu_004856,906875,Pelotas,RS
c_006732,cu_003262,228472,Campinas,SP
c_006733,cu_006837,266012,Manaus,AM
c_006734,cu_001449,635317,Campinas,SP
c_006735,cu_004500,952162,Campinas,SP
c_006736,cu_005454,141223,Santos,SP
c_006737,cu_001232,763914,Belo Horizonte,MG
c_006738,cu_004117,483336,Santos,SP
c_006739,cu_000677,657138,Sao Bernardo do Campo,SP
c_006740,cu_002658,967239,Sao Paulo,SP
c_006741,cu_002028,728010,Santos,SP
c_006742,cu_005327,388241,Uberlandia,MG
c_006743,cu_006151,351915,Chapeco,SC
c_006744,cu_006845,540024,Londrina,PR
c_006745,cu_003758,118039,Sao Bernardo do Campo,SP
c_006746,cu_005904,401949,Guarulhos,SP
c_006747,cu_004624,603852,Cuiaba,MT
c_006748,cu_002037,779931,Santos,SP
c_006749,cu_002649,439055,Brasilia,DF
c_006750,cu_005772,206434,Guarulhos,SP
c_006751,cu_000656,668176,Belem,PA
c_006752,cu_000165,799740,Santos,SP
c_006753,cu_004944,513231,Duque de Caxias,RJ
c_006754,cu_004591,153811,Pelotas,RS
c_006755,cu_000589,330331,Contagem,MG
c_006756,cu_004524,124862,Campinas,SP
c_006757,cu_002821,239165,Contagem,MG
c_006758,cu_004258,325997,Maringa,PR
c_006759,cu_006509,653452,Guarulhos,SP
c_006760,cu_001262,598462,Guarulhos,SP
c_006761,cu_000071,855611,Niteroi,RJ
c_006762,cu_003516,470468,Guarulhos,SP
c_006763,cu_004750,474576,Contagem,MG
c_006764,cu_003580,879193,Sao Paulo,SP
c_006765,cu_000268,830167,Duque de Caxias,RJ
c_006766,cu_001776,746065,Guarulhos,SP
c_006767,cu_002462,393422,Rio de Janeiro,RJ
c_006768,cu_001268,281795,Sao Paulo,SP
c_006769,cu_001015,531973,Campinas,SP
c_006770,cu_002722,387789,Sao Bernardo do Campo,SP
c_006771,cu_001083,501479,Belem,PA
c_006772,cu_004101,123784,Campinas,SP
c_006773,cu_005077,860919,Caxias do Sul,RS
c_006774,cu_006713,498321,Sao Paulo,SP
c_006775,cu_000406,913497,Guarulhos,SP
c_006776,cu_006049,822679,Niteroi,RJ
c_006777,cu_006169,172281,Duque de Caxias,RJ
c_006778,cu_003076,482771,Ananindeua,PA
c_006779,cu_000985,199559,Santarem,PA
c_006780,cu_003603,566163,Ponta Grossa,PR
c_006781,cu_004485,199237,Contagem,MG
c_006782,cu_000709,668283,Duque de Caxias,RJ
c_006783,cu_002618,576810,Sao Paulo,SP
c_006784,cu_005567,620478,Ananindeua,PA
c_006785,cu_004849,855264,Juiz de Fora,MG
c_006786,cu_006289,108498,Uberlandia,MG
c_006787,cu_001411,914754,Santos,SP
c_006788,cu_006928,377949,Santos,SP
c_006789,cu_005368,366970,Ananindeua,PA
c_006790,cu_004621,468633,Sao Bernardo do Campo,SP
c_006791,cu_001485,190997,Niteroi,RJ
c_006792,cu_006156,200684,Sao Bernardo do Campo,SP
c_006793,cu_002950,214310,Salvador,BA
c_006794,cu_006527,222448,Santos,SP
c_006795,cu_004651,549577,Vitoria da Conquista,BA
c_006796,cu_002934,118122,Sao Paulo,SP
c_006797,cu_004114,733229,Jaboatao dos Guararapes,PE
c_006798,cu_004670,594636,Caxias do Sul,RS
c_006799,cu_006894,394519,Santos,SP
c_006800,cu_001003,984656,Uberlandia,MG
c_006801,cu_002466,328833,Sao Bernardo do Campo,SP
c_006802,cu_002466,383190,Guarulhos,SP
c_006803,cu_001938,991358,Salvador,BA
c_006804,cu_001939,950111,Santos,SP
c_006805,cu_001635,541224,Sao Paulo,SP
c_006806,cu_001698,464352,Sao Bernardo do Campo,SP
c_006807,cu_006265,224949,Sao Bernardo do Campo,SP
c_006808,cu_004527,557594,Brasilia,DF
c_006809,cu_002091,844753,Sao Bernardo do Campo,SP
c_006810,cu_001895,510937,Belem,PA
c_006811,cu_006039,502343,Ananindeua,PA
c_006812,cu_005436,158998,Campinas,SP
c_006813,cu_006524,541270,Guarulhos,SP
c_006814,cu_004240,568077,Brasilia,DF
c_006815,cu_003398,999096,Campinas,SP
c_006816,cu_006506,582785,Sao Bernardo do Campo,SP
c_006817,cu_001073,399467,Campinas,SP
c_006818,cu_005184,716743,Belo Horizonte,MG
c_006819,cu_002402,754633,Joinville,SC
c_006820,cu_004895,893429,Campinas,SP
c_006821,cu_003212,635836,Sao Paulo,SP
c_006822,cu_004037,860953,Manaus,AM
c_006823,cu_006969,239855,Maringa,PR
c_006824,cu_001151,506763,Belo Horizonte,MG
c_006825,cu_002445,423816,Curitiba,PR
c_006826,cu_001956,898952,Nova Iguacu,RJ
c_006827,cu_007023,178793,Ponta Grossa,PR
c_006828,cu_004558,923494,Sao Bernardo do Campo,SP
c_006829,cu_005870,678445,Sao Paulo,SP
c_006830,cu_006141,532175,Porto Alegre,RS
c_006831,cu_003907,572818,Sao Bernardo do Campo,SP
c_006832,cu_000807,441088,Aparecida de Goiania,GO
c_006833,cu_000186,153753,Sao Paulo,SP
c_006834,cu_005839,486855,Manaus,AM
c_006835,cu_004827,458380,Manaus,AM
c_006836,cu_006031,485618,Santos,SP
c_006837,cu_005309,362568,Blumenau,SC
c_006838,cu_005507,530752,Nova Iguacu,RJ
c_006839,cu_004524,392568,Caucaia,CE
c_006840,cu_007001,819720,Niteroi,RJ
c_006841,cu_001307,700635,Maringa,PR
c_006842,cu_002284,954111,Nova Iguacu,RJ
c_006843,cu_005313,372895,Guarulhos,SP
c_006844,cu_005406,534640,Campinas,SP
c_006845,cu_004866,336664,Niteroi,RJ
c_006846,cu_000757,802870,Curitiba,PR
c_006847,cu_004231,786845,Belo Horizonte,MG
c_006848,cu_004887,704127,Canoas,RS
c_006849,cu_003854,517443,Sao Paulo,SP
c_006850,cu_004266,192358,Rio de Janeiro,RJ
c_006851,cu_002206,734272,Sao Paulo,SP
c_006852,cu_006344,430371,Blumenau,SC
c_006853,cu_003558,658064,Goiania,GO
c_006854,cu_001580,860086,Sao Bernardo do Campo,SP
c_006855,cu_000961,912292,Santos,SP
c_006856,cu_003847,109231,Sao Paulo,SP
c_006857,cu_006726,776094,Uberlandia,MG
c_006858,cu_003575,837539,Juiz de Fora,MG
c_006859,cu_000875,772469,Florianopolis,SC
c_006860,cu_002418,648920,Sao Bernardo do Campo,SP
c_006861,cu_004198,998388,Ponta Grossa,PR
c_006862,cu_001001,123060,Canoas,RS
c_006863,cu_005244,783390,Campinas,SP
c_006864,cu_003384,497012,Nova Iguacu,RJ
c_006865,cu_007119,583840,Sao Bernardo do Campo,SP
c_006866,cu_004066,176056,Rio de Janeiro,RJ
c_006867,cu_002845,369526,Olinda,PE
c_006868,cu_001481,314754,Nova Iguacu,RJ
c_006869,cu_003301,160869,Vitoria da Conquista,BA
c_006870,cu_000657,188184,Juiz de Fora,MG
c_006871,cu_007025,831667,Campinas,SP
c_006872,cu_005316,589190,Contagem,MG
c_006873,cu_002780,850584,Duque de Caxias,RJ
c_006874,cu_000422,232398,Sao Bernardo do Campo,SP
c_006875,cu_006715,201134,Santos,SP
c_006876,cu_003681,168855,Sao Bernardo do Campo,SP
c_006877,cu_004266,444772,Sao Paulo,SP
c_006878,cu_006316,825521,Sao Paulo,SP
c_006879,cu_002710,963282,Santos,SP
c_006880,cu_000452,346213,Sao Bernardo do Campo,SP
c_006881,cu_002397,517874,Manaus,AM
c_006882,cu_001975,714974,Guarulhos,SP
c_006883,cu_001657,275231,Maringa,PR
c_006884,cu_002541,691676,Nova Iguacu,RJ
c_006885,cu_006763,435931,Porto Alegre,RS
c_006886,cu_003075,860495,Campinas,SP
c_006887,cu_003164,501413,Santarem,PA
c_006888,cu_002966,218922,Niteroi,RJ
c_006889,cu_002053,899696,Salvador,BA
c_006890,cu_000287,157586,Sao Bernardo do Campo,SP
c_006891,cu_005737,530742,Guarulhos,SP
c_006892,cu_003217,775347,Caxias do Sul,RS
c_006893,cu_003854,874041,Sao Bernardo do Campo,SP
c_006894,cu_001447,702627,Duque de Caxias,RJ
c_006895,cu_006009,232430,Guarulhos,SP
c_006896,cu_000607,459529,Juiz de Fora,MG
c_006897,cu_004552,288280,Dourados,MS
c_006898,cu_001764,215352,Nova Iguacu,RJ
c_006899,cu_001225,928830,Chapeco,SC
c_006900,cu_001235,640441,Niteroi,RJ
c_006901,cu_001029,629285,Rio de Janeiro,RJ
c_006902,cu_002671,519868,Manaus,AM
c_006903,cu_006519,420248,Olinda,PE
c_006904,cu_003962,130617,Florianopolis,SC
c_006905,cu_004542,718975,Santos,SP
c_006906,cu_004930,458967,Rio de Janeiro,RJ
c_006907,cu_003177,833688,Sao Paulo,SP
c_006908,cu_003722,316263,Niteroi,RJ
c_006909,cu_004906,616779,Nova Iguacu,RJ
c_006910,cu_005520,713136,Salvador,BA
c_006911,cu_005507,463086,Recife,PE
c_006912,cu_005054,239632,Campinas,SP
c_006913,cu_001475,779770,Sao Paulo,SP
c_006914,cu_002896,759485,Brasilia,DF
c_006915,cu_000808,157633,Sao Paulo,SP
c_006916,cu_000978,476482,Contagem,MG
c_006917,cu_002463,456148,Sao Paulo,SP
c_006918,cu_000725,452953,Sao Paulo,SP
c_006919,cu_002501,596814,Goiania,GO
c_006920,cu_003362,554781,Campinas,SP
c_006921,cu_001216,223174,Niteroi,RJ
c_006922,cu_004051,124088,Sao Paulo,SP
c_006923,cu_002197,856659,Caucaia,CE
c_006924,cu_005999,772178,Brasilia,DF
c_006925,cu_002806,137048,Guarulhos,SP
c_006926,cu_000778,109738,Campinas,SP
c_006927,cu_000972,915697,Uberlandia,MG
c_006928,cu_002810,345524,Sao Paulo,SP
c_006929,cu_007145,581129,Canoas,RS
c_006930,cu_005634,369167,Santos,SP
c_006931,cu_005512,197270,Campinas,SP
c_006932,cu_002123,880619,Pelotas,RS
c_006933,cu_000598,180862,Guarulhos,SP
c_006934,cu_003341,696357,Vitoria da Conquista,BA
c_006935,cu_000224,523081,Sao Bernardo do Campo,SP
c_006936,cu_005649,168213,Santos,SP
c_006937,cu_006256,112360,Aparecida de Goiania,GO
c_006938,cu_006394,260668,Duque de Caxias,RJ
c_006939,cu_000840,820870,Pelotas,RS
c_006940,cu_001814,384527,Sao Bernardo do Campo,SP
c_006941,cu_004809,731932,Juiz de Fora,MG
c_006942,cu_001106,342746,Canoas,RS
c_006943,cu_000124,915662,Sao Paulo,SP
c_006944,cu_003246,688654,Feira de Santana,BA
c_006945,cu_005188,616891,Contagem,MG
c_006946,cu_002931,981034,Sao Paulo,SP
c_006947,cu_005375,595436,Contagem,MG
c_006948,cu_005846,472332,Contagem,MG
c_006949,cu_004125,844053,Sao Bernardo do Campo,SP
c_006950,cu_006424,260633,Santos,SP
c_006951,cu_002971,523934,Sao Bernardo do Campo,SP
c_006952,cu_002017,593287,Guarulhos,SP
c_006953,cu_002415,455049,Maringa,PR
c_006954,cu_004590,138973,Rio de Janeiro,RJ
c_006955,cu_003096,486718,Santarem,PA
c_006956,cu_001609,305326,Guarulhos,SP
c_006957,cu_000717,935985,Sao Bernardo do Campo,SP
c_006958,cu_003561,731691,Joinville,SC
c_006959,cu_001016,316652,Duque de Caxias,RJ
c_006960,cu_003565,727268,Niteroi,RJ
c_006961,cu_005433,618288,Campinas,SP
c_006962,cu_004701,364591,Campinas,SP
c_006963,cu_004470,221629,Sao Bernardo do Campo,SP
c_006964,cu_006782,220557,Aparecida de Goiania,GO
c_006965,cu_001960,122763,Guarulhos,SP
c_006966,cu_001048,313625,Jaboatao dos Guararapes,PE
c_006967,cu_001357,795816,Canoas,RS
c_006968,cu_003426,703884,Campinas,SP
c_006969,cu_000115,321514,Duque de Caxias,RJ
c_006970,cu_002095,424450,Feira de Santana,BA
c_006971,cu_001801,292790,Recife,PE
c_006972,cu_002146,842191,Sao Bernardo do Campo,SP
c_006973,cu_005578,245740,Sao Bernardo do Campo,SP
c_006974,cu_005642,836165,Santos,SP
c_006975,cu_001620,466463,Campinas,SP
c_006976,cu_006548,865489,Belo Horizonte,MG
c_006977,cu_004780,791285,Vitoria da Conquista,BA
c_006978,cu_002950,235270,Guarulhos,SP
c_006979,cu_006646,675716,Ponta Grossa,PR
c_006980,cu_003792,624424,Belo Horizonte,MG
c_006981,cu_005567,183079,Guarulhos,SP
c_006982,cu_002941,564556,Guarulhos,SP
c_006983,cu_005695,893778,Canoas,RS
c_006984,cu_006401,751628,Vitoria da Conquista,BA
c_006985,cu_006987,749340,Pelotas,RS
c_006986,cu_006264,511742,Guarulhos,SP
c_006987,cu_004905,175395,Campinas,SP
c_006988,cu_000977,218821,Campinas,SP
c_006989,cu_006197,810873,Belo Horizonte,MG
c_006990,cu_003066,960063,Curitiba,PR
c_006991,cu_005450,179622,Guarulhos,SP
c_006992,cu_000783,614531,Salvador,BA
c_006993,cu_000240,186085,Contagem,MG
c_006994,cu_005874,917582,Pelotas,RS
c_006995,cu_001553,393419,Campo Grande,MS
c_006996,cu_004578,149851,Guarulhos,SP
c_006997,cu_001012,236968,Juazeiro do Norte,CE
c_006998,cu_000186,911649,Guarulhos,SP
c_006999,cu_001881,932364,Sao Bernardo do Campo,SP
c_007000,cu_006799,147178,Vitoria da Conquista,BA
c_007001,cu_006405,548216,Juazeiro do Norte,CE
c_007002,cu_005048,211195,Nova Iguacu,RJ
c_007003,cu_005483,861884,Juiz de Fora,MG
c_007004,cu_004586,887745,Caxias do Sul,RS
c_007005,cu_000430,338910,Vitoria da Conquista,BA
c_007006,cu_000238,507576,Campinas,SP
c_007007,cu_006447,146387,Chapeco,SC
c_007008,cu_002345,207260,Duque de Caxias,RJ
c_007009,cu_000075,644652,Rio de Janeiro,RJ
c_007010,cu_001356,231033,Nova Iguacu,RJ
c_007011,cu_006019,334074,Duque de Caxias,RJ
c_007012,cu_007142,505672,Ananindeua,PA
c_007013,cu_005877,869774,Duque de Caxias,RJ
c_007014,cu_006785,773213,Santarem,PA
c_007015,cu_004922,265621,Campinas,SP
c_007016,cu_002330,729035,Pelotas,RS
c_007017,cu_004686,897389,Blumenau,SC
c_007018,cu_006215,686734,Caxias do Sul,RS
c_007019,cu_006846,657737,Juiz de Fora,MG
c_007020,cu_001902,262460,Belo Horizonte,MG
c_007021,cu_006006,497917,Brasilia,DF
c_007022,cu_004013,173967,Feira de Santana,BA
c_007023,cu_004670,364732,Campinas,SP
c_007024,cu_007143,743620,Vitoria da Conquista,BA
c_007025,cu_004987,557165,Campinas,SP
c_007026,cu_002059,759411,Santos,SP
c_007027,cu_000140,848043,Brasilia,DF
c_007028,cu_001789,158991,Duque de Caxias,RJ
c_007029,cu_003626,442011,Chapeco,SC
c_007030,cu_000016,189184,Santos,SP
c_007031,cu_005182,906265,Campinas,SP
c_007032,cu_004348,455363,Duque de Caxias,RJ
c_007033,cu_000464,795763,Sao Paulo,SP
c_007034,cu_004471,520433,Curitiba,PR
c_007035,cu_001827,678444,Sao Bernardo do Campo,SP
c_007036,cu_003028,388495,Niteroi,RJ
c_007037,cu_000519,457937,Campinas,SP
c_007038,cu_005956,325142,Sao Bernardo do Campo,SP
c_007039,cu_000089,335625,Florianopolis,SC
c_007040,cu_004815,441486,Campinas,SP
c_007041,cu_002851,307836,Contagem,MG
c_007042,cu_002843,794768,Caucaia,CE
c_007043,cu_004725,468996,Porto Alegre,RS
c_007044,cu_001884,174112,Joinville,SC
c_007045,cu_004171,173341,Santos,SP
c_007046,cu_000925,280684,Guarulhos,SP
c_007047,cu_003734,275372,Jaboatao dos Guararapes,PE
c_007048,cu_006543,685710,Caxias do Sul,RS
c_007049,cu_005901,676415,Juiz de Fora,MG
c_007050,cu_000969,455414,Uberlandia,MG
c_007051,cu_001094,721637,Campinas,SP
c_007052,cu_006124,581878,Sao Bernardo do Campo,SP
c_007053,cu_003195,556653,Joinville,SC
c_007054,cu_001404,632531,Porto Alegre,RS
c_007055,cu_003364,789432,Rio de Janeiro,RJ
c_007056,cu_006940,808277,Jaboatao dos Guararapes,PE
c_007057,cu_004290,436879,Sao Paulo,SP
c_007058,cu_003982,794226,Guarulhos,SP
c_007059,cu_004323,523264,Brasilia,DF
c_007060,cu_004013,766179,Florianopolis,SC
c_007061,cu_005555,727576,Duque de Caxias,RJ
c_007062,cu_004556,271927,Campinas,SP
c_007063,cu_004713,448794,Sao Bernardo do Campo,SP
c_007064,cu_003092,975138,Belo Horizonte,MG
c_007065,cu_004159,747572,Campinas,SP
c_007066,cu_006308,280080,Vitoria da Conquista,BA
c_007067,cu_002074,607519,Santarem,PA
c_007068,cu_007155,526228,Florianopolis,SC
c_007069,cu_000284,482852,Campinas,SP
c_007070,cu_005779,311781,Chapeco,SC
c_007071,cu_006424,601469,Santos,SP
c_007072,cu_004933,131811,Santos,SP
c_007073,cu_004926,674966,Guarulhos,SP
c_007074,cu_001187,605788,Sao Bernardo do Campo,SP
c_007075,cu_003969,539330,Juazeiro do Norte,CE
c_007076,cu_002965,279197,Santos,SP
c_007077,cu_004319,196147,Guarulhos,SP
c_007078,cu_000783,556587,Varzea Grande,MT
c_007079,cu_007108,298833,Campinas,SP
c_007080,cu_000949,486511,Chapeco,SC
c_007081,cu_003939,398943,Sao Bernardo do Campo,SP
c_007082,cu_007197,554196,Sao Bernardo do Campo,SP
c_007083,cu_000044,296024,Caucaia,CE
c_007084,cu_001810,207812,Sao Bernardo do Campo,SP
c_007085,cu_004566,602960,Juiz de Fora,MG
c_007086,cu_002081,838692,Santos,SP
c_007087,cu_006796,575697,Santos,SP
c_007088,cu_003498,191992,Guarulhos,SP
c_007089,cu_000829,275849,Santos,SP
c_007090,cu_001909,427844,Campinas,SP
c_007091,cu_006364,481042,Ponta Grossa,PR
c_007092,cu_005987,271950,Rio de Janeiro,RJ
c_007093,cu_002581,155591,Santos,SP
c_007094,cu_000691,329793,Sao Bernardo do Campo,SP
c_007095,cu_004019,728223,Manaus,AM
c_007096,cu_005486,296188,Juazeiro do Norte,CE
c_007097,cu_000931,920393,Porto Alegre,RS
c_007098,cu_004936,127287,Recife,PE
c_007099,cu_007154,614435,Santos,SP
c_007100,cu_006034,911034,Santos,SP
c_007101,cu_005669,259569,Uberlandia,MG
c_007102,cu_006725,424285,Juiz de Fora,MG
c_007103,cu_006382,861489,Niteroi,RJ
c_007104,cu_003406,678661,Sao Bernardo do Campo,SP
c_007105,cu_006584,612959,Aparecida de Goiania,GO
c_007106,cu_000147,384510,Feira de Santana,BA
c_007107,cu_001032,713863,Niteroi,RJ
c_007108,cu_001311,633416,Porto Alegre,RS
c_007109,cu_000387,819774,Guarulhos,SP
c_007110,cu_003121,217649,Sao Bernardo do Campo,SP
c_007111,cu_001873,409726,Campinas,SP
c_007112,cu_003588,272417,Campinas,SP
c_007113,cu_000915,362810,Guarulhos,SP
c_007114,cu_001878,235055,Joinville,SC
c_007115,cu_006781,161929,Sao Paulo,SP
c_007116,cu_003748,197749,Belo Horizonte,MG
c_007117,cu_000277,685370,Sao Paulo,SP
c_007118,cu_001977,353380,Santos,SP
c_007119,cu_001859,289486,Olinda,PE
c_007120,cu_003036,635139,Contagem,MG
c_007121,cu_003371,512596,Belem,PA
c_007122,cu_005921,526833,Goiania,GO
c_007123,cu_006732,146765,Sao Bernardo do Campo,SP
c_007124,cu_005929,438822,Sao Bernardo do Campo,SP
c_007125,cu_006792,824765,Feira de Santana,BA
c_007126,cu_004713,664221,Goiania,GO
c_007127,cu_005726,202633,Juiz de Fora,MG
c_007128,cu_002182,979218,Chapeco,SC
c_007129,cu_004675,198755,Joinville,SC
c_007130,cu_001170,979780,Santos,SP
c_007131,cu_000489,374720,Uberlandia,MG
c_007132,cu_002525,665011,Feira de Santana,BA
c_007133,cu_001182,549611,Canoas,RS
c_007134,cu_004479,143625,Sao Paulo,SP
c_007135,cu_004258,472177,Sao Bernardo do Campo,SP
c_007136,cu_002488,667467,Sao Bernardo do Campo,SP
c_007137,cu_001876,213669,Sao Bernardo do Campo,SP
c_007138,cu_005308,214533,Juazeiro do Norte,CE
c_007139,cu_002462,657994,Campinas,SP
c_007140,cu_005458,549518,Guarulhos,SP
c_007141,cu_001630,929974,Campinas,SP
c_007142,cu_005300,594582,Belo Horizonte,MG
c_007143,cu_000287,512292,Niteroi,RJ
c_007144,cu_005953,180582,Sao Bernardo do Campo,SP
c_007145,cu_004282,849626,Santos,SP
c_007146,cu_001907,501093,Sao Paulo,SP
c_007147,cu_001161,535877,Niteroi,RJ
c_007148,cu_000129,432083,Santos,SP
c_007149,cu_006337,882887,Belem,PA
c_007150,cu_002363,345690,Rio de Janeiro,RJ
c_007151,cu_005983,886837,Sao Bernardo do Campo,SP
c_007152,cu_000143,734961,Pelotas,RS
c_007153,cu_000015,406222,Campinas,SP
c_007154,cu_006566,599076,Contagem,MG
c_007155,cu_000244,138753,Sao Bernardo do Campo,SP
c_007156,cu_000926,803724,Juiz de Fora,MG
c_007157,cu_003178,300317,Ponta Grossa,PR
c_007158,cu_002176,674514,Manaus,AM
c_007159,cu_005002,964195,Sao Bernardo do Campo,SP
c_007160,cu_000886,130174,Santos,SP
c_007161,cu_000340,301975,Niteroi,RJ
c_007162,cu_002051,122935,Manaus,AM
c_007163,cu_003398,871060,Caucaia,CE
c_007164,cu_005529,283260,Sao Paulo,SP
c_007165,cu_003950,467882,Guarulhos,SP
c_007166,cu_000305,548247,Niteroi,RJ
c_007167,cu_000907,994454,Sao Bernardo do Campo,SP
c_007168,cu_002654,688780,Sao Paulo,SP
c_007169,cu_003792,308834,Campinas,SP
c_007170,cu_004042,915259,Belo Horizonte,MG
c_007171,cu_001371,434049,Belem,PA
c_007172,cu_007135,818896,Aparecida de Goiania,GO
c_007173,cu_000320,785638,Guarulhos,SP
c_007174,cu_004654,533964,Belo Horizonte,MG
c_007175,cu_004059,973520,Vitoria da Conquista,BA
c_007176,cu_005300,809145,Campinas,SP
c_007177,cu_006761,109240,Canoas,RS
c_007178,cu_006854,912661,Campinas,SP
c_007179,cu_005505,553359,Sao Bernardo do Campo,SP
c_007180,cu_005737,403263,Sao Paulo,SP
c_007181,cu_001131,428995,Sao Bernardo do Campo,SP
c_007182,cu_002578,543893,Pelotas,RS
c_007183,cu_006553,423439,Guarulhos,SP
c_007184,cu_004042,213364,Sao Paulo,SP
c_007185,cu_003367,306234,Campinas,SP
c_007186,cu_000817,562780,Brasilia,DF
c_007187,cu_005290,447161,Duque de Caxias,RJ
c_007188,cu_006636,146874,Juiz de Fora,MG
c_007189,cu_000011,709879,Uberlandia,MG
c_007190,cu_000194,480710,Santos,SP
c_007191,cu_002537,595725,Guarulhos,SP
c_007192,cu_002842,434586,Londrina,PR
c_007193,cu_007024,488359,Sao Paulo,SP
c_007194,cu_002229,109183,Campinas,SP
c_007195,cu_003009,288484,Porto Alegre,RS
c_007196,cu_004751,412126,Santos,SP
c_007197,cu_006017,470312,Guarulhos,SP
c_007198,cu_006837,298130,Niteroi,RJ
c_007199,cu_002077,546665,Nova Iguacu,RJ
c_007200,cu_005715,996331,Canoas,RS
c_007201,cu_003867,939667,Contagem,MG
c_007202,cu_005215,941349,Belo Horizonte,MG
c_007203,cu_004873,431565,Porto Alegre,RS
c_007204,cu_000443,259848,Sao Paulo,SP
c_007205,cu_000297,254223,Sao Paulo,SP
c_007206,cu_004903,108927,Nova Iguacu,RJ
c_007207,cu_005856,540665,Sao Bernardo do Campo,SP
c_007208,cu_000844,470667,Aparecida de Goiania,GO
c_007209,cu_001015,597834,Florianopolis,SC
c_007210,cu_001384,585679,Sao Bernardo do Campo,SP
c_007211,cu_001397,253830,Sao Paulo,SP
c_007212,cu_000553,906529,Sao Bernardo do Campo,SP
c_007213,cu_002350,242563,Sao Paulo,SP
c_007214,cu_004516,363570,Campinas,SP
c_007215,cu_001269,336345,Rio de Janeiro,RJ
c_007216,cu_001260,662853,Salvador,BA
c_007217,cu_000184,964153,Curitiba,PR
c_007218,cu_004563,685117,Sao Paulo,SP
c_007219,cu_006897,394887,Campinas,SP
c_007220,cu_002410,783052,Nova Iguacu,RJ
c_007221,cu_005402,228915,Blumenau,SC
c_007222,cu_005672,895169,Feira de Santana,BA
c_007223,cu_004431,409730,Fortaleza,CE
c_007224,cu_002209,314767,Nova Iguacu,RJ
c_007225,cu_005593,552039,Canoas,RS
c_007226,cu_003672,471619,Sao Paulo,SP
c_007227,cu_006155,984272,Uberlandia,MG
c_007228,cu_005543,221021,Sao Paulo,SP
c_007229,cu_004683,905850,Nova Iguacu,RJ
c_007230,cu_001881,384389,Juiz de Fora,MG
c_007231,cu_004296,451812,Campinas,SP
c_007232,cu_000521,486064,Santos,SP
c_007233,cu_001887,866027,Sao Paulo,SP
c_007234,cu_002552,699984,Sao Bernardo do Campo,SP
c_007235,cu_003809,259659,Santos,SP
c_007236,cu_005807,228721,Sao Paulo,SP
c_007237,cu_004883,143475,Guarulhos,SP
c_007238,cu_004155,744031,Sao Bernardo do Campo,SP
c_007239,cu_004673,880618,Goiania,GO
c_007240,cu_004416,261388,Campinas,SP
c_007241,cu_005554,816422,Santos,SP
c_007242,cu_003479,323137,Nova Iguacu,RJ
c_007243,cu_006133,746373,Vitoria da Conquista,BA
c_007244,cu_005018,999642,Porto Alegre,RS
c_007245,cu_001409,896032,Sao Paulo,SP
c_007246,cu_001694,477165,Contagem,MG
c_007247,cu_004664,702326,Porto Alegre,RS
c_007248,cu_005197,451284,Porto Alegre,RS
c_007249,cu_000526,910365,Juiz de Fora,MG
c_007250,cu_006667,284494,Brasilia,DF
c_007251,cu_002660,588132,Brasilia,DF
c_007252,cu_002172,857738,Juiz de Fora,MG
c_007253,cu_004966,898784,Rio de Janeiro,RJ
c_007254,cu_000279,969555,Juiz de Fora,MG
c_007255,cu_002964,893672,Florianopolis,SC
c_007256,cu_003977,972871,Santos,SP
c_007257,cu_002669,686191,Aparecida de Goiania,GO
c_007258,cu_002893,338392,Guarulhos,SP
c_007259,cu_005988,344778,Nova Iguacu,RJ
c_007260,cu_001751,426943,Brasilia,DF
c_007261,cu_003981,796432,Sao Paulo,SP
c_007262,cu_004769,449853,Nova Iguacu,RJ
c_007263,cu_005247,384732,Sao Paulo,SP
c_007264,cu_002361,908328,Campinas,SP
c_007265,cu_004427,173281,Guarulhos,SP
c_007266,cu_005269,831378,Campinas,SP
c_007267,cu_006135,369919,Guarulhos,SP
c_007268,cu_005573,315846,Aparecida de Goiania,GO
c_007269,cu_004131,466464,Aparecida de Goiania,GO
c_007270,cu_001708,881172,Sao Bernardo do Campo,SP
c_007271,cu_005539,915321,Porto Alegre,RS
c_007272,cu_007189,319317,Sao Paulo,SP
c_007273,cu_006349,556358,Sao Bernardo do Campo,SP
c_007274,cu_002686,400686,Sao Paulo,SP
c_007275,cu_002895,221096,Varzea Grande,MT
c_007276,cu_005475,298648,Belem,PA
c_007277,cu_004535,847394,Guarulhos,SP
c_007278,cu_002776,175735,Sao Paulo,SP
c_007279,cu_001119,191872,Santos,SP
c_007280,cu_002988,989748,Rio de Janeiro,RJ
c_007281,cu_004259,592955,Juiz de Fora,MG
c_007282,cu_004243,549425,Santos,SP
c_007283,cu_006437,364981,Ponta Grossa,PR
c_007284,cu_000194,229594,Santos,SP
c_007285,cu_000662,344297,Manaus,AM
c_007286,cu_000479,359527,Belo Horizonte,MG
c_007287,cu_004218,207251,Niteroi,RJ
c_007288,cu_001423,494253,Joinville,SC
c_007289,cu_006842,201710,Florianopolis,SC
c_007290,cu_005060,971057,Campinas,SP
c_007291,cu_002708,377225,Sao Paulo,SP
c_007292,cu_003175,197352,Manaus,AM
c_007293,cu_005874,410248,Guarulhos,SP
c_007294,cu_005581,280050,Santos,SP
c_007295,cu_003814,643823,Niteroi,RJ
c_007296,cu_002014,976183,Florianopolis,SC
c_007297,cu_003789,507997,Londrina,PR
c_007298,cu_004805,431993,Fortaleza,CE
c_007299,cu_002443,138743,Rio de Janeiro,RJ
c_007300,cu_000911,906779,Guarulhos,SP
c_007301,cu_005456,348995,Contagem,MG
c_007302,cu_007148,970759,Ponta Grossa,PR
c_007303,cu_003213,484484,Santos,SP
c_007304,cu_002364,244292,Sao Bernardo do Campo,SP
c_007305,cu_005830,994784,Sao Bernardo do Campo,SP
c_007306,cu_003629,290836,Uberlandia,MG
c_007307,cu_005919,957763,Jaboatao dos Guararapes,PE
c_007308,cu_005675,712681,Canoas,RS
c_007309,cu_003472,919093,Goiania,GO
c_007310,cu_000680,607888,Sao Bernardo do Campo,SP
c_007311,cu_005429,431858,Caucaia,CE
c_007312,cu_006638,176842,Joinville,SC
c_007313,cu_004651,655765,Campinas,SP
c_007314,cu_000609,626278,Dourados,MS
c_007315,cu_002156,330793,Campinas,SP
c_007316,cu_003866,631131,Jaboatao dos Guararapes,PE
c_007317,cu_000371,399084,Jaboatao dos Guararapes,PE
c_007318,cu_006998,699715,Londrina,PR
c_007319,cu_000615,725346,Juiz de Fora,MG
c_007320,cu_006911,566781,Santos,SP
c_007321,cu_006010,540271,Rio de Janeiro,RJ
c_007322,cu_002253,798869,Santos,SP
c_007323,cu_004942,299245,Chapeco,SC
c_007324,cu_004138,789382,Curitiba,PR
c_007325,cu_000864,788256,Caucaia,CE
c_007326,cu_001268,367478,Campinas,SP
c_007327,cu_005474,255260,Blumenau,SC
c_007328,cu_000784,239246,Manaus,AM
c_007329,cu_004571,957218,Blumenau,SC
c_007330,cu_004178,739462,Santos,SP
c_007331,cu_005229,182084,Santos,SP
c_007332,cu_002237,147158,Guarulhos,SP
c_007333,cu_004054,112179,Belo Horizonte,MG
c_007334,cu_004895,869522,Uberlandia,MG
c_007335,cu_000935,379520,Aparecida de Goiania,GO
c_007336,cu_003980,313411,Sao Paulo,SP
c_007337,cu_006394,329928,Sao Bernardo do Campo,SP
c_007338,cu_002338,238354,Juiz de Fora,MG
c_007339,cu_005764,514258,Feira de Santana,BA
c_007340,cu_000325,764451,Manaus,AM
c_007341,cu_001534,347278,Joinville,SC
c_007342,cu_003480,690648,Duque de Caxias,RJ
c_007343,cu_003861,932648,Juiz de Fora,MG
c_007344,cu_001985,980143,Vitoria da Conquista,BA
c_007345,cu_006060,757178,Duque de Caxias,RJ
c_007346,cu_004932,477480,Santos,SP
c_007347,cu_004603,565512,Sao Bernardo do Campo,SP
c_007348,cu_002778,786843,Sao Bernardo do Campo,SP
c_007349,cu_006215,674418,Pelotas,RS
c_007350,cu_001270,494237,Guarulhos,SP
c_007351,cu_000640,987983,Sao Paulo,SP
c_007352,cu_007083,670616,Guarulhos,SP
c_007353,cu_005974,159423,Belo Horizonte,MG
c_007354,cu_004703,275028,Sao Bernardo do Campo,SP
c_007355,cu_006054,483869,Caxias do Sul,RS
c_007356,cu_004078,354076,Sao Paulo,SP
c_007357,cu_004661,653448,Campinas,SP
c_007358,cu_001367,261361,Rio de Janeiro,RJ
c_007359,cu_004042,665161,Guarulhos,SP
c_007360,cu_006197,823871,Guarulhos,SP
c_007361,cu_005849,599666,Santos,SP
c_007362,cu_002575,728228,Olinda,PE
c_007363,cu_006754,724593,Pelotas,RS
c_007364,cu_003603,410027,Sao Bernardo do Campo,SP
c_007365,cu_001581,509370,Sao Bernardo do Campo,SP
c_007366,cu_001986,585156,Dourados,MS
c_007367,cu_002240,457998,Pelotas,RS
c_007368,cu_003966,644558,Guarulhos,SP
c_007369,cu_002105,856627,Pelotas,RS
c_007370,cu_000128,257398,Curitiba,PR
c_007371,cu_005968,225669,Curitiba,PR
c_007372,cu_004801,378475,Niteroi,RJ
c_007373,cu_003996,204973,Niteroi,RJ
c_007374,cu_000851,330167,Santos,SP
c_007375,cu_004103,102928,Manaus,AM
c_007376,cu_002076,419867,Contagem,MG
c_007377,cu_005231,236415,Sao Bernardo do Campo,SP
c_007378,cu_002994,549367,Juazeiro do Norte,CE
c_007379,cu_003744,369511,Juazeiro do Norte,CE
c_007380,cu_006274,764527,Aparecida de Goiania,GO
c_007381,cu_006331,688095,Brasilia,DF
c_007382,cu_005794,685944,Aparecida de Goiania,GO
c_007383,cu_002756,950391,Santos,SP
c_007384,cu_005594,849681,Salvador,BA
c_007385,cu_006355,126314,Feira de Santana,BA
c_007386,cu_001644,921246,Santos,SP
c_007387,cu_004371,604357,Sao Bernardo do Campo,SP
c_007388,cu_003144,413387,Campo Grande,MS
c_007389,cu_005798,263660,Sao Paulo,SP
c_007390,cu_005891,881195,Brasilia,DF
c_007391,cu_000242,553584,Campinas,SP
c_007392,cu_004085,128954,Guarulhos,SP
c_007393,cu_007130,120725,Nova Iguacu,RJ
c_007394,cu_006828,467840,Campinas,SP
c_007395,cu_000170,446814,Pelotas,RS
c_007396,cu_000652,598656,Uberlandia,MG
c_007397,cu_006028,509029,Sao Paulo,SP
c_007398,cu_006331,329411,Campinas,SP
c_007399,cu_003512,346119,Campinas,SP
c_007400,cu_005205,667384,Santos,SP
c_007401,cu_001499,436725,Blumenau,SC
c_007402,cu_002099,194370,Guarulhos,SP
c_007403,cu_002158,116553,Santos,SP
c_007404,cu_001972,135070,Niteroi,RJ
c_007405,cu_007020,430939,Sao Paulo,SP
c_007406,cu_003925,193120,Santos,SP
c_007407,cu_005162,905879,Guarulhos,SP
c_007408,cu_002258,448488,Salvador,BA
c_007409,cu_004039,211615,Manaus,AM
c_007410,cu_002035,796289,Feira de Santana,BA
c_007411,cu_003271,890463,Santos,SP
c_007412,cu_000857,987116,Santos,SP
c_007413,cu_003823,366949,Rio de Janeiro,RJ
c_007414,cu_006770,213033,Pelotas,RS
c_007415,cu_001049,663050,Aparecida de Goiania,GO
c_007416,cu_003990,603092,Sao Paulo,SP
c_007417,cu_000298,731478,Campinas,SP
c_007418,cu_000923,956734,Pelotas,RS
c_007419,cu_004232,376033,Feira de Santana,BA
c_007420,cu_005139,195752,Feira de Santana,BA
c_007421,cu_006583,592263,Canoas,RS
c_007422,cu_004306,762988,Santarem,PA
c_007423,cu_002799,788535,Niteroi,RJ
c_007424,cu_005670,105370,Juazeiro do Norte,CE
c_007425,cu_006578,339688,Varzea Grande,MT
c_007426,cu_004875,885118,Vitoria da Conquista,BA
c_007427,cu_005326,592195,Santos,SP
c_007428,cu_004062,583972,Sao Paulo,SP
c_007429,cu_006582,355820,Niteroi,RJ
c_007430,cu_004045,352063,Niteroi,RJ
c_007431,cu_001802,563775,Brasilia,DF
c_007432,cu_002713,482767,Sao Paulo,SP
c_007433,cu_005161,329463,Santos,SP
c_007434,cu_004506,107278,Maringa,PR
c_007435,cu_002853,831972,Guarulhos,SP
c_007436,cu_002657,314160,Sao Paulo,SP
c_007437,cu_004522,555255,Santos,SP
c_007438,cu_003346,307788,Juiz de Fora,MG
c_007439,cu_001471,575566,Guarulhos,SP
c_007440,cu_002949,361534,Brasilia,DF
c_007441,cu_000941,635631,Niteroi,RJ
c_007442,cu_001907,517246,Juazeiro do Norte,CE
c_007443,cu_004837,163537,Rio de Janeiro,RJ
c_007444,cu_005488,677339,Campinas,SP
c_007445,cu_001243,219066,Sao Bernardo do Campo,SP
c_007446,cu_005696,650821,Campinas,SP
c_007447,cu_005351,906074,Rio de Janeiro,RJ
c_007448,cu_004423,866174,Campinas,SP
c_007449,cu_001466,688552,Campinas,SP
c_007450,cu_006195,809929,Belo Horizonte,MG
c_007451,cu_003957,416972,Sao Bernardo do Campo,SP
c_007452,cu_001966,325081,Campinas,SP
c_007453,cu_000375,368125,Curitiba,PR
c_007454,cu_000262,240189,Belem,PA
c_007455,cu_004362,776115,Sao Bernardo do Campo,SP
c_007456,cu_006502,204365,Sao Bernardo do Campo,SP
c_007457,cu_003388,636384,Cuiaba,MT
c_007458,cu_003395,139193,Sao Paulo,SP
c_007459,cu_001944,787915,Dourados,MS
c_007460,cu_001893,736317,Guarulhos,SP
c_007461,cu_005997,758923,Brasilia,DF
c_007462,cu_006795,983331,Guarulhos,SP
c_007463,cu_003634,503780,Manaus,AM
c_007464,cu_001652,424953,Sao Paulo,SP
c_007465,cu_005540,254333,Juiz de Fora,MG
c_007466,cu_004141,962860,Campinas,SP
c_007467,cu_003892,704368,Sao Paulo,SP
c_007468,cu_000599,709882,Curitiba,PR
c_007469,cu_004815,844853,Niteroi,RJ
c_007470,cu_001912,578222,Manaus,AM
c_007471,cu_001292,271662,Duque de Caxias,RJ
c_007472,cu_000600,887075,Brasilia,DF
c_007473,cu_000380,667187,Rio de Janeiro,RJ
c_007474,cu_004213,938015,Dourados,MS
c_007475,cu_003637,878255,Santarem,PA
c_007476,cu_002163,371889,Santos,SP
c_007477,cu_004355,900348,Jaboatao dos Guararapes,PE
c_007478,cu_001098,953275,Vitoria da Conquista,BA
c_007479,cu_005599,771081,Campinas,SP
c_007480,cu_006448,164330,Uberlandia,MG
c_007481,cu_006150,167769,Sao Bernardo do Campo,SP
c_007482,cu_000365,365023,Feira de Santana,BA
c_007483,cu_005753,888697,Campinas,SP
c_007484,cu_002570,808691,Santos,SP
c_007485,cu_003419,668427,Sao Bernardo do Campo,SP
c_007486,cu_005557,759657,Contagem,MG
c_007487,cu_006120,241663,Salvador,BA
c_007488,cu_002476,807455,Dourados,MS
c_007489,cu_000790,919250,Duque de Caxias,RJ
c_007490,cu_003569,465641,Campinas,SP
c_007491,cu_000746,121186,Ponta Grossa,PR
c_007492,cu_006510,897520,Uberlandia,MG
c_007493,cu_000312,130352,Rio de Janeiro,RJ
c_007494,cu_004633,578670,Santos,SP
c_007495,cu_000920,278151,Niteroi,RJ
c_007496,cu_001077,422520,Santos,SP
c_007497,cu_005586,773984,Maringa,PR
c_007498,cu_007008,520383,Duque de Caxias,RJ
c_007499,cu_002829,937112,Brasilia,DF
c_007500,cu_002381,283044,Niteroi,RJ
c_007501,cu_003618,380049,Guarulhos,SP
c_007502,cu_000797,122294,Vitoria da Conquista,BA
c_007503,cu_004443,323728,Juiz de Fora,MG
c_007504,cu_000272,277859,Guarulhos,SP
c_007505,cu_003010,505452,Contagem,MG
c_007506,cu_004815,643049,Sao Paulo,SP
c_007507,cu_001773,324043,Vitoria da Conquista,BA
c_007508,cu_002547,904392,Rio de Janeiro,RJ
c_007509,cu_003164,324027,Pelotas,RS
c_007510,cu_004780,753598,Santos,SP
c_007511,cu_006222,928496,Guarulhos,SP
c_007512,cu_004717,749210,Goiania,GO
c_007513,cu_006135,850224,Joinville,SC
c_007514,cu_000946,520155,Sao Bernardo do Campo,SP
c_007515,cu_006501,641318,Santos,SP
c_007516,cu_002665,697117,Campinas,SP
c_007517,cu_000506,843771,Uberlandia,MG
c_007518,cu_005678,462830,Londrina,PR
c_007519,cu_006719,276862,Curitiba,PR
c_007520,cu_000243,635263,Niteroi,RJ
c_007521,cu_000505,390152,Florianopolis,SC
c_007522,cu_004517,254164,Niteroi,RJ
c_007523,cu_003158,309177,Sao Paulo,SP
c_007524,cu_006360,874267,Uberlandia,MG
c_007525,cu_003590,655790,Ananindeua,PA
c_007526,cu_001872,989161,Blumenau,SC
c_007527,cu_003793,602049,Uberlandia,MG
c_007528,cu_007152,401417,Contagem,MG
c_007529,cu_001192,724844,Manaus,AM
c_007530,cu_004425,197725,Niteroi,RJ
c_007531,cu_004745,229768,Santos,SP
c_007532,cu_001464,839798,Campo Grande,MS
c_007533,cu_000390,512913,Brasilia,DF
c_007534,cu_005615,273287,Guarulhos,SP
c_007535,cu_004476,144870,Nova Iguacu,RJ
c_007536,cu_003377,550086,Santos,SP
c_007537,cu_004837,713347,Sao Paulo,SP
c_007538,cu_006106,583295,Ananindeua,PA
c_007539,cu_004915,377445,Campinas,SP
c_007540,cu_000672,602036,Brasilia,DF
c_007541,cu_002560,874818,Campinas,SP
c_007542,cu_005867,144628,Nova Iguacu,RJ
c_007543,cu_007092,109639,Santos,SP
c_007544,cu_001211,425749,Curitiba,PR
c_007545,cu_000929,572677,Contagem,MG
c_007546,cu_001539,969441,Belo Horizonte,MG
c_007547,cu_000912,918974,Campinas,SP
c_007548,cu_000643,774040,Santos,SP
c_007549,cu_004522,771487,Campinas,SP
c_007550,cu_000501,166143,Sao Paulo,SP
c_007551,cu_000729,967222,Contagem,MG
c_007552,cu_001283,787964,Juiz de Fora,MG
c_007553,cu_002118,881571,Juiz de Fora,MG
c_007554,cu_006621,140565,Nova Iguacu,RJ
c_007555,cu_004552,885615,Campinas,SP
c_007556,cu_006332,769036,Santos,SP
c_007557,cu_004386,633149,Campinas,SP
c_007558,cu_003836,818183,Vitoria da Conquista,BA
c_007559,cu_000919,873188,Belo Horizonte,MG
c_007560,cu_004050,802367,Santos,SP
c_007561,cu_002339,663424,Sao Paulo,SP
c_007562,cu_006065,570220,Brasilia,DF
c_007563,cu_000755,679828,Londrina,PR
c_007564,cu_005754,503865,Juiz de Fora,MG
c_007565,cu_005930,444513,Santos,SP
c_007566,cu_005402,686234,Santos,SP
c_007567,cu_005663,347858,Dourados,MS
c_007568,cu_001869,351971,Blumenau,SC
c_007569,cu_004472,664796,Sao Paulo,SP
c_007570,cu_005275,859784,Feira de Santana,BA
c_007571,cu_000507,270949,Londrina,PR
c_007572,cu_001436,901843,Santos,SP
c_007573,cu_002575,147019,Nova Iguacu,RJ
c_007574,cu_003426,993210,Guarulhos,SP
c_007575,cu_000558,623495,Sao Paulo,SP
c_007576,cu_003102,955138,Caxias do Sul,RS
c_007577,cu_006403,427781,Sao Paulo,SP
c_007578,cu_004516,275795,Salvador,BA
c_007579,cu_005648,647922,Aparecida de Goiania,GO
c_007580,cu_003622,678714,Sao Paulo,SP
c_007581,cu_004399,644918,Nova Iguacu,RJ
c_007582,cu_005037,954919,Joinville,SC
c_007583,cu_004057,704884,Blumenau,SC
c_007584,cu_003715,513515,Ponta Grossa,PR
c_007585,cu_006685,414170,Sao Bernardo do Campo,SP
c_007586,cu_001301,555358,Niteroi,RJ
c_007587,cu_005185,119692,Uberlandia,MG
c_007588,cu_002155,683033,Campo Grande,MS
c_007589,cu_006411,898651,Sao Bernardo do Campo,SP
c_007590,cu_006365,319471,Manaus,AM
c_007591,cu_005923,512547,Santos,SP
c_007592,cu_005649,958131,Goiania,GO
c_007593,cu_000692,817881,Canoas,RS
c_007594,cu_004350,953838,Nova Iguacu,RJ
c_007595,cu_001478,931017,Uberlandia,MG
c_007596,cu_006396,346681,Campinas,SP
c_007597,cu_000256,375954,Campinas,SP
c_007598,cu_002430,640814,Campinas,SP
c_007599,cu_000441,807626,Campinas,SP
c_007600,cu_001881,722141,Campinas,SP
c_007601,cu_002646,268539,Ponta Grossa,PR
c_007602,cu_005209,348542,Juiz de Fora,MG
c_007603,cu_003820,894027,Guarulhos,SP
c_007604,cu_006533,245316,Vitoria da Conquista,BA
c_007605,cu_004677,771256,Belo Horizonte,MG
c_007606,cu_001735,854680,Varzea Grande,MT
c_007607,cu_003735,734252,Pelotas,RS
c_007608,cu_002645,643415,Campinas,SP
c_007609,cu_000018,494962,Rio de Janeiro,RJ
c_007610,cu_001124,711913,Uberlandia,MG
c_007611,cu_003985,356079,Guarulhos,SP
c_007612,cu_002654,103074,Sao Paulo,SP
c_007613,cu_005476,913228,Campinas,SP
c_007614,cu_005661,188578,Guarulhos,SP
c_007615,cu_002080,584380,Rio de Janeiro,RJ
c_007616,cu_006089,329064,Nova Iguacu,RJ
c_007617,cu_001547,559686,Campinas,SP
c_007618,cu_000861,650292,Canoas,RS
c_007619,cu_000154,919722,Juiz de Fora,MG
c_007620,cu_003494,914029,Campinas,SP
c_007621,cu_000904,901668,Guarulhos,SP
c_007622,cu_001269,309927,Santos,SP
c_007623,cu_000404,829088,Santos,SP
c_007624,cu_000843,556610,Campinas,SP
c_007625,cu_001782,366127,Santos,SP
c_007626,cu_001564,266448,Uberlandia,MG
c_007627,cu_001184,775780,Rio de Janeiro,RJ
c_007628,cu_000746,356743,Guarulhos,SP
c_007629,cu_001725,209698,Sao Bernardo do Campo,SP
c_007630,cu_003188,409850,Juiz de Fora,MG
c_007631,cu_000270,896782,Brasilia,DF
c_007632,cu_004865,632825,Maringa,PR
c_007633,cu_005811,461489,Uberlandia,MG
c_007634,cu_005606,461694,Sao Bernardo do Campo,SP
c_007635,cu_003956,370463,Sao Paulo,SP
c_007636,cu_000171,399461,Brasilia,DF
c_007637,cu_000273,553320,Sao Paulo,SP
c_007638,cu_002306,272539,Aparecida de Goiania,GO
c_007639,cu_001158,834189,Juiz de Fora,MG
c_007640,cu_001706,132575,Pelotas,RS
c_007641,cu_001771,366667,Santos,SP
c_007642,cu_000421,536113,Uberlandia,MG
c_007643,cu_005540,815283,Duque de Caxias,RJ
c_007644,cu_001209,577851,Guarulhos,SP
c_007645,cu_006507,307114,Campinas,SP
c_007646,cu_006521,237877,Recife,PE
c_007647,cu_004675,365886,Duque de Caxias,RJ
c_007648,cu_000890,501268,Santos,SP
c_007649,cu_004817,541672,Santos,SP
c_007650,cu_003267,649684,Porto Alegre,RS
c_007651,cu_004976,887458,Pelotas,RS
c_007652,cu_005217,808996,Uberlandia,MG
c_007653,cu_006748,195361,Nova Iguacu,RJ
c_007654,cu_006103,793439,Niteroi,RJ
c_007655,cu_006165,926180,Juiz de Fora,MG
c_007656,cu_001473,674239,Sao Paulo,SP
c_007657,cu_003243,154857,Belem,PA
c_007658,cu_004478,295179,Juiz de Fora,MG
c_007659,cu_002181,350777,Santos,SP
c_007660,cu_001449,735061,Niteroi,RJ
c_007661,cu_003096,362515,Chapeco,SC
c_007662,cu_006646,840038,Campinas,SP
c_007663,cu_003256,315335,Sao Bernardo do Campo,SP
c_007664,cu_003156,818513,Canoas,RS
c_007665,cu_001590,950462,Guarulhos,SP
c_007666,cu_005882,826934,Chapeco,SC
c_007667,cu_004239,253343,Sao Bernardo do Campo,SP
c_007668,cu_005982,302096,Maringa,PR
c_007669,cu_003981,650245,Guarulhos,SP
c_007670,cu_005798,269174,Sao Paulo,SP
c_007671,cu_001435,951962,Jaboatao dos Guararapes,PE
c_007672,cu_000223,475388,Uberlandia,MG
c_007673,cu_000219,109728,Sao Paulo,SP
c_007674,cu_004274,717383,Sao Paulo,SP
c_007675,cu_001654,905236,Belo Horizonte,MG
c_007676,cu_004528,670443,Duque de Caxias,RJ
c_007677,cu_000264,927633,Aparecida de Goiania,GO
c_007678,cu_000953,151877,Goiania,GO
c_007679,cu_004524,642617,Contagem,MG
c_007680,cu_003733,118386,Rio de Janeiro,RJ
c_007681,cu_006559,338878,Niteroi,RJ
c_007682,cu_002774,482717,Canoas,RS
c_007683,cu_006340,349733,Guarulhos,SP
c_007684,cu_005673,975725,Sao Paulo,SP
c_007685,cu_003124,727568,Sao Bernardo do Campo,SP
c_007686,cu_000479,134922,Sao Bernardo do Campo,SP
c_007687,cu_003514,911284,Sao Paulo,SP
c_007688,cu_001353,140169,Duque de Caxias,RJ
c_007689,cu_003322,933024,Florianopolis,SC
c_007690,cu_003878,122026,Niteroi,RJ
c_007691,cu_000889,800114,Campinas,SP
c_007692,cu_003854,138765,Sao Bernardo do Campo,SP
c_007693,cu_000924,699157,Uberlandia,MG
c_007694,cu_002170,283944,Guarulhos,SP
c_007695,cu_001902,277142,Juiz de Fora,MG
c_007696,cu_005506,867630,Dourados,MS
c_007697,cu_005458,775714,Santos,SP
c_007698,cu_004873,166098,Sao Paulo,SP
c_007699,cu_002395,952192,Rio de Janeiro,RJ
c_007700,cu_000028,115927,Varzea Grande,MT
c_007701,cu_007118,517433,Londrina,PR
c_007702,cu_000034,727678,Olinda,PE
c_007703,cu_003589,777750,Guarulhos,SP
c_007704,cu_005515,916816,Aparecida de Goiania,GO
c_007705,cu_002670,591535,Santos,SP
c_007706,cu_003365,813572,Sao Paulo,SP
c_007707,cu_000588,255489,Salvador,BA
c_007708,cu_003218,113191,Manaus,AM
c_007709,cu_003138,407663,Campinas,SP
c_007710,cu_000903,252179,Guarulhos,SP
c_007711,cu_006663,144087,Sao Paulo,SP
c_007712,cu_004086,220327,Guarulhos,SP
c_007713,cu_002169,439119,Campinas,SP
c_007714,cu_000339,777591,Campo Grande,MS
c_007715,cu_004270,887561,Contagem,MG
c_007716,cu_006019,288756,Maringa,PR
c_007717,cu_001714,938935,Ponta Grossa,PR
c_007718,cu_004692,519452,Rio de Janeiro,RJ
c_007719,cu_004546,145272,Joinville,SC
c_007720,cu_000556,874572,Belo Horizonte,MG
c_007721,cu_005255,114060,Sao Paulo,SP
c_007722,cu_003087,167559,Juiz de Fora,MG
c_007723,cu_005452,460229,Niteroi,RJ
c_007724,cu_003266,750471,Salvador,BA
c_007725,cu_003567,580376,Aparecida de Goiania,GO
c_007726,cu_002056,697658,Sao Paulo,SP
c_007727,cu_003899,881148,Ponta Grossa,PR
c_007728,cu_006477,471880,Campinas,SP
c_007729,cu_001016,808898,Curitiba,PR
c_007730,cu_006470,280616,Santos,SP
c_007731,cu_002062,954554,Campinas,SP
c_007732,cu_000838,878728,Sao Bernardo do Campo,SP
c_007733,cu_001637,584862,Contagem,MG
c_007734,cu_004321,942136,Campinas,SP
c_007735,cu_003496,585269,Manaus,AM
c_007736,cu_001813,585786,Campinas,SP
c_007737,cu_003479,873870,Manaus,AM
c_007738,cu_006256,873587,Porto Alegre,RS
c_007739,cu_006116,378156,Guarulhos,SP
c_007740,cu_001451,808719,Guarulhos,SP
c_007741,cu_006144,298433,Londrina,PR
c_007742,cu_002313,205216,Uberlandia,MG
c_007743,cu_001514,135026,Canoas,RS
c_007744,cu_001231,544534,Sao Bernardo do Campo,SP
c_007745,cu_001645,129170,Nova Iguacu,RJ
c_007746,cu_005831,875044,Goiania,GO
c_007747,cu_002999,146787,Sao Paulo,SP
c_007748,cu_003440,636159,Campinas,SP
c_007749,cu_004056,630374,Campinas,SP
c_007750,cu_000305,532550,Maringa,PR
c_007751,cu_006155,588843,Curitiba,PR
c_007752,cu_003536,339419,Sao Paulo,SP
c_007753,cu_001723,927842,Santos,SP
c_007754,cu_001689,392092,Sao Bernardo do Campo,SP
c_007755,cu_001517,785813,Nova Iguacu,RJ
c_007756,cu_005487,694014,Campinas,SP
c_007757,cu_003917,297776,Goiania,GO
c_007758,cu_007080,275011,Nova Iguacu,RJ
c_007759,cu_000419,934061,Sao Paulo,SP
c_007760,cu_002936,524762,Jaboatao dos Guararapes,PE
c_007761,cu_003862,703559,Nova Iguacu,RJ
c_007762,cu_006314,304348,Belo Horizonte,MG
c_007763,cu_004229,694748,Santos,SP
c_007764,cu_006126,682612,Campinas,SP
c_007765,cu_007108,546218,Belem,PA
c_007766,cu_001450,303615,Juiz de Fora,MG
c_007767,cu_003096,778935,Sao Bernardo do Campo,SP
c_007768,cu_005649,998284,Contagem,MG
c_007769,cu_003261,786338,Fortaleza,CE
c_007770,cu_001164,617857,Sao Paulo,SP
c_007771,cu_001869,384849,Niteroi,RJ
c_007772,cu_001819,553319,Belem,PA
c_007773,cu_002705,116182,Santos,SP
c_007774,cu_003515,969545,Canoas,RS
c_007775,cu_001342,363483,Juiz de Fora,MG
c_007776,cu_005560,610116,Canoas,RS
c_007777,cu_002226,250925,Sao Bernardo do Campo,SP
c_007778,cu_001079,710570,Sao Paulo,SP
c_007779,cu_005274,994641,Caxias do Sul,RS
c_007780,cu_005791,939536,Campinas,SP
c_007781,cu_004206,434924,Santos,SP
c_007782,cu_006280,521117,Campinas,SP
c_007783,cu_006375,895157,Santos,SP
c_007784,cu_007135,377396,Dourados,MS
c_007785,cu_004563,771214,Niteroi,RJ
c_007786,cu_002779,174053,Cuiaba,MT
c_007787,cu_002528,747046,Sao Paulo,SP
c_007788,cu_000813,849147,Belo Horizonte,MG
c_007789,cu_005368,590982,Santos,SP
c_007790,cu_005089,621935,Florianopolis,SC
c_007791,cu_002031,860472,Chapeco,SC
c_007792,cu_000322,720647,Sao Bernardo do Campo,SP
c_007793,cu_002969,382484,Caucaia,CE
c_007794,cu_000903,690979,Sao Bernardo do Campo,SP
c_007795,cu_001541,412869,Juiz de Fora,MG
c_007796,cu_006095,761221,Goiania,GO
c_007797,cu_005911,702275,Jaboatao dos Guararapes,PE
c_007798,cu_003503,883271,Ananindeua,PA
c_007799,cu_002653,225553,Santos,SP
c_007800,cu_002476,880951,Santos,SP
c_007801,cu_003340,404242,Sao Paulo,SP
c_007802,cu_004243,959272,Nova Iguacu,RJ
c_007803,cu_001141,228079,Joinville,SC
c_007804,cu_000849,763263,Santos,SP
c_007805,cu_000366,378462,Juiz de Fora,MG
c_007806,cu_002897,817373,Guarulhos,SP
c_007807,cu_001089,330043,Guarulhos,SP
c_007808,cu_004041,499111,Juiz de Fora,MG
c_007809,cu_002038,523134,Niteroi,RJ
c_007810,cu_002860,931241,Chapeco,SC
c_007811,cu_004270,211716,Sao Bernardo do Campo,SP
c_007812,cu_001854,886172,Joinville,SC
c_007813,cu_004683,760089,Campinas,SP
c_007814,cu_000494,343344,Campinas,SP
c_007815,cu_007116,800931,Juiz de Fora,MG
c_007816,cu_005233,914673,Vitoria da Conquista,BA
c_007817,cu_003182,242821,Sao Paulo,SP
c_007818,cu_001784,587463,Campinas,SP
c_007819,cu_003510,530679,Rio de Janeiro,RJ
c_007820,cu_003786,331742,Guarulhos,SP
c_007821,cu_005266,200686,Chapeco,SC
c_007822,cu_004130,611135,Curitiba,PR
c_007823,cu_000998,428757,Campinas,SP
c_007824,cu_005428,644055,Duque de Caxias,RJ
c_007825,cu_006681,163864,Maringa,PR
c_007826,cu_006893,672583,Campinas,SP
c_007827,cu_005133,317583,Belo Horizonte,MG
c_007828,cu_004469,659577,Campinas,SP
c_007829,cu_006700,248521,Uberlandia,MG
c_007830,cu_001451,758173,Santos,SP
c_007831,cu_001751,622156,Vitoria da Conquista,BA
c_007832,cu_002280,474883,Sao Bernardo do Campo,SP
c_007833,cu_004800,603236,Sao Bernardo do Campo,SP
c_007834,cu_004658,500985,Feira de Santana,BA
c_007835,cu_007082,927777,Santos,SP
c_007836,cu_002934,730766,Santos,SP
c_007837,cu_006869,530121,Sao Paulo,SP
c_007838,cu_003734,640930,Campinas,SP
c_007839,cu_003346,194618,Fortaleza,CE
c_007840,cu_001873,444019,Maringa,PR
c_007841,cu_006219,450739,Campinas,SP
c_007842,cu_004534,240958,Canoas,RS
c_007843,cu_003803,467954,Nova Iguacu,RJ
c_007844,cu_005979,972037,Juazeiro do Norte,CE
c_007845,cu_001979,112554,Sao Paulo,SP
c_007846,cu_000698,764268,Juiz de Fora,MG
c_007847,cu_001312,984519,Rio de Janeiro,RJ
c_007848,cu_002962,914190,Duque de Caxias,RJ
c_007849,cu_005659,993295,Rio de Janeiro,RJ
c_007850,cu_002938,895344,Sao Bernardo do Campo,SP
c_007851,cu_004787,269346,Curitiba,PR
c_007852,cu_002300,382188,Duque de Caxias,RJ
c_007853,cu_003197,619433,Ananindeua,PA
c_007854,cu_005296,496164,Campinas,SP
c_007855,cu_006553,787018,Porto Alegre,RS
c_007856,cu_005730,622571,Belem,PA
c_007857,cu_005729,898628,Belo Horizonte,MG
c_007858,cu_000126,543342,Brasilia,DF
c_007859,cu_005602,209662,Salvador,BA
c_007860,cu_001191,894733,Guarulhos,SP
c_007861,cu_002639,458310,Uberlandia,MG
c_007862,cu_004389,853978,Campinas,SP
c_007863,cu_003916,692641,Nova Iguacu,RJ
c_007864,cu_001366,397488,Santos,SP
c_007865,cu_001019,456856,Curitiba,PR
c_007866,cu_006453,920660,Rio de Janeiro,RJ
c_007867,cu_006805,929891,Sao Paulo,SP
c_007868,cu_006671,120130,Sao Bernardo do Campo,SP
c_007869,cu_006683,838550,Aparecida de Goiania,GO
c_007870,cu_004079,700712,Sao Bernardo do Campo,SP
c_007871,cu_004514,240830,Santos,SP
c_007872,cu_004539,543130,Santos,SP
c_007873,cu_000684,734658,Campo Grande,MS
c_007874,cu_003629,106450,Dourados,MS
c_007875,cu_002887,531976,Contagem,MG
c_007876,cu_006379,739851,Jaboatao dos Guararapes,PE
c_007877,cu_001462,502452,Guarulhos,SP
c_007878,cu_004086,980421,Dourados,MS
c_007879,cu_002261,238760,Campinas,SP
c_007880,cu_004180,617980,Guarulhos,SP
c_007881,cu_002841,747937,Santos,SP
c_007882,cu_001767,510941,Belo Horizonte,MG
c_007883,cu_004180,412812,Blumenau,SC
c_007884,cu_006040,608543,Sao Bernardo do Campo,SP
c_007885,cu_003560,153749,Campo Grande,MS
c_007886,cu_002112,699881,Niteroi,RJ
c_007887,cu_005765,867928,Guarulhos,SP
c_007888,cu_004758,303711,Niteroi,RJ
c_007889,cu_000626,224387,Canoas,RS
c_007890,cu_004159,972487,Salvador,BA
c_007891,cu_003414,413091,Rio de Janeiro,RJ
c_007892,cu_007082,265348,Uberlandia,MG
c_007893,cu_005014,330482,Santos,SP
c_007894,cu_001375,792060,Belo Horizonte,MG
c_007895,cu_001181,481424,Goiania,GO
c_007896,cu_005708,603835,Sao Bernardo do Campo,SP
c_007897,cu_000490,478148,Olinda,PE
c_007898,cu_003729,229679,Uberlandia,MG
c_007899,cu_005974,672318,Campinas,SP
c_007900,cu_003534,608255,Belem,PA
c_007901,cu_003296,830177,Rio de Janeiro,RJ
c_007902,cu_001940,422850,Santos,SP
c_007903,cu_004408,247571,Campinas,SP
c_007904,cu_006758,340749,Sao Bernardo do Campo,SP
c_007905,cu_005014,641579,Feira de Santana,BA
c_007906,cu_001882,668923,Belo Horizonte,MG
c_007907,cu_004908,533754,Fortaleza,CE
c_007908,cu_002987,495015,Sao Paulo,SP
c_007909,cu_005585,848593,Sao Bernardo do Campo,SP
c_007910,cu_003159,229693,Campinas,SP
c_007911,cu_005422,264779,Nova Iguacu,RJ
c_007912,cu_004775,955137,Aparecida de Goiania,GO
c_007913,cu_004530,909254,Pelotas,RS
c_007914,cu_000681,818767,Sao Bernardo do Campo,SP
c_007915,cu_005254,969463,Brasilia,DF
c_007916,cu_001073,737073,Joinville,SC
c_007917,cu_005551,481252,Sao Bernardo do Campo,SP
c_007918,cu_002387,825427,Blumenau,SC
c_007919,cu_002394,122793,Sao Paulo,SP
c_007920,cu_002693,847769,Campinas,SP
c_007921,cu_001370,137880,Santos,SP
c_007922,cu_004744,725646,Duque de Caxias,RJ
c_007923,cu_004340,708244,Niteroi,RJ
c_007924,cu_002156,454818,Guarulhos,SP
c_007925,cu_002580,105965,Sao Paulo,SP
c_007926,cu_004391,367098,Londrina,PR
c_007927,cu_002159,433980,Aparecida de Goiania,GO
c_007928,cu_005708,465413,Londrina,PR
c_007929,cu_003248,654859,Sao Paulo,SP
c_007930,cu_006486,366283,Campinas,SP
c_007931,cu_003731,808732,Sao Bernardo do Campo,SP
c_007932,cu_006244,966217,Sao Bernardo do Campo,SP
c_007933,cu_003829,402638,Juiz de Fora,MG
c_007934,cu_006772,497333,Juiz de Fora,MG
c_007935,cu_001627,547183,Porto Alegre,RS
c_007936,cu_003472,523761,Caxias do Sul,RS
c_007937,cu_000027,330767,Guarulhos,SP
c_007938,cu_007080,700388,Guarulhos,SP
c_007939,cu_001985,693548,Porto Alegre,RS
c_007940,cu_005656,953975,Sao Bernardo do Campo,SP
c_007941,cu_004153,477769,Guarulhos,SP
c_007942,cu_001521,691961,Campinas,SP
c_007943,cu_000296,477875,Campinas,SP
c_007944,cu_002181,686361,Guarulhos,SP
c_007945,cu_003402,496558,Vitoria da Conquista,BA
c_007946,cu_002296,922047,Salvador,BA
c_007947,cu_007164,992917,Santos,SP
c_007948,cu_002597,733064,Sao Paulo,SP
c_007949,cu_000901,765735,Curitiba,PR
c_007950,cu_006060,899826,Campinas,SP
c_007951,cu_001098,518325,Sao Bernardo do Campo,SP
c_007952,cu_001677,375159,Campinas,SP
c_007953,cu_002881,172435,Campinas,SP
c_007954,cu_005287,904955,Joinville,SC
c_007955,cu_004866,349959,Chapeco,SC
c_007956,cu_005622,611777,Campinas,SP
c_007957,cu_001378,345034,Sao Bernardo do Campo,SP
c_007958,cu_001248,805767,Campinas,SP
c_007959,cu_003735,529466,Sao Paulo,SP
c_007960,cu_005650,273095,Goiania,GO
c_007961,cu_004241,212335,Uberlandia,MG
c_007962,cu_006079,562190,Duque de Caxias,RJ
c_007963,cu_001264,126416,Curitiba,PR
c_007964,cu_001907,302964,Vitoria da Conquista,BA
c_007965,cu_007036,958726,Joinville,SC
c_007966,cu_006487,929917,Sao Paulo,SP
c_007967,cu_005868,884985,Sao Bernardo do Campo,SP
c_007968,cu_001058,703510,Belo Horizonte,MG
c_007969,cu_002749,895943,Santos,SP
c_007970,cu_002048,513113,Aparecida de Goiania,GO
c_007971,cu_006115,141296,Belo Horizonte,MG
c_007972,cu_004248,967425,Belem,PA
c_007973,cu_002476,484748,Sao Paulo,SP
c_007974,cu_004016,208121,Brasilia,DF
c_007975,cu_004603,535534,Sao Bernardo do Campo,SP
c_007976,cu_003197,938976,Goiania,GO
c_007977,cu_004586,961433,Sao Paulo,SP
c_007978,cu_003553,212081,Duque de Caxias,RJ
c_007979,cu_004440,552776,Florianopolis,SC
c_007980,cu_006031,769349,Duque de Caxias,RJ
c_007981,cu_001761,105597,Rio de Janeiro,RJ
c_007982,cu_000220,921291,Goiania,GO
c_007983,cu_006034,948284,Nova Iguacu,RJ
c_007984,cu_006038,299476,Juiz de Fora,MG
c_007985,cu_004818,528332,Guarulhos,SP
c_007986,cu_007192,530951,Feira de Santana,BA
c_007987,cu_004623,250173,Contagem,MG
c_007988,cu_005618,568850,Guarulhos,SP
c_007989,cu_002888,101918,Campinas,SP
c_007990,cu_001664,427426,Juiz de Fora,MG
c_007991,cu_003986,174772,Sao Paulo,SP
c_007992,cu_004576,800481,Guarulhos,SP
c_007993,cu_002977,454781,Belo Horizonte,MG
c_007994,cu_001871,379881,Sao Paulo,SP
c_007995,cu_007015,760522,Sao Paulo,SP
c_007996,cu_001462,302326,Contagem,MG
c_007997,cu_005521,543213,Guarulhos,SP
c_007998,cu_000344,432495,Guarulhos,SP
c_007999,cu_000044,467559,Campinas,SP
