order_id,order_item_id,product_id,seller_id,shipping_limit_date,price,freight_value
o_000000,1,p_3170,s_889,2018-06-15 10:38:13,732.3,5.8
o_000001,1,p_7919,s_355,2017-10-27 07:25:09,125.62,7.11
o_000002,1,p_3060,s_185,2017-10-28 15:11:13,408.69,7.57
o_000003,1,p_6066,s_909,2017-12-18 08:10:00,177.23,6.82
o_000003,2,p_6240,s_730,2017-12-18 08:10:00,132.93,8.03
o_000004,1,p_5851,s_468,2017-07-16 19:08:57,221.67,29.64
o_000005,1,p_8861,s_648,2018-03-02 09:14:02,303.34,7.53
o_000006,1,p_4447,s_751,2018-01-17 04:47:39,330.52,5.86
o_000007,1,p_5380,s_946,2017-05-17 11:11:57,38.16,6.01
o_000008,1,p_5652,s_791,2018-02-22 18:06:52,386.13,10.46
o_000009,1,p_1166,s_117,2018-03-07 22:13:17,38.35,11.62
o_000010,1,p_9301,s_960,2018-03-14 17:47:13,22.01,7.44
o_000011,1,p_2594,s_968,2017-08-16 14:51:31,157.04,10.57
o_000012,1,p_7206,s_967,2017-10-24 07:32:33,72.04,10.77
o_000013,1,p_8587,s_368,2018-08-18 18:27:40,46.05,6.2
o_000013,2,p_6570,s_718,2018-08-18 18:27:40,94.73,11.7
o_000014,1,p_8256,s_802,2018-01-27 09:22:42,136.71,6.04
o_000015,1,p_2936,s_189,2018-05-21 23:43:46,211.15,25.04
o_000015,2,p_2246,s_786,2018-05-21 23:43:46,27.85,25.05
o_000016,1,p_5425,s_360,2018-08-13 14:07:33,20.05,11.5
o_000017,1,p_6098,s_934,2017-01-15 18:58:18,122.51,7.97
o_000018,1,p_1540,s_273,2018-04-07 14:16:43,35.52,11.46
o_000019,1,p_4927,s_720,2018-02-14 10:19:45,18.68,13.52
o_000020,1,p_7441,s_729,2017-03-05 10:38:47,90.17,12.07
o_000021,1,p_5634,s_160,2018-07-20 11:38:02,50.33,66.35
o_000022,1,p_2165,s_725,2018-03-23 15:18:04,33.43,16.16
o_000023,1,p_8069,s_227,2018-03-01 10:35:07,195.0,29.15
o_000024,1,p_6359,s_217,2018-04-14 08:37:12,21.42,19.33
o_000025,1,p_1932,s_175,2017-10-02 13:03:39,55.45,22.55
o_000026,1,p_2343,s_949,2018-05-08 03:15:10,194.54,28.09
o_000027,1,p_8106,s_293,2017-11-07 10:00:01,48.84,65.11
o_000028,1,p_7082,s_271,2018-05-16 12:15:00,146.18,14.17
o_000029,1,p_2808,s_468,2017-03-27 09:25:55,43.29,17.2
o_000030,1,p_3356,s_427,2017-07-16 13:54:20,46.77,13.84
o_000031,1,p_1211,s_526,2017-06-30 20:20:44,71.3,26.2
o_000032,1,p_6078,s_808,2017-11-16 09:51:00,148.46,27.6
o_000033,1,p_7160,s_146,2017-04-22 17:48:09,270.15,14.4
o_000034,1,p_8592,s_155,2018-05-15 19:31:12,129.02,13.49
o_000035,1,p_7464,s_642,2018-04-25 18:17:10,35.34,8.69
o_000036,1,p_6613,s_278,2017-02-24 21:32:36,240.92,23.13
o_000037,1,p_4660,s_968,2017-04-01 12:36:11,96.81,12.97
o_000038,1,p_1003,s_619,2018-03-07 12:58:45,276.13,25.48
o_000038,2,p_1623,s_975,2018-03-07 12:58:45,80.11,23.74
o_000039,1,p_2630,s_789,2018-05-10 14:04:55,106.85,16.75
o_000040,1,p_5837,s_189,2018-03-09 21:48:42,197.68,8.36
o_000041,1,p_9569,s_593,2018-04-30 09:26:31,17.37,5.5
o_000042,1,p_6503,s_538,2017-10-01 11:34:16,93.19,17.75
o_000043,1,p_3611,s_922,2017-02-10 08:25:54,95.18,5.6
o_000044,1,p_5968,s_841,2017-06-09 04:14:11,90.99,14.47
o_000045,1,p_8628,s_803,2017-04-08 11:35:01,46.28,12.91
o_000046,1,p_7365,s_104,2017-12-07 17:59:07,176.26,5.8
o_000047,1,p_9716,s_396,2018-02-23 21:27:10,17.12,13.25
o_000048,1,p_4123,s_852,2018-01-12 11:07:56,45.66,8.6
o_000049,1,p_5365,s_670,2018-03-13 20:35:54,23.72,18.95
o_000050,1,p_2642,s_647,2018-06-15 14:38:57,404.29,14.22
o_000051,1,p_2402,s_449,2018-05-15 09:50:34,263.02,14.65
o_000052,1,p_7414,s_673,2017-07-17 10:34:26,182.65,22.28
o_000053,1,p_1246,s_251,2017-02-12 09:44:28,85.95,12.26
o_000053,2,p_3266,s_974,2017-02-12 09:44:28,200.01,10.86
o_000053,3,p_6549,s_886,2017-02-12 09:44:28,205.38,6.32
o_000054,1,p_6753,s_981,2017-06-26 11:24:55,302.97,26.88
o_000055,1,p_4880,s_775,2017-01-13 12:06:31,22.92,11.39
o_000056,1,p_2481,s_267,2018-07-20 19:35:26,30.44,11.01
o_000057,1,p_9676,s_682,2017-12-31 20:05:56,203.75,66.66
o_000058,1,p_4417,s_155,2017-09-27 13:20:14,22.73,16.21
o_000059,1,p_4641,s_994,2018-05-31 18:16:37,39.6,24.13
o_000060,1,p_6294,s_503,2017-03-31 19:51:10,35.96,27.63
o_000060,2,p_5747,s_458,2017-03-31 19:51:10,67.59,23.03
o_000061,1,p_5937,s_827,2018-03-13 20:29:00,44.92,19.94
o_000062,1,p_9590,s_164,2017-04-07 08:12:53,56.17,7.53
o_000063,1,p_1815,s_852,2018-06-09 18:57:46,70.61,9.26
o_000064,1,p_8770,s_313,2017-04-02 14:16:37,112.26,24.56
o_000065,1,p_6314,s_869,2017-06-02 14:37:16,91.58,7.35
o_000065,2,p_1643,s_705,2017-06-02 14:37:16,181.65,8.54
o_000065,3,p_2503,s_340,2017-06-02 14:37:16,227.4,6.08
o_000066,1,p_4244,s_142,2018-04-06 23:39:28,28.54,69.14
o_000067,1,p_7964,s_392,2018-07-29 12:46:15,124.53,8.1
o_000068,1,p_7690,s_425,2018-03-06 12:44:13,33.24,16.26
o_000069,1,p_4020,s_876,2017-07-10 06:20:11,237.7,18.88
o_000070,1,p_5777,s_808,2017-07-19 13:53:41,17.53,12.15
o_000071,1,p_8266,s_740,2018-05-02 15:01:13,31.04,11.24
o_000072,1,p_3619,s_373,2018-08-25 14:19:35,32.68,27.48
o_000073,1,p_6887,s_970,2018-07-11 09:18:24,236.87,22.0
o_000074,1,p_6674,s_447,2018-06-02 20:07:56,114.0,15.31
o_000075,1,p_2476,s_975,2018-02-20 08:22:35,156.16,26.2
o_000076,1,p_6524,s_549,2017-02-09 16:09:51,28.37,15.89
o_000077,1,p_2338,s_455,2018-08-17 07:10:33,70.54,8.45
o_000078,1,p_2785,s_946,2017-03-17 20:43:30,100.51,12.51
o_000079,1,p_3660,s_414,2017-03-03 13:32:46,79.16,8.3
o_000080,1,p_6160,s_197,2018-05-13 20:04:06,201.11,6.24
o_000081,1,p_6507,s_634,2018-08-29 11:39:43,135.18,16.34
o_000082,1,p_5731,s_359,2018-06-27 21:17:04,32.59,10.95
o_000083,1,p_1176,s_469,2018-04-26 18:58:37,50.85,9.62
o_000084,1,p_8589,s_665,2017-04-29 15:29:42,260.13,12.48
o_000085,1,p_8530,s_286,2017-04-12 10:30:28,195.14,66.0
o_000086,1,p_3240,s_644,2017-12-29 14:57:25,44.02,29.93
o_000087,1,p_9330,s_143,2018-08-24 11:47:04,34.48,10.77
o_000087,2,p_4735,s_962,2018-08-24 11:47:04,130.23,9.87
o_000087,3,p_7730,s_112,2018-08-24 11:47:04,111.19,7.08
o_000088,1,p_3565,s_135,2017-08-27 15:24:05,233.57,15.92
o_000089,1,p_2398,s_689,2018-03-16 17:45:26,20.21,13.89
o_000090,1,p_4399,s_604,2018-01-01 15:36:53,21.22,8.85
o_000091,1,p_2415,s_179,2018-01-23 05:22:49,128.58,17.4
o_000092,1,p_2580,s_373,2017-10-19 17:57:15,60.85,5.57
o_000093,1,p_6301,s_941,2017-12-14 13:41:26,443.76,18.12
o_000094,1,p_3452,s_405,2018-01-31 09:34:14,122.08,25.51
o_000094,2,p_8283,s_513,2018-01-31 09:34:14,38.47,28.13
o_000095,1,p_9056,s_250,2017-01-18 14:58:19,241.25,12.6
o_000096,1,p_8170,s_970,2017-05-14 21:28:10,158.02,25.9
o_000096,2,p_1856,s_434,2017-05-14 21:28:10,92.28,24.94
o_000097,1,p_2613,s_596,2017-09-01 11:20:09,35.8,12.61
o_000098,1,p_2196,s_696,2017-11-09 12:36:54,50.82,10.92
o_000099,1,p_3141,s_755,2018-08-25 21:13:51,72.05,13.7
o_000100,1,p_4108,s_829,2017-09-01 12:40:20,97.3,6.06
o_000101,1,p_7870,s_964,2017-03-17 09:14:46,189.56,12.49
o_000102,1,p_5220,s_789,2018-02-13 14:36:29,57.81,24.44
o_000103,1,p_5395,s_916,2018-05-06 21:41:30,227.25,15.69
o_000104,1,p_8930,s_503,2017-12-01 12:39:58,20.74,9.29
o_000104,2,p_5021,s_435,2017-12-01 12:39:58,71.62,12.79
o_000105,1,p_2639,s_181,2018-03-20 17:42:12,157.32,25.4
o_000106,1,p_4454,s_912,2018-03-12 12:54:17,40.53,18.76
o_000107,1,p_2268,s_322,2018-05-01 11:40:40,33.09,6.4
o_000108,1,p_5932,s_439,2017-11-19 18:09:27,52.04,8.74
o_000109,1,p_2148,s_675,2017-10-15 12:53:13,195.49,18.97
o_000110,1,p_3178,s_496,2018-02-25 18:30:39,165.18,27.98
o_000111,1,p_6821,s_894,2018-07-30 19:21:06,118.96,25.65
o_000112,1,p_6899,s_876,2017-08-18 14:13:49,184.88,13.59
o_000113,1,p_1656,s_593,2018-07-10 23:47:14,174.76,67.26
o_000114,1,p_9978,s_924,2018-07-29 16:03:14,115.96,28.82
o_000115,1,p_7088,s_319,2017-11-08 13:20:47,24.13,15.03
o_000116,1,p_5040,s_246,2017-10-27 17:43:58,521.62,7.02
o_000117,1,p_7037,s_440,2017-01-14 16:09:42,128.24,12.08
o_000117,2,p_1235,s_945,2017-01-14 16:09:42,293.81,13.64
o_000118,1,p_8886,s_993,2018-04-21 09:21:00,271.34,18.92
o_000119,1,p_6465,s_563,2017-02-17 08:22:27,20.39,13.47
o_000120,1,p_4295,s_701,2018-05-02 17:59:58,130.26,25.28
o_000121,1,p_2317,s_720,2018-04-07 06:37:47,429.08,62.25
o_000122,1,p_8421,s_321,2018-06-12 10:51:57,64.9,26.4
o_000123,1,p_3825,s_488,2017-06-14 16:52:22,92.17,10.67
o_000124,1,p_7494,s_477,2017-10-09 19:09:59,78.08,8.62
o_000125,1,p_1619,s_264,2018-03-01 17:35:08,149.99,29.4
o_000126,1,p_6764,s_717,2018-07-29 15:40:25,101.02,17.39
o_000126,2,p_5331,s_476,2018-07-29 15:40:25,35.93,17.53
o_000127,1,p_3929,s_348,2018-02-15 20:41:08,262.1,28.73
o_000128,1,p_8241,s_629,2018-08-31 17:37:13,42.51,10.91
o_000129,1,p_9971,s_497,2018-07-23 10:58:19,39.21,25.19
o_000130,1,p_6155,s_548,2018-01-01 09:12:54,15.5,5.78
o_000131,1,p_1378,s_750,2018-06-27 07:55:21,224.66,12.15
o_000132,1,p_1068,s_980,2017-06-09 14:56:14,92.97,69.89
o_000133,1,p_2356,s_399,2018-03-28 13:59:22,255.11,18.02
o_000134,1,p_6784,s_321,2018-01-10 10:16:59,79.13,6.6
o_000134,2,p_2359,s_227,2018-01-10 10:16:59,401.29,9.23
o_000134,3,p_1098,s_677,2018-01-10 10:16:59,62.99,9.52
o_000135,1,p_3805,s_260,2017-07-08 12:15:43,333.66,7.59
o_000136,1,p_5887,s_782,2018-06-17 11:56:47,60.0,8.24
o_000137,1,p_6771,s_796,2018-04-22 08:56:20,60.91,9.32
o_000138,1,p_3424,s_513,2018-03-28 12:19:33,221.6,9.84
o_000139,1,p_3752,s_727,2017-09-17 13:44:15,243.25,24.09
o_000140,1,p_1382,s_219,2018-05-28 19:01:11,92.14,11.19
o_000140,2,p_7459,s_292,2018-05-28 19:01:11,44.62,11.4
o_000141,1,p_7857,s_425,2017-12-29 12:36:28,83.0,9.82
o_000142,1,p_6121,s_995,2017-02-08 09:41:28,76.25,28.75
o_000142,2,p_4486,s_514,2017-02-08 09:41:28,110.81,24.22
o_000143,1,p_4829,s_155,2018-04-21 08:04:38,38.54,29.68
o_000144,1,p_6067,s_563,2017-08-07 16:24:26,40.85,13.09
o_000145,1,p_5510,s_777,2018-07-09 07:46:17,67.79,11.94
o_000145,2,p_4152,s_666,2018-07-09 07:46:17,390.01,13.1
o_000146,1,p_3687,s_639,2017-10-10 08:57:49,57.99,7.86
o_000147,1,p_3106,s_770,2017-12-27 13:59:32,258.11,64.41
o_000148,1,p_3940,s_237,2018-07-12 14:14:22,67.76,10.19
o_000149,1,p_6053,s_115,2018-06-09 11:55:34,121.63,16.91
o_000150,1,p_1689,s_100,2018-05-09 12:29:59,123.85,12.99
o_000151,1,p_8943,s_139,2017-07-27 17:58:47,120.24,29.01
o_000152,1,p_6459,s_453,2018-03-19 07:33:09,23.04,8.13
o_000153,1,p_4736,s_586,2018-01-01 00:05:58,205.87,15.84
o_000154,1,p_3059,s_619,2017-08-26 12:33:38,42.54,8.95
o_000155,1,p_5213,s_849,2017-10-20 06:27:05,71.34,24.31
o_000156,1,p_9276,s_908,2018-03-21 10:41:44,311.45,65.73
o_000157,1,p_9258,s_892,2018-02-11 20:43:40,88.45,12.25
o_000157,2,p_4586,s_877,2018-02-11 20:43:40,41.47,19.63
o_000158,1,p_2680,s_268,2017-06-07 17:40:24,33.8,7.56
o_000158,2,p_7357,s_918,2017-06-07 17:40:24,63.63,6.35
o_000159,1,p_7696,s_424,2018-08-17 06:09:54,128.25,64.99
o_000160,1,p_5103,s_157,2018-04-15 19:27:42,99.74,10.78
o_000161,1,p_6270,s_377,2017-10-17 08:54:33,106.91,18.82
o_000162,1,p_9915,s_791,2018-07-27 19:25:19,121.45,28.76
o_000163,1,p_7477,s_684,2018-01-06 10:59:59,252.8,13.87
o_000164,1,p_8512,s_638,2018-06-28 09:05:55,115.76,25.08
o_000165,1,p_5715,s_836,2018-02-08 17:58:54,98.7,18.63
o_000166,1,p_9547,s_369,2018-04-30 21:27:31,437.27,28.15
o_000167,1,p_9150,s_839,2017-09-21 09:32:57,61.52,26.93
o_000167,2,p_5367,s_630,2017-09-21 09:32:57,97.06,23.26
o_000168,1,p_1297,s_917,2017-07-14 17:37:58,288.87,19.72
o_000168,2,p_9163,s_610,2017-07-14 17:37:58,299.76,13.83
o_000168,3,p_1198,s_835,2017-07-14 17:37:58,51.23,12.47
o_000169,1,p_7259,s_634,2018-05-19 22:38:41,133.7,13.15
o_000170,1,p_3246,s_490,2017-12-25 12:58:25,94.38,13.71
o_000171,1,p_6029,s_902,2018-01-27 16:16:39,176.37,12.72
o_000172,1,p_3647,s_759,2018-04-26 15:43:19,466.39,19.74
o_000173,1,p_5249,s_950,2017-04-30 20:43:50,227.07,6.23
o_000174,1,p_5171,s_927,2018-06-16 08:32:37,420.83,19.36
o_000175,1,p_5575,s_275,2018-08-07 15:22:49,80.72,8.27
o_000176,1,p_3420,s_173,2018-02-24 08:01:29,229.42,7.06
o_000177,1,p_7966,s_487,2018-08-06 18:13:57,118.56,25.57
o_000178,1,p_1353,s_712,2017-08-29 15:45:27,93.84,13.68
o_000179,1,p_4695,s_106,2017-07-21 19:11:33,109.11,15.44
o_000180,1,p_4920,s_282,2017-04-20 23:15:23,129.99,11.97
o_000181,1,p_6354,s_376,2018-05-17 14:37:50,366.9,16.84
o_000182,1,p_4782,s_884,2018-05-18 19:12:01,34.77,27.64
o_000183,1,p_5812,s_762,2017-10-03 11:25:34,119.41,66.54
o_000184,1,p_2202,s_700,2018-05-31 07:32:17,274.7,28.24
o_000185,1,p_6550,s_339,2018-02-02 09:55:29,69.07,14.54
o_000186,1,p_3211,s_105,2017-02-01 14:12:29,227.38,23.86
o_000187,1,p_9202,s_561,2017-03-15 16:04:45,84.13,11.08
o_000188,1,p_8596,s_478,2018-04-08 09:00:00,97.45,10.4
o_000188,2,p_6519,s_529,2018-04-08 09:00:00,62.43,9.54
o_000189,1,p_4943,s_995,2018-03-23 20:32:23,137.91,9.89
o_000190,1,p_3761,s_337,2017-10-30 18:59:00,251.69,8.15
o_000191,1,p_1135,s_171,2017-05-21 12:51:37,51.88,15.68
o_000192,1,p_5795,s_631,2018-08-10 13:31:00,54.02,12.88
o_000193,1,p_5206,s_479,2018-01-25 10:55:39,397.7,8.54
o_000194,1,p_7337,s_934,2017-02-20 13:25:08,18.45,24.05
o_000194,2,p_2516,s_234,2017-02-20 13:25:08,58.62,22.01
o_000194,3,p_4699,s_245,2017-02-20 13:25:08,36.0,23.05
o_000195,1,p_5161,s_644,2018-06-13 14:38:03,136.72,7.66
o_000196,1,p_2963,s_920,2017-05-06 10:38:10,332.82,11.28
o_000197,1,p_5560,s_581,2017-06-22 07:58:36,33.47,9.58
o_000198,1,p_9603,s_626,2018-02-18 08:37:33,138.44,11.5
o_000199,1,p_1323,s_748,2017-09-30 10:46:27,29.74,5.91
o_000200,1,p_9544,s_252,2018-06-12 08:28:16,165.83,6.07
o_000200,2,p_7947,s_264,2018-06-12 08:28:16,38.55,10.68
o_000201,1,p_3037,s_942,2018-02-25 13:08:01,114.6,29.06
o_000202,1,p_2543,s_555,2017-07-23 12:51:24,235.66,18.12
o_000203,1,p_3500,s_271,2018-07-22 10:58:24,523.84,8.57
o_000204,1,p_4825,s_251,2018-02-17 15:43:48,38.07,22.8
o_000205,1,p_8719,s_828,2018-07-19 13:16:14,17.11,23.66
o_000206,1,p_3382,s_740,2018-06-24 13:21:19,98.84,17.01
o_000207,1,p_1978,s_518,2018-08-09 17:42:25,440.7,19.55
o_000208,1,p_4690,s_467,2018-04-11 20:21:52,566.85,9.77
o_000209,1,p_1917,s_687,2017-12-23 14:59:12,128.98,8.15
o_000210,1,p_1288,s_182,2018-07-01 19:24:17,86.49,8.35
o_000211,1,p_1698,s_767,2018-04-20 03:58:57,98.84,12.45
o_000212,1,p_8936,s_795,2017-06-20 08:42:39,140.87,16.25
o_000212,2,p_3674,s_330,2017-06-20 08:42:39,66.6,17.92
o_000213,1,p_2335,s_697,2018-08-28 21:04:57,177.21,14.45
o_000214,1,p_4655,s_381,2018-06-21 22:16:18,146.66,23.79
o_000215,1,p_5488,s_321,2018-07-30 15:19:29,141.22,19.31
o_000216,1,p_3492,s_239,2017-03-17 23:51:36,148.89,22.42
o_000217,1,p_8332,s_847,2018-04-12 12:45:35,147.41,7.0
o_000218,1,p_1564,s_781,2018-08-09 09:18:29,66.73,14.88
o_000219,1,p_9715,s_416,2017-03-20 07:11:01,373.81,8.1
o_000220,1,p_7103,s_857,2017-01-19 14:30:27,114.3,26.99
o_000221,1,p_9881,s_854,2018-01-10 12:15:49,79.56,14.24
o_000221,2,p_2018,s_378,2018-01-10 12:15:49,168.28,15.42
o_000222,1,p_7818,s_572,2018-06-26 21:05:01,49.32,13.78
o_000223,1,p_8734,s_397,2018-03-29 16:38:53,214.43,17.7
o_000224,1,p_1805,s_448,2018-01-24 17:52:23,428.43,10.79
o_000225,1,p_9704,s_324,2018-07-31 07:35:12,123.96,12.44
o_000226,1,p_8742,s_456,2018-07-19 11:53:05,19.87,17.83
o_000227,1,p_6783,s_209,2017-07-26 17:02:58,159.21,29.35
o_000227,2,p_1547,s_626,2017-07-26 17:02:58,16.74,24.01
o_000228,1,p_8672,s_972,2017-08-01 12:32:03,91.33,19.82
o_000229,1,p_6272,s_257,2017-08-25 13:48:08,300.75,8.64
o_000230,1,p_3085,s_901,2018-07-10 00:02:07,30.35,16.13
o_000231,1,p_8268,s_644,2017-01-20 14:26:39,156.85,15.76
o_000232,1,p_7511,s_108,2018-05-03 09:27:24,285.58,18.95
o_000233,1,p_4158,s_403,2018-04-15 00:30:36,128.09,5.78
o_000234,1,p_1187,s_829,2017-05-10 21:56:37,58.3,25.72
o_000235,1,p_7405,s_292,2018-03-27 17:47:42,56.99,9.84
o_000236,1,p_9256,s_718,2018-02-11 11:16:52,314.72,17.57
o_000237,1,p_5277,s_787,2017-10-29 13:03:41,171.01,17.57
o_000238,1,p_9911,s_493,2018-02-09 20:15:04,368.92,28.28
o_000239,1,p_4900,s_472,2018-08-11 16:30:52,19.6,8.92
o_000240,1,p_2264,s_859,2017-07-27 08:41:51,44.47,11.23
o_000240,2,p_1842,s_172,2017-07-27 08:41:51,107.49,12.57
o_000241,1,p_9027,s_801,2018-08-16 18:43:03,47.83,18.18
o_000242,1,p_6820,s_399,2017-06-08 09:19:18,252.32,8.52
o_000243,1,p_2610,s_345,2017-11-02 09:35:05,37.74,27.62
o_000244,1,p_5789,s_279,2018-04-11 14:49:14,15.5,13.8
o_000245,1,p_8174,s_845,2018-04-14 21:07:51,386.82,23.39
o_000246,1,p_2579,s_812,2018-02-09 00:20:24,22.41,12.85
o_000247,1,p_9421,s_128,2017-05-19 09:20:58,132.61,14.4
o_000247,2,p_2851,s_614,2017-05-19 09:20:58,77.26,15.18
o_000248,1,p_4162,s_682,2017-02-28 11:01:27,84.14,16.07
o_000249,1,p_5963,s_939,2017-05-15 13:06:21,267.38,29.77
o_000250,1,p_3880,s_848,2018-05-27 15:00:00,87.57,13.6
o_000251,1,p_9880,s_658,2017-11-24 23:53:03,68.06,8.61
o_000252,1,p_3589,s_239,2018-06-07 12:55:35,231.59,6.38
o_000252,2,p_9019,s_660,2018-06-07 12:55:35,94.03,12.88
o_000253,1,p_9956,s_122,2018-08-06 18:16:50,177.92,6.65
o_000254,1,p_6680,s_556,2017-06-29 11:34:56,21.36,6.41
o_000255,1,p_7681,s_579,2018-01-01 19:29:46,71.95,17.77
o_000256,1,p_9489,s_424,2017-05-13 13:12:06,315.81,18.59
o_000257,1,p_1898,s_310,2018-05-18 15:10:13,374.58,10.8
o_000258,1,p_3266,s_282,2018-08-11 08:18:11,17.32,7.64
o_000259,1,p_3142,s_684,2018-07-23 09:17:54,114.3,9.33
o_000260,1,p_1942,s_734,2018-03-11 21:39:28,53.74,12.55
o_000261,1,p_5616,s_398,2018-03-08 05:38:21,238.03,6.33
o_000262,1,p_9644,s_856,2017-02-10 14:33:30,138.31,62.92
o_000263,1,p_2038,s_827,2018-04-19 19:19:19,146.29,9.88
o_000264,1,p_7394,s_821,2017-07-09 15:26:32,35.78,13.44
o_000265,1,p_8425,s_224,2017-09-10 12:45:19,46.08,17.09
o_000266,1,p_9298,s_282,2018-07-02 16:08:51,293.72,16.08
o_000267,1,p_7764,s_182,2017-07-27 16:30:41,141.43,24.25
o_000267,2,p_8742,s_290,2017-07-27 16:30:41,101.85,22.84
o_000267,3,p_2179,s_575,2017-07-27 16:30:41,110.97,29.98
o_000268,1,p_4161,s_355,2018-02-02 17:25:27,221.84,11.99
o_000269,1,p_1878,s_442,2018-04-22 11:55:33,87.88,13.06
o_000269,2,p_2600,s_748,2018-04-22 11:55:33,58.54,8.23
o_000269,3,p_4547,s_893,2018-04-22 11:55:33,15.9,6.74
o_000270,1,p_9933,s_133,2017-11-24 07:22:46,29.66,11.89
o_000271,1,p_9845,s_693,2018-05-09 12:11:08,54.15,7.04
o_000272,1,p_9491,s_534,2017-01-10 19:23:36,82.57,12.81
o_000273,1,p_6939,s_711,2018-06-07 20:13:26,555.98,12.45
o_000274,1,p_3573,s_828,2018-07-31 12:04:26,109.86,10.05
o_000275,1,p_2803,s_108,2018-06-12 20:17:31,129.69,8.75
o_000276,1,p_2070,s_139,2018-01-16 18:57:42,139.31,5.92
o_000277,1,p_2449,s_643,2017-01-10 09:13:24,45.0,9.15
o_000278,1,p_6102,s_446,2018-06-24 09:39:07,217.22,25.73
o_000279,1,p_2071,s_473,2018-08-28 17:36:33,65.64,5.97
o_000280,1,p_4604,s_520,2018-02-18 11:52:14,284.55,26.82
o_000281,1,p_5988,s_371,2018-01-28 11:56:21,77.8,29.63
o_000282,1,p_1197,s_261,2018-09-02 18:32:42,105.64,25.61
o_000283,1,p_7184,s_861,2018-04-14 11:47:42,136.56,6.74
o_000284,1,p_5617,s_678,2018-02-14 19:59:00,44.25,9.64
o_000285,1,p_2373,s_291,2017-10-25 08:44:20,371.92,29.48
o_000286,1,p_2451,s_779,2017-09-13 17:06:36,114.79,7.79
o_000287,1,p_5038,s_755,2017-02-02 21:47:53,52.92,26.85
o_000288,1,p_4935,s_596,2018-02-06 15:12:30,30.9,22.28
o_000289,1,p_8035,s_766,2017-12-06 14:37:08,136.33,6.33
o_000290,1,p_4391,s_139,2017-05-06 07:01:58,135.46,13.48
o_000291,1,p_7679,s_300,2017-04-11 03:40:41,95.94,29.84
o_000292,1,p_8066,s_204,2017-10-02 03:52:17,198.27,23.67
o_000293,1,p_5474,s_264,2018-02-07 22:03:59,81.28,28.13
o_000294,1,p_2037,s_578,2018-07-09 11:11:13,62.59,6.08
o_000295,1,p_9575,s_805,2018-06-20 15:03:00,123.18,27.39
o_000296,1,p_1671,s_159,2017-07-31 14:08:43,257.38,16.53
o_000297,1,p_3898,s_712,2017-06-29 17:07:27,448.19,6.0
o_000298,1,p_4795,s_838,2018-06-22 12:03:47,23.81,18.6
o_000298,2,p_7949,s_126,2018-06-22 12:03:47,121.34,15.42
o_000299,1,p_3182,s_116,2018-01-29 13:39:49,134.29,7.62
o_000300,1,p_8971,s_585,2018-04-08 12:19:15,108.73,19.83
o_000301,1,p_4584,s_154,2018-03-07 08:33:06,376.56,18.42
o_000302,1,p_5589,s_366,2017-11-22 12:54:13,20.55,14.63
o_000302,2,p_7840,s_748,2017-11-22 12:54:13,42.03,13.42
o_000303,1,p_2915,s_407,2018-05-03 14:01:38,208.3,15.39
o_000304,1,p_7419,s_190,2018-06-06 07:32:35,34.45,9.02
o_000305,1,p_5264,s_973,2017-05-19 19:06:39,161.91,16.78
o_000305,2,p_4314,s_490,2017-05-19 19:06:39,210.99,15.79
o_000306,1,p_2812,s_331,2018-04-09 17:24:58,135.9,15.19
o_000307,1,p_1280,s_927,2018-07-09 15:47:12,27.08,12.95
o_000308,1,p_5835,s_855,2017-09-28 12:42:36,178.26,25.84
o_000309,1,p_1134,s_166,2018-06-29 08:50:36,21.63,8.0
o_000310,1,p_5740,s_918,2018-03-28 13:11:25,428.76,19.58
o_000311,1,p_7343,s_148,2018-04-19 15:06:20,285.01,13.22
o_000312,1,p_9141,s_272,2018-06-09 12:17:51,79.2,22.65
o_000312,2,p_4085,s_425,2018-06-09 12:17:51,321.69,22.02
o_000313,1,p_6813,s_645,2018-09-02 10:36:02,549.29,22.62
o_000314,1,p_7658,s_264,2017-04-08 14:35:56,188.43,26.17
o_000315,1,p_1113,s_815,2017-01-12 15:21:09,92.7,16.54
o_000316,1,p_7661,s_822,2018-07-09 23:25:06,122.41,62.56
o_000317,1,p_7934,s_808,2018-08-16 23:50:22,69.08,24.93
o_000318,1,p_4859,s_641,2018-01-15 16:02:51,28.24,24.2
o_000319,1,p_5167,s_623,2018-01-13 13:10:41,150.27,8.23
o_000320,1,p_8419,s_953,2018-02-16 08:36:13,421.26,12.46
o_000321,1,p_6655,s_958,2017-10-03 18:48:03,90.22,12.45
o_000322,1,p_2249,s_632,2017-12-02 17:08:38,64.33,12.87
o_000323,1,p_4407,s_527,2018-08-11 10:47:33,15.61,7.42
o_000323,2,p_7923,s_975,2018-08-11 10:47:33,21.89,10.41
o_000324,1,p_3446,s_460,2018-03-27 11:43:34,227.69,15.19
o_000325,1,p_1482,s_147,2018-07-21 19:07:42,246.5,13.94
o_000325,2,p_5709,s_524,2018-07-21 19:07:42,57.47,12.39
o_000326,1,p_3734,s_476,2017-03-15 14:59:09,88.28,13.68
o_000327,1,p_5011,s_481,2018-07-10 10:54:55,28.44,11.36
o_000328,1,p_5240,s_453,2018-06-24 07:48:13,43.44,14.88
o_000329,1,p_5808,s_215,2018-05-18 10:57:31,76.36,9.91
o_000330,1,p_3784,s_439,2017-10-18 07:12:35,666.03,11.96
o_000330,2,p_4091,s_900,2017-10-18 07:12:35,34.48,7.33
o_000331,1,p_1260,s_773,2018-01-31 20:53:53,291.11,11.66
o_000332,1,p_1970,s_410,2018-01-19 19:47:01,92.61,15.7
o_000333,1,p_9615,s_428,2018-03-08 16:47:54,176.57,14.33
o_000333,2,p_4305,s_262,2018-03-08 16:47:54,99.12,19.92
o_000334,1,p_1567,s_432,2018-07-28 15:21:42,162.7,15.06
o_000335,1,p_4371,s_318,2018-03-04 08:48:51,36.42,15.54
o_000336,1,p_5145,s_117,2017-07-17 15:18:43,328.61,23.21
o_000337,1,p_6794,s_772,2018-06-13 01:15:31,163.78,9.59
o_000338,1,p_1854,s_575,2017-09-11 12:34:34,48.56,29.6
o_000339,1,p_9386,s_441,2018-05-21 15:26:08,69.83,12.93
o_000340,1,p_4154,s_799,2017-07-31 21:50:08,166.44,13.46
o_000341,1,p_1750,s_669,2018-01-08 14:12:25,78.72,15.49
o_000342,1,p_3793,s_457,2018-08-27 18:35:59,133.97,12.23
o_000343,1,p_2064,s_781,2017-12-14 18:49:45,48.37,13.6
o_000343,2,p_1289,s_982,2017-12-14 18:49:45,42.0,12.81
o_000344,1,p_3700,s_522,2018-04-06 07:09:35,247.33,12.25
o_000345,1,p_3356,s_534,2017-01-13 13:47:26,139.22,27.81
o_000346,1,p_3364,s_590,2018-01-20 13:47:59,96.75,6.38
o_000347,1,p_5466,s_221,2017-07-23 12:27:50,68.3,12.62
o_000348,1,p_4089,s_169,2017-06-11 13:01:40,89.8,7.72
o_000349,1,p_9517,s_313,2017-12-03 08:46:08,242.69,26.53
o_000350,1,p_3333,s_286,2018-02-25 19:57:10,71.85,10.23
o_000351,1,p_1739,s_345,2017-02-23 09:28:04,27.8,28.53
o_000352,1,p_8906,s_373,2018-06-13 12:43:28,60.7,22.04
o_000353,1,p_2887,s_528,2017-11-21 04:39:00,31.75,29.82
o_000353,2,p_5575,s_404,2017-11-21 04:39:00,112.22,26.2
o_000354,1,p_2492,s_270,2017-01-29 15:53:26,51.64,27.89
o_000354,2,p_5188,s_911,2017-01-29 15:53:26,52.72,27.76
o_000355,1,p_1133,s_118,2018-07-27 19:27:22,398.7,13.15
o_000356,1,p_4699,s_555,2017-01-12 17:58:19,89.77,69.11
o_000356,2,p_4369,s_965,2017-01-12 17:58:19,363.37,62.4
o_000357,1,p_3552,s_523,2018-08-14 12:44:06,25.85,29.43
o_000358,1,p_1380,s_909,2017-03-16 14:35:25,114.52,18.63
o_000359,1,p_3176,s_326,2018-06-22 07:27:25,33.35,27.99
o_000360,1,p_7146,s_256,2018-04-17 07:08:28,215.2,6.53
o_000361,1,p_3216,s_667,2018-08-12 15:52:06,209.64,14.45
o_000362,1,p_8269,s_909,2018-05-08 18:14:34,222.93,7.92
o_000363,1,p_5695,s_746,2018-01-07 08:13:13,33.76,14.91
o_000364,1,p_5792,s_268,2017-10-16 10:51:29,58.97,10.57
o_000365,1,p_9200,s_374,2017-04-25 10:44:07,180.63,23.97
o_000366,1,p_2518,s_439,2018-04-26 13:29:35,22.2,17.66
o_000366,2,p_5308,s_329,2018-04-26 13:29:35,32.15,15.56
o_000367,1,p_4693,s_935,2017-06-28 01:09:26,257.47,11.13
o_000368,1,p_4931,s_842,2017-09-22 12:43:44,82.86,13.39
o_000368,2,p_6294,s_487,2017-09-22 12:43:44,65.77,7.72
o_000369,1,p_4062,s_363,2017-03-26 23:48:57,183.59,27.59
o_000370,1,p_8631,s_638,2018-08-10 19:24:44,121.96,26.04
o_000371,1,p_5943,s_339,2018-01-27 18:24:42,309.06,5.96
o_000372,1,p_4846,s_365,2018-05-18 20:29:47,55.28,28.09
o_000373,1,p_5738,s_744,2018-07-17 10:30:33,320.97,27.11
o_000374,1,p_8641,s_325,2018-04-06 10:57:56,299.6,12.7
o_000375,1,p_4574,s_420,2018-03-12 10:16:40,27.84,12.26
o_000376,1,p_8473,s_656,2017-06-22 12:50:25,109.86,7.68
o_000377,1,p_9994,s_246,2017-04-29 10:55:40,333.92,17.9
o_000378,1,p_4203,s_550,2017-01-12 12:36:00,17.58,29.76
o_000379,1,p_1166,s_486,2017-04-22 16:23:30,41.01,6.25
o_000380,1,p_2533,s_698,2018-03-09 11:18:23,32.99,6.68
o_000381,1,p_3833,s_409,2018-05-21 17:21:53,37.4,13.08
o_000382,1,p_9372,s_943,2018-08-10 16:25:14,911.43,25.68
o_000383,1,p_5983,s_432,2017-12-03 15:35:24,281.99,17.66
o_000384,1,p_1161,s_739,2018-07-28 17:24:29,381.96,9.0
o_000385,1,p_2229,s_663,2018-01-16 12:24:00,41.14,12.83
o_000386,1,p_9335,s_816,2018-05-18 17:50:54,72.72,19.47
o_000387,1,p_8268,s_686,2018-02-15 08:50:10,76.66,9.11
o_000388,1,p_3058,s_923,2017-03-01 21:04:49,72.26,15.51
o_000389,1,p_7978,s_213,2017-07-08 01:58:56,90.16,6.39
o_000390,1,p_7043,s_777,2018-07-07 17:29:51,62.54,16.25
o_000391,1,p_3598,s_230,2018-08-28 10:07:08,23.89,17.97
o_000391,2,p_9440,s_117,2018-08-28 10:07:08,85.01,14.22
o_000392,1,p_4030,s_471,2018-01-27 09:17:20,57.0,27.88
o_000392,2,p_7741,s_795,2018-01-27 09:17:20,42.53,26.53
o_000393,1,p_4646,s_751,2017-07-17 21:57:23,68.38,8.79
o_000394,1,p_5010,s_697,2018-03-18 16:24:26,115.57,28.86
o_000395,1,p_7712,s_384,2017-10-17 12:41:59,84.86,66.1
o_000396,1,p_3824,s_820,2018-02-21 00:31:16,95.73,6.55
o_000397,1,p_3037,s_452,2017-10-16 10:21:13,89.07,27.33
o_000398,1,p_4078,s_865,2018-01-01 09:09:32,70.77,22.6
o_000399,1,p_9288,s_328,2018-04-25 07:24:49,259.59,17.9
o_000400,1,p_4744,s_370,2018-07-21 20:29:26,108.49,13.74
o_000401,1,p_3832,s_151,2018-08-26 22:23:47,84.81,15.14
o_000402,1,p_9118,s_996,2018-02-12 10:44:01,409.23,12.52
o_000403,1,p_7340,s_412,2018-03-16 12:42:17,81.23,13.2
o_000404,1,p_1329,s_200,2018-07-03 08:26:14,138.0,14.06
o_000405,1,p_3903,s_200,2017-03-11 17:56:19,34.25,23.3
o_000406,1,p_5326,s_920,2017-02-12 12:37:37,159.96,16.19
o_000407,1,p_2638,s_655,2018-04-10 18:26:38,33.44,12.19
o_000408,1,p_5802,s_629,2017-08-24 10:05:08,410.28,11.25
o_000409,1,p_9396,s_865,2018-07-15 20:48:49,23.6,5.73
o_000410,1,p_8565,s_855,2018-06-25 15:15:01,66.68,11.1
o_000411,1,p_3163,s_114,2017-03-28 14:39:19,235.34,23.74
o_000412,1,p_2895,s_576,2017-12-20 05:22:18,414.36,24.32
o_000413,1,p_9265,s_152,2018-08-06 13:43:49,76.6,23.45
o_000414,1,p_8808,s_839,2017-03-23 07:36:53,118.93,19.5
o_000415,1,p_7276,s_268,2018-07-31 18:17:28,39.95,12.7
o_000415,2,p_8653,s_349,2018-07-31 18:17:28,31.83,19.05
o_000416,1,p_2560,s_165,2017-03-05 10:07:20,43.22,12.3
o_000417,1,p_5875,s_766,2017-01-09 17:15:52,58.24,16.58
o_000418,1,p_4474,s_621,2017-08-22 23:00:12,227.73,18.7
o_000419,1,p_5345,s_555,2018-01-31 18:14:52,26.69,12.27
o_000420,1,p_1341,s_146,2018-03-19 19:00:12,69.41,14.28
o_000421,1,p_6152,s_697,2017-03-01 14:51:54,29.16,14.75
o_000422,1,p_8118,s_587,2018-06-23 12:14:38,86.23,17.36
o_000423,1,p_2735,s_581,2017-05-24 15:20:38,168.5,12.72
o_000423,2,p_3531,s_250,2017-05-24 15:20:38,66.33,16.39
o_000424,1,p_2236,s_748,2017-12-13 10:41:05,65.19,8.6
o_000424,2,p_9256,s_811,2017-12-13 10:41:05,192.65,9.91
o_000425,1,p_2834,s_237,2018-06-24 21:44:19,844.35,7.0
o_000426,1,p_7153,s_462,2017-10-30 15:13:55,154.3,8.6
o_000427,1,p_9729,s_158,2017-08-12 21:08:45,112.09,13.98
o_000428,1,p_6643,s_181,2017-07-17 12:31:50,44.04,23.87
o_000429,1,p_3271,s_507,2018-03-11 13:08:01,71.8,12.4
o_000430,1,p_2133,s_175,2018-03-28 18:45:30,236.04,19.66
o_000431,1,p_1912,s_466,2018-02-11 08:55:17,64.49,19.14
o_000432,1,p_7026,s_880,2018-03-25 16:10:52,15.92,17.4
o_000433,1,p_1018,s_264,2017-04-17 08:55:56,101.38,8.15
o_000434,1,p_9117,s_686,2018-06-09 19:10:46,328.47,28.07
o_000435,1,p_5252,s_268,2017-02-07 14:53:45,521.46,28.0
o_000436,1,p_3147,s_379,2018-06-14 15:43:09,111.48,12.02
o_000437,1,p_8492,s_278,2017-03-30 14:34:00,119.35,8.53
o_000438,1,p_2298,s_446,2017-06-18 20:35:04,239.46,15.14
o_000439,1,p_5692,s_991,2017-03-20 16:49:45,84.14,14.36
o_000440,1,p_3334,s_801,2017-09-01 14:25:28,25.68,18.49
o_000441,1,p_6076,s_946,2017-12-30 07:35:10,95.65,10.8
o_000442,1,p_8625,s_147,2017-10-11 18:49:52,343.09,13.13
o_000443,1,p_7594,s_493,2017-07-14 03:08:58,117.1,25.68
o_000444,1,p_4829,s_695,2017-03-14 16:19:05,49.14,69.48
o_000444,2,p_8060,s_124,2017-03-14 16:19:05,231.72,62.0
o_000445,1,p_2835,s_923,2018-08-20 12:05:51,30.48,10.46
o_000446,1,p_8986,s_964,2018-03-01 10:17:15,23.0,12.13
o_000446,2,p_2353,s_499,2018-03-01 10:17:15,64.93,16.61
o_000447,1,p_8239,s_596,2018-05-29 02:23:18,94.19,11.99
o_000448,1,p_9981,s_987,2018-03-22 07:20:26,44.69,19.43
o_000449,1,p_8320,s_419,2018-04-29 06:01:14,135.58,16.52
o_000450,1,p_2297,s_192,2018-06-18 08:44:46,107.94,8.87
o_000451,1,p_9529,s_773,2017-11-08 10:30:04,398.79,27.51
o_000452,1,p_6701,s_356,2018-07-14 17:21:36,37.24,26.71
o_000453,1,p_6411,s_308,2018-01-31 08:10:35,106.55,11.46
o_000454,1,p_3669,s_513,2018-05-02 13:56:29,58.39,8.12
o_000455,1,p_2418,s_956,2018-05-21 07:10:51,125.83,19.19
o_000456,1,p_4871,s_231,2018-07-31 02:28:05,124.55,24.07
o_000457,1,p_6959,s_387,2017-01-13 07:15:01,73.47,25.48
o_000457,2,p_8070,s_826,2017-01-13 07:15:01,73.04,26.6
o_000458,1,p_9639,s_576,2018-07-07 02:30:03,45.5,12.39
o_000458,2,p_2752,s_275,2018-07-07 02:30:03,213.96,16.94
o_000459,1,p_7225,s_101,2017-10-22 13:45:11,22.39,26.97
o_000460,1,p_6939,s_307,2018-04-13 09:52:09,85.37,29.49
o_000461,1,p_3191,s_442,2017-03-04 11:05:11,265.39,13.16
o_000461,2,p_1864,s_359,2017-03-04 11:05:11,270.16,17.83
o_000462,1,p_7854,s_445,2018-05-01 09:15:52,90.27,62.09
o_000463,1,p_1317,s_851,2018-02-11 20:05:04,83.25,10.84
o_000464,1,p_5490,s_214,2018-04-07 09:05:30,87.34,6.7
o_000465,1,p_7857,s_882,2018-02-19 10:23:21,196.97,28.78
o_000466,1,p_7609,s_732,2018-08-21 14:42:39,21.63,12.03
o_000466,2,p_3956,s_212,2018-08-21 14:42:39,52.6,15.8
o_000467,1,p_8430,s_585,2017-08-14 09:23:15,329.54,29.1
o_000468,1,p_5912,s_297,2018-03-05 16:50:19,20.39,12.72
o_000469,1,p_3452,s_690,2017-09-24 14:16:58,234.18,17.01
o_000470,1,p_9660,s_292,2018-01-02 11:24:19,79.19,5.63
o_000471,1,p_6462,s_563,2018-06-15 13:28:37,38.94,5.95
o_000472,1,p_3265,s_297,2017-03-02 03:38:57,30.75,16.29
o_000473,1,p_7565,s_592,2018-05-29 16:16:34,101.67,19.41
o_000474,1,p_5877,s_557,2018-01-16 16:27:28,28.69,6.88
o_000474,2,p_6059,s_956,2018-01-16 16:27:28,46.41,11.51
o_000475,1,p_8944,s_466,2018-02-26 10:26:20,62.74,15.75
o_000476,1,p_7464,s_713,2018-02-15 15:19:18,239.97,15.26
o_000477,1,p_4012,s_871,2018-02-24 23:00:33,57.82,8.62
o_000478,1,p_7962,s_551,2018-05-17 06:03:11,128.06,10.08
o_000479,1,p_9075,s_375,2018-07-06 15:00:14,17.25,11.56
o_000480,1,p_5498,s_729,2017-07-18 11:14:43,23.65,13.42
o_000481,1,p_7577,s_547,2017-12-29 09:05:22,67.69,25.63
o_000482,1,p_8139,s_979,2018-05-28 10:59:29,22.39,24.99
o_000483,1,p_3229,s_684,2018-04-18 21:38:53,715.94,11.75
o_000484,1,p_8037,s_986,2017-03-27 18:15:47,396.65,19.89
o_000485,1,p_3013,s_127,2017-05-24 19:38:19,259.87,17.16
o_000486,1,p_3872,s_336,2018-08-23 18:40:52,184.46,25.22
o_000487,1,p_5855,s_523,2017-08-08 15:08:07,23.02,18.97
o_000488,1,p_6530,s_877,2017-12-29 11:48:42,61.19,14.78
o_000489,1,p_7392,s_733,2017-09-07 18:32:15,41.17,26.95
o_000490,1,p_7599,s_368,2018-05-15 11:06:00,122.16,12.73
o_000491,1,p_4496,s_780,2018-05-08 13:26:11,109.26,11.24
o_000492,1,p_1327,s_987,2017-11-10 12:37:06,35.1,5.74
o_000493,1,p_1828,s_904,2017-04-07 07:20:44,86.48,12.0
o_000494,1,p_7486,s_547,2018-04-16 10:42:32,64.21,9.95
o_000494,2,p_5284,s_622,2018-04-16 10:42:32,102.23,11.58
o_000495,1,p_7350,s_358,2018-05-03 11:04:01,123.77,13.22
o_000496,1,p_9370,s_209,2018-02-27 11:10:10,34.77,13.32
o_000497,1,p_1661,s_775,2017-04-06 13:43:57,384.91,62.69
o_000497,2,p_2493,s_490,2017-04-06 13:43:57,49.62,69.67
o_000498,1,p_1837,s_957,2018-04-27 17:02:06,45.73,11.79
o_000499,1,p_1317,s_752,2018-04-16 16:28:59,121.29,13.35
o_000500,1,p_1560,s_655,2018-03-16 18:19:33,41.92,29.97
o_000501,1,p_7202,s_849,2017-01-21 15:03:55,73.07,9.84
o_000501,2,p_4132,s_985,2017-01-21 15:03:55,48.67,11.0
o_000502,1,p_8059,s_735,2018-08-06 15:32:56,47.97,12.2
o_000503,1,p_4915,s_244,2018-07-12 09:40:32,34.24,10.78
o_000504,1,p_7713,s_630,2018-04-12 18:31:36,83.51,7.1
o_000505,1,p_7137,s_102,2018-08-27 20:57:08,99.01,7.15
o_000506,1,p_3297,s_162,2018-03-05 14:52:45,27.22,26.04
o_000507,1,p_2742,s_282,2018-02-27 16:44:39,84.18,12.94
o_000508,1,p_7947,s_360,2018-02-07 15:15:09,134.44,18.16
o_000509,1,p_7131,s_385,2017-04-15 20:24:59,76.33,12.88
o_000510,1,p_6255,s_323,2017-07-02 10:41:31,349.44,19.63
o_000511,1,p_3919,s_816,2018-03-27 18:59:35,132.03,11.34
o_000512,1,p_1499,s_858,2017-12-06 11:35:12,190.43,6.58
o_000513,1,p_2707,s_443,2017-03-10 12:39:00,64.97,10.46
o_000514,1,p_5518,s_233,2017-05-23 07:55:57,86.01,8.22
o_000515,1,p_1066,s_728,2018-02-18 19:15:41,118.23,10.6
o_000516,1,p_9536,s_599,2017-11-06 22:41:09,216.53,10.09
o_000517,1,p_1751,s_114,2017-11-21 14:40:00,197.99,10.37
o_000518,1,p_8973,s_168,2018-03-02 15:59:18,23.28,6.99
o_000519,1,p_6400,s_136,2017-11-09 17:16:55,93.81,13.47
o_000520,1,p_9464,s_379,2018-04-13 09:29:01,74.26,18.2
o_000520,2,p_6331,s_150,2018-04-13 09:29:01,27.45,17.97
o_000521,1,p_5655,s_761,2017-09-28 23:15:03,301.59,15.11
o_000522,1,p_9681,s_486,2018-08-11 20:52:54,42.83,23.57
o_000523,1,p_3238,s_368,2018-03-30 14:35:23,52.49,14.9
o_000524,1,p_4965,s_964,2017-11-06 12:15:37,542.91,14.14
o_000525,1,p_9463,s_798,2018-01-24 23:09:29,380.02,23.34
o_000526,1,p_5018,s_335,2017-02-25 20:03:27,156.84,29.34
o_000527,1,p_9824,s_630,2018-08-08 13:27:10,214.3,9.26
o_000528,1,p_7670,s_442,2017-06-06 07:02:38,64.51,8.07
o_000529,1,p_2245,s_927,2017-12-26 14:23:17,86.55,9.78
o_000530,1,p_9522,s_437,2017-10-01 20:05:58,79.91,9.09
o_000531,1,p_4058,s_220,2017-04-14 08:48:28,124.97,67.11
o_000532,1,p_6737,s_831,2017-08-16 19:18:45,100.82,23.87
o_000533,1,p_6327,s_156,2017-02-11 16:06:30,67.65,9.05
o_000534,1,p_7993,s_617,2017-01-28 19:33:00,127.98,8.98
o_000535,1,p_8179,s_469,2017-03-15 22:46:02,72.47,5.95
o_000536,1,p_1139,s_296,2017-03-09 13:31:37,137.09,12.01
o_000537,1,p_5359,s_660,2018-08-02 16:05:54,17.03,12.14
o_000538,1,p_6476,s_288,2018-05-19 14:22:41,22.44,11.43
o_000539,1,p_3838,s_914,2018-02-07 09:54:10,79.32,22.28
o_000540,1,p_9536,s_416,2017-08-26 12:14:02,306.19,13.45
o_000541,1,p_1897,s_302,2018-05-26 13:28:40,239.08,9.96
o_000541,2,p_1674,s_223,2018-05-26 13:28:40,210.26,7.86
o_000542,1,p_2120,s_304,2017-08-15 09:42:54,161.57,22.1
o_000543,1,p_7744,s_917,2018-06-28 13:22:33,151.25,10.58
o_000543,2,p_7731,s_599,2018-06-28 13:22:33,24.08,8.21
o_000544,1,p_6524,s_120,2018-02-02 20:12:20,15.54,9.75
o_000545,1,p_6741,s_969,2018-08-26 14:55:05,212.74,11.12
o_000546,1,p_4182,s_319,2018-03-03 19:00:12,23.09,9.3
o_000547,1,p_5816,s_396,2018-04-10 17:12:57,168.88,9.4
o_000548,1,p_5650,s_806,2018-03-07 16:36:03,34.56,6.94
o_000549,1,p_6239,s_300,2018-05-31 11:08:40,34.84,7.23
o_000550,1,p_4291,s_911,2017-04-13 18:40:28,26.07,24.79
o_000551,1,p_7451,s_317,2018-03-11 19:18:31,62.3,16.53
o_000552,1,p_9743,s_352,2018-03-24 17:34:07,18.75,10.2
o_000553,1,p_4529,s_549,2018-07-27 10:22:31,228.93,12.26
o_000554,1,p_3857,s_954,2017-03-08 12:35:28,296.45,17.12
o_000554,2,p_3435,s_297,2017-03-08 12:35:28,176.57,17.01
o_000555,1,p_5197,s_526,2018-03-07 13:58:53,151.9,9.67
o_000556,1,p_9429,s_769,2018-06-17 16:08:19,517.1,27.73
o_000556,2,p_7243,s_661,2018-06-17 16:08:19,37.59,25.76
o_000557,1,p_5007,s_131,2018-08-12 09:41:31,37.82,11.72
o_000558,1,p_6442,s_452,2018-03-29 13:32:29,100.74,26.77
o_000559,1,p_4150,s_321,2017-01-15 13:26:07,72.61,16.18
o_000560,1,p_8274,s_346,2018-04-07 14:11:26,145.17,11.47
o_000561,1,p_9511,s_608,2018-04-27 13:30:06,425.08,7.13
o_000562,1,p_1267,s_186,2017-03-08 11:13:33,292.79,6.94
o_000563,1,p_4412,s_839,2018-08-14 13:11:33,62.5,12.93
o_000564,1,p_8833,s_363,2018-02-19 19:36:06,89.42,22.75
o_000565,1,p_7004,s_896,2018-08-27 13:50:35,116.13,12.65
o_000566,1,p_5766,s_551,2018-05-03 09:51:19,127.76,8.0
o_000567,1,p_5814,s_948,2018-02-11 20:22:47,120.81,13.02
o_000568,1,p_3481,s_488,2018-01-14 14:46:35,544.49,12.04
o_000569,1,p_6632,s_752,2018-01-20 08:56:03,46.59,13.1
o_000569,2,p_1558,s_618,2018-01-20 08:56:03,218.87,18.28
o_000570,1,p_6533,s_348,2017-08-07 12:24:24,77.58,24.25
o_000571,1,p_7148,s_778,2018-01-21 17:58:38,95.58,26.82
o_000572,1,p_7572,s_296,2018-01-30 20:39:38,139.13,27.32
o_000573,1,p_9809,s_398,2017-07-10 18:09:15,92.99,25.18
o_000574,1,p_7384,s_322,2017-02-23 11:50:19,292.14,11.67
o_000575,1,p_5847,s_762,2018-07-07 21:08:58,32.77,29.16
o_000576,1,p_2078,s_671,2018-04-17 16:19:36,188.71,11.73
o_000577,1,p_4812,s_984,2018-01-26 19:45:42,231.8,8.07
o_000578,1,p_6420,s_243,2017-11-30 21:51:07,54.51,23.41
o_000579,1,p_1553,s_422,2018-05-09 19:45:08,100.92,11.02
o_000580,1,p_2616,s_742,2017-04-22 20:45:50,137.61,6.81
o_000581,1,p_7207,s_167,2018-07-29 12:48:48,73.43,6.58
o_000581,2,p_8403,s_691,2018-07-29 12:48:48,69.23,13.15
o_000582,1,p_8096,s_432,2018-01-14 08:43:23,26.54,7.19
o_000582,2,p_6951,s_892,2018-01-14 08:43:23,280.13,7.81
o_000583,1,p_2051,s_248,2017-04-21 21:52:54,26.16,28.74
o_000584,1,p_3321,s_385,2018-01-10 10:57:52,40.01,68.6
o_000585,1,p_8772,s_344,2017-10-15 22:49:15,149.78,24.16
o_000586,1,p_6312,s_323,2018-06-17 09:19:15,35.37,9.92
o_000587,1,p_4355,s_865,2018-01-31 23:10:00,86.88,29.75
o_000588,1,p_9230,s_419,2017-01-16 21:41:35,45.42,25.86
o_000589,1,p_7533,s_967,2017-07-02 21:34:12,204.19,29.71
o_000590,1,p_6919,s_770,2017-06-15 08:27:27,208.18,19.62
o_000591,1,p_1990,s_821,2018-03-20 20:08:44,50.02,25.88
o_000592,1,p_2109,s_257,2017-02-22 00:22:50,84.13,7.08
o_000593,1,p_6692,s_910,2017-07-01 12:56:46,330.17,13.78
o_000594,1,p_2682,s_126,2018-03-17 17:51:48,69.71,18.97
o_000595,1,p_8492,s_951,2018-04-10 15:16:33,71.54,18.89
o_000596,1,p_7672,s_579,2017-02-19 11:12:48,221.86,24.72
o_000597,1,p_6303,s_994,2017-06-23 10:15:50,150.56,23.08
o_000598,1,p_9478,s_170,2018-02-11 11:49:05,80.37,13.57
o_000599,1,p_5795,s_397,2017-03-02 12:29:22,84.31,8.14
o_000599,2,p_2511,s_851,2017-03-02 12:29:22,431.38,9.41
o_000600,1,p_7649,s_831,2018-08-31 15:08:05,182.54,17.38
o_000601,1,p_2848,s_397,2017-07-15 23:44:36,274.54,15.6
o_000602,1,p_8061,s_283,2018-07-17 11:10:07,113.74,6.79
o_000603,1,p_7670,s_610,2017-05-15 02:55:49,141.27,10.71
o_000604,1,p_4076,s_492,2017-09-15 11:50:23,47.35,9.34
o_000605,1,p_3746,s_871,2017-11-02 12:59:04,120.93,12.86
o_000606,1,p_7840,s_833,2018-03-05 21:32:35,75.05,27.59
o_000606,2,p_2178,s_487,2018-03-05 21:32:35,260.16,27.47
o_000606,3,p_8647,s_775,2018-03-05 21:32:35,43.26,29.62
o_000607,1,p_8656,s_974,2017-06-23 12:12:00,67.29,25.33
o_000608,1,p_3539,s_261,2017-03-01 15:49:46,53.27,28.34
o_000609,1,p_7189,s_689,2018-01-10 22:51:33,136.4,28.82
o_000610,1,p_5281,s_901,2018-02-22 12:17:50,129.22,7.93
o_000611,1,p_5920,s_423,2018-06-18 08:37:44,108.43,14.68
o_000612,1,p_9231,s_865,2018-06-09 09:02:21,22.77,29.98
o_000612,2,p_3315,s_866,2018-06-09 09:02:21,34.84,24.73
o_000613,1,p_1183,s_236,2017-08-18 07:30:21,206.94,11.42
o_000614,1,p_2942,s_408,2017-10-16 09:13:45,83.81,65.76
o_000615,1,p_4299,s_940,2018-01-02 16:31:25,53.6,29.89
o_000616,1,p_8498,s_173,2018-06-18 11:32:59,85.12,26.39
o_000617,1,p_1053,s_897,2018-02-19 14:11:26,131.66,6.71
o_000618,1,p_7979,s_884,2017-05-20 11:49:16,169.89,9.56
o_000619,1,p_8203,s_611,2017-03-18 12:08:09,211.08,26.56
o_000620,1,p_4059,s_786,2017-03-02 12:24:21,84.29,14.82
o_000620,2,p_9152,s_635,2017-03-02 12:24:21,52.88,15.37
o_000621,1,p_1331,s_597,2018-03-13 15:49:56,298.21,12.62
o_000622,1,p_4408,s_583,2017-05-11 16:59:00,50.12,25.3
o_000623,1,p_3316,s_604,2018-03-09 19:50:35,255.17,17.56
o_000624,1,p_4303,s_950,2018-06-19 08:10:47,21.33,27.64
o_000625,1,p_3645,s_723,2018-01-30 16:07:57,72.19,27.13
o_000626,1,p_7980,s_337,2018-02-15 21:26:12,29.5,14.13
o_000627,1,p_8814,s_342,2018-06-21 00:37:33,29.56,11.16
o_000627,2,p_9036,s_533,2018-06-21 00:37:33,68.9,9.73
o_000628,1,p_6097,s_535,2017-03-12 22:16:36,58.0,22.24
o_000629,1,p_9232,s_493,2017-11-23 15:02:57,53.74,24.21
o_000630,1,p_4451,s_551,2018-07-16 09:34:17,50.27,9.59
o_000631,1,p_3843,s_207,2018-02-06 06:41:19,42.75,9.33
o_000631,2,p_4321,s_865,2018-02-06 06:41:19,108.09,11.46
o_000632,1,p_3924,s_584,2017-11-23 00:04:06,68.52,28.47
o_000633,1,p_4750,s_598,2018-03-18 16:23:59,133.73,17.72
o_000634,1,p_1480,s_117,2018-06-12 11:11:19,79.82,25.68
o_000635,1,p_8203,s_256,2017-06-13 16:04:23,15.12,27.21
o_000636,1,p_5374,s_906,2017-08-14 15:43:11,68.17,25.85
o_000636,2,p_7303,s_680,2017-08-14 15:43:11,58.92,26.97
o_000637,1,p_7003,s_129,2018-05-09 06:13:29,99.97,12.18
o_000637,2,p_7163,s_935,2018-05-09 06:13:29,82.08,12.62
o_000637,3,p_1787,s_943,2018-05-09 06:13:29,134.51,11.84
o_000638,1,p_7850,s_729,2018-04-10 20:59:16,36.77,11.0
o_000639,1,p_1130,s_364,2018-07-31 16:02:42,39.58,23.77
o_000640,1,p_1963,s_136,2018-05-11 09:09:09,115.16,29.29
o_000641,1,p_6060,s_273,2017-07-23 11:54:22,176.63,8.04
o_000642,1,p_9241,s_976,2018-03-06 17:58:05,61.54,10.89
o_000643,1,p_4041,s_503,2018-03-19 14:38:53,76.21,13.12
o_000644,1,p_8552,s_503,2017-03-14 13:39:51,149.33,25.16
o_000645,1,p_5021,s_441,2017-06-11 19:01:42,86.7,27.37
o_000646,1,p_1687,s_586,2018-02-02 01:45:39,398.46,8.01
o_000647,1,p_2963,s_117,2018-02-28 21:02:01,174.11,18.34
o_000648,1,p_9736,s_795,2018-03-01 15:03:39,115.32,7.33
o_000649,1,p_9342,s_678,2018-07-28 15:20:01,108.88,12.6
o_000650,1,p_3345,s_372,2017-10-31 12:27:58,45.5,26.57
o_000651,1,p_7720,s_755,2017-02-08 12:45:19,133.33,19.43
o_000652,1,p_1993,s_962,2018-03-28 12:30:11,38.88,13.18
o_000653,1,p_5067,s_373,2018-05-27 23:49:48,73.06,5.8
o_000654,1,p_3500,s_591,2017-08-28 13:39:07,363.92,26.61
o_000655,1,p_3325,s_348,2017-01-27 10:54:55,142.0,10.49
o_000656,1,p_4987,s_488,2018-02-13 15:45:23,78.63,5.73
o_000657,1,p_9311,s_662,2017-10-12 14:40:55,178.86,9.08
o_000657,2,p_2322,s_938,2017-10-12 14:40:55,96.03,6.04
o_000658,1,p_1546,s_269,2017-10-21 10:40:48,121.32,23.97
o_000659,1,p_8380,s_273,2017-04-08 14:10:07,194.84,19.14
o_000660,1,p_1977,s_102,2018-02-11 16:06:31,88.6,10.97
o_000661,1,p_3064,s_334,2018-04-01 11:41:25,64.39,7.22
o_000662,1,p_1544,s_258,2018-05-24 15:55:31,175.82,11.83
o_000663,1,p_2450,s_670,2017-01-31 07:51:28,80.71,7.92
o_000664,1,p_6637,s_788,2018-01-23 12:05:41,54.33,12.47
o_000665,1,p_7172,s_354,2018-03-15 07:41:20,75.19,12.01
o_000666,1,p_7476,s_956,2017-04-18 08:15:18,331.29,25.55
o_000667,1,p_5027,s_338,2018-06-14 06:09:39,207.76,7.61
o_000668,1,p_6048,s_654,2017-03-08 19:05:28,317.78,27.65
o_000669,1,p_7962,s_338,2017-12-20 19:20:43,170.38,8.78
o_000670,1,p_6162,s_940,2017-07-25 15:01:44,286.95,13.53
o_000671,1,p_5122,s_941,2018-04-29 09:02:24,76.95,5.8
o_000671,2,p_9770,s_291,2018-04-29 09:02:24,20.16,13.09
o_000672,1,p_7732,s_958,2017-09-28 15:25:39,44.75,11.87
o_000672,2,p_6023,s_296,2017-09-28 15:25:39,31.11,8.66
o_000673,1,p_7819,s_981,2018-09-01 08:00:47,45.47,28.4
o_000674,1,p_6472,s_881,2018-03-29 12:10:25,86.69,26.01
o_000675,1,p_2768,s_831,2018-02-16 14:08:26,120.63,11.07
o_000675,2,p_7253,s_850,2018-02-16 14:08:26,21.06,6.6
o_000676,1,p_5592,s_947,2018-06-08 09:01:59,62.4,7.21
o_000677,1,p_5044,s_801,2018-06-06 00:05:37,70.23,63.2
o_000678,1,p_8686,s_651,2017-04-13 13:03:00,73.75,7.49
o_000679,1,p_8953,s_420,2017-05-28 03:57:29,86.32,10.53
o_000680,1,p_4013,s_762,2017-05-07 20:02:14,159.92,11.02
o_000681,1,p_2738,s_664,2018-07-15 14:13:53,82.49,22.46
o_000682,1,p_9286,s_945,2018-01-21 17:48:37,207.99,22.36
o_000683,1,p_5008,s_114,2018-05-30 23:40:12,34.91,29.15
o_000684,1,p_9026,s_230,2018-01-07 08:16:11,37.77,29.03
o_000684,2,p_6530,s_626,2018-01-07 08:16:11,61.64,23.13
o_000685,1,p_1358,s_385,2018-03-19 15:27:58,112.61,6.46
o_000686,1,p_2646,s_832,2018-08-26 17:45:29,16.9,9.27
o_000686,2,p_2180,s_501,2018-08-26 17:45:29,19.15,10.8
o_000687,1,p_3356,s_998,2017-06-13 10:29:02,68.72,25.04
o_000688,1,p_2691,s_437,2018-03-16 10:24:29,68.69,7.33
o_000689,1,p_8480,s_785,2018-06-24 17:40:56,104.0,13.34
o_000690,1,p_9166,s_214,2018-03-22 17:17:05,27.5,12.93
o_000691,1,p_9769,s_530,2018-09-01 14:53:55,200.62,28.29
o_000692,1,p_5023,s_992,2017-01-07 14:35:27,108.98,24.3
o_000693,1,p_3533,s_786,2017-02-15 15:09:08,19.82,15.81
o_000693,2,p_3617,s_197,2017-02-15 15:09:08,152.97,12.2
o_000694,1,p_4709,s_404,2017-03-03 09:30:30,136.02,9.42
o_000695,1,p_6201,s_657,2018-07-14 10:48:51,151.94,14.02
o_000696,1,p_7787,s_193,2018-06-10 21:20:08,70.59,69.36
o_000696,2,p_9896,s_605,2018-06-10 21:20:08,174.83,69.72
o_000697,1,p_3134,s_701,2018-01-13 02:07:43,195.02,26.54
o_000698,1,p_3225,s_410,2017-03-15 11:55:59,26.0,25.94
o_000699,1,p_4663,s_745,2018-06-24 14:44:30,149.65,13.3
o_000700,1,p_3943,s_121,2017-09-21 08:00:39,244.58,19.35
o_000701,1,p_9475,s_304,2018-07-29 22:48:59,208.29,15.72
o_000702,1,p_7084,s_992,2017-09-12 18:54:41,211.03,17.23
o_000703,1,p_4200,s_532,2018-02-10 07:08:33,1020.17,25.2
o_000704,1,p_3365,s_302,2018-04-07 18:02:33,103.93,17.58
o_000705,1,p_9468,s_106,2018-01-16 12:59:15,43.36,7.53
o_000706,1,p_9845,s_457,2017-03-16 10:07:06,172.81,6.58
o_000707,1,p_2307,s_248,2018-01-24 10:29:10,66.48,24.05
o_000708,1,p_5706,s_228,2017-08-26 11:34:28,47.34,8.54
o_000709,1,p_4307,s_103,2018-01-18 20:09:19,56.34,8.98
o_000709,2,p_7031,s_180,2018-01-18 20:09:19,78.42,10.53
o_000710,1,p_4647,s_247,2017-05-18 08:11:54,47.75,19.35
o_000711,1,p_7601,s_213,2017-07-10 18:24:01,172.06,12.27
o_000712,1,p_8038,s_390,2018-08-24 20:07:41,117.65,7.96
o_000712,2,p_9094,s_244,2018-08-24 20:07:41,123.33,9.02
o_000713,1,p_2730,s_117,2018-07-25 12:10:39,87.35,17.81
o_000714,1,p_2826,s_795,2018-08-15 14:09:24,93.84,12.21
o_000715,1,p_5444,s_918,2018-04-24 10:13:09,204.57,18.05
o_000716,1,p_3142,s_739,2017-09-26 16:59:45,217.35,25.07
o_000717,1,p_6671,s_553,2017-10-09 12:05:29,193.62,10.46
o_000718,1,p_9199,s_619,2017-07-19 20:09:04,343.09,11.22
o_000719,1,p_6187,s_336,2017-12-31 11:45:38,148.84,25.11
o_000720,1,p_6414,s_451,2018-03-05 14:02:58,100.66,10.69
o_000721,1,p_9665,s_698,2017-12-22 19:29:18,31.63,28.66
o_000722,1,p_8279,s_168,2018-02-15 08:22:23,16.79,18.81
o_000723,1,p_2122,s_212,2017-02-25 17:07:38,361.33,19.18
o_000724,1,p_7125,s_631,2017-08-20 15:31:04,87.51,8.94
o_000725,1,p_7418,s_710,2017-10-14 09:14:46,188.44,13.22
o_000726,1,p_8453,s_437,2018-04-17 20:21:50,249.62,22.94
o_000726,2,p_9995,s_326,2018-04-17 20:21:50,17.5,22.93
o_000727,1,p_4592,s_474,2018-02-23 16:45:43,42.42,12.57
o_000728,1,p_5050,s_210,2017-08-01 09:56:08,73.75,9.71
o_000729,1,p_4521,s_600,2018-07-09 14:22:55,67.84,17.37
o_000730,1,p_4869,s_838,2018-07-01 11:23:59,357.21,12.32
o_000731,1,p_3130,s_413,2018-07-20 10:12:18,34.24,24.17
o_000732,1,p_6392,s_479,2018-02-21 13:36:05,229.95,12.57
o_000733,1,p_2138,s_603,2018-05-22 18:35:49,495.61,16.68
o_000734,1,p_7411,s_684,2018-07-14 15:02:10,167.34,8.42
o_000735,1,p_8260,s_191,2017-06-10 14:55:11,38.89,25.27
o_000736,1,p_6160,s_583,2017-07-07 03:35:57,171.36,24.91
o_000737,1,p_8502,s_873,2017-07-07 09:27:12,354.19,15.91
o_000738,1,p_5715,s_331,2018-07-30 22:12:41,89.59,16.09
o_000738,2,p_6981,s_513,2018-07-30 22:12:41,92.36,16.04
o_000739,1,p_2303,s_313,2018-04-23 06:00:44,48.62,8.57
o_000740,1,p_8664,s_857,2017-04-14 23:49:29,26.16,25.19
o_000741,1,p_5860,s_966,2017-04-23 14:10:51,368.55,22.26
o_000742,1,p_9216,s_663,2017-04-29 12:31:48,182.32,12.62
o_000743,1,p_5167,s_875,2018-01-13 12:50:50,125.1,19.1
o_000744,1,p_5052,s_956,2018-07-06 10:12:21,197.72,69.67
o_000745,1,p_9277,s_136,2018-01-02 15:50:35,121.09,65.9
o_000746,1,p_8779,s_228,2018-03-31 14:40:28,131.86,5.66
o_000747,1,p_2297,s_425,2017-10-24 18:06:12,314.91,24.0
o_000748,1,p_3654,s_961,2017-02-27 09:26:06,23.74,6.81
o_000749,1,p_8867,s_131,2017-09-21 03:07:48,104.71,28.25
o_000750,1,p_3626,s_379,2018-05-03 09:41:25,56.46,19.79
o_000751,1,p_5096,s_457,2017-03-06 09:28:26,270.51,6.34
o_000752,1,p_4396,s_215,2017-06-09 13:01:54,151.08,11.96
o_000753,1,p_5207,s_191,2018-08-08 17:33:27,151.97,19.24
o_000754,1,p_6050,s_185,2018-03-15 14:54:10,45.89,7.27
o_000755,1,p_3176,s_863,2018-01-18 14:30:53,47.18,7.27
o_000756,1,p_2219,s_329,2018-07-07 16:37:45,363.76,27.69
o_000756,2,p_6306,s_479,2018-07-07 16:37:45,374.32,28.36
o_000757,1,p_9134,s_534,2017-11-06 18:28:22,240.05,69.14
o_000757,2,p_4511,s_162,2017-11-06 18:28:22,35.93,68.65
o_000758,1,p_1932,s_313,2017-11-22 14:27:53,138.62,65.58
o_000758,2,p_6099,s_573,2017-11-22 14:27:53,506.61,64.49
o_000759,1,p_5828,s_810,2018-05-13 05:28:24,69.12,9.08
o_000759,2,p_1466,s_643,2018-05-13 05:28:24,189.13,8.87
o_000760,1,p_2103,s_918,2018-06-14 10:26:49,174.41,25.43
o_000761,1,p_4527,s_358,2018-03-23 08:54:07,24.54,14.79
o_000762,1,p_1386,s_616,2017-09-07 16:52:40,393.8,11.56
o_000763,1,p_3801,s_918,2018-07-29 13:53:42,150.12,9.17
o_000764,1,p_8434,s_435,2017-12-11 11:22:57,52.23,12.95
o_000765,1,p_3971,s_358,2017-12-13 00:06:16,97.15,8.17
o_000766,1,p_7686,s_551,2018-04-20 18:15:20,124.84,23.44
o_000767,1,p_5389,s_928,2017-12-16 08:46:21,128.98,9.4
o_000768,1,p_7663,s_593,2018-08-18 20:16:35,26.0,29.32
o_000769,1,p_8265,s_535,2018-03-13 15:39:28,22.66,12.37
o_000770,1,p_3449,s_424,2018-06-09 12:20:21,83.62,65.4
o_000771,1,p_5189,s_888,2017-12-14 12:58:33,246.09,6.81
o_000772,1,p_6492,s_680,2018-02-28 10:31:18,313.96,12.76
o_000773,1,p_6097,s_146,2017-10-13 17:05:01,50.02,28.1
o_000773,2,p_2092,s_519,2017-10-13 17:05:01,15.0,28.63
o_000774,1,p_7013,s_936,2017-09-01 16:52:42,67.68,7.87
o_000775,1,p_7195,s_555,2018-02-25 10:58:47,48.53,10.41
o_000776,1,p_5928,s_657,2017-03-17 16:42:31,24.97,24.01
o_000777,1,p_7517,s_700,2018-06-01 07:26:54,35.58,6.41
o_000778,1,p_2088,s_882,2018-02-06 21:19:06,17.97,29.23
o_000778,2,p_2713,s_292,2018-02-06 21:19:06,189.28,27.25
o_000779,1,p_5557,s_544,2018-01-15 15:03:06,282.65,12.57
o_000779,2,p_3690,s_384,2018-01-15 15:03:06,56.27,7.17
o_000780,1,p_2492,s_733,2017-09-12 11:38:57,36.64,9.9
o_000780,2,p_7457,s_743,2017-09-12 11:38:57,43.38,8.59
o_000781,1,p_4598,s_503,2018-06-23 17:05:21,44.95,9.26
o_000782,1,p_4678,s_608,2017-09-19 23:20:55,64.77,12.39
o_000782,2,p_8945,s_867,2017-09-19 23:20:55,224.93,17.88
o_000783,1,p_1995,s_420,2017-03-27 19:17:41,34.89,10.45
o_000784,1,p_3746,s_918,2017-10-26 13:30:22,125.25,10.66
o_000785,1,p_9298,s_969,2017-12-24 12:18:58,54.35,24.13
o_000786,1,p_8875,s_126,2017-03-10 14:03:04,15.88,12.06
o_000787,1,p_5001,s_550,2017-08-06 14:46:20,85.63,28.44
o_000788,1,p_1979,s_157,2017-07-19 13:31:49,173.3,8.93
o_000789,1,p_8214,s_329,2017-05-27 07:37:09,146.79,12.24
o_000790,1,p_8180,s_359,2018-07-09 15:15:21,92.29,11.81
o_000791,1,p_3255,s_813,2017-01-29 21:29:25,185.59,9.31
o_000792,1,p_9269,s_811,2017-12-24 22:48:08,19.2,11.68
o_000793,1,p_6101,s_681,2017-05-21 14:19:28,511.73,5.76
o_000793,2,p_9610,s_596,2017-05-21 14:19:28,77.61,5.77
o_000794,1,p_6899,s_639,2018-05-22 08:44:15,140.23,7.77
o_000794,2,p_6346,s_245,2018-05-22 08:44:15,72.39,12.45
o_000795,1,p_1143,s_427,2017-10-25 17:22:51,23.44,16.49
o_000796,1,p_3607,s_338,2018-07-18 17:36:35,202.41,23.02
o_000797,1,p_3390,s_407,2018-07-28 14:13:03,205.63,24.65
o_000798,1,p_7070,s_803,2018-03-03 12:40:31,97.66,10.08
o_000799,1,p_8405,s_691,2018-06-22 17:45:42,204.19,6.94
o_000800,1,p_1515,s_873,2017-10-06 05:36:24,127.2,18.56
o_000801,1,p_2317,s_200,2018-06-21 19:15:38,60.91,12.69
o_000802,1,p_6781,s_558,2018-08-26 09:45:51,34.17,25.0
o_000803,1,p_8955,s_173,2017-08-16 09:21:33,23.38,18.25
o_000804,1,p_7841,s_998,2018-07-26 20:04:18,58.25,15.84
o_000804,2,p_3576,s_945,2018-07-26 20:04:18,193.63,12.28
o_000805,1,p_1702,s_253,2017-05-07 01:46:50,322.88,5.68
o_000806,1,p_7979,s_518,2017-03-02 21:11:22,105.96,12.98
o_000807,1,p_6059,s_928,2018-01-21 12:08:02,29.28,10.28
o_000808,1,p_7303,s_529,2017-03-11 14:50:23,162.76,9.46
o_000809,1,p_4837,s_957,2017-05-06 15:56:18,26.46,11.57
o_000810,1,p_8062,s_161,2018-08-02 19:09:39,23.22,6.04
o_000811,1,p_3023,s_707,2017-08-01 15:38:00,132.65,12.34
o_000812,1,p_1851,s_390,2017-09-06 20:31:12,290.93,5.6
o_000813,1,p_8577,s_925,2018-01-15 07:58:11,70.71,6.63
o_000814,1,p_1788,s_603,2018-04-21 18:32:47,224.27,12.83
o_000815,1,p_2749,s_669,2017-04-10 09:41:20,232.4,23.4
o_000816,1,p_1512,s_200,2017-03-09 17:21:11,149.73,15.78
o_000817,1,p_9933,s_710,2018-01-17 12:15:18,96.01,12.84
o_000818,1,p_4330,s_517,2018-06-21 09:14:30,305.98,19.59
o_000819,1,p_9563,s_563,2017-12-15 22:54:58,20.72,18.61
o_000819,2,p_2094,s_283,2017-12-15 22:54:58,25.69,18.33
o_000820,1,p_5932,s_559,2018-07-15 21:22:45,105.48,14.17
o_000821,1,p_7238,s_840,2017-07-02 14:49:01,128.0,16.42
o_000822,1,p_2878,s_131,2017-03-30 15:13:21,271.4,10.67
o_000823,1,p_6030,s_614,2017-10-31 14:52:44,128.19,12.29
o_000824,1,p_4761,s_577,2018-04-26 15:25:54,211.12,17.24
o_000825,1,p_7503,s_795,2018-08-08 10:41:55,87.96,12.15
o_000826,1,p_6831,s_708,2018-01-15 15:19:27,97.17,10.81
o_000827,1,p_8350,s_885,2018-08-30 08:00:46,175.02,22.91
o_000828,1,p_6650,s_235,2018-06-23 12:09:49,97.54,22.67
o_000829,1,p_1063,s_199,2018-04-25 12:28:01,20.57,7.21
o_000830,1,p_8186,s_833,2017-09-07 09:00:54,80.46,29.76
o_000831,1,p_8516,s_572,2018-06-07 12:57:55,72.2,22.9
o_000831,2,p_8051,s_401,2018-06-07 12:57:55,375.37,29.75
o_000832,1,p_1935,s_354,2018-04-18 22:33:58,113.97,18.68
o_000833,1,p_3891,s_667,2018-06-25 19:03:04,244.23,10.3
o_000833,2,p_4235,s_354,2018-06-25 19:03:04,169.68,8.51
o_000834,1,p_3650,s_507,2017-12-13 19:58:00,61.31,8.75
o_000835,1,p_4153,s_376,2018-01-19 20:05:41,565.1,22.06
o_000836,1,p_7089,s_951,2018-03-02 10:02:32,69.5,15.79
o_000836,2,p_9212,s_816,2018-03-02 10:02:32,131.18,15.12
o_000837,1,p_7553,s_775,2018-07-25 13:17:09,154.96,15.23
o_000838,1,p_8285,s_806,2018-06-24 17:56:03,43.83,17.78
o_000839,1,p_6272,s_107,2018-07-24 10:07:00,104.7,13.5
o_000840,1,p_8663,s_241,2018-03-22 15:54:47,54.8,5.52
o_000840,2,p_3208,s_502,2018-03-22 15:54:47,77.74,12.15
o_000841,1,p_6664,s_874,2017-05-31 18:50:36,29.37,6.42
o_000842,1,p_2699,s_735,2018-08-09 16:34:30,393.24,11.37
o_000842,2,p_7997,s_596,2018-08-09 16:34:30,125.66,10.49
o_000843,1,p_7022,s_579,2017-03-31 07:03:47,169.09,13.45
o_000844,1,p_9927,s_132,2017-10-31 20:42:38,33.29,22.61
o_000845,1,p_3667,s_881,2018-04-13 12:56:40,113.99,9.43
o_000846,1,p_6845,s_224,2017-03-26 17:03:58,68.36,23.88
o_000847,1,p_6088,s_666,2017-05-14 06:44:27,52.9,18.63
o_000848,1,p_6002,s_724,2017-04-01 10:19:00,257.37,12.03
o_000849,1,p_9734,s_310,2018-05-17 16:16:46,28.1,12.76
o_000850,1,p_9591,s_239,2018-03-15 20:18:52,256.91,18.02
o_000851,1,p_7568,s_462,2018-06-11 11:57:01,387.23,18.66
o_000852,1,p_8711,s_149,2018-01-30 14:13:51,63.0,23.17
o_000853,1,p_9983,s_697,2017-09-08 11:17:55,244.88,25.32
o_000854,1,p_3399,s_892,2018-04-12 12:16:39,401.91,10.15
o_000854,2,p_1583,s_867,2018-04-12 12:16:39,105.09,8.18
o_000855,1,p_4971,s_996,2017-10-15 07:50:27,18.0,11.25
o_000856,1,p_9911,s_132,2017-06-01 20:30:15,26.82,18.59
o_000857,1,p_2364,s_705,2018-06-10 19:58:40,64.78,6.07
o_000858,1,p_6647,s_823,2018-02-21 19:40:55,111.27,26.7
o_000859,1,p_1327,s_121,2017-11-14 14:21:10,36.85,68.0
o_000860,1,p_5094,s_362,2017-10-21 14:34:41,31.47,10.13
o_000861,1,p_2470,s_285,2018-04-27 03:12:10,51.73,12.41
o_000862,1,p_7872,s_799,2018-06-26 12:06:16,86.74,6.76
o_000862,2,p_8265,s_966,2018-06-26 12:06:16,115.09,8.47
o_000862,3,p_2039,s_488,2018-06-26 12:06:16,226.76,11.19
o_000863,1,p_3613,s_659,2018-07-02 16:45:24,291.42,5.61
o_000864,1,p_9138,s_456,2017-11-07 12:57:41,211.03,13.18
o_000865,1,p_4669,s_235,2018-07-31 05:00:19,46.82,27.97
o_000866,1,p_8996,s_551,2018-04-01 06:20:56,60.86,24.62
o_000867,1,p_3826,s_159,2017-11-21 16:09:01,124.15,14.31
o_000868,1,p_6207,s_648,2017-06-16 13:14:53,75.18,19.29
o_000869,1,p_4262,s_137,2017-09-13 20:28:49,73.09,8.77
o_000870,1,p_8922,s_466,2017-02-21 16:52:05,17.06,15.16
o_000871,1,p_5525,s_695,2018-02-12 15:54:39,18.66,23.19
o_000872,1,p_1304,s_669,2018-01-15 14:22:19,163.59,19.67
o_000873,1,p_6967,s_817,2017-02-15 13:48:50,252.65,8.38
o_000873,2,p_2887,s_838,2017-02-15 13:48:50,20.02,10.86
o_000874,1,p_6863,s_736,2017-02-21 17:24:43,114.97,25.0
o_000875,1,p_5553,s_362,2017-06-02 18:25:03,68.99,17.06
o_000876,1,p_8930,s_935,2017-08-29 07:29:02,99.04,63.97
o_000877,1,p_1551,s_318,2018-07-03 15:40:47,513.17,6.39
o_000878,1,p_8993,s_873,2018-07-26 09:06:49,170.01,13.8
o_000879,1,p_4661,s_989,2017-07-26 13:48:56,148.15,24.56
o_000880,1,p_4992,s_768,2018-02-23 07:40:11,156.96,23.39
o_000881,1,p_6643,s_335,2018-06-13 16:41:27,147.9,12.3
o_000881,2,p_4085,s_587,2018-06-13 16:41:27,42.05,9.37
o_000882,1,p_7758,s_623,2018-08-16 19:13:14,79.79,8.88
o_000883,1,p_3857,s_595,2018-04-08 15:57:06,85.95,11.51
o_000884,1,p_2573,s_493,2017-09-24 16:38:24,123.12,17.83
o_000885,1,p_2221,s_841,2018-02-23 13:08:57,30.58,68.87
o_000886,1,p_4652,s_897,2017-09-06 10:29:08,41.87,17.32
o_000887,1,p_7753,s_851,2017-10-06 06:24:29,158.35,11.92
o_000888,1,p_5086,s_988,2017-02-06 19:29:12,433.96,16.67
o_000889,1,p_3121,s_926,2018-05-15 19:36:09,350.34,25.69
o_000890,1,p_5091,s_440,2018-03-10 12:45:44,300.2,18.88
o_000891,1,p_9451,s_438,2018-05-17 05:22:41,125.58,12.29
o_000892,1,p_7255,s_682,2018-07-12 18:31:27,257.09,13.06
o_000893,1,p_5780,s_691,2017-07-25 07:13:29,18.62,16.38
o_000894,1,p_2152,s_159,2017-10-11 12:15:05,437.36,6.57
o_000894,2,p_2152,s_532,2017-10-11 12:15:05,111.67,12.76
o_000895,1,p_1147,s_598,2017-08-17 15:21:34,141.88,8.71
o_000896,1,p_5165,s_388,2018-02-20 21:48:01,156.17,6.4
o_000896,2,p_8079,s_914,2018-02-20 21:48:01,36.81,9.17
o_000897,1,p_6152,s_221,2018-03-10 15:17:39,96.3,12.47
o_000898,1,p_6067,s_540,2018-07-31 18:21:10,55.95,18.28
o_000899,1,p_4918,s_220,2018-08-09 17:44:24,42.37,64.97
o_000900,1,p_9740,s_764,2017-11-26 21:30:51,16.82,10.99
o_000901,1,p_3883,s_274,2018-06-23 19:23:49,312.09,16.65
o_000902,1,p_7108,s_169,2018-06-24 17:21:29,72.12,29.97
o_000903,1,p_4864,s_377,2018-02-09 19:10:57,17.2,11.48
o_000904,1,p_9922,s_972,2018-03-09 12:46:19,34.55,23.63
o_000905,1,p_7794,s_618,2018-01-23 07:07:36,24.87,62.04
o_000906,1,p_8022,s_452,2017-04-25 07:58:09,27.82,25.83
o_000907,1,p_3705,s_940,2017-04-29 23:27:11,146.25,5.52
o_000908,1,p_2151,s_422,2017-02-10 15:45:55,45.18,17.99
o_000908,2,p_6615,s_395,2017-02-10 15:45:55,109.7,12.49
o_000908,3,p_2256,s_372,2017-02-10 15:45:55,136.62,13.23
o_000909,1,p_5069,s_498,2018-03-20 19:31:06,58.12,16.24
o_000909,2,p_7191,s_636,2018-03-20 19:31:06,68.97,13.32
o_000909,3,p_6117,s_335,2018-03-20 19:31:06,37.28,16.6
o_000910,1,p_5958,s_910,2018-04-25 10:35:58,26.35,19.8
o_000910,2,p_7478,s_484,2018-04-25 10:35:58,75.54,15.76
o_000911,1,p_5020,s_959,2018-02-26 16:33:25,241.35,29.92
o_000912,1,p_1934,s_967,2017-08-07 09:49:29,25.56,18.1
o_000912,2,p_5532,s_310,2017-08-07 09:49:29,125.66,17.84
o_000913,1,p_8895,s_674,2018-06-08 14:53:09,20.35,13.19
o_000914,1,p_6835,s_396,2017-04-16 13:57:51,26.03,19.54
o_000915,1,p_9085,s_793,2018-03-12 15:19:31,214.45,15.27
o_000916,1,p_5034,s_997,2018-03-18 16:19:43,243.68,17.87
o_000917,1,p_5097,s_478,2017-09-07 15:15:39,423.55,24.38
o_000918,1,p_1825,s_271,2018-06-18 18:00:01,77.01,18.04
o_000919,1,p_5067,s_450,2018-03-09 14:19:02,161.86,12.43
o_000919,2,p_7489,s_742,2018-03-09 14:19:02,383.31,13.48
o_000920,1,p_3749,s_908,2018-08-15 09:17:01,420.94,11.37
o_000921,1,p_3864,s_939,2018-04-29 18:39:22,31.17,9.16
o_000922,1,p_8406,s_146,2017-07-18 15:36:07,110.38,18.45
o_000923,1,p_1378,s_892,2018-07-14 19:26:56,69.71,64.31
o_000924,1,p_7992,s_291,2018-07-20 23:10:33,278.82,10.82
o_000925,1,p_9389,s_448,2017-12-07 11:27:48,160.34,28.8
o_000926,1,p_7517,s_249,2018-05-08 18:21:24,405.92,22.85
o_000927,1,p_8634,s_316,2017-03-22 15:11:26,21.93,15.54
o_000928,1,p_2105,s_940,2018-07-09 21:47:28,131.66,10.59
o_000929,1,p_2305,s_991,2018-03-03 09:11:29,49.13,7.84
o_000930,1,p_3761,s_452,2018-05-25 11:46:37,25.71,7.68
o_000931,1,p_1217,s_167,2017-11-08 15:24:48,26.57,12.03
o_000932,1,p_1119,s_232,2017-06-14 17:22:28,97.89,27.43
o_000933,1,p_2113,s_368,2017-09-16 16:02:47,58.38,9.77
o_000934,1,p_5634,s_522,2018-04-12 01:50:21,371.67,6.94
o_000935,1,p_4734,s_137,2018-07-15 21:39:02,76.43,11.48
o_000936,1,p_2031,s_139,2017-08-08 14:39:18,36.87,5.9
o_000937,1,p_3540,s_831,2017-02-25 18:48:49,147.39,26.31
o_000938,1,p_2063,s_324,2017-10-01 11:42:28,112.88,22.08
o_000939,1,p_8313,s_741,2017-10-09 18:56:47,45.23,62.45
o_000939,2,p_1057,s_118,2017-10-09 18:56:47,129.7,68.7
o_000940,1,p_2207,s_570,2017-09-06 14:23:01,29.45,28.44
o_000941,1,p_3240,s_507,2017-08-25 18:12:17,29.55,14.25
o_000942,1,p_1473,s_381,2017-03-16 08:57:34,136.8,17.55
o_000942,2,p_8684,s_936,2017-03-16 08:57:34,35.27,14.45
o_000943,1,p_4325,s_480,2018-05-19 21:20:17,171.4,16.42
o_000943,2,p_8629,s_404,2018-05-19 21:20:17,21.65,16.78
o_000944,1,p_7557,s_953,2018-08-14 16:33:19,246.42,15.73
o_000945,1,p_5936,s_542,2018-08-10 13:43:51,59.69,10.14
o_000946,1,p_2595,s_684,2018-04-13 14:00:54,296.79,29.08
o_000947,1,p_5610,s_804,2018-05-23 19:41:44,38.64,23.09
o_000948,1,p_3421,s_227,2018-05-07 23:16:25,49.19,17.34
o_000949,1,p_6802,s_751,2017-12-21 10:19:53,20.36,62.85
o_000949,2,p_7012,s_314,2017-12-21 10:19:53,112.45,65.44
o_000950,1,p_4239,s_173,2017-07-20 21:58:07,58.6,29.83
o_000951,1,p_9901,s_471,2017-12-15 18:59:53,535.69,22.65
o_000952,1,p_7382,s_383,2018-05-26 17:00:53,106.15,11.77
o_000952,2,p_8163,s_111,2018-05-26 17:00:53,55.29,12.66
o_000953,1,p_8773,s_623,2017-05-16 14:14:40,43.91,23.93
o_000954,1,p_4793,s_563,2017-07-11 13:11:06,44.41,17.36
o_000955,1,p_8395,s_632,2018-07-11 19:39:28,82.12,14.07
o_000956,1,p_1016,s_524,2018-03-31 06:24:59,77.73,13.89
o_000957,1,p_8876,s_393,2017-07-10 12:31:27,206.73,18.99
o_000958,1,p_6528,s_701,2018-04-30 09:27:55,19.63,27.65
o_000959,1,p_1167,s_871,2018-07-25 18:36:11,68.03,13.69
o_000960,1,p_6842,s_361,2018-08-01 12:32:12,50.81,26.68
o_000961,1,p_6959,s_465,2018-02-11 18:49:55,34.57,7.65
o_000962,1,p_1367,s_634,2018-08-22 20:41:57,202.62,7.71
o_000962,2,p_6046,s_218,2018-08-22 20:41:57,192.21,9.78
o_000963,1,p_1156,s_703,2017-03-17 23:06:57,54.8,8.71
o_000964,1,p_4455,s_400,2018-01-10 03:04:55,53.53,13.42
o_000965,1,p_6336,s_823,2018-04-17 14:03:51,164.17,12.33
o_000966,1,p_5638,s_532,2018-08-19 13:00:00,189.99,12.04
o_000967,1,p_9049,s_967,2018-05-29 07:37:04,59.32,8.44
o_000968,1,p_3747,s_638,2018-06-09 15:47:32,135.74,25.63
o_000969,1,p_3353,s_391,2017-03-25 14:20:59,181.37,63.24
o_000970,1,p_1864,s_171,2017-06-06 19:47:04,500.8,14.76
o_000971,1,p_4670,s_677,2017-09-06 22:34:35,60.49,13.21
o_000972,1,p_4768,s_224,2017-07-20 17:25:36,103.44,6.22
o_000973,1,p_5493,s_633,2018-07-07 14:58:31,233.74,19.14
o_000974,1,p_4642,s_416,2018-07-30 00:55:28,147.96,23.61
o_000974,2,p_3372,s_490,2018-07-30 00:55:28,54.45,28.61
o_000975,1,p_4883,s_845,2018-04-20 12:06:21,203.06,66.35
o_000976,1,p_6335,s_100,2017-05-27 15:10:55,94.31,10.23
o_000977,1,p_6486,s_476,2018-06-20 20:52:17,37.59,7.23
o_000978,1,p_3021,s_563,2018-06-08 07:48:02,20.77,25.89
o_000979,1,p_1344,s_523,2018-06-17 18:15:59,116.48,6.15
o_000980,1,p_7327,s_809,2017-03-14 10:13:21,79.31,23.71
o_000981,1,p_9703,s_305,2017-05-02 08:57:17,44.24,13.38
o_000982,1,p_2149,s_599,2018-08-15 17:41:09,46.75,13.61
o_000983,1,p_1781,s_806,2017-03-26 12:09:06,32.33,11.23
o_000984,1,p_1498,s_188,2018-04-12 17:58:12,34.66,11.64
o_000985,1,p_4146,s_788,2018-08-24 20:18:20,163.16,23.52
o_000986,1,p_9304,s_460,2017-07-20 10:31:35,144.52,28.97
o_000987,1,p_4243,s_954,2017-04-16 14:18:33,127.53,19.72
o_000988,1,p_4943,s_711,2017-04-23 00:48:30,167.51,63.35
o_000989,1,p_6547,s_849,2018-06-09 08:31:39,191.44,16.36
o_000989,2,p_2679,s_313,2018-06-09 08:31:39,152.55,17.49
o_000990,1,p_3985,s_520,2018-06-08 15:18:30,313.08,6.76
o_000990,2,p_4850,s_725,2018-06-08 15:18:30,48.1,6.36
o_000991,1,p_2127,s_264,2018-07-12 14:50:57,55.07,7.92
o_000992,1,p_8842,s_181,2018-01-01 12:39:42,41.48,9.44
o_000993,1,p_8036,s_514,2018-02-10 12:07:16,24.73,63.68
o_000994,1,p_8641,s_704,2018-05-12 10:13:23,39.33,19.12
o_000994,2,p_4572,s_772,2018-05-12 10:13:23,21.06,15.44
o_000995,1,p_5302,s_702,2017-03-25 11:14:52,180.5,11.64
o_000996,1,p_7946,s_189,2018-05-10 15:29:48,163.47,5.77
o_000997,1,p_6525,s_722,2017-10-17 13:19:27,96.97,19.9
o_000998,1,p_5729,s_700,2018-05-26 20:51:09,80.79,15.33
o_000999,1,p_3440,s_648,2017-10-10 18:16:02,15.44,9.19
o_001000,1,p_8084,s_697,2018-09-01 12:41:15,161.26,10.66
o_001001,1,p_5706,s_685,2018-06-13 10:06:58,43.08,6.25
o_001001,2,p_1305,s_101,2018-06-13 10:06:58,169.8,13.31
o_001002,1,p_4660,s_862,2017-04-08 11:31:29,101.92,8.11
o_001003,1,p_8921,s_823,2017-01-30 22:08:44,32.93,6.05
o_001004,1,p_6182,s_887,2018-07-24 08:34:55,108.11,6.99
o_001005,1,p_5172,s_807,2018-08-08 08:54:00,267.73,25.46
o_001006,1,p_1210,s_833,2018-01-23 17:06:22,252.51,5.85
o_001007,1,p_5882,s_971,2018-05-27 13:05:17,507.38,27.66
o_001008,1,p_4714,s_251,2017-08-07 08:31:35,60.79,23.09
o_001009,1,p_5869,s_931,2017-04-28 23:37:32,167.16,11.81
o_001010,1,p_1650,s_322,2018-06-27 18:42:14,275.3,9.55
o_001011,1,p_7452,s_465,2018-07-22 09:04:51,26.58,17.21
o_001012,1,p_1997,s_231,2017-11-18 15:46:27,183.92,6.01
o_001013,1,p_1798,s_703,2018-01-26 11:56:27,24.39,23.31
o_001014,1,p_9151,s_901,2018-02-01 16:44:46,15.21,6.63
o_001015,1,p_6089,s_874,2018-01-06 19:35:59,39.88,19.33
o_001016,1,p_8970,s_313,2018-03-13 15:39:41,353.11,7.45
o_001017,1,p_3509,s_671,2018-03-11 15:29:36,62.95,13.32
o_001018,1,p_8942,s_319,2018-03-24 14:46:07,45.17,12.41
o_001019,1,p_3781,s_608,2017-01-09 17:21:29,22.38,26.11
o_001020,1,p_3222,s_826,2018-03-18 11:38:37,24.36,6.62
o_001021,1,p_1088,s_123,2017-12-29 19:14:59,167.58,7.76
o_001021,2,p_9500,s_170,2017-12-29 19:14:59,92.92,11.37
o_001022,1,p_9069,s_192,2018-02-20 17:44:18,162.36,17.76
o_001023,1,p_3446,s_296,2018-01-26 16:13:22,273.9,17.66
o_001024,1,p_6743,s_956,2018-04-17 16:10:04,74.89,13.38
o_001025,1,p_8085,s_108,2017-07-09 17:26:05,164.21,67.6
o_001026,1,p_4239,s_211,2017-04-19 13:09:53,79.28,28.12
o_001027,1,p_8936,s_989,2018-06-15 08:51:03,372.21,6.41
o_001028,1,p_7756,s_359,2017-12-16 09:31:23,84.22,9.73
o_001029,1,p_7088,s_203,2018-07-12 23:43:45,210.8,9.11
o_001030,1,p_1066,s_779,2018-06-14 19:05:16,196.8,28.2
o_001031,1,p_9461,s_736,2018-09-01 13:41:43,65.81,10.9
o_001032,1,p_1836,s_449,2018-08-07 13:19:46,231.57,11.02
o_001033,1,p_7882,s_899,2018-02-28 15:50:01,36.06,13.36
o_001034,1,p_9492,s_755,2017-10-26 09:24:41,391.54,19.81
o_001035,1,p_7248,s_420,2017-05-15 14:33:18,117.41,13.05
o_001036,1,p_5480,s_426,2018-03-23 20:48:34,169.39,9.28
o_001037,1,p_9646,s_631,2018-02-02 14:00:08,106.18,16.31
o_001037,2,p_2209,s_292,2018-02-02 14:00:08,114.21,19.5
o_001038,1,p_6306,s_470,2017-03-13 20:06:35,163.06,7.25
o_001038,2,p_8504,s_863,2017-03-13 20:06:35,110.48,8.37
o_001039,1,p_9763,s_592,2018-06-23 19:04:16,224.37,12.76
o_001040,1,p_1559,s_534,2017-03-24 09:02:02,119.85,13.48
o_001041,1,p_6769,s_771,2018-08-18 18:41:25,84.94,27.91
o_001042,1,p_2497,s_710,2017-08-24 16:37:43,457.72,28.19
o_001043,1,p_7233,s_291,2018-05-09 14:47:11,37.97,12.43
o_001044,1,p_9676,s_505,2017-12-13 10:01:10,30.0,13.02
o_001045,1,p_3400,s_451,2018-05-28 14:29:45,198.36,6.61
o_001046,1,p_2183,s_495,2018-04-22 09:53:53,19.17,8.19
o_001047,1,p_7508,s_284,2017-12-06 16:29:35,98.04,22.67
o_001047,2,p_9096,s_341,2017-12-06 16:29:35,29.38,25.92
o_001048,1,p_2418,s_788,2018-02-20 18:02:23,110.14,15.77
o_001049,1,p_1096,s_399,2017-02-14 10:12:17,76.42,28.51
o_001050,1,p_8887,s_117,2017-06-09 18:06:43,95.84,27.6
o_001051,1,p_7987,s_956,2017-07-31 18:40:33,348.06,23.64
o_001052,1,p_5209,s_957,2017-10-03 08:26:15,124.09,13.1
o_001053,1,p_3005,s_701,2018-03-28 08:46:50,60.94,5.62
o_001054,1,p_7788,s_856,2018-09-01 22:27:03,57.02,12.25
o_001055,1,p_9139,s_965,2018-06-16 13:23:27,20.42,6.29
o_001056,1,p_2595,s_251,2018-01-26 20:58:12,211.03,9.48
o_001057,1,p_5478,s_449,2018-07-02 11:58:35,38.16,10.24
o_001058,1,p_6571,s_211,2018-03-16 12:33:00,48.09,12.14
o_001059,1,p_1336,s_768,2018-01-12 19:12:21,21.09,9.2
o_001060,1,p_3698,s_754,2018-02-02 14:00:37,168.51,16.37
o_001061,1,p_7417,s_591,2017-10-30 17:32:56,62.87,17.21
o_001062,1,p_6745,s_291,2017-09-07 10:29:54,282.85,16.11
o_001063,1,p_2145,s_298,2018-02-28 12:01:01,104.07,17.56
o_001064,1,p_4560,s_587,2018-07-09 08:21:09,196.4,12.21
o_001064,2,p_9155,s_327,2018-07-09 08:21:09,39.34,14.53
o_001065,1,p_4212,s_525,2018-03-20 11:22:13,198.39,18.84
o_001066,1,p_7081,s_817,2018-06-17 11:06:25,56.23,64.36
o_001067,1,p_9612,s_124,2018-01-11 15:17:14,255.44,24.98
o_001068,1,p_8922,s_740,2017-04-21 13:44:08,133.67,24.95
o_001069,1,p_2078,s_401,2017-10-31 17:15:47,326.58,6.59
o_001070,1,p_3170,s_526,2018-03-24 11:44:14,38.99,24.62
o_001071,1,p_7674,s_233,2018-02-09 18:05:43,156.96,10.68
o_001072,1,p_1870,s_782,2018-07-30 12:02:49,238.83,12.37
o_001073,1,p_2221,s_419,2018-06-27 12:20:53,36.51,7.57
o_001073,2,p_6629,s_669,2018-06-27 12:20:53,102.81,5.71
o_001074,1,p_1246,s_922,2018-02-15 17:43:54,16.75,11.74
o_001075,1,p_7449,s_574,2017-08-22 09:20:46,278.04,9.14
o_001076,1,p_3259,s_175,2017-10-15 17:38:13,35.76,11.43
o_001077,1,p_5012,s_400,2018-04-14 19:08:22,22.59,13.4
o_001077,2,p_6010,s_879,2018-04-14 19:08:22,469.31,8.62
o_001078,1,p_8986,s_109,2018-03-10 21:37:06,282.25,9.81
o_001079,1,p_4189,s_935,2017-09-28 20:21:53,112.23,14.05
o_001080,1,p_3163,s_566,2017-07-11 15:21:34,120.23,16.11
o_001081,1,p_8366,s_300,2017-01-26 21:55:02,264.94,6.79
o_001082,1,p_9970,s_761,2018-08-14 09:27:39,112.65,7.39
o_001083,1,p_9396,s_314,2017-07-29 16:02:16,64.18,12.2
o_001084,1,p_4200,s_817,2017-03-29 09:14:48,16.04,28.57
o_001084,2,p_8384,s_727,2017-03-29 09:14:48,191.69,27.07
o_001084,3,p_4799,s_131,2017-03-29 09:14:48,43.43,27.65
o_001085,1,p_6074,s_561,2018-07-01 16:18:08,256.34,17.94
o_001086,1,p_6118,s_177,2018-06-24 15:48:37,158.71,12.65
o_001087,1,p_4148,s_162,2017-08-07 13:31:05,43.29,6.75
o_001088,1,p_5265,s_598,2017-12-13 08:30:18,99.22,10.15
o_001089,1,p_5829,s_577,2018-01-25 18:47:49,29.27,22.39
o_001090,1,p_7607,s_909,2017-08-26 21:18:32,129.45,11.25
o_001091,1,p_8254,s_404,2018-05-06 19:52:34,15.22,13.63
o_001092,1,p_4296,s_407,2018-02-07 16:44:11,310.81,6.63
o_001093,1,p_5079,s_255,2017-05-24 16:41:37,118.81,13.07
o_001094,1,p_9586,s_977,2017-08-21 11:20:39,44.42,8.6
o_001095,1,p_8335,s_360,2018-04-27 14:40:00,67.25,5.86
o_001096,1,p_2937,s_249,2017-05-31 07:40:30,76.86,19.87
o_001097,1,p_4378,s_352,2017-10-30 02:54:52,17.31,15.59
o_001098,1,p_9745,s_806,2017-07-13 16:00:40,53.55,15.64
o_001098,2,p_6426,s_947,2017-07-13 16:00:40,457.92,19.85
o_001099,1,p_2386,s_843,2017-06-25 09:00:40,310.4,65.1
o_001099,2,p_7243,s_405,2017-06-25 09:00:40,581.19,63.74
o_001100,1,p_8040,s_942,2018-02-08 11:16:09,835.81,15.47
o_001100,2,p_3622,s_346,2018-02-08 11:16:09,148.68,15.18
o_001101,1,p_4722,s_287,2017-09-10 18:28:00,25.63,7.37
o_001102,1,p_3943,s_669,2018-07-28 10:43:31,477.29,17.43
o_001103,1,p_1863,s_853,2018-05-06 07:54:11,35.51,16.21
o_001103,2,p_6619,s_746,2018-05-06 07:54:11,68.9,18.38
o_001104,1,p_5498,s_317,2018-01-17 01:56:35,198.82,6.45
o_001104,2,p_5402,s_781,2018-01-17 01:56:35,505.59,9.73
o_001105,1,p_6915,s_218,2018-04-23 22:32:54,56.8,16.13
o_001106,1,p_1779,s_247,2018-05-28 07:21:27,32.17,28.1
o_001107,1,p_6869,s_469,2018-02-28 17:48:59,34.15,67.2
o_001108,1,p_4937,s_108,2017-10-13 14:50:38,61.8,15.32
o_001109,1,p_8671,s_398,2018-01-29 12:16:22,335.51,24.85
o_001110,1,p_6711,s_851,2018-08-27 21:51:06,34.95,7.78
o_001111,1,p_1572,s_790,2018-08-27 16:36:33,60.48,11.34
o_001112,1,p_3744,s_910,2018-01-30 05:36:16,31.3,11.82
o_001113,1,p_5301,s_405,2017-05-23 10:49:15,134.59,12.07
o_001114,1,p_1816,s_988,2018-05-17 16:49:28,67.19,13.31
o_001114,2,p_6580,s_889,2018-05-17 16:49:28,81.07,16.56
o_001114,3,p_7490,s_620,2018-05-17 16:49:28,127.9,18.72
o_001115,1,p_9452,s_997,2018-06-22 18:20:21,287.78,5.71
o_001116,1,p_5617,s_579,2017-06-29 10:27:38,159.53,12.78
o_001117,1,p_7081,s_538,2017-04-21 21:55:35,67.18,6.31
o_001117,2,p_6109,s_944,2017-04-21 21:55:35,196.84,9.88
o_001118,1,p_6333,s_603,2018-07-13 04:13:54,16.94,12.85
o_001119,1,p_2218,s_198,2017-05-31 06:53:09,26.26,6.04
o_001119,2,p_7209,s_233,2017-05-31 06:53:09,258.48,12.4
o_001119,3,p_9951,s_327,2017-05-31 06:53:09,57.78,11.03
o_001120,1,p_9676,s_794,2017-04-23 08:18:49,157.22,25.39
o_001121,1,p_3729,s_602,2018-04-08 14:09:37,589.91,9.62
o_001122,1,p_8565,s_948,2018-08-21 08:52:26,48.86,14.57
o_001123,1,p_3492,s_988,2017-12-31 14:07:26,76.66,18.22
o_001124,1,p_8903,s_290,2018-01-17 10:53:27,54.19,16.82
o_001124,2,p_7636,s_528,2018-01-17 10:53:27,147.83,12.34
o_001125,1,p_6598,s_773,2018-08-24 17:25:21,548.1,10.16
o_001126,1,p_8739,s_976,2017-04-11 13:01:30,250.63,12.78
o_001127,1,p_4086,s_147,2018-07-30 21:53:57,274.82,9.36
o_001128,1,p_6918,s_819,2018-09-01 12:53:10,30.06,29.1
o_001129,1,p_4765,s_702,2018-05-26 07:32:51,63.74,13.64
o_001130,1,p_3212,s_971,2018-07-26 14:55:41,263.63,12.37
o_001131,1,p_9433,s_407,2018-03-30 21:30:14,51.28,11.08
o_001132,1,p_3149,s_607,2018-02-14 15:55:49,19.42,9.44
o_001132,2,p_6473,s_319,2018-02-14 15:55:49,119.43,12.05
o_001133,1,p_6128,s_972,2018-05-17 06:19:32,588.45,11.83
o_001134,1,p_6744,s_366,2017-07-18 17:44:05,137.7,25.14
o_001134,2,p_7594,s_658,2017-07-18 17:44:05,83.4,25.12
o_001135,1,p_7813,s_699,2017-11-15 11:13:03,232.97,29.17
o_001136,1,p_8553,s_188,2018-05-15 15:05:15,133.13,8.49
o_001137,1,p_9759,s_891,2018-04-09 14:35:24,130.04,25.08
o_001138,1,p_9643,s_167,2017-06-19 15:00:02,38.28,12.14
o_001139,1,p_1916,s_394,2018-05-09 10:13:24,68.78,13.14
o_001140,1,p_2861,s_850,2017-03-12 12:06:55,412.44,9.21
o_001140,2,p_9653,s_330,2017-03-12 12:06:55,162.01,7.92
o_001141,1,p_4254,s_618,2018-01-22 12:03:48,217.19,12.42
o_001142,1,p_7786,s_570,2018-04-22 19:16:44,46.03,10.02
o_001143,1,p_2435,s_779,2018-03-17 17:53:21,94.95,23.97
o_001144,1,p_4348,s_324,2018-02-16 15:15:36,30.65,12.02
o_001144,2,p_1488,s_853,2018-02-16 15:15:36,169.41,7.57
o_001145,1,p_6052,s_380,2017-07-14 14:12:15,117.25,66.71
o_001146,1,p_4308,s_713,2018-07-08 12:56:52,147.98,10.45
o_001147,1,p_1658,s_100,2017-07-23 22:20:51,87.29,27.56
o_001148,1,p_5401,s_138,2018-04-23 14:51:02,342.32,7.42
o_001148,2,p_8728,s_509,2018-04-23 14:51:02,51.22,8.42
o_001149,1,p_2023,s_634,2018-06-23 17:45:55,138.4,24.21
o_001149,2,p_7961,s_471,2018-06-23 17:45:55,135.53,27.44
o_001150,1,p_4226,s_213,2017-08-16 19:47:38,111.82,8.61
o_001150,2,p_1142,s_793,2017-08-16 19:47:38,56.44,13.31
o_001151,1,p_9090,s_860,2017-03-07 16:07:19,378.55,5.98
o_001152,1,p_9227,s_712,2017-04-28 16:21:25,324.33,12.26
o_001153,1,p_1426,s_518,2018-03-29 14:04:11,54.02,11.33
o_001154,1,p_8566,s_474,2018-07-20 21:53:38,398.55,13.81
o_001155,1,p_7392,s_722,2017-07-01 16:02:41,57.31,17.71
o_001156,1,p_8493,s_888,2018-01-06 16:16:01,89.39,10.17
o_001157,1,p_5338,s_490,2018-01-02 11:35:23,158.47,23.48
o_001158,1,p_1918,s_624,2018-06-15 07:26:23,72.76,13.41
o_001159,1,p_2037,s_883,2017-06-27 16:37:25,156.57,13.32
o_001160,1,p_2742,s_151,2018-07-23 19:41:47,53.07,13.28
o_001161,1,p_5598,s_402,2018-01-29 18:58:15,300.27,12.36
o_001162,1,p_3912,s_800,2017-10-16 14:20:30,33.56,11.29
o_001163,1,p_8542,s_209,2018-05-18 12:42:00,214.2,11.17
o_001164,1,p_1994,s_108,2017-03-28 05:31:22,23.18,12.32
o_001165,1,p_4662,s_571,2017-10-21 12:04:28,142.99,6.7
o_001166,1,p_4874,s_413,2018-08-02 15:34:50,122.54,28.2
o_001167,1,p_3683,s_435,2018-05-28 12:45:01,170.87,13.7
o_001168,1,p_5370,s_407,2018-01-18 12:15:04,75.5,12.04
o_001169,1,p_2990,s_884,2017-06-21 16:25:33,471.0,10.43
o_001170,1,p_7732,s_719,2018-05-12 11:11:30,45.54,8.44
o_001171,1,p_7789,s_891,2018-06-07 10:58:10,16.43,18.45
o_001171,2,p_3117,s_163,2018-06-07 10:58:10,61.17,15.26
o_001172,1,p_7896,s_437,2018-04-24 11:48:47,20.01,8.13
o_001172,2,p_9065,s_475,2018-04-24 11:48:47,44.98,9.65
o_001173,1,p_6295,s_996,2018-05-18 04:36:04,305.47,7.21
o_001174,1,p_6094,s_823,2018-07-16 13:38:02,86.94,11.06
o_001175,1,p_8962,s_238,2017-06-27 16:14:35,130.78,26.24
o_001175,2,p_4839,s_414,2017-06-27 16:14:35,717.03,25.15
o_001176,1,p_6228,s_740,2017-03-30 19:47:16,108.93,26.73
o_001177,1,p_1459,s_818,2018-06-14 17:22:10,258.03,9.67
o_001178,1,p_3530,s_433,2017-07-10 09:03:42,99.35,10.66
o_001179,1,p_4595,s_897,2017-03-03 09:31:25,442.01,9.82
o_001180,1,p_2041,s_671,2018-05-18 16:34:30,103.37,6.33
o_001181,1,p_2020,s_701,2018-05-16 11:03:59,108.14,19.22
o_001182,1,p_9955,s_598,2017-06-16 19:17:21,47.94,66.99
o_001183,1,p_2232,s_781,2017-03-22 08:48:15,413.76,23.41
o_001184,1,p_1978,s_503,2018-04-16 10:29:07,62.79,17.59
o_001185,1,p_5937,s_159,2017-06-25 17:29:37,341.72,6.75
o_001186,1,p_2709,s_918,2018-01-13 12:08:01,175.64,12.63
o_001186,2,p_3801,s_622,2018-01-13 12:08:01,97.1,9.7
o_001187,1,p_5408,s_859,2018-06-29 10:01:04,97.44,6.7
o_001188,1,p_8873,s_165,2017-08-23 12:23:25,239.89,12.37
o_001189,1,p_3921,s_472,2017-12-19 17:54:34,113.96,23.06
o_001190,1,p_8717,s_225,2017-12-19 16:00:40,198.08,28.78
o_001191,1,p_1644,s_618,2017-10-23 07:39:13,170.54,23.19
o_001192,1,p_2318,s_299,2018-03-15 09:41:09,61.51,8.68
o_001193,1,p_8529,s_271,2018-01-25 14:36:54,220.8,18.81
o_001193,2,p_7897,s_221,2018-01-25 14:36:54,31.49,17.22
o_001194,1,p_9474,s_190,2017-07-29 12:00:28,23.72,13.78
o_001195,1,p_5185,s_692,2018-01-18 14:35:08,278.37,19.05
o_001196,1,p_5200,s_602,2017-07-07 15:52:46,252.05,7.75
o_001196,2,p_3707,s_726,2017-07-07 15:52:46,62.11,11.71
o_001197,1,p_4162,s_620,2018-07-16 09:23:54,38.8,14.33
o_001198,1,p_7376,s_279,2017-03-24 17:09:47,144.01,26.73
o_001198,2,p_9222,s_416,2017-03-24 17:09:47,230.18,26.58
o_001199,1,p_4261,s_327,2017-01-07 08:09:41,64.58,6.76
o_001200,1,p_8800,s_651,2018-07-07 07:52:42,81.07,27.26
o_001201,1,p_2653,s_977,2017-08-30 18:50:24,52.21,16.83
o_001202,1,p_8878,s_785,2018-03-06 13:52:22,423.88,6.85
o_001203,1,p_4258,s_854,2017-01-27 21:11:37,100.64,25.62
o_001204,1,p_1457,s_713,2018-08-08 09:10:25,182.14,17.81
o_001205,1,p_2651,s_399,2018-05-29 20:30:38,28.23,18.55
o_001206,1,p_8191,s_720,2018-08-26 09:29:13,106.8,27.14
o_001207,1,p_1521,s_746,2018-05-29 16:05:52,53.34,14.26
o_001208,1,p_5050,s_661,2018-03-17 14:47:49,38.31,28.7
o_001209,1,p_8624,s_993,2017-11-08 11:41:30,90.61,18.51
o_001210,1,p_7763,s_240,2017-06-28 13:43:48,25.99,23.48
o_001211,1,p_4979,s_173,2018-04-26 19:49:15,283.65,18.09
o_001212,1,p_2008,s_992,2018-05-06 12:30:23,51.48,19.66
o_001213,1,p_3082,s_448,2017-10-07 14:29:34,47.8,18.85
o_001214,1,p_6514,s_839,2018-01-28 14:08:07,108.45,15.92
o_001215,1,p_5882,s_976,2017-01-20 15:20:57,139.55,7.64
o_001216,1,p_3399,s_636,2018-04-19 12:19:56,67.64,5.99
o_001217,1,p_3350,s_535,2018-09-01 07:34:23,281.82,64.5
o_001217,2,p_5230,s_773,2018-09-01 07:34:23,93.71,67.71
o_001218,1,p_7082,s_703,2017-04-01 04:05:46,26.01,8.5
o_001219,1,p_7728,s_708,2018-04-08 17:10:37,182.64,9.54
o_001220,1,p_4804,s_390,2018-02-20 16:55:56,133.12,19.23
o_001221,1,p_9867,s_583,2018-04-02 18:15:45,38.78,6.55
o_001222,1,p_8447,s_142,2017-08-17 12:25:12,59.18,7.8
o_001223,1,p_8400,s_360,2017-03-28 20:36:54,224.68,12.62
o_001224,1,p_7031,s_648,2018-05-11 14:01:10,265.13,12.78
o_001225,1,p_2367,s_508,2017-02-15 07:59:07,70.62,14.4
o_001226,1,p_5766,s_994,2018-01-14 17:07:28,343.17,29.06
o_001227,1,p_8476,s_700,2018-06-01 22:58:56,362.81,29.48
o_001228,1,p_2777,s_320,2018-05-21 07:53:30,108.98,17.7
o_001228,2,p_3315,s_320,2018-05-21 07:53:30,17.22,19.47
o_001229,1,p_5222,s_375,2017-11-20 18:48:14,217.32,6.52
o_001230,1,p_3642,s_283,2018-04-09 14:15:46,15.01,14.84
o_001231,1,p_5383,s_546,2018-05-25 12:52:55,228.58,19.45
o_001232,1,p_9293,s_582,2017-07-17 23:36:05,56.93,13.78
o_001233,1,p_7570,s_777,2018-05-22 15:24:02,43.26,9.07
o_001234,1,p_8150,s_508,2018-06-06 11:13:20,221.55,19.14
o_001235,1,p_7101,s_610,2018-08-12 17:33:22,209.61,6.6
o_001236,1,p_1301,s_851,2018-03-17 10:27:41,71.77,22.33
o_001237,1,p_7035,s_299,2017-08-08 12:08:23,159.61,28.51
o_001238,1,p_9340,s_264,2018-07-13 07:08:44,492.49,62.17
o_001239,1,p_6569,s_615,2017-07-06 12:20:28,29.3,66.25
o_001240,1,p_1174,s_284,2018-02-02 20:47:22,198.33,27.89
o_001241,1,p_9798,s_642,2017-05-13 18:32:57,25.03,16.11
o_001242,1,p_4546,s_989,2017-11-23 18:24:56,61.35,14.83
o_001243,1,p_6246,s_733,2017-10-29 08:01:12,44.24,10.54
o_001244,1,p_3334,s_624,2018-01-28 09:30:01,24.0,13.23
o_001245,1,p_7902,s_774,2017-12-19 13:56:34,205.97,8.68
o_001246,1,p_9092,s_265,2018-01-21 21:14:29,158.48,22.36
o_001247,1,p_3576,s_278,2017-07-14 13:41:36,20.55,7.76
o_001248,1,p_6470,s_295,2018-08-06 13:09:25,42.18,13.17
o_001249,1,p_5920,s_709,2018-05-31 23:44:03,17.53,18.15
o_001249,2,p_2306,s_924,2018-05-31 23:44:03,214.8,17.53
o_001250,1,p_9406,s_658,2018-08-17 09:23:16,182.54,22.89
o_001251,1,p_3287,s_713,2017-11-07 10:57:32,161.38,28.76
o_001252,1,p_2023,s_520,2017-01-10 14:23:56,121.3,8.55
o_001253,1,p_3260,s_388,2018-04-20 19:35:50,61.91,14.42
o_001254,1,p_7034,s_298,2017-02-13 19:11:16,83.35,15.01
o_001255,1,p_7212,s_584,2018-01-16 09:36:48,210.03,11.45
o_001256,1,p_6591,s_847,2017-08-01 10:09:39,211.34,16.07
o_001257,1,p_4790,s_476,2017-07-28 20:03:58,24.39,16.34
o_001258,1,p_3055,s_116,2017-07-14 12:33:38,262.97,9.99
o_001259,1,p_2799,s_238,2018-01-07 19:18:33,86.91,7.03
o_001260,1,p_1724,s_339,2018-01-16 13:26:02,106.49,5.55
o_001261,1,p_6625,s_286,2018-07-28 07:16:14,27.91,28.93
o_001261,2,p_2154,s_819,2018-07-28 07:16:14,120.23,29.17
o_001262,1,p_6511,s_723,2018-02-22 17:31:29,228.71,18.16
o_001263,1,p_5581,s_412,2017-10-17 06:34:00,113.98,5.63
o_001264,1,p_2045,s_933,2018-03-09 19:26:45,64.26,18.37
o_001265,1,p_7082,s_879,2017-03-24 22:10:08,159.57,14.57
o_001266,1,p_9079,s_655,2017-05-01 09:08:32,84.98,65.75
o_001267,1,p_3845,s_179,2018-03-28 19:29:16,23.77,16.79
o_001268,1,p_3473,s_922,2018-01-28 02:59:04,28.76,6.88
o_001269,1,p_4210,s_317,2017-09-09 09:15:56,19.34,68.62
o_001270,1,p_3345,s_755,2017-10-11 21:53:36,42.71,13.22
o_001271,1,p_8555,s_904,2018-04-15 17:35:07,109.13,29.55
o_001271,2,p_6489,s_490,2018-04-15 17:35:07,579.19,23.62
o_001272,1,p_9713,s_767,2018-08-19 22:48:40,151.89,25.03
o_001273,1,p_4173,s_755,2018-06-06 20:40:32,56.36,10.1
o_001274,1,p_9451,s_479,2018-09-02 08:39:22,28.23,28.88
o_001275,1,p_4145,s_284,2018-01-16 11:07:43,117.79,14.36
o_001276,1,p_7063,s_578,2018-05-26 11:57:02,152.61,10.75
o_001277,1,p_3639,s_573,2018-08-10 11:01:24,107.19,27.47
o_001278,1,p_6302,s_499,2017-10-10 21:14:50,22.74,11.34
o_001278,2,p_6667,s_486,2017-10-10 21:14:50,162.46,12.61
o_001278,3,p_6115,s_898,2017-10-10 21:14:50,30.65,8.78
o_001279,1,p_5241,s_946,2017-03-02 22:39:03,48.57,29.35
o_001280,1,p_7463,s_682,2018-08-26 10:51:58,39.23,29.18
o_001281,1,p_4122,s_545,2017-06-09 20:03:25,170.91,8.53
o_001282,1,p_2041,s_752,2018-06-30 08:40:03,112.21,17.37
o_001283,1,p_5055,s_137,2018-05-15 00:10:10,197.42,7.89
o_001284,1,p_9645,s_936,2017-06-25 08:37:11,16.57,25.72
o_001285,1,p_4623,s_893,2018-06-23 19:54:50,86.51,13.8
o_001286,1,p_6437,s_568,2018-07-31 12:04:56,420.72,19.37
o_001286,2,p_6851,s_220,2018-07-31 12:04:56,59.18,17.01
o_001287,1,p_3044,s_316,2018-05-12 11:17:30,66.56,12.96
o_001287,2,p_8547,s_892,2018-05-12 11:17:30,39.42,19.23
o_001287,3,p_1232,s_586,2018-05-12 11:17:30,218.99,19.64
o_001288,1,p_4239,s_219,2018-01-08 14:29:03,28.91,27.66
o_001289,1,p_8800,s_331,2018-06-26 13:45:09,85.89,10.49
o_001290,1,p_9954,s_131,2018-07-17 16:25:05,65.05,10.53
o_001290,2,p_1436,s_183,2018-07-17 16:25:05,27.06,13.36
o_001291,1,p_8631,s_558,2017-05-20 22:18:39,124.39,12.63
o_001292,1,p_8537,s_996,2017-04-18 10:36:25,110.46,23.15
o_001293,1,p_4527,s_275,2017-04-23 15:56:32,101.38,19.21
o_001294,1,p_1601,s_945,2017-04-14 11:46:34,60.53,27.89
o_001295,1,p_6281,s_253,2017-12-28 17:55:06,79.29,15.97
o_001296,1,p_4913,s_365,2017-08-18 15:33:17,277.15,18.94
o_001297,1,p_9333,s_556,2017-11-29 22:17:13,138.26,64.56
o_001297,2,p_4829,s_744,2017-11-29 22:17:13,78.15,63.57
o_001297,3,p_6940,s_716,2017-11-29 22:17:13,97.41,66.67
o_001298,1,p_8708,s_875,2018-03-18 07:15:01,121.99,64.21
o_001299,1,p_9293,s_587,2018-01-31 13:21:19,48.45,28.57
o_001300,1,p_3931,s_192,2018-05-15 14:34:28,85.66,13.4
o_001301,1,p_5933,s_888,2018-06-01 14:57:30,59.4,16.48
o_001302,1,p_4584,s_854,2017-02-21 12:05:10,36.86,13.36
o_001303,1,p_6813,s_489,2018-05-20 10:52:15,69.56,7.64
o_001304,1,p_6895,s_919,2018-01-08 13:51:23,146.76,12.42
o_001305,1,p_4404,s_122,2018-06-23 09:14:12,401.43,6.73
o_001306,1,p_3734,s_403,2017-06-07 21:35:37,33.24,13.37
o_001307,1,p_8606,s_712,2017-03-25 23:12:21,28.15,23.49
o_001307,2,p_8113,s_830,2017-03-25 23:12:21,231.43,24.08
o_001308,1,p_3835,s_357,2018-04-13 20:25:45,69.14,9.05
o_001309,1,p_6387,s_509,2018-02-20 14:39:33,172.63,5.71
o_001310,1,p_3197,s_961,2018-06-21 16:55:28,210.89,8.96
o_001311,1,p_4666,s_506,2018-03-17 09:53:55,87.36,17.9
o_001312,1,p_5389,s_733,2017-06-06 18:27:07,75.01,6.7
o_001313,1,p_4191,s_499,2018-04-12 14:41:49,78.81,9.27
o_001314,1,p_9563,s_469,2018-06-09 10:37:20,27.8,12.53
o_001315,1,p_6931,s_748,2017-10-28 18:30:30,72.0,11.13
o_001316,1,p_9939,s_959,2017-11-15 14:16:23,50.25,10.74
o_001317,1,p_4311,s_734,2018-03-07 08:50:00,143.83,27.3
o_001318,1,p_8364,s_537,2017-05-23 16:37:53,16.07,69.52
o_001318,2,p_3835,s_199,2017-05-23 16:37:53,37.8,67.19
o_001319,1,p_3350,s_820,2018-08-21 19:34:26,213.31,6.65
o_001320,1,p_2083,s_767,2018-07-09 23:55:02,217.35,27.46
o_001321,1,p_8047,s_202,2018-07-08 22:51:23,30.83,67.15
o_001322,1,p_2621,s_941,2018-08-02 13:52:26,35.75,11.14
o_001323,1,p_9210,s_751,2018-01-22 10:34:06,53.68,7.37
o_001324,1,p_7899,s_631,2017-06-25 17:25:14,115.03,17.22
o_001324,2,p_5578,s_201,2017-06-25 17:25:14,97.69,19.96
o_001324,3,p_9373,s_795,2017-06-25 17:25:14,168.12,17.25
o_001325,1,p_9814,s_240,2018-08-10 20:57:05,256.86,17.83
o_001326,1,p_7973,s_377,2017-03-15 07:00:00,52.37,29.13
o_001327,1,p_7043,s_930,2017-04-19 19:45:46,52.64,17.75
o_001328,1,p_7812,s_843,2018-08-09 09:12:47,35.48,14.42
o_001329,1,p_7937,s_420,2018-04-07 20:36:56,22.41,6.56
o_001329,2,p_7926,s_739,2018-04-07 20:36:56,37.63,8.59
o_001330,1,p_5825,s_375,2017-05-29 12:04:15,38.39,28.53
o_001331,1,p_8110,s_678,2018-08-31 22:12:42,120.34,69.59
o_001332,1,p_6470,s_815,2017-04-08 14:15:44,50.57,18.4
o_001333,1,p_1767,s_613,2017-08-20 15:14:04,28.92,9.15
o_001334,1,p_7254,s_119,2018-06-27 22:44:09,70.32,13.01
o_001335,1,p_9120,s_231,2018-03-30 18:21:32,118.39,13.34
o_001336,1,p_9731,s_941,2017-10-22 22:44:22,105.65,18.43
o_001336,2,p_7359,s_833,2017-10-22 22:44:22,120.45,15.37
o_001337,1,p_3768,s_730,2017-06-25 21:30:57,321.72,9.43
o_001338,1,p_8515,s_728,2018-09-02 21:59:01,93.12,9.71
o_001339,1,p_3330,s_972,2018-01-09 19:51:00,49.14,10.68
o_001340,1,p_9959,s_242,2017-03-25 14:41:57,340.88,11.88
o_001341,1,p_9932,s_860,2018-02-01 10:55:55,448.51,13.48
o_001341,2,p_9512,s_931,2018-02-01 10:55:55,106.33,10.71
o_001342,1,p_9232,s_611,2018-07-12 11:02:22,83.71,6.26
o_001343,1,p_6237,s_801,2017-01-14 10:34:52,15.73,13.48
o_001344,1,p_1543,s_876,2017-03-29 15:12:12,35.3,10.66
o_001345,1,p_6934,s_414,2017-05-07 19:27:55,120.96,5.9
o_001346,1,p_9174,s_217,2017-02-24 13:50:34,17.43,12.64
o_001347,1,p_2379,s_558,2017-08-30 14:37:48,49.12,29.72
o_001348,1,p_6444,s_837,2018-07-03 09:23:43,354.8,8.63
o_001348,2,p_7192,s_868,2018-07-03 09:23:43,68.88,11.1
o_001349,1,p_3628,s_658,2018-04-18 10:56:40,35.81,25.76
o_001350,1,p_3546,s_957,2017-07-09 17:25:26,238.31,6.81
o_001350,2,p_2250,s_333,2017-07-09 17:25:26,135.02,7.55
o_001351,1,p_3129,s_834,2018-07-22 11:33:57,52.16,23.55
o_001352,1,p_1991,s_606,2017-05-06 14:33:02,468.81,8.25
o_001353,1,p_2997,s_765,2018-03-30 19:03:55,71.49,13.04
o_001354,1,p_2618,s_461,2017-06-22 16:12:43,16.51,67.56
o_001355,1,p_7424,s_468,2018-05-02 10:33:17,64.99,14.9
o_001356,1,p_8537,s_894,2017-04-20 17:41:33,127.62,13.7
o_001357,1,p_5049,s_109,2018-02-24 15:07:36,41.56,9.11
o_001358,1,p_5725,s_296,2017-11-29 03:20:38,81.54,16.39
o_001359,1,p_2020,s_901,2017-01-24 10:33:37,109.15,26.2
o_001360,1,p_4119,s_340,2017-04-24 13:52:13,298.84,16.82
o_001360,2,p_5027,s_672,2017-04-24 13:52:13,226.7,12.8
o_001361,1,p_9640,s_580,2017-06-30 12:04:30,95.12,26.26
o_001362,1,p_5378,s_566,2017-01-29 13:18:09,21.04,11.81
o_001363,1,p_7896,s_845,2017-01-30 05:27:14,110.48,19.52
o_001364,1,p_8829,s_443,2017-04-16 19:40:47,44.58,13.99
o_001364,2,p_1052,s_885,2017-04-16 19:40:47,425.21,16.22
o_001365,1,p_1974,s_670,2017-04-29 12:08:46,97.64,8.04
o_001366,1,p_7972,s_690,2018-09-01 12:38:20,27.42,19.74
o_001367,1,p_9714,s_348,2017-10-12 14:46:35,86.03,9.0
o_001368,1,p_3954,s_325,2018-05-24 22:34:09,289.57,12.29
o_001369,1,p_3159,s_397,2018-05-15 14:34:38,37.61,9.04
o_001370,1,p_8297,s_965,2018-04-07 14:57:19,211.3,19.33
o_001371,1,p_5507,s_866,2017-08-08 06:52:33,325.17,8.58
o_001372,1,p_3657,s_118,2018-07-31 19:33:15,56.65,10.19
o_001373,1,p_1031,s_914,2017-11-15 13:54:42,112.85,7.65
o_001374,1,p_8062,s_676,2017-01-19 20:27:56,257.66,19.22
o_001375,1,p_6752,s_788,2018-08-20 16:52:24,155.68,25.69
o_001376,1,p_5198,s_267,2017-10-26 01:56:21,289.09,12.72
o_001377,1,p_1339,s_442,2018-06-20 17:15:48,47.07,12.49
o_001378,1,p_6391,s_254,2018-01-06 20:57:25,173.08,8.24
o_001379,1,p_2337,s_132,2018-04-25 06:26:27,267.42,18.13
o_001380,1,p_5215,s_758,2017-07-13 12:47:25,254.24,9.54
o_001381,1,p_2088,s_106,2017-07-25 10:50:57,34.83,22.01
o_001382,1,p_5685,s_189,2018-01-23 16:39:21,80.21,27.38
o_001383,1,p_2298,s_262,2017-08-07 15:02:14,58.84,10.35
o_001384,1,p_4063,s_811,2017-06-23 11:58:33,125.09,22.72
o_001385,1,p_1308,s_980,2017-07-20 10:51:17,223.68,7.6
o_001386,1,p_3821,s_153,2017-12-23 07:58:39,251.16,8.83
o_001387,1,p_6778,s_752,2018-05-03 12:42:32,20.85,25.57
o_001388,1,p_6716,s_245,2018-08-21 15:17:25,21.06,14.36
o_001389,1,p_6543,s_885,2017-12-25 14:19:58,68.15,6.72
o_001390,1,p_9813,s_102,2017-06-07 11:30:51,119.92,69.82
o_001391,1,p_7143,s_351,2017-07-22 13:56:54,366.72,26.64
o_001392,1,p_5239,s_583,2017-02-27 07:11:16,65.5,29.85
o_001392,2,p_4802,s_953,2017-02-27 07:11:16,94.76,24.94
o_001393,1,p_8716,s_920,2018-03-30 16:21:34,177.27,12.69
o_001394,1,p_5383,s_400,2018-07-24 11:25:43,24.72,22.91
o_001395,1,p_4613,s_910,2018-08-08 17:09:21,59.91,65.12
o_001396,1,p_1973,s_122,2017-11-28 21:51:35,322.7,14.48
o_001397,1,p_8792,s_180,2018-02-26 09:44:16,88.21,15.17
o_001398,1,p_6211,s_235,2018-02-02 13:55:57,75.28,9.52
o_001399,1,p_2937,s_105,2017-07-22 11:55:21,20.21,8.65
o_001400,1,p_6071,s_794,2017-08-20 19:13:37,196.95,18.39
o_001401,1,p_6716,s_304,2018-06-20 07:27:21,131.32,8.97
o_001402,1,p_3525,s_690,2018-08-28 18:38:16,245.76,63.73
o_001403,1,p_7681,s_973,2017-07-12 18:06:21,156.09,18.64
o_001404,1,p_9311,s_714,2017-05-26 16:54:28,72.01,13.05
o_001405,1,p_6740,s_885,2018-06-08 15:18:07,35.01,29.01
o_001406,1,p_2776,s_956,2017-11-18 22:00:29,22.71,6.87
o_001406,2,p_4014,s_499,2017-11-18 22:00:29,61.54,11.04
o_001407,1,p_4706,s_436,2018-01-21 08:14:00,110.52,12.24
o_001408,1,p_3160,s_542,2017-12-21 12:54:07,346.99,23.06
o_001409,1,p_4095,s_255,2017-12-02 02:11:57,31.35,27.48
o_001410,1,p_1470,s_763,2018-06-24 13:21:50,177.81,15.84
o_001411,1,p_6059,s_506,2018-04-30 09:44:51,52.21,12.08
o_001412,1,p_8974,s_946,2017-09-23 14:07:49,81.24,19.07
o_001413,1,p_5967,s_344,2017-11-08 16:27:55,317.03,11.88
o_001414,1,p_2784,s_996,2018-03-13 13:11:40,27.16,8.55
o_001415,1,p_4876,s_578,2017-03-02 11:53:16,495.79,29.66
o_001416,1,p_2554,s_732,2017-02-21 16:33:44,80.1,25.07
o_001417,1,p_5998,s_815,2018-03-09 22:33:11,115.98,19.03
o_001418,1,p_1663,s_110,2017-11-23 10:24:11,129.43,9.19
o_001419,1,p_6548,s_498,2018-07-14 13:49:22,85.0,19.7
o_001420,1,p_3159,s_866,2018-06-27 11:43:43,25.9,23.36
o_001421,1,p_9773,s_245,2018-05-26 20:03:05,166.65,6.88
o_001421,2,p_1867,s_267,2018-05-26 20:03:05,118.21,12.21
o_001422,1,p_9841,s_932,2017-06-16 20:45:58,35.84,23.55
o_001423,1,p_5351,s_676,2018-08-09 11:17:06,64.96,6.4
o_001424,1,p_6654,s_501,2018-03-25 15:55:47,223.16,24.66
o_001425,1,p_4359,s_195,2018-06-11 17:01:30,76.59,6.27
o_001425,2,p_4139,s_852,2018-06-11 17:01:30,18.57,7.29
o_001426,1,p_3207,s_809,2017-09-20 20:52:27,178.04,26.86
o_001427,1,p_8189,s_571,2018-05-22 19:23:30,32.19,28.05
o_001428,1,p_8287,s_941,2017-09-27 20:19:42,133.52,13.05
o_001428,2,p_1844,s_195,2017-09-27 20:19:42,136.83,7.67
o_001429,1,p_5843,s_476,2018-02-10 06:59:48,21.13,10.35
o_001430,1,p_7011,s_388,2018-02-17 05:28:30,256.17,7.0
o_001431,1,p_3913,s_214,2017-12-25 09:13:04,130.29,6.0
o_001432,1,p_6354,s_255,2018-06-21 12:35:21,111.31,8.3
o_001433,1,p_2715,s_741,2018-06-19 16:18:42,38.6,14.64
o_001434,1,p_7823,s_965,2017-06-17 16:31:24,89.28,23.06
o_001435,1,p_6211,s_752,2018-01-31 21:45:02,32.25,8.02
o_001436,1,p_3614,s_413,2018-03-05 00:29:04,313.6,12.16
o_001437,1,p_2025,s_683,2017-06-01 10:37:02,199.09,16.06
o_001437,2,p_6095,s_488,2017-06-01 10:37:02,155.19,18.12
o_001438,1,p_7878,s_585,2018-01-13 11:31:44,148.06,9.26
o_001439,1,p_7175,s_899,2017-03-26 17:47:48,70.13,9.05
o_001440,1,p_9754,s_276,2017-03-25 06:55:01,75.41,14.49
o_001441,1,p_1826,s_174,2017-06-16 08:10:32,34.69,27.46
o_001442,1,p_5242,s_309,2017-08-27 15:29:00,76.75,12.35
o_001443,1,p_8386,s_106,2017-05-17 23:57:17,174.29,66.99
o_001444,1,p_1510,s_462,2017-08-27 16:01:22,175.68,13.02
o_001445,1,p_3807,s_711,2017-08-09 14:10:47,482.75,6.69
o_001446,1,p_3691,s_353,2018-03-21 21:43:35,104.3,18.38
o_001447,1,p_6288,s_954,2018-05-31 16:19:32,76.07,10.98
o_001448,1,p_7476,s_153,2018-06-07 15:22:21,108.89,23.56
o_001449,1,p_6438,s_646,2017-10-17 15:17:38,123.07,14.83
o_001450,1,p_1680,s_591,2017-07-19 20:32:47,38.82,7.06
o_001451,1,p_3583,s_972,2018-08-24 11:07:07,64.37,24.04
o_001452,1,p_6439,s_525,2017-05-01 19:33:17,111.41,10.18
o_001453,1,p_7069,s_277,2018-07-17 12:51:31,84.03,22.49
o_001454,1,p_2022,s_622,2018-08-11 12:21:47,35.3,68.82
o_001455,1,p_9046,s_756,2018-08-31 07:36:51,41.7,26.02
o_001456,1,p_9335,s_345,2017-02-09 08:23:13,136.83,13.31
o_001457,1,p_1161,s_788,2017-04-23 11:37:37,238.65,29.77
o_001458,1,p_2229,s_635,2018-04-08 11:28:22,26.54,6.89
o_001459,1,p_2517,s_763,2018-02-13 17:13:28,187.15,18.57
o_001460,1,p_5422,s_750,2017-04-09 18:11:19,43.48,9.69
o_001461,1,p_7756,s_494,2017-07-12 09:02:46,397.31,7.33
o_001462,1,p_8169,s_272,2018-06-25 17:30:45,212.17,15.85
o_001463,1,p_9639,s_676,2017-03-13 11:43:01,143.9,12.26
o_001464,1,p_7510,s_200,2018-01-08 14:29:53,144.58,5.85
o_001465,1,p_6733,s_959,2017-07-24 17:26:12,317.46,64.81
o_001466,1,p_3651,s_754,2017-04-22 14:09:06,24.11,18.38
o_001467,1,p_1080,s_333,2018-07-02 11:41:22,189.09,6.53
o_001468,1,p_5201,s_796,2017-06-13 20:53:17,29.42,22.97
o_001469,1,p_4736,s_923,2017-10-21 10:03:42,297.58,7.2
o_001470,1,p_3526,s_781,2018-08-15 10:20:51,354.92,66.34
o_001471,1,p_8943,s_255,2018-06-02 16:51:09,25.9,13.3
o_001472,1,p_2773,s_309,2017-06-02 13:29:13,217.99,8.84
o_001473,1,p_2484,s_187,2017-07-02 22:36:47,38.61,9.98
o_001474,1,p_4215,s_504,2018-01-23 10:36:29,61.19,29.98
o_001475,1,p_9752,s_954,2017-01-25 12:35:20,29.36,10.15
o_001476,1,p_1387,s_461,2018-07-13 13:29:33,160.92,11.41
o_001477,1,p_1641,s_591,2018-02-10 10:38:33,33.68,12.18
o_001478,1,p_3174,s_840,2018-02-02 13:34:10,42.76,13.17
o_001478,2,p_1902,s_629,2018-02-02 13:34:10,40.31,18.44
o_001479,1,p_7909,s_357,2017-11-25 09:25:10,139.54,29.34
o_001480,1,p_3915,s_681,2017-07-13 18:23:27,293.94,22.06
o_001481,1,p_5330,s_305,2017-11-06 21:22:05,36.15,7.84
o_001482,1,p_7373,s_188,2017-08-11 05:09:21,94.4,13.49
o_001483,1,p_3439,s_893,2018-05-02 18:48:58,329.93,28.61
o_001484,1,p_9683,s_981,2017-09-16 13:23:56,44.04,22.62
o_001485,1,p_3596,s_320,2018-06-21 10:04:45,310.94,5.8
o_001486,1,p_7607,s_425,2017-10-15 00:19:40,194.26,64.62
o_001487,1,p_9281,s_452,2017-05-07 16:32:22,39.92,17.74
o_001488,1,p_8185,s_695,2018-04-14 10:52:55,98.45,64.35
o_001489,1,p_7941,s_918,2018-08-09 19:52:48,284.14,14.57
o_001490,1,p_1962,s_649,2018-01-31 15:12:34,67.45,16.03
o_001491,1,p_6093,s_977,2018-06-12 21:01:10,212.99,12.09
o_001492,1,p_3941,s_147,2017-05-31 11:16:02,397.76,16.54
o_001493,1,p_1524,s_118,2017-02-02 22:27:27,27.41,19.07
o_001494,1,p_8525,s_215,2018-04-30 17:10:36,152.25,15.04
o_001495,1,p_9602,s_531,2018-05-07 14:41:12,27.99,12.04
o_001496,1,p_3990,s_451,2018-01-02 18:36:38,54.99,13.36
o_001497,1,p_8174,s_951,2018-05-07 15:19:54,27.13,19.75
o_001497,2,p_3908,s_369,2018-05-07 15:19:54,17.26,13.73
o_001497,3,p_3789,s_664,2018-05-07 15:19:54,119.65,16.38
o_001498,1,p_5870,s_279,2018-07-20 12:37:00,120.8,12.78
o_001499,1,p_1800,s_793,2017-05-27 17:35:02,211.68,16.61
o_001500,1,p_7801,s_821,2017-04-14 22:11:36,174.7,24.15
o_001501,1,p_8904,s_912,2017-07-24 15:00:59,61.38,64.81
o_001502,1,p_8916,s_288,2018-02-24 09:32:07,30.04,67.39
o_001503,1,p_3304,s_962,2017-02-13 11:13:33,65.82,26.13
o_001504,1,p_3145,s_535,2017-05-06 12:09:29,55.99,13.3
o_001505,1,p_1358,s_702,2017-01-11 11:35:32,73.05,7.78
o_001506,1,p_5455,s_355,2018-02-10 23:01:08,103.38,13.17
o_001507,1,p_6887,s_422,2018-05-02 12:24:18,208.8,23.62
o_001507,2,p_5404,s_860,2018-05-02 12:24:18,108.86,22.06
o_001507,3,p_3777,s_974,2018-05-02 12:24:18,27.89,27.1
o_001508,1,p_8409,s_102,2017-08-25 07:12:08,15.69,17.54
o_001509,1,p_3473,s_922,2018-08-25 19:21:47,200.11,9.17
o_001509,2,p_6471,s_862,2018-08-25 19:21:47,69.06,11.0
o_001510,1,p_3376,s_168,2017-09-28 06:56:49,24.01,13.1
o_001511,1,p_9272,s_469,2018-07-09 10:39:34,339.72,7.88
o_001512,1,p_4303,s_159,2017-12-01 07:26:19,140.16,18.72
o_001513,1,p_9091,s_327,2017-01-12 17:45:21,46.34,8.72
o_001514,1,p_7024,s_767,2018-01-31 14:35:30,33.23,9.69
o_001515,1,p_8719,s_569,2018-08-23 10:49:27,82.77,22.94
o_001516,1,p_7064,s_976,2018-06-02 10:17:03,358.07,8.26
o_001517,1,p_6781,s_187,2018-08-15 17:18:28,98.78,13.03
o_001517,2,p_1014,s_266,2018-08-15 17:18:28,40.03,8.52
o_001517,3,p_4705,s_613,2018-08-15 17:18:28,143.23,10.44
o_001518,1,p_5627,s_306,2017-10-16 18:32:40,102.78,5.97
o_001519,1,p_7255,s_253,2018-08-15 08:15:01,98.6,6.76
o_001519,2,p_7911,s_293,2018-08-15 08:15:01,20.27,11.56
o_001520,1,p_2702,s_394,2017-04-12 18:59:08,625.27,29.05
o_001521,1,p_6822,s_216,2018-04-26 01:20:57,70.95,7.39
o_001522,1,p_9786,s_997,2018-06-20 20:13:40,76.42,28.59
o_001523,1,p_2360,s_125,2017-01-13 08:25:35,255.66,17.11
o_001524,1,p_6794,s_902,2018-03-24 07:37:50,328.15,8.86
o_001525,1,p_1322,s_264,2018-08-01 12:55:23,135.13,22.43
o_001526,1,p_8527,s_930,2018-03-02 07:28:09,139.28,19.81
o_001527,1,p_8170,s_913,2017-08-29 13:39:16,101.79,13.29
o_001527,2,p_7434,s_501,2017-08-29 13:39:16,76.1,10.61
o_001527,3,p_7128,s_743,2017-08-29 13:39:16,188.5,7.1
o_001528,1,p_6229,s_423,2018-04-20 19:06:58,304.62,13.26
o_001529,1,p_1738,s_761,2018-01-02 13:03:20,116.66,11.22
o_001530,1,p_8984,s_441,2018-02-10 08:22:23,75.5,13.67
o_001531,1,p_6515,s_743,2018-06-26 11:58:39,105.94,13.37
o_001531,2,p_7073,s_117,2018-06-26 11:58:39,22.95,7.98
o_001532,1,p_5550,s_164,2018-03-19 13:40:46,278.06,25.16
o_001533,1,p_9734,s_701,2017-08-20 09:03:20,53.85,7.49
o_001534,1,p_5685,s_846,2018-07-31 13:39:07,60.21,11.63
o_001535,1,p_7097,s_360,2018-06-25 10:34:54,26.52,7.81
o_001536,1,p_7763,s_343,2018-08-20 02:19:05,80.44,19.75
o_001537,1,p_8452,s_570,2018-08-16 00:54:33,67.41,15.84
o_001538,1,p_9101,s_963,2017-07-17 10:04:59,147.95,17.76
o_001539,1,p_2452,s_533,2017-03-23 22:44:48,24.26,8.69
o_001540,1,p_3384,s_903,2017-05-23 08:26:10,232.26,24.47
o_001541,1,p_6610,s_794,2018-05-12 20:23:15,432.91,10.34
o_001542,1,p_9144,s_900,2017-08-08 19:11:54,46.69,14.65
o_001543,1,p_1080,s_586,2018-05-07 11:28:39,149.23,11.5
o_001544,1,p_5175,s_369,2018-07-25 06:27:36,207.77,13.45
o_001545,1,p_3880,s_134,2018-06-02 16:23:31,53.32,11.06
o_001546,1,p_5814,s_650,2018-05-09 12:31:58,17.68,7.73
o_001547,1,p_1197,s_600,2018-07-21 11:28:51,461.33,65.71
o_001548,1,p_9784,s_961,2018-02-18 15:02:35,220.75,16.84
o_001549,1,p_1365,s_952,2017-04-17 11:54:31,83.96,27.71
o_001550,1,p_3485,s_626,2018-08-22 23:38:31,434.75,10.74
o_001551,1,p_8937,s_360,2017-12-15 15:39:41,110.79,11.73
o_001552,1,p_8137,s_712,2017-07-07 17:01:35,179.75,10.09
o_001552,2,p_7285,s_604,2017-07-07 17:01:35,50.8,12.48
o_001553,1,p_1724,s_149,2018-06-10 18:53:21,228.26,12.9
o_001554,1,p_3957,s_119,2017-11-29 07:52:41,346.11,9.6
o_001555,1,p_2942,s_365,2018-01-27 10:07:57,222.7,17.08
o_001555,2,p_6021,s_742,2018-01-27 10:07:57,189.42,12.1
o_001556,1,p_8460,s_934,2017-06-19 13:08:35,104.94,24.4
o_001557,1,p_1726,s_856,2017-01-06 11:16:33,155.09,15.95
o_001558,1,p_7147,s_432,2018-06-01 09:11:20,342.21,27.85
o_001558,2,p_9639,s_995,2018-06-01 09:11:20,175.16,29.87
o_001559,1,p_3986,s_958,2017-06-06 08:44:44,269.09,13.02
o_001560,1,p_7148,s_148,2018-06-19 15:25:56,91.62,22.69
o_001560,2,p_5620,s_800,2018-06-19 15:25:56,84.5,24.28
o_001561,1,p_1207,s_537,2017-05-30 11:38:34,111.24,8.25
o_001562,1,p_1775,s_220,2017-10-28 19:27:24,71.97,12.56
o_001563,1,p_5805,s_984,2018-05-01 20:45:40,206.02,67.7
o_001564,1,p_5692,s_666,2018-04-25 12:01:22,24.2,17.47
o_001565,1,p_6971,s_135,2017-05-29 12:10:29,110.99,16.41
o_001566,1,p_9928,s_551,2018-01-26 13:24:23,85.36,13.33
o_001566,2,p_7036,s_331,2018-01-26 13:24:23,126.66,16.62
o_001567,1,p_3998,s_774,2018-02-08 15:20:07,266.22,15.56
o_001568,1,p_6511,s_372,2018-03-03 18:50:20,141.92,16.9
o_001569,1,p_5357,s_287,2017-11-11 23:31:25,26.04,6.44
o_001570,1,p_1272,s_331,2018-04-10 21:47:05,302.52,27.61
o_001571,1,p_7753,s_198,2017-12-29 16:54:43,41.75,62.89
o_001572,1,p_4311,s_558,2018-02-16 14:45:46,195.67,9.58
o_001573,1,p_7476,s_877,2018-01-17 09:52:55,91.84,16.69
o_001574,1,p_5259,s_839,2017-03-31 14:11:28,122.91,19.97
o_001575,1,p_3754,s_510,2018-07-21 13:16:20,333.31,8.56
o_001576,1,p_8120,s_621,2017-12-25 22:07:24,187.67,8.17
o_001577,1,p_1317,s_621,2017-09-26 19:09:49,46.43,12.92
o_001577,2,p_4175,s_285,2017-09-26 19:09:49,93.27,12.47
o_001578,1,p_1346,s_208,2017-01-27 04:54:33,34.15,6.28
o_001579,1,p_5866,s_230,2018-06-14 21:20:38,102.84,7.26
o_001580,1,p_5461,s_732,2018-07-08 22:53:11,50.34,13.12
o_001580,2,p_9719,s_843,2018-07-08 22:53:11,35.66,10.83
o_001581,1,p_3786,s_808,2018-07-20 08:48:56,173.08,5.98
o_001582,1,p_5449,s_598,2017-04-02 13:11:54,30.59,6.54
o_001583,1,p_6923,s_604,2018-06-26 22:36:27,123.87,9.59
o_001584,1,p_5022,s_250,2017-05-09 17:46:55,155.75,28.24
o_001585,1,p_6036,s_209,2018-06-29 22:20:44,81.38,66.43
o_001586,1,p_8026,s_249,2017-12-25 00:31:50,56.24,13.74
o_001587,1,p_7263,s_841,2018-02-26 19:50:43,46.26,69.56
o_001588,1,p_9378,s_698,2017-02-22 19:13:13,25.31,17.55
o_001589,1,p_4696,s_158,2018-02-13 10:00:41,286.63,23.78
o_001590,1,p_2182,s_117,2018-02-28 21:18:36,88.86,15.34
o_001591,1,p_7297,s_667,2018-06-11 16:47:15,24.34,17.48
o_001592,1,p_4660,s_568,2018-01-28 14:08:28,108.44,17.25
o_001593,1,p_5530,s_650,2017-10-27 18:25:13,31.98,15.25
o_001594,1,p_3095,s_786,2017-01-16 10:39:24,66.38,24.19
o_001595,1,p_4637,s_404,2018-07-21 18:10:27,24.89,9.55
o_001596,1,p_9275,s_988,2018-08-11 12:03:36,88.23,6.0
o_001597,1,p_8350,s_193,2018-06-19 19:31:45,61.19,17.44
o_001597,2,p_3455,s_188,2018-06-19 19:31:45,175.63,14.67
o_001598,1,p_1097,s_118,2018-01-27 00:18:23,21.49,18.46
o_001599,1,p_9872,s_439,2017-07-18 19:54:52,104.04,12.46
o_001600,1,p_7171,s_493,2018-06-29 21:43:14,193.39,10.48
o_001600,2,p_2185,s_196,2018-06-29 21:43:14,91.33,12.37
o_001601,1,p_5643,s_248,2018-03-01 07:31:16,35.13,28.18
o_001602,1,p_7650,s_221,2018-06-15 19:26:19,246.07,19.47
o_001603,1,p_5272,s_694,2018-01-06 13:14:54,303.25,6.73
o_001604,1,p_1651,s_541,2017-12-16 16:42:01,102.77,13.24
o_001605,1,p_6959,s_706,2017-07-20 09:49:15,379.44,12.33
o_001606,1,p_4891,s_401,2018-06-01 11:51:11,412.5,6.03
o_001607,1,p_9697,s_697,2018-06-09 07:40:38,32.41,12.6
o_001608,1,p_7484,s_766,2017-04-14 10:51:44,18.03,16.05
o_001609,1,p_1376,s_138,2017-01-26 22:58:02,29.93,18.95
o_001610,1,p_1202,s_675,2017-02-13 13:31:18,251.49,6.04
o_001611,1,p_7181,s_481,2018-01-22 13:08:06,315.68,65.97
o_001612,1,p_7354,s_781,2018-03-29 14:22:35,78.42,14.08
o_001613,1,p_2196,s_701,2018-03-16 09:56:13,24.5,9.11
o_001613,2,p_1306,s_458,2018-03-16 09:56:13,182.75,5.62
o_001614,1,p_7140,s_898,2017-07-15 07:59:39,204.39,19.35
o_001615,1,p_4259,s_842,2018-04-18 21:52:43,213.07,18.28
o_001616,1,p_4477,s_726,2018-03-31 13:54:49,231.5,13.81
o_001617,1,p_2496,s_208,2018-01-17 08:32:36,315.1,13.72
o_001618,1,p_1545,s_493,2017-04-12 13:30:56,169.88,66.94
o_001619,1,p_8915,s_271,2017-05-26 07:20:39,106.1,7.95
o_001620,1,p_3544,s_627,2018-08-25 14:28:04,231.77,26.75
o_001621,1,p_3629,s_319,2017-08-01 16:46:09,26.02,12.54
o_001622,1,p_4869,s_844,2017-07-18 19:43:19,34.61,23.55
o_001622,2,p_2219,s_964,2017-07-18 19:43:19,107.89,28.69
o_001623,1,p_9504,s_845,2017-05-13 06:28:30,234.73,8.42
o_001624,1,p_3659,s_453,2018-06-08 21:41:42,42.93,67.26
o_001625,1,p_9862,s_497,2018-08-14 14:08:48,73.57,15.67
o_001626,1,p_9762,s_387,2018-02-09 12:17:41,74.55,15.72
o_001627,1,p_7998,s_373,2018-01-15 16:58:37,68.32,9.2
o_001628,1,p_9697,s_421,2018-03-22 08:49:59,61.71,16.3
o_001628,2,p_8201,s_517,2018-03-22 08:49:59,63.68,12.78
o_001629,1,p_7430,s_922,2018-06-16 16:12:12,17.89,6.3
o_001630,1,p_8870,s_338,2018-02-08 14:39:52,47.33,13.36
o_001631,1,p_9696,s_515,2017-01-23 18:02:21,35.37,12.13
o_001632,1,p_8946,s_577,2018-05-22 14:27:50,282.6,28.96
o_001633,1,p_4362,s_638,2017-06-10 15:29:12,173.62,27.43
o_001634,1,p_9869,s_634,2018-05-27 07:52:38,24.67,10.35
o_001635,1,p_8719,s_355,2018-06-12 08:40:05,130.77,12.81
o_001636,1,p_9263,s_939,2018-02-28 10:12:57,528.63,25.36
o_001637,1,p_1435,s_583,2017-05-25 09:54:30,717.33,29.36
o_001638,1,p_7524,s_622,2017-06-07 07:12:51,80.39,17.18
o_001639,1,p_3477,s_354,2017-09-18 21:21:13,220.51,12.15
o_001640,1,p_1444,s_589,2018-04-13 12:23:41,82.81,12.81
o_001641,1,p_9213,s_230,2018-06-22 12:04:18,59.45,28.89
o_001642,1,p_6774,s_297,2018-08-14 20:32:48,28.03,29.44
o_001643,1,p_4979,s_173,2018-01-14 14:02:12,23.89,16.33
o_001644,1,p_2786,s_627,2018-06-19 19:28:56,136.81,24.67
o_001645,1,p_6196,s_801,2017-04-28 14:56:49,206.28,27.45
o_001645,2,p_9301,s_711,2017-04-28 14:56:49,81.64,22.81
o_001646,1,p_5119,s_498,2017-02-12 14:24:36,141.67,23.32
o_001647,1,p_9449,s_648,2017-08-19 07:41:38,251.52,27.96
o_001648,1,p_8181,s_384,2017-12-18 23:12:36,67.07,22.62
o_001649,1,p_6045,s_397,2018-05-19 19:27:21,186.81,25.89
o_001650,1,p_5707,s_915,2018-03-16 12:25:14,29.86,11.13
o_001651,1,p_7272,s_203,2018-04-26 11:50:15,15.89,63.79
o_001652,1,p_6514,s_242,2017-02-14 14:27:57,324.99,16.6
o_001653,1,p_6199,s_415,2017-08-16 18:20:36,383.1,19.32
o_001654,1,p_8721,s_752,2017-02-06 13:31:59,26.33,5.62
o_001655,1,p_2773,s_291,2017-02-26 16:26:15,171.75,25.63
o_001656,1,p_7582,s_294,2018-02-06 23:59:25,38.23,15.65
o_001657,1,p_1373,s_460,2018-03-03 08:31:00,42.15,26.8
o_001658,1,p_7259,s_347,2018-03-29 12:37:47,214.13,19.24
o_001659,1,p_3856,s_715,2017-01-31 16:47:43,31.14,6.46
o_001660,1,p_5678,s_945,2017-07-11 17:11:27,56.11,8.85
o_001661,1,p_6749,s_207,2018-04-02 19:42:22,85.62,10.23
o_001662,1,p_5783,s_500,2018-07-03 12:54:36,363.78,18.37
o_001662,2,p_9493,s_998,2018-07-03 12:54:36,112.76,19.22
o_001663,1,p_6620,s_278,2018-03-22 17:14:15,229.91,16.88
o_001664,1,p_9985,s_961,2017-10-15 20:53:22,68.08,7.81
o_001665,1,p_2025,s_168,2017-02-14 11:58:03,86.76,24.34
o_001666,1,p_4926,s_787,2017-03-09 11:21:02,142.55,29.07
o_001667,1,p_5165,s_438,2017-09-01 09:40:50,22.47,26.41
o_001668,1,p_6305,s_391,2017-05-31 15:29:50,239.8,24.89
o_001669,1,p_9993,s_847,2018-02-17 13:35:15,26.86,13.45
o_001670,1,p_5872,s_845,2017-07-08 16:58:14,117.63,28.95
o_001670,2,p_1598,s_424,2017-07-08 16:58:14,140.34,29.61
o_001671,1,p_9372,s_717,2018-01-07 08:27:26,143.77,14.71
o_001672,1,p_3189,s_550,2018-07-21 17:15:01,245.23,24.83
o_001673,1,p_8494,s_392,2018-05-19 16:45:55,90.9,14.02
o_001673,2,p_1705,s_179,2018-05-19 16:45:55,66.19,16.7
o_001674,1,p_7726,s_673,2018-03-08 15:15:22,108.69,23.13
o_001675,1,p_6170,s_772,2018-01-16 21:53:22,42.29,28.44
o_001676,1,p_8758,s_160,2017-07-26 13:49:06,84.13,7.85
o_001677,1,p_7757,s_961,2018-06-13 19:33:12,128.71,23.58
o_001678,1,p_3172,s_373,2018-02-08 10:01:56,26.61,29.78
o_001679,1,p_9935,s_122,2018-02-08 22:07:46,21.41,18.41
o_001680,1,p_2923,s_641,2018-02-23 18:39:01,111.29,12.09
o_001681,1,p_6306,s_628,2018-03-13 17:48:45,128.57,9.38
o_001682,1,p_8218,s_182,2018-06-13 12:23:17,372.76,12.72
o_001683,1,p_9416,s_883,2018-07-18 09:28:18,160.45,28.58
o_001684,1,p_8627,s_887,2018-06-30 15:50:36,108.39,6.2
o_001685,1,p_9916,s_489,2018-02-27 23:25:20,68.77,22.37
o_001686,1,p_7723,s_556,2018-02-14 12:44:37,117.75,17.14
o_001687,1,p_5808,s_782,2017-02-17 13:35:36,93.85,28.33
o_001688,1,p_7890,s_142,2018-03-03 11:54:23,18.16,13.33
o_001689,1,p_8543,s_373,2018-01-13 20:34:55,34.29,28.58
o_001690,1,p_3281,s_371,2018-02-01 20:25:59,235.34,6.03
o_001691,1,p_6260,s_671,2018-01-13 20:47:41,119.47,8.81
o_001692,1,p_3289,s_414,2018-02-09 08:43:22,16.63,17.46
o_001692,2,p_3138,s_274,2018-02-09 08:43:22,82.36,12.89
o_001693,1,p_5048,s_415,2018-07-26 16:55:27,108.38,10.9
o_001694,1,p_6732,s_639,2017-07-20 09:03:07,100.22,8.37
o_001695,1,p_9524,s_516,2018-05-23 07:30:05,134.46,17.55
o_001695,2,p_6297,s_593,2018-05-23 07:30:05,61.93,14.01
o_001695,3,p_2133,s_117,2018-05-23 07:30:05,48.02,12.07
o_001696,1,p_5873,s_595,2018-04-21 10:39:11,51.05,14.92
o_001697,1,p_3102,s_884,2017-01-19 21:36:12,20.62,13.04
o_001698,1,p_7283,s_929,2018-06-11 18:15:11,114.76,10.64
o_001699,1,p_7578,s_244,2018-02-12 13:25:16,159.92,6.34
o_001699,2,p_1948,s_374,2018-02-12 13:25:16,46.19,7.43
o_001700,1,p_5837,s_351,2017-11-06 12:45:03,29.17,23.22
o_001701,1,p_7925,s_636,2018-03-22 16:20:32,236.65,5.95
o_001702,1,p_9913,s_639,2018-07-10 09:31:24,21.84,5.97
o_001703,1,p_9539,s_725,2018-03-31 08:08:17,52.3,19.56
o_001704,1,p_4767,s_158,2018-05-21 13:09:31,102.1,15.19
o_001705,1,p_1244,s_925,2018-02-09 20:52:36,64.26,13.59
o_001706,1,p_3396,s_948,2018-03-24 14:30:43,200.44,10.27
o_001707,1,p_6692,s_153,2017-06-22 01:41:45,27.08,22.59
o_001708,1,p_2491,s_491,2018-06-21 14:09:36,172.54,14.97
o_001709,1,p_8502,s_224,2017-03-24 17:50:19,294.03,25.61
o_001710,1,p_6797,s_143,2017-04-10 15:12:40,17.48,68.54
o_001711,1,p_2688,s_515,2017-03-09 07:22:31,76.45,12.96
o_001711,2,p_8747,s_502,2017-03-09 07:22:31,440.66,17.87
o_001712,1,p_9034,s_606,2018-03-07 10:04:56,30.42,12.8
o_001713,1,p_5781,s_422,2017-06-08 07:22:18,245.52,5.99
o_001714,1,p_8626,s_994,2018-08-31 15:59:22,90.09,5.5
o_001715,1,p_2796,s_995,2018-03-29 15:27:23,93.26,29.9
o_001716,1,p_9576,s_339,2018-04-12 08:24:55,139.06,29.67
o_001717,1,p_5157,s_631,2018-04-06 23:51:39,21.86,7.78
o_001718,1,p_7045,s_576,2018-07-13 07:07:28,116.06,6.61
o_001719,1,p_1840,s_198,2018-05-23 08:43:04,48.61,7.67
o_001720,1,p_9360,s_982,2017-07-23 08:59:21,23.66,12.01
o_001721,1,p_9257,s_353,2017-10-08 15:55:02,102.25,7.76
o_001722,1,p_8875,s_728,2017-07-22 07:14:59,77.5,13.33
o_001723,1,p_1720,s_783,2018-02-23 14:21:27,344.25,29.96
o_001724,1,p_1188,s_818,2018-08-08 14:52:25,80.43,5.89
o_001725,1,p_2391,s_132,2018-04-13 14:15:30,36.23,19.44
o_001726,1,p_4542,s_791,2018-02-01 15:58:58,430.02,15.73
o_001727,1,p_1529,s_507,2017-02-14 14:37:55,198.67,7.98
o_001728,1,p_6338,s_184,2018-02-20 06:44:47,57.25,11.83
o_001729,1,p_5881,s_117,2017-12-22 06:21:25,23.0,6.07
o_001730,1,p_6146,s_614,2018-02-15 14:50:29,38.52,65.83
o_001731,1,p_6821,s_628,2018-03-25 14:54:03,59.77,28.07
o_001732,1,p_1452,s_674,2018-06-29 16:19:39,106.94,25.08
o_001733,1,p_7934,s_498,2017-02-28 12:08:15,205.61,28.95
o_001734,1,p_6625,s_519,2018-04-30 13:46:42,128.38,27.09
o_001735,1,p_7936,s_851,2018-04-18 10:47:07,25.21,7.21
o_001735,2,p_6527,s_956,2018-04-18 10:47:07,103.84,7.63
o_001736,1,p_5870,s_617,2017-07-30 19:10:28,20.55,19.65
o_001737,1,p_4559,s_112,2017-06-10 10:19:18,57.45,9.3
o_001738,1,p_4846,s_282,2017-03-21 10:02:23,196.13,17.06
o_001739,1,p_4236,s_270,2017-03-01 13:36:43,143.59,27.0
o_001739,2,p_7836,s_150,2017-03-01 13:36:43,46.64,25.7
o_001740,1,p_8984,s_731,2017-01-17 13:19:59,35.5,14.73
o_001741,1,p_8841,s_114,2018-01-31 20:16:11,94.2,18.65
o_001742,1,p_2074,s_598,2017-09-07 14:53:30,285.23,15.35
o_001743,1,p_5486,s_385,2017-02-01 14:58:10,67.85,7.5
o_001744,1,p_4201,s_133,2018-02-19 17:05:06,90.73,6.89
o_001745,1,p_5717,s_234,2018-07-26 16:18:18,70.9,25.81
o_001746,1,p_4250,s_878,2018-03-30 17:56:31,491.82,8.18
o_001747,1,p_5227,s_772,2017-08-16 10:27:20,34.38,13.13
o_001747,2,p_3634,s_612,2017-08-16 10:27:20,51.25,17.33
o_001748,1,p_5650,s_869,2017-06-07 17:08:54,167.32,11.68
o_001749,1,p_6820,s_902,2018-04-13 18:33:47,111.19,7.81
o_001750,1,p_8152,s_626,2018-08-08 03:51:04,80.53,11.5
o_001750,2,p_1979,s_686,2018-08-08 03:51:04,73.93,5.71
o_001751,1,p_4904,s_289,2017-08-01 12:19:51,238.3,23.19
o_001752,1,p_1055,s_283,2018-02-02 13:43:54,617.75,9.78
o_001753,1,p_5164,s_543,2018-07-29 15:01:54,49.27,6.26
o_001754,1,p_5974,s_448,2018-06-12 14:44:08,260.61,8.64
o_001755,1,p_9515,s_681,2018-07-24 13:12:27,71.91,13.39
o_001756,1,p_3723,s_719,2017-05-07 13:54:39,108.79,28.39
o_001757,1,p_6295,s_986,2018-08-25 17:08:25,52.8,13.44
o_001758,1,p_8204,s_282,2018-04-09 14:33:21,138.58,9.1
o_001759,1,p_7478,s_496,2018-07-13 17:53:42,189.78,6.41
o_001760,1,p_1882,s_735,2017-05-29 18:42:07,35.46,11.42
o_001761,1,p_8216,s_592,2017-06-16 20:08:21,168.78,11.48
o_001761,2,p_9922,s_887,2017-06-16 20:08:21,267.5,7.93
o_001762,1,p_7573,s_918,2018-01-31 16:37:51,120.46,15.95
o_001763,1,p_1067,s_599,2017-05-17 10:01:14,184.93,16.55
o_001764,1,p_9025,s_747,2017-08-19 09:42:29,180.46,12.96
o_001765,1,p_9177,s_961,2018-06-22 14:01:27,153.42,10.44
o_001766,1,p_6185,s_980,2017-10-27 11:23:25,72.68,10.45
o_001767,1,p_6567,s_515,2018-06-07 14:32:23,155.66,19.92
o_001768,1,p_5345,s_853,2017-09-17 10:02:43,866.98,19.84
o_001768,2,p_8171,s_363,2017-09-17 10:02:43,420.91,18.79
o_001769,1,p_4077,s_882,2017-01-11 11:01:39,26.27,6.57
o_001770,1,p_8386,s_987,2018-08-01 14:19:54,320.18,63.88
o_001771,1,p_8148,s_378,2017-10-23 18:53:17,134.19,12.59
o_001772,1,p_9236,s_400,2017-11-18 14:47:42,19.14,18.09
o_001773,1,p_3080,s_897,2017-11-18 13:49:39,94.46,11.17
o_001774,1,p_4281,s_664,2018-02-12 20:06:03,34.38,22.87
o_001775,1,p_1311,s_586,2017-08-24 16:56:09,47.53,62.49
o_001776,1,p_3074,s_434,2017-12-26 12:03:18,32.7,17.78
o_001777,1,p_6454,s_851,2018-08-26 12:10:32,20.57,8.25
o_001778,1,p_7457,s_453,2017-05-01 15:29:56,199.92,25.25
o_001779,1,p_3371,s_810,2018-05-30 00:54:56,20.39,13.43
o_001780,1,p_5757,s_159,2018-02-27 12:50:35,50.02,28.96
o_001780,2,p_2555,s_920,2018-02-27 12:50:35,796.58,23.12
o_001781,1,p_9342,s_621,2017-06-22 19:08:01,16.8,12.65
o_001782,1,p_1306,s_374,2017-06-23 15:53:23,41.45,12.03
o_001783,1,p_7498,s_677,2017-10-06 15:20:05,147.24,12.01
o_001784,1,p_1391,s_867,2017-04-19 11:02:25,99.88,24.92
o_001785,1,p_3395,s_396,2017-02-22 16:41:20,41.08,13.26
o_001786,1,p_4332,s_733,2018-04-22 12:24:50,19.15,8.69
o_001787,1,p_7363,s_518,2018-05-02 09:50:34,291.33,6.2
o_001788,1,p_7088,s_109,2018-09-02 10:17:07,34.04,7.0
o_001789,1,p_6116,s_393,2018-02-06 23:19:05,90.93,19.11
o_001790,1,p_5003,s_994,2017-01-24 20:26:55,29.82,22.96
o_001791,1,p_5094,s_380,2017-02-12 10:21:19,282.45,23.06
o_001792,1,p_7716,s_720,2018-06-06 18:36:20,87.49,13.84
o_001793,1,p_7668,s_272,2018-08-01 16:51:50,274.1,6.0
o_001793,2,p_3955,s_523,2018-08-01 16:51:50,115.87,7.29
o_001794,1,p_7729,s_449,2018-07-03 17:24:18,74.7,11.83
o_001795,1,p_1244,s_746,2018-05-11 20:51:00,22.58,15.99
o_001796,1,p_5103,s_582,2017-03-11 23:37:11,92.6,12.05
o_001797,1,p_5205,s_932,2018-02-26 21:36:18,109.54,18.72
o_001798,1,p_9367,s_722,2018-06-23 16:55:41,64.2,16.52
o_001798,2,p_7036,s_735,2018-06-23 16:55:41,76.73,18.22
o_001799,1,p_7961,s_624,2018-05-07 15:49:03,81.48,6.67
o_001799,2,p_7245,s_453,2018-05-07 15:49:03,32.76,12.38
o_001800,1,p_6324,s_778,2017-01-29 13:27:21,26.34,10.27
o_001801,1,p_8793,s_936,2017-09-06 09:18:40,84.58,15.24
o_001802,1,p_8171,s_649,2018-02-09 18:32:00,362.34,15.6
o_001803,1,p_5102,s_952,2018-08-06 12:28:16,29.39,8.53
o_001803,2,p_6318,s_789,2018-08-06 12:28:16,107.43,12.11
o_001804,1,p_7337,s_473,2018-04-06 19:44:31,71.39,11.36
o_001805,1,p_9040,s_773,2018-03-31 19:21:26,91.21,6.19
o_001806,1,p_4282,s_159,2017-04-14 12:49:56,106.46,19.07
o_001807,1,p_8341,s_883,2017-05-30 16:09:36,61.72,18.13
o_001808,1,p_8958,s_687,2017-06-26 08:04:13,265.91,28.66
o_001809,1,p_3080,s_774,2018-05-24 14:43:14,105.7,9.24
o_001810,1,p_8067,s_526,2017-08-17 09:13:56,271.6,10.26
o_001811,1,p_5354,s_880,2018-02-19 10:52:34,63.34,17.81
o_001812,1,p_1418,s_668,2017-08-24 13:43:22,192.09,5.84
o_001813,1,p_4123,s_357,2018-04-13 12:25:13,261.51,24.09
o_001814,1,p_1207,s_339,2017-04-25 16:18:44,60.18,8.64
o_001815,1,p_6565,s_925,2018-06-15 14:10:10,153.46,12.44
o_001816,1,p_9050,s_848,2018-08-27 14:54:20,16.02,22.69
o_001817,1,p_5119,s_936,2017-09-08 08:24:14,238.09,9.11
o_001818,1,p_6102,s_431,2018-07-03 13:12:40,259.42,15.86
o_001819,1,p_4860,s_524,2017-03-13 19:16:31,185.87,17.34
o_001820,1,p_2166,s_904,2018-01-16 19:00:39,196.29,6.03
o_001821,1,p_7875,s_323,2018-06-07 14:48:49,51.76,7.46
o_001822,1,p_5930,s_562,2018-01-19 19:54:25,83.01,22.68
o_001823,1,p_6149,s_277,2017-05-31 14:50:42,35.39,12.96
o_001824,1,p_5283,s_536,2018-05-30 18:16:40,83.2,10.55
o_001825,1,p_3716,s_325,2018-07-30 20:50:23,58.58,10.05
o_001826,1,p_6875,s_489,2018-03-18 10:47:37,68.13,11.48
o_001827,1,p_6081,s_543,2017-08-13 15:10:14,100.44,12.61
o_001828,1,p_4604,s_697,2017-09-12 12:57:33,80.42,9.42
o_001829,1,p_3033,s_379,2018-03-18 16:18:20,136.01,13.02
o_001830,1,p_2915,s_475,2018-01-27 17:18:08,186.52,69.53
o_001831,1,p_3838,s_212,2018-07-17 10:47:44,58.1,65.16
o_001832,1,p_8013,s_485,2018-06-15 15:37:53,114.49,10.94
o_001833,1,p_1864,s_571,2018-03-09 15:16:04,16.35,14.79
o_001834,1,p_7505,s_932,2017-07-12 15:29:47,52.58,12.91
o_001834,2,p_5499,s_970,2017-07-12 15:29:47,233.02,5.9
o_001835,1,p_5487,s_364,2017-02-15 19:33:36,119.17,18.3
o_001836,1,p_9876,s_844,2018-02-27 12:13:24,122.05,11.28
o_001836,2,p_4932,s_671,2018-02-27 12:13:24,175.44,7.65
o_001837,1,p_8491,s_641,2018-08-02 08:20:19,251.32,13.83
o_001838,1,p_8289,s_802,2018-08-31 17:24:06,32.4,18.98
o_001839,1,p_5528,s_161,2017-03-15 11:03:09,81.86,13.56
o_001840,1,p_7023,s_361,2017-12-25 15:59:10,208.79,17.72
o_001841,1,p_9609,s_906,2018-07-18 17:09:39,208.09,22.26
o_001842,1,p_2628,s_684,2017-03-29 13:56:42,22.05,6.78
o_001842,2,p_6530,s_493,2017-03-29 13:56:42,111.73,10.14
o_001843,1,p_3662,s_841,2017-12-27 10:35:23,61.72,19.21
o_001844,1,p_3060,s_757,2018-07-12 07:33:59,79.29,14.98
o_001845,1,p_1126,s_565,2017-11-07 12:04:33,37.52,12.78
o_001846,1,p_5876,s_456,2017-05-16 07:13:28,24.31,28.03
o_001847,1,p_9626,s_137,2018-05-09 19:25:31,19.03,6.53
o_001848,1,p_2856,s_935,2017-06-29 13:58:00,104.35,6.89
o_001849,1,p_3740,s_278,2018-08-18 01:20:22,194.99,13.49
o_001850,1,p_1241,s_889,2018-07-13 17:04:41,110.2,22.46
o_001851,1,p_3732,s_797,2017-07-25 08:03:12,392.5,12.64
o_001852,1,p_2368,s_317,2017-07-10 13:37:39,129.67,12.54
o_001853,1,p_8831,s_882,2017-10-17 06:57:59,364.22,9.13
o_001854,1,p_8224,s_527,2018-07-15 10:45:35,17.92,63.71
o_001855,1,p_6930,s_100,2017-10-23 06:18:23,61.85,62.59
o_001856,1,p_6900,s_821,2017-09-14 14:01:45,126.63,19.83
o_001857,1,p_1279,s_696,2018-04-07 15:57:00,663.24,9.71
o_001858,1,p_2804,s_985,2018-01-31 11:20:34,332.85,18.71
o_001859,1,p_2319,s_926,2017-07-01 20:47:49,196.44,63.75
o_001860,1,p_1084,s_751,2018-05-09 16:40:35,149.81,25.87
o_001861,1,p_7815,s_989,2018-05-30 11:44:31,29.2,26.99
o_001862,1,p_8145,s_919,2017-10-11 12:03:38,24.04,25.26
o_001863,1,p_2829,s_865,2018-02-10 11:27:30,50.84,14.94
o_001864,1,p_2899,s_453,2018-01-10 14:16:56,17.76,7.11
o_001865,1,p_8428,s_713,2018-03-27 08:33:13,174.15,17.09
o_001866,1,p_4940,s_433,2017-02-09 13:27:44,118.52,11.06
o_001867,1,p_9599,s_660,2017-11-20 13:30:33,88.24,19.7
o_001868,1,p_4596,s_793,2017-09-06 14:30:46,218.45,6.17
o_001869,1,p_7811,s_769,2018-03-17 15:15:28,34.1,11.76
o_001870,1,p_6999,s_215,2017-12-15 06:49:04,188.78,12.99
o_001871,1,p_9761,s_305,2018-01-17 15:07:15,29.15,11.03
o_001872,1,p_8014,s_580,2018-01-15 23:58:24,139.87,6.04
o_001873,1,p_3737,s_812,2017-04-25 17:20:28,191.67,69.43
o_001874,1,p_6059,s_635,2018-08-21 14:29:45,140.65,16.17
o_001875,1,p_8802,s_351,2018-01-18 22:54:40,104.23,23.97
o_001876,1,p_1036,s_283,2018-07-25 02:17:55,319.38,5.52
o_001877,1,p_7244,s_326,2017-11-27 18:24:51,32.77,26.05
o_001878,1,p_1878,s_369,2018-01-21 23:41:23,139.62,12.0
o_001879,1,p_8488,s_577,2017-10-11 12:59:27,125.36,23.4
o_001880,1,p_4183,s_812,2018-08-01 07:27:44,33.03,19.44
o_001881,1,p_1527,s_103,2018-05-28 17:14:33,80.81,7.73
o_001882,1,p_5583,s_882,2018-01-29 11:08:23,212.72,25.33
o_001883,1,p_8064,s_710,2018-07-28 13:28:44,66.69,15.46
o_001884,1,p_9919,s_388,2017-05-17 22:04:10,224.57,29.04
o_001885,1,p_1295,s_688,2017-10-29 13:07:54,42.79,15.64
o_001886,1,p_5152,s_877,2017-07-21 16:16:46,171.6,29.06
o_001887,1,p_8186,s_743,2017-06-07 08:15:23,375.18,7.43
o_001888,1,p_7109,s_511,2017-03-21 15:44:09,17.63,14.52
o_001889,1,p_5487,s_617,2018-03-20 13:01:42,172.52,28.03
o_001890,1,p_9448,s_695,2017-11-10 22:48:32,215.09,9.91
o_001891,1,p_1303,s_930,2017-10-14 03:57:51,106.4,8.41
o_001892,1,p_5046,s_989,2017-10-28 03:41:34,232.34,11.2
o_001893,1,p_5624,s_724,2018-06-22 23:02:11,45.81,5.86
o_001893,2,p_1826,s_373,2018-06-22 23:02:11,37.01,8.7
o_001894,1,p_7507,s_659,2018-06-01 19:23:47,196.35,63.81
o_001895,1,p_7721,s_418,2017-12-02 14:13:46,63.9,17.91
o_001896,1,p_3600,s_768,2017-08-15 11:54:08,140.31,7.09
o_001897,1,p_6142,s_975,2018-01-15 14:12:20,230.63,8.54
o_001898,1,p_3305,s_289,2017-08-18 13:19:38,64.15,17.78
o_001899,1,p_1541,s_197,2017-09-08 05:42:07,85.16,26.1
o_001900,1,p_5087,s_137,2018-05-29 18:09:57,30.75,9.96
o_001901,1,p_4607,s_114,2017-09-26 10:58:44,159.83,8.82
o_001901,2,p_5847,s_806,2017-09-26 10:58:44,89.86,12.86
o_001902,1,p_5463,s_961,2018-01-29 13:48:46,225.87,6.36
o_001903,1,p_8426,s_282,2017-04-09 10:04:16,64.2,22.6
o_001904,1,p_5279,s_368,2018-06-20 16:45:09,48.35,29.45
o_001905,1,p_3593,s_857,2018-07-25 10:12:13,396.84,7.93
o_001906,1,p_5225,s_919,2017-03-14 13:47:11,129.89,10.85
o_001907,1,p_4826,s_520,2018-04-28 14:52:37,82.52,17.82
o_001908,1,p_8735,s_197,2018-07-23 20:38:54,114.27,12.04
o_001908,2,p_2365,s_726,2018-07-23 20:38:54,70.97,13.19
o_001909,1,p_2896,s_933,2018-08-21 07:35:18,48.12,9.44
o_001910,1,p_1095,s_497,2017-10-02 18:55:26,262.48,28.19
o_001911,1,p_5506,s_921,2018-08-22 15:25:17,116.6,9.74
o_001912,1,p_6211,s_411,2017-03-10 13:55:23,77.44,9.85
o_001913,1,p_6993,s_722,2018-07-13 11:17:29,150.66,23.12
o_001914,1,p_1377,s_516,2018-07-17 10:51:40,46.4,27.38
o_001915,1,p_4503,s_268,2018-03-31 10:07:22,140.59,7.37
o_001916,1,p_1556,s_207,2018-04-01 08:16:48,15.9,6.74
o_001917,1,p_5180,s_950,2018-03-31 16:51:43,67.47,6.98
o_001918,1,p_3032,s_987,2017-06-14 19:55:31,91.59,11.91
o_001919,1,p_3735,s_766,2017-12-15 15:34:58,46.84,18.61
o_001920,1,p_4739,s_593,2018-05-18 11:17:01,97.02,19.65
o_001921,1,p_1577,s_532,2018-01-23 13:34:36,225.86,24.29
o_001922,1,p_2013,s_627,2018-08-27 13:01:32,109.46,19.12
o_001923,1,p_4734,s_896,2018-09-02 08:22:04,176.04,6.32
o_001924,1,p_7135,s_539,2018-08-25 06:22:28,92.81,16.07
o_001925,1,p_2797,s_132,2018-06-30 09:02:52,327.71,12.18
o_001925,2,p_5443,s_435,2018-06-30 09:02:52,121.89,10.97
o_001926,1,p_9907,s_839,2018-03-15 13:08:52,48.24,63.46
o_001927,1,p_7411,s_268,2017-07-12 14:35:51,24.04,22.85
o_001928,1,p_8314,s_148,2018-04-14 06:21:51,169.6,25.93
o_001929,1,p_7605,s_258,2017-07-28 22:25:31,115.51,17.44
o_001930,1,p_1847,s_144,2018-04-13 14:56:55,39.76,16.06
o_001931,1,p_5065,s_370,2017-05-01 19:11:53,199.28,16.89
o_001932,1,p_3058,s_486,2018-02-15 21:59:24,71.67,29.28
o_001933,1,p_2768,s_470,2018-07-10 19:16:12,80.97,11.22
o_001934,1,p_5009,s_436,2018-04-09 17:34:13,20.72,8.6
o_001935,1,p_4207,s_452,2017-11-07 17:29:25,231.24,22.04
o_001936,1,p_4725,s_352,2017-05-02 18:16:05,192.68,13.15
o_001937,1,p_9898,s_137,2017-06-21 10:04:02,109.21,6.67
o_001937,2,p_7435,s_642,2017-06-21 10:04:02,24.84,9.05
o_001938,1,p_9449,s_181,2018-03-17 13:24:54,117.81,7.52
o_001939,1,p_4461,s_575,2018-05-03 09:34:49,210.15,26.7
o_001940,1,p_4374,s_835,2017-03-12 14:25:40,321.58,13.01
o_001941,1,p_7998,s_854,2018-01-21 18:29:59,170.14,7.78
o_001942,1,p_7888,s_254,2018-03-17 18:37:39,66.5,17.46
o_001943,1,p_9136,s_517,2017-08-24 22:54:12,115.15,9.75
o_001944,1,p_8922,s_714,2017-06-30 14:56:02,21.46,11.73
o_001945,1,p_8916,s_508,2018-05-30 14:19:45,40.51,7.95
o_001946,1,p_5487,s_362,2018-03-14 14:11:56,216.89,62.51
o_001947,1,p_5642,s_823,2017-01-09 14:17:16,28.64,14.43
o_001948,1,p_8511,s_202,2018-08-27 14:00:18,18.46,13.37
o_001949,1,p_3255,s_944,2017-10-08 13:05:24,170.81,13.1
o_001950,1,p_7165,s_127,2018-07-27 19:56:43,273.48,9.17
o_001951,1,p_4342,s_637,2017-11-14 19:57:16,209.04,18.13
o_001952,1,p_6013,s_986,2018-02-16 10:33:35,181.86,19.14
o_001953,1,p_4110,s_481,2017-04-23 15:55:22,117.78,12.53
o_001954,1,p_9687,s_580,2017-08-15 05:48:59,151.66,8.52
o_001955,1,p_1513,s_631,2017-03-30 05:48:42,190.23,11.89
o_001956,1,p_9481,s_516,2017-01-15 10:45:18,41.83,10.48
o_001957,1,p_9147,s_100,2018-08-27 15:21:00,198.75,7.71
o_001958,1,p_7584,s_866,2017-03-17 15:33:28,117.27,11.08
o_001959,1,p_5964,s_314,2018-08-01 14:54:15,79.26,67.55
o_001960,1,p_4730,s_284,2018-03-25 21:25:27,125.95,26.96
o_001961,1,p_9051,s_777,2017-02-13 21:32:54,72.74,6.02
o_001961,2,p_9187,s_519,2017-02-13 21:32:54,203.53,5.98
o_001962,1,p_1023,s_637,2018-06-09 20:48:33,47.53,64.27
o_001963,1,p_3087,s_996,2017-02-13 17:39:51,38.46,19.71
o_001963,2,p_8533,s_410,2017-02-13 17:39:51,40.49,16.6
o_001964,1,p_8324,s_984,2017-01-12 16:14:01,421.9,10.06
o_001965,1,p_6489,s_479,2018-06-22 16:03:55,82.79,12.13
o_001966,1,p_6436,s_293,2018-06-24 15:24:08,76.75,9.45
o_001966,2,p_6692,s_911,2018-06-24 15:24:08,148.63,8.39
o_001967,1,p_8240,s_309,2018-06-30 16:33:13,102.86,19.56
o_001968,1,p_3610,s_934,2017-03-21 10:58:13,49.43,12.3
o_001969,1,p_4193,s_795,2018-02-13 16:29:24,264.91,11.14
o_001970,1,p_2327,s_673,2017-10-27 04:39:27,84.57,23.41
o_001971,1,p_5554,s_329,2017-12-18 09:31:48,72.53,10.8
o_001972,1,p_9143,s_686,2017-05-10 21:36:01,103.06,24.77
o_001973,1,p_2736,s_231,2017-10-08 22:47:53,144.78,8.36
o_001974,1,p_2306,s_689,2017-10-07 14:55:31,114.45,7.16
o_001975,1,p_3410,s_949,2018-06-30 19:35:20,43.6,12.48
o_001976,1,p_3726,s_967,2017-12-26 15:59:18,258.17,19.89
o_001977,1,p_4116,s_516,2017-07-29 07:39:09,166.06,23.14
o_001978,1,p_2597,s_908,2018-07-25 11:14:39,445.89,7.32
o_001979,1,p_8938,s_499,2017-10-11 16:26:09,122.42,10.82
o_001979,2,p_5068,s_245,2017-10-11 16:26:09,30.47,9.84
o_001980,1,p_6415,s_173,2018-04-27 18:14:05,269.51,15.89
o_001981,1,p_7122,s_296,2017-12-13 19:29:45,112.44,9.45
o_001982,1,p_1633,s_970,2017-06-11 21:01:03,203.31,26.19
o_001983,1,p_7391,s_869,2017-03-21 11:11:20,297.67,27.11
o_001984,1,p_4579,s_988,2018-09-02 09:38:03,221.2,23.46
o_001985,1,p_7121,s_756,2018-01-24 18:54:43,50.84,64.66
o_001986,1,p_5307,s_739,2017-03-24 17:28:13,221.56,10.12
o_001987,1,p_1553,s_216,2018-06-19 10:59:14,454.51,6.07
o_001988,1,p_7360,s_384,2018-06-20 18:49:04,63.41,16.8
o_001989,1,p_7536,s_370,2018-02-14 13:34:12,354.74,17.24
o_001990,1,p_3348,s_270,2018-07-19 11:54:03,249.08,9.24
o_001990,2,p_1083,s_587,2018-07-19 11:54:03,61.79,10.21
o_001991,1,p_5832,s_904,2018-05-18 06:49:08,85.35,19.68
o_001992,1,p_9180,s_962,2018-05-10 20:09:04,157.22,28.09
o_001993,1,p_5629,s_872,2017-09-10 14:20:10,174.38,8.13
o_001994,1,p_5478,s_909,2017-05-22 10:32:44,83.44,14.56
o_001995,1,p_3508,s_279,2017-04-28 13:14:52,186.16,23.97
o_001996,1,p_1410,s_462,2017-08-10 11:22:15,156.39,10.51
o_001997,1,p_2782,s_347,2018-01-12 15:26:15,85.92,7.44
o_001998,1,p_9547,s_401,2018-01-21 13:28:53,261.98,13.91
o_001999,1,p_2387,s_800,2018-07-16 21:23:21,191.18,8.88
o_002000,1,p_2699,s_903,2018-02-20 17:33:47,397.75,69.14
o_002001,1,p_2329,s_550,2018-04-26 13:53:44,147.55,14.03
o_002002,1,p_8813,s_610,2018-01-28 10:40:50,82.06,19.77
o_002003,1,p_8570,s_533,2018-07-03 14:26:51,242.26,27.21
o_002004,1,p_3723,s_886,2017-07-14 15:59:35,207.25,12.01
o_002005,1,p_1674,s_975,2017-12-23 17:38:07,107.13,13.07
o_002006,1,p_8423,s_776,2017-11-15 14:24:33,238.31,24.7
o_002007,1,p_3291,s_243,2018-03-21 10:31:21,223.57,16.27
o_002008,1,p_3242,s_684,2018-07-24 12:22:59,313.4,26.48
o_002009,1,p_8298,s_974,2018-07-10 21:17:26,47.84,11.94
o_002010,1,p_3950,s_997,2017-11-19 23:35:54,316.85,17.92
o_002011,1,p_2487,s_345,2018-04-18 19:19:33,130.79,26.12
o_002011,2,p_9769,s_600,2018-04-18 19:19:33,104.43,24.55
o_002011,3,p_4510,s_844,2018-04-18 19:19:33,45.94,24.23
o_002012,1,p_5655,s_497,2018-07-19 17:12:13,327.63,14.84
o_002013,1,p_3960,s_241,2018-03-30 08:39:15,139.66,14.56
o_002014,1,p_9573,s_628,2018-05-20 22:23:28,77.75,7.05
o_002015,1,p_8990,s_814,2017-04-25 12:22:35,67.58,10.5
o_002016,1,p_3471,s_469,2018-03-29 18:24:47,25.62,6.6
o_002017,1,p_7993,s_904,2018-02-12 16:53:15,167.63,6.11
o_002018,1,p_2643,s_220,2018-02-08 03:55:49,155.06,24.65
o_002019,1,p_6137,s_124,2018-04-08 17:23:51,67.4,22.89
o_002020,1,p_4876,s_572,2018-07-13 15:29:09,174.06,15.38
o_002021,1,p_9051,s_823,2017-10-20 10:53:31,92.62,10.35
o_002022,1,p_5476,s_253,2018-02-28 15:24:40,144.78,22.55
o_002023,1,p_4403,s_185,2018-01-21 21:04:06,509.75,6.28
o_002024,1,p_7860,s_342,2018-01-15 11:31:28,15.4,29.66
o_002025,1,p_3542,s_410,2017-04-28 07:14:05,161.72,12.94
o_002026,1,p_8092,s_760,2018-04-12 19:56:31,132.92,23.97
o_002027,1,p_2647,s_228,2017-03-10 22:31:28,68.22,24.26
o_002028,1,p_3066,s_986,2017-06-26 08:13:24,47.31,8.1
o_002029,1,p_3291,s_915,2018-06-14 13:51:29,96.19,10.8
o_002029,2,p_5278,s_282,2018-06-14 13:51:29,38.78,9.05
o_002029,3,p_7186,s_342,2018-06-14 13:51:29,37.26,12.02
o_002030,1,p_8225,s_582,2018-06-11 10:20:25,50.21,12.44
o_002031,1,p_8230,s_151,2018-06-22 20:05:20,25.09,8.45
o_002032,1,p_5534,s_268,2018-03-13 11:08:56,111.54,27.89
o_002033,1,p_3180,s_537,2018-07-11 21:37:30,277.6,27.81
o_002034,1,p_2863,s_410,2018-05-17 14:12:42,175.48,12.05
o_002035,1,p_2396,s_416,2018-03-31 19:48:00,22.42,22.79
o_002036,1,p_6273,s_788,2017-04-14 23:23:42,17.03,9.16
o_002037,1,p_5125,s_564,2018-07-13 12:45:09,184.77,64.03
o_002037,2,p_3312,s_369,2018-07-13 12:45:09,135.19,64.63
o_002038,1,p_6270,s_690,2018-01-17 09:50:28,58.13,11.24
o_002039,1,p_8635,s_133,2017-01-25 21:05:19,180.13,18.7
o_002040,1,p_6995,s_850,2017-10-31 20:13:04,34.26,12.95
o_002041,1,p_9452,s_587,2018-03-25 08:14:02,194.85,15.49
o_002042,1,p_3503,s_627,2017-09-16 13:48:55,39.37,14.9
o_002043,1,p_2106,s_781,2018-01-14 15:21:37,348.57,12.27
o_002043,2,p_5838,s_207,2018-01-14 15:21:37,87.62,12.33
o_002044,1,p_7328,s_284,2018-07-29 15:30:28,27.49,16.98
o_002045,1,p_1169,s_474,2017-04-09 07:14:43,65.5,66.7
o_002046,1,p_7059,s_787,2018-03-20 09:10:05,487.41,6.32
o_002047,1,p_5251,s_126,2018-03-19 12:00:55,55.7,17.4
o_002048,1,p_8949,s_599,2018-05-16 09:17:22,104.96,12.44
o_002049,1,p_5179,s_993,2018-05-16 15:36:00,98.88,13.85
o_002049,2,p_4607,s_598,2018-05-16 15:36:00,15.15,15.08
o_002050,1,p_3526,s_484,2017-07-26 20:30:37,49.06,11.12
o_002051,1,p_2393,s_607,2018-03-12 11:59:56,229.73,9.87
o_002051,2,p_2963,s_777,2018-03-12 11:59:56,46.26,10.15
o_002052,1,p_3398,s_608,2018-07-24 18:45:12,38.38,17.43
o_002053,1,p_7762,s_544,2018-04-13 16:48:20,125.66,63.28
o_002054,1,p_6062,s_675,2017-08-15 21:01:28,277.51,29.22
o_002055,1,p_1625,s_401,2017-04-11 22:22:50,29.24,62.36
o_002056,1,p_7018,s_171,2017-07-09 11:03:19,117.67,23.49
o_002057,1,p_7308,s_963,2017-11-07 03:53:43,84.54,17.86
o_002058,1,p_6659,s_333,2018-01-27 14:23:28,206.96,24.19
o_002059,1,p_7991,s_441,2018-05-20 13:50:53,358.01,22.71
o_002060,1,p_1986,s_474,2018-03-30 19:14:16,158.93,65.44
o_002061,1,p_9437,s_817,2017-04-19 12:31:11,195.68,24.06
o_002062,1,p_3582,s_341,2017-12-07 12:57:30,94.4,24.73
o_002063,1,p_1763,s_903,2018-04-30 05:34:44,428.16,7.98
o_002064,1,p_5453,s_573,2017-05-10 15:19:21,59.26,6.3
o_002065,1,p_8042,s_529,2018-07-07 20:08:50,119.68,12.88
o_002066,1,p_4283,s_897,2017-08-21 16:31:07,106.43,10.13
o_002067,1,p_7333,s_724,2018-01-30 14:20:06,99.18,8.69
o_002068,1,p_2195,s_747,2018-01-14 21:52:18,224.59,28.19
o_002069,1,p_7256,s_227,2018-03-10 11:09:58,88.33,16.59
o_002070,1,p_9413,s_892,2018-03-05 23:20:45,50.21,26.52
o_002071,1,p_4341,s_417,2018-06-22 07:34:16,101.82,14.4
o_002072,1,p_5340,s_178,2017-10-08 14:03:51,36.32,5.72
o_002073,1,p_6144,s_207,2018-07-21 07:56:02,29.46,9.0
o_002074,1,p_5176,s_123,2017-09-09 10:51:56,391.95,29.64
o_002075,1,p_9381,s_463,2017-07-25 08:05:50,391.87,13.16
o_002076,1,p_7944,s_272,2018-07-08 11:22:24,57.97,19.89
o_002077,1,p_2698,s_668,2018-03-07 19:53:49,64.32,13.17
o_002078,1,p_4580,s_630,2018-04-14 17:57:19,61.92,18.97
o_002079,1,p_5364,s_844,2018-06-06 20:40:16,269.3,28.73
o_002080,1,p_5721,s_172,2018-06-18 13:18:29,96.54,8.79
o_002081,1,p_7695,s_482,2018-07-29 21:20:16,25.94,18.34
o_002082,1,p_2971,s_217,2017-05-20 17:32:01,59.77,18.44
o_002083,1,p_3452,s_936,2018-03-21 15:07:15,21.73,18.94
o_002084,1,p_2324,s_776,2018-07-13 03:49:35,73.05,10.17
o_002085,1,p_4900,s_327,2017-04-07 20:34:27,163.78,6.25
o_002086,1,p_4112,s_455,2017-01-23 13:19:37,27.72,8.54
o_002087,1,p_7383,s_843,2017-03-01 12:58:13,49.52,13.23
o_002088,1,p_1385,s_607,2017-08-24 11:59:35,22.99,29.87
o_002089,1,p_6237,s_965,2017-10-25 17:40:53,228.57,7.27
o_002089,2,p_4820,s_852,2017-10-25 17:40:53,209.59,7.49
o_002089,3,p_9980,s_910,2017-10-25 17:40:53,101.43,11.14
o_002090,1,p_1246,s_258,2017-09-28 13:24:40,89.59,19.64
o_002091,1,p_1927,s_334,2017-02-18 22:37:05,57.87,5.71
o_002091,2,p_8302,s_327,2017-02-18 22:37:05,23.01,13.03
o_002092,1,p_9557,s_746,2018-07-12 18:29:28,54.23,9.09
o_002093,1,p_5199,s_957,2018-02-09 18:49:02,582.13,9.26
o_002094,1,p_4485,s_790,2018-04-28 12:06:19,207.76,27.83
o_002095,1,p_9988,s_167,2018-04-01 00:17:28,390.39,17.22
o_002096,1,p_3378,s_646,2018-04-08 12:09:39,23.48,66.2
o_002096,2,p_5558,s_597,2018-04-08 12:09:39,16.15,66.01
o_002096,3,p_4653,s_242,2018-04-08 12:09:39,164.18,63.36
o_002097,1,p_3991,s_104,2017-10-06 09:47:36,236.36,17.13
o_002098,1,p_5679,s_654,2017-02-19 19:14:50,41.76,14.12
o_002099,1,p_4803,s_758,2018-03-29 18:10:27,118.43,27.14
o_002099,2,p_1651,s_120,2018-03-29 18:10:27,60.65,24.12
o_002100,1,p_2451,s_333,2018-03-27 15:55:41,812.29,11.88
o_002101,1,p_2272,s_224,2018-06-07 06:53:23,42.48,15.09
o_002101,2,p_6507,s_833,2018-06-07 06:53:23,102.51,14.89
o_002101,3,p_4273,s_950,2018-06-07 06:53:23,98.81,19.56
o_002102,1,p_6616,s_392,2018-08-24 21:48:28,366.39,23.54
o_002103,1,p_3844,s_142,2017-05-08 18:22:04,96.66,28.22
o_002103,2,p_4621,s_700,2017-05-08 18:22:04,434.61,25.62
o_002103,3,p_8091,s_338,2017-05-08 18:22:04,30.06,23.24
o_002104,1,p_5029,s_649,2018-08-22 08:57:41,540.18,16.91
o_002105,1,p_1152,s_493,2018-06-30 18:43:21,78.96,8.96
o_002106,1,p_3109,s_672,2018-01-07 13:32:43,67.66,11.97
o_002107,1,p_4313,s_363,2018-04-10 15:02:17,96.71,11.95
o_002107,2,p_5947,s_658,2018-04-10 15:02:17,50.65,12.18
o_002108,1,p_1651,s_729,2018-02-15 19:59:18,372.26,22.38
o_002109,1,p_3883,s_611,2017-04-29 16:26:46,110.17,9.11
o_002110,1,p_3050,s_455,2018-03-01 09:33:54,176.49,17.43
o_002111,1,p_2674,s_966,2018-07-09 21:50:15,99.41,6.45
o_002112,1,p_7024,s_497,2018-07-19 17:42:52,54.18,19.59
o_002113,1,p_6560,s_183,2017-02-23 08:10:25,129.81,27.39
o_002114,1,p_8802,s_543,2017-09-15 23:10:16,33.34,29.29
o_002115,1,p_7050,s_127,2018-01-29 14:20:05,130.07,19.39
o_002116,1,p_1470,s_189,2018-05-09 07:17:58,48.46,17.36
o_002117,1,p_6811,s_382,2018-02-21 10:35:11,295.3,23.89
o_002118,1,p_8432,s_202,2018-05-10 11:39:05,16.99,7.74
o_002119,1,p_8209,s_456,2018-04-25 16:43:21,262.71,5.77
o_002120,1,p_4754,s_697,2017-06-18 12:18:38,16.15,6.3
o_002121,1,p_4445,s_564,2018-06-23 21:49:50,37.4,6.6
o_002122,1,p_9508,s_907,2017-01-25 08:23:12,182.59,17.49
o_002123,1,p_7674,s_645,2018-06-08 13:38:20,149.07,11.66
o_002124,1,p_7255,s_621,2018-06-25 17:42:31,15.02,12.91
o_002125,1,p_9742,s_191,2018-08-16 12:01:38,115.51,16.8
o_002126,1,p_3298,s_489,2017-07-23 08:14:28,66.66,14.46
o_002126,2,p_3759,s_664,2017-07-23 08:14:28,42.71,17.78
o_002127,1,p_2909,s_773,2017-01-27 17:38:47,29.91,11.66
o_002128,1,p_1141,s_857,2018-06-25 10:42:55,101.24,25.45
o_002128,2,p_4331,s_236,2018-06-25 10:42:55,24.44,26.91
o_002129,1,p_3165,s_718,2018-03-26 16:50:15,57.81,29.13
o_002130,1,p_1707,s_382,2018-04-10 20:13:45,18.07,6.95
o_002131,1,p_4798,s_578,2017-06-23 08:41:46,31.14,12.76
o_002132,1,p_6788,s_887,2018-07-14 21:30:40,185.08,17.74
o_002133,1,p_9493,s_454,2018-01-10 17:54:41,37.07,13.77
o_002134,1,p_4489,s_701,2017-06-26 17:51:44,120.27,12.6
o_002135,1,p_7888,s_634,2018-09-02 10:28:50,332.36,13.0
o_002136,1,p_1885,s_988,2017-08-28 13:50:10,89.09,14.55
o_002137,1,p_2050,s_309,2018-01-17 15:20:31,111.46,12.65
o_002138,1,p_2242,s_987,2018-01-08 13:36:16,122.83,11.52
o_002139,1,p_4229,s_244,2018-02-17 14:56:29,447.3,12.15
o_002140,1,p_5230,s_115,2018-05-06 10:54:08,163.39,18.41
o_002141,1,p_3684,s_926,2018-04-29 21:57:51,35.2,15.15
o_002142,1,p_9638,s_279,2018-07-21 06:17:21,43.51,13.32
o_002143,1,p_6877,s_264,2018-07-16 13:20:58,36.76,8.4
o_002144,1,p_3895,s_393,2017-08-09 06:37:05,60.8,24.09
o_002145,1,p_9026,s_414,2018-05-20 18:27:56,148.48,9.7
o_002146,1,p_4294,s_901,2018-07-19 12:19:59,36.87,19.5
o_002147,1,p_6232,s_461,2017-09-15 22:00:36,156.12,26.68
o_002148,1,p_6646,s_633,2018-03-22 20:34:01,46.04,27.12
o_002149,1,p_5887,s_157,2017-10-30 14:11:16,99.59,18.79
o_002150,1,p_5955,s_630,2018-05-10 17:46:26,155.97,9.28
o_002151,1,p_7106,s_934,2018-08-06 18:20:50,46.89,13.12
o_002151,2,p_1595,s_173,2018-08-06 18:20:50,139.18,7.61
o_002152,1,p_9821,s_365,2017-11-30 14:57:27,252.71,62.54
o_002153,1,p_2973,s_134,2017-04-13 17:24:09,134.35,22.81
o_002154,1,p_1548,s_155,2017-09-21 09:33:56,31.95,6.92
o_002155,1,p_6669,s_769,2018-02-26 18:31:43,112.83,11.74
o_002156,1,p_4441,s_888,2018-04-14 20:33:30,325.64,15.89
o_002157,1,p_4673,s_918,2017-08-06 21:30:38,29.51,10.87
o_002157,2,p_5120,s_357,2017-08-06 21:30:38,28.32,12.24
o_002158,1,p_4500,s_478,2017-09-24 12:25:32,119.61,27.25
o_002158,2,p_4303,s_297,2017-09-24 12:25:32,79.54,28.01
o_002158,3,p_7270,s_545,2017-09-24 12:25:32,57.76,22.31
o_002159,1,p_3204,s_815,2017-01-25 18:35:07,35.7,28.26
o_002160,1,p_6770,s_322,2018-06-15 09:46:18,139.33,12.88
o_002161,1,p_2678,s_750,2018-08-16 14:08:39,286.9,24.89
o_002162,1,p_2611,s_114,2017-05-18 22:11:40,56.96,11.04
o_002163,1,p_4343,s_777,2018-03-19 13:29:54,243.0,26.19
o_002164,1,p_4589,s_625,2018-02-14 12:47:40,225.41,12.98
o_002165,1,p_5671,s_518,2017-04-20 05:38:05,127.15,9.4
o_002166,1,p_4926,s_108,2018-03-01 12:14:17,17.14,22.01
o_002167,1,p_8131,s_362,2018-06-23 08:21:13,43.59,13.01
o_002168,1,p_5824,s_364,2018-02-27 21:47:52,148.57,29.95
o_002169,1,p_3844,s_868,2017-08-11 21:45:47,81.6,18.16
o_002170,1,p_4362,s_772,2017-01-27 13:39:29,31.55,7.86
o_002170,2,p_3219,s_538,2017-01-27 13:39:29,364.2,9.26
o_002171,1,p_7165,s_375,2018-07-29 16:52:17,198.56,11.84
o_002172,1,p_8562,s_238,2018-02-14 09:00:56,208.98,12.23
o_002173,1,p_7995,s_392,2018-07-10 09:40:56,172.14,13.44
o_002174,1,p_3437,s_398,2017-09-11 18:01:27,72.08,6.71
o_002175,1,p_5678,s_907,2017-02-25 15:54:21,60.06,9.47
o_002176,1,p_9503,s_678,2017-12-18 12:54:21,23.61,14.95
o_002176,2,p_5575,s_672,2017-12-18 12:54:21,340.97,15.6
o_002176,3,p_7226,s_382,2017-12-18 12:54:21,249.72,17.55
o_002177,1,p_7440,s_201,2018-07-16 19:34:22,71.38,19.94
o_002178,1,p_1879,s_565,2018-01-02 15:15:38,64.63,12.43
o_002179,1,p_1480,s_644,2017-03-31 17:49:20,229.09,26.33
o_002180,1,p_8952,s_707,2018-03-22 20:17:05,198.15,28.9
o_002181,1,p_7605,s_135,2018-08-14 13:50:05,63.18,15.05
o_002182,1,p_7868,s_886,2018-01-14 14:06:27,265.28,5.64
o_002183,1,p_6766,s_229,2017-06-01 14:34:06,19.83,12.31
o_002184,1,p_9062,s_219,2018-05-06 23:50:29,216.72,6.93
o_002185,1,p_9871,s_550,2018-08-15 16:10:47,266.2,7.52
o_002186,1,p_7550,s_918,2018-07-02 21:09:37,29.41,22.33
o_002187,1,p_3507,s_320,2017-08-11 13:04:05,94.96,19.1
o_002188,1,p_5849,s_342,2018-06-24 02:39:44,105.78,12.3
o_002188,2,p_4932,s_649,2018-06-24 02:39:44,22.66,5.59
o_002189,1,p_7005,s_353,2017-06-22 16:49:46,208.77,9.22
o_002190,1,p_8551,s_712,2018-03-12 19:34:18,179.29,12.26
o_002191,1,p_7888,s_270,2017-01-09 20:06:06,257.58,12.13
o_002192,1,p_1835,s_927,2018-05-19 12:25:53,54.42,63.21
o_002193,1,p_6762,s_952,2018-05-28 18:06:05,153.44,19.35
o_002194,1,p_6744,s_875,2017-12-15 10:06:24,144.17,10.0
o_002195,1,p_6494,s_202,2017-10-17 08:53:54,124.39,9.67
o_002196,1,p_7449,s_285,2017-05-25 19:54:01,98.44,6.04
o_002196,2,p_3778,s_341,2017-05-25 19:54:01,24.72,8.83
o_002197,1,p_5778,s_536,2017-11-23 08:52:32,371.47,13.41
o_002197,2,p_4884,s_181,2017-11-23 08:52:32,315.04,11.32
o_002198,1,p_9694,s_837,2018-04-23 11:40:21,56.63,10.99
o_002199,1,p_4328,s_572,2017-02-14 20:25:33,190.74,10.01
o_002199,2,p_8689,s_271,2017-02-14 20:25:33,47.11,9.53
o_002200,1,p_7623,s_342,2018-01-30 15:26:00,63.91,17.69
o_002201,1,p_6252,s_915,2018-01-13 21:49:44,226.01,16.94
o_002202,1,p_6241,s_299,2018-02-08 13:34:06,268.22,9.31
o_002203,1,p_3467,s_994,2018-06-02 14:34:47,109.08,12.02
o_002204,1,p_7951,s_887,2017-09-14 10:32:16,231.83,8.16
o_002205,1,p_9730,s_215,2017-06-10 05:59:46,83.96,18.6
o_002206,1,p_6118,s_968,2018-03-08 18:06:08,48.62,28.29
o_002207,1,p_2380,s_928,2018-01-27 00:23:07,133.04,12.87
o_002208,1,p_6332,s_788,2017-03-18 13:37:09,174.38,19.48
o_002209,1,p_3399,s_481,2017-01-12 07:49:02,301.73,14.25
o_002210,1,p_4274,s_595,2017-07-22 08:42:38,57.8,6.59
o_002211,1,p_9159,s_531,2018-03-07 20:22:10,195.99,19.96
o_002211,2,p_3441,s_715,2018-03-07 20:22:10,81.37,15.4
o_002212,1,p_2374,s_651,2017-03-12 08:50:10,77.56,15.63
o_002213,1,p_9145,s_916,2018-05-27 16:50:50,135.57,22.39
o_002214,1,p_3234,s_785,2017-07-11 09:31:39,63.21,15.92
o_002215,1,p_3772,s_463,2018-02-26 22:19:23,105.02,14.86
o_002215,2,p_1072,s_780,2018-02-26 22:19:23,24.88,16.96
o_002216,1,p_8587,s_367,2017-08-19 18:28:06,273.86,16.41
o_002217,1,p_8430,s_837,2018-06-17 21:46:25,91.78,12.54
o_002218,1,p_4996,s_606,2018-04-08 07:47:44,32.16,8.45
o_002219,1,p_6395,s_328,2018-05-15 07:43:07,24.13,16.13
o_002220,1,p_3615,s_362,2018-07-08 06:17:50,281.71,10.59
o_002221,1,p_4927,s_981,2017-09-30 00:32:24,75.89,13.04
o_002222,1,p_7310,s_752,2018-07-01 11:55:39,92.27,6.18
o_002223,1,p_1171,s_264,2018-07-23 14:55:24,29.28,6.91
o_002224,1,p_6090,s_566,2018-04-12 18:03:30,48.55,6.85
o_002225,1,p_1447,s_707,2017-09-10 14:55:20,222.6,29.98
o_002226,1,p_9510,s_271,2017-03-18 09:05:33,131.09,5.6
o_002227,1,p_7463,s_199,2018-06-13 14:10:49,216.36,22.09
o_002227,2,p_1130,s_378,2018-06-13 14:10:49,54.67,26.56
o_002228,1,p_2345,s_981,2018-06-20 21:14:44,194.24,27.79
o_002229,1,p_6446,s_841,2018-06-18 07:53:28,196.35,27.08
o_002230,1,p_4499,s_903,2017-08-25 13:19:11,42.45,18.15
o_002230,2,p_1754,s_357,2017-08-25 13:19:11,211.49,15.11
o_002231,1,p_3948,s_303,2017-02-23 09:41:04,54.77,15.88
o_002232,1,p_2091,s_836,2017-03-08 09:11:09,209.08,28.49
o_002233,1,p_7160,s_591,2018-02-08 11:19:44,78.02,6.71
o_002233,2,p_5921,s_413,2018-02-08 11:19:44,294.61,7.56
o_002234,1,p_1180,s_517,2017-04-24 08:14:08,313.08,22.31
o_002235,1,p_3492,s_798,2017-07-14 08:36:16,49.12,11.47
o_002235,2,p_1304,s_972,2017-07-14 08:36:16,94.73,8.91
o_002236,1,p_5272,s_434,2017-08-14 14:23:07,361.58,23.16
o_002237,1,p_7916,s_612,2017-06-21 14:23:38,277.3,22.77
o_002238,1,p_1213,s_331,2017-12-03 18:26:33,200.82,18.97
o_002239,1,p_6658,s_311,2017-03-11 12:11:14,104.03,10.12
o_002240,1,p_4508,s_944,2018-07-20 16:02:00,57.64,17.74
o_002241,1,p_8772,s_615,2018-01-10 13:09:01,195.06,8.48
o_002242,1,p_5449,s_608,2018-05-29 17:46:19,73.93,25.34
o_002243,1,p_4069,s_102,2017-03-25 15:06:22,34.46,19.28
o_002244,1,p_6984,s_654,2018-01-21 12:04:20,225.63,19.48
o_002245,1,p_1812,s_874,2017-11-29 18:54:34,66.1,16.69
o_002245,2,p_5404,s_191,2017-11-29 18:54:34,58.35,19.91
o_002246,1,p_3694,s_502,2018-04-14 10:48:10,55.66,17.46
o_002247,1,p_3898,s_563,2018-04-28 10:57:13,151.33,13.94
o_002248,1,p_9471,s_763,2017-05-20 01:49:35,71.53,24.64
o_002249,1,p_9584,s_616,2018-03-17 12:11:23,166.41,12.07
o_002250,1,p_3374,s_273,2017-05-07 18:34:30,33.6,9.1
o_002251,1,p_7066,s_193,2018-02-15 04:08:13,23.45,13.0
o_002252,1,p_9326,s_913,2017-02-16 13:46:17,29.6,18.21
o_002253,1,p_2317,s_297,2017-10-30 16:18:18,24.63,11.9
o_002253,2,p_2213,s_825,2017-10-30 16:18:18,70.03,12.32
o_002253,3,p_3908,s_389,2017-10-30 16:18:18,359.44,11.61
o_002254,1,p_1964,s_482,2017-03-22 10:39:27,113.18,13.89
o_002255,1,p_6039,s_318,2017-11-28 10:33:28,35.77,8.46
o_002256,1,p_5108,s_148,2018-08-31 23:08:02,63.45,7.4
o_002257,1,p_6274,s_142,2018-04-28 07:15:36,58.86,12.75
o_002258,1,p_8987,s_382,2018-07-14 09:11:44,88.18,27.33
o_002259,1,p_3568,s_907,2017-11-29 21:07:23,191.3,10.55
o_002259,2,p_2096,s_789,2017-11-29 21:07:23,101.79,12.81
o_002260,1,p_1960,s_746,2018-05-23 07:09:21,88.42,7.34
o_002261,1,p_7302,s_481,2018-03-12 20:30:05,351.71,18.3
o_002262,1,p_8053,s_501,2018-04-19 08:02:00,298.61,15.81
o_002263,1,p_9891,s_282,2017-08-20 15:33:19,134.75,19.16
o_002264,1,p_1658,s_495,2018-07-12 11:28:36,43.51,10.26
o_002265,1,p_4253,s_962,2018-05-31 14:31:45,253.83,26.3
o_002266,1,p_3562,s_334,2017-02-14 06:42:23,249.75,7.96
o_002267,1,p_6124,s_666,2017-04-26 11:25:49,38.75,10.51
o_002267,2,p_3954,s_843,2017-04-26 11:25:49,60.21,10.7
o_002268,1,p_5575,s_182,2017-12-06 19:21:19,212.89,29.47
o_002269,1,p_4530,s_208,2018-06-30 14:53:31,38.67,13.48
o_002270,1,p_9281,s_767,2018-05-27 11:01:45,194.88,10.71
o_002271,1,p_9091,s_891,2018-06-01 13:28:01,31.33,63.52
o_002272,1,p_4401,s_864,2017-12-27 18:07:18,210.58,25.91
o_002273,1,p_8444,s_970,2018-05-11 11:18:17,123.16,18.65
o_002274,1,p_6347,s_236,2017-07-06 14:42:02,276.39,26.3
o_002275,1,p_3721,s_368,2018-07-22 07:15:38,109.41,9.44
o_002276,1,p_2518,s_160,2018-04-17 13:44:10,31.67,28.63
o_002277,1,p_1227,s_413,2018-01-22 10:44:54,68.4,10.27
o_002278,1,p_6363,s_792,2018-08-17 08:34:38,165.77,11.96
o_002279,1,p_9128,s_483,2017-09-11 11:31:14,80.77,9.03
o_002280,1,p_2257,s_494,2018-01-20 20:07:18,31.76,17.45
o_002280,2,p_6773,s_547,2018-01-20 20:07:18,119.29,15.32
o_002281,1,p_6225,s_666,2018-02-24 07:12:58,375.57,6.16
o_002282,1,p_9653,s_199,2018-03-12 10:36:04,167.61,27.05
o_002283,1,p_2183,s_227,2017-08-15 17:14:54,109.37,13.42
o_002284,1,p_1891,s_344,2018-04-15 11:50:03,111.91,26.59
o_002285,1,p_9705,s_165,2018-08-26 19:32:54,54.58,11.13
o_002286,1,p_8072,s_740,2017-12-15 14:13:08,77.32,15.67
o_002286,2,p_9610,s_981,2017-12-15 14:13:08,25.76,19.4
o_002287,1,p_1470,s_331,2017-05-27 18:40:42,162.48,7.95
o_002288,1,p_2228,s_905,2017-05-03 23:25:25,164.84,18.39
o_002289,1,p_6566,s_233,2018-05-29 11:35:23,244.52,10.13
o_002289,2,p_2948,s_322,2018-05-29 11:35:23,139.99,6.03
o_002290,1,p_9805,s_710,2017-05-13 19:32:04,63.79,12.73
o_002291,1,p_8833,s_111,2017-02-21 16:09:35,169.36,9.68
o_002292,1,p_9339,s_327,2018-06-01 18:07:39,250.09,6.0
o_002293,1,p_1614,s_593,2017-10-23 08:25:16,109.9,26.85
o_002294,1,p_9537,s_751,2017-08-01 15:39:57,135.09,19.49
o_002295,1,p_2657,s_204,2018-01-13 15:58:24,237.13,18.04
o_002296,1,p_4818,s_417,2018-07-08 13:49:14,97.52,14.52
o_002297,1,p_2874,s_463,2017-04-12 11:16:53,60.01,18.41
o_002298,1,p_8843,s_196,2017-07-14 16:51:12,145.42,11.46
o_002299,1,p_1860,s_295,2018-05-28 20:11:14,71.6,16.88
o_002299,2,p_4167,s_840,2018-05-28 20:11:14,30.25,19.21
o_002300,1,p_2034,s_440,2018-04-10 22:48:27,170.26,29.01
o_002301,1,p_3013,s_654,2018-04-29 11:53:44,65.57,27.01
o_002302,1,p_1642,s_423,2018-01-29 13:22:30,27.53,6.19
o_002303,1,p_5389,s_703,2018-08-27 00:53:08,46.11,7.38
o_002304,1,p_1138,s_151,2018-06-24 19:51:56,271.17,13.45
o_002304,2,p_6246,s_414,2018-06-24 19:51:56,67.36,19.25
o_002305,1,p_8508,s_831,2018-05-15 14:18:43,21.85,23.41
o_002306,1,p_7861,s_897,2017-08-21 13:49:13,208.29,25.71
o_002307,1,p_3405,s_912,2018-01-30 11:50:33,65.06,16.97
o_002308,1,p_8275,s_840,2018-08-29 21:13:53,18.06,19.67
o_002309,1,p_8172,s_729,2018-07-06 14:43:53,141.36,65.46
o_002310,1,p_8122,s_994,2018-02-20 11:09:01,155.69,28.45
o_002311,1,p_2769,s_394,2018-04-11 13:58:41,160.38,68.68
o_002312,1,p_4627,s_120,2018-05-10 15:22:12,60.46,27.23
o_002313,1,p_1887,s_507,2017-03-23 11:37:58,37.06,19.67
o_002314,1,p_8133,s_755,2018-05-02 00:09:56,133.27,13.04
o_002314,2,p_6551,s_521,2018-05-02 00:09:56,202.75,6.18
o_002314,3,p_3878,s_834,2018-05-02 00:09:56,21.97,9.05
o_002315,1,p_6720,s_423,2017-03-16 10:16:27,47.3,11.57
o_002316,1,p_4356,s_333,2017-02-09 09:31:31,35.93,15.23
o_002317,1,p_7598,s_582,2018-08-01 18:42:56,288.47,10.92
o_002318,1,p_3115,s_150,2017-09-13 12:30:54,54.36,23.62
o_002319,1,p_5201,s_177,2018-02-09 20:58:42,121.39,14.08
o_002319,2,p_1009,s_769,2018-02-09 20:58:42,43.52,14.36
o_002320,1,p_3255,s_489,2018-02-26 11:36:37,153.87,16.69
o_002321,1,p_6559,s_708,2018-02-02 16:29:54,54.74,12.17
o_002322,1,p_1042,s_500,2018-04-09 06:17:58,69.72,27.51
o_002322,2,p_2777,s_603,2018-04-09 06:17:58,121.19,29.95
o_002323,1,p_6951,s_910,2018-03-09 16:42:24,147.22,15.22
o_002323,2,p_7343,s_211,2018-03-09 16:42:24,39.7,13.04
o_002324,1,p_9239,s_960,2018-02-18 12:05:26,95.7,19.21
o_002325,1,p_1714,s_788,2017-06-18 20:38:43,384.72,10.74
o_002326,1,p_8823,s_757,2018-01-30 10:09:17,112.62,28.14
o_002327,1,p_3462,s_376,2018-07-02 12:19:21,174.55,10.38
o_002328,1,p_6735,s_420,2018-05-13 08:38:18,50.97,7.75
o_002329,1,p_5520,s_588,2017-01-16 16:09:00,188.26,29.17
o_002330,1,p_6321,s_469,2018-03-17 09:16:38,54.57,10.88
o_002331,1,p_7183,s_429,2018-08-07 09:40:58,67.39,10.59
o_002332,1,p_3978,s_313,2018-02-08 19:59:45,32.36,27.36
o_002333,1,p_2661,s_836,2017-02-19 16:22:44,105.79,13.13
o_002333,2,p_8862,s_799,2017-02-19 16:22:44,176.17,16.14
o_002333,3,p_5820,s_154,2017-02-19 16:22:44,90.49,14.74
o_002334,1,p_1365,s_371,2018-01-31 22:41:18,30.69,9.65
o_002335,1,p_6174,s_757,2017-05-30 16:07:24,235.65,14.1
o_002336,1,p_9722,s_543,2017-11-28 11:12:10,46.09,25.81
o_002336,2,p_7267,s_893,2017-11-28 11:12:10,45.93,27.02
o_002337,1,p_1417,s_352,2017-05-12 13:18:42,18.21,6.3
o_002337,2,p_4734,s_166,2017-05-12 13:18:42,200.11,5.84
o_002338,1,p_9771,s_140,2018-01-25 14:07:49,111.87,10.45
o_002339,1,p_5902,s_481,2017-03-02 23:35:50,260.49,12.59
o_002340,1,p_1410,s_974,2018-01-21 15:48:04,171.76,17.35
o_002341,1,p_5865,s_211,2018-01-08 01:52:59,117.19,25.2
o_002341,2,p_3779,s_520,2018-01-08 01:52:59,115.48,26.32
o_002342,1,p_2736,s_950,2018-02-22 20:42:25,17.31,7.49
o_002343,1,p_2284,s_287,2017-01-25 17:43:17,381.39,8.44
o_002344,1,p_9610,s_187,2017-09-21 08:37:48,118.43,16.52
o_002345,1,p_9395,s_808,2018-05-29 19:03:07,140.4,28.43
o_002346,1,p_9743,s_909,2018-01-08 21:34:38,21.21,8.2
o_002347,1,p_8823,s_981,2017-08-01 18:36:00,179.32,22.72
o_002348,1,p_7497,s_598,2017-08-12 12:07:43,483.9,23.36
o_002349,1,p_2943,s_154,2017-10-03 12:33:48,34.2,24.92
o_002350,1,p_6952,s_946,2018-04-25 11:02:18,159.5,29.39
o_002351,1,p_3537,s_894,2018-07-10 18:58:18,50.79,16.02
o_002352,1,p_7099,s_800,2017-01-10 16:45:21,38.62,12.67
o_002353,1,p_2714,s_314,2018-01-20 09:14:55,52.11,22.21
o_002354,1,p_6160,s_718,2017-11-30 15:06:01,128.5,64.11
o_002355,1,p_7064,s_169,2017-11-01 06:14:18,33.54,13.85
o_002356,1,p_2337,s_255,2017-06-06 07:56:37,186.76,15.66
o_002357,1,p_9506,s_105,2018-02-18 10:44:06,240.54,15.99
o_002358,1,p_4169,s_605,2018-04-16 13:07:58,112.67,25.21
o_002359,1,p_9661,s_539,2017-01-06 15:10:26,153.14,25.05
o_002360,1,p_3333,s_568,2017-03-17 13:56:47,250.0,7.98
o_002361,1,p_9853,s_255,2018-04-08 15:22:37,64.78,11.49
o_002362,1,p_6121,s_567,2017-03-07 13:26:52,30.24,28.14
o_002362,2,p_6300,s_669,2017-03-07 13:26:52,197.7,25.81
o_002363,1,p_8018,s_462,2018-07-11 10:25:53,166.01,9.22
o_002364,1,p_6464,s_216,2017-08-10 09:01:26,89.5,6.24
o_002365,1,p_1874,s_882,2018-07-28 15:37:25,444.58,27.19
o_002366,1,p_3463,s_489,2017-11-27 06:54:47,21.9,68.89
o_002367,1,p_7358,s_406,2018-02-20 06:03:31,46.59,13.91
o_002368,1,p_4626,s_657,2018-03-19 06:09:05,212.8,28.87
o_002369,1,p_6688,s_298,2018-03-09 06:23:20,16.29,68.59
o_002370,1,p_8520,s_784,2018-01-09 15:54:44,138.06,7.43
o_002371,1,p_6334,s_552,2018-08-26 16:50:16,18.69,12.47
o_002372,1,p_3157,s_702,2018-04-09 05:24:31,343.28,24.36
o_002373,1,p_8826,s_244,2018-01-11 13:37:40,182.32,12.69
o_002374,1,p_1467,s_612,2018-06-21 12:42:20,233.54,25.36
o_002375,1,p_4054,s_436,2018-02-13 11:42:12,292.25,9.67
o_002376,1,p_9518,s_117,2018-03-04 12:57:43,43.62,9.23
o_002377,1,p_6950,s_997,2017-06-14 08:19:46,279.43,11.7
o_002378,1,p_6011,s_204,2017-01-31 10:28:31,145.49,6.17
o_002379,1,p_6080,s_775,2018-05-09 12:32:40,263.4,29.94
o_002380,1,p_9307,s_678,2018-08-24 16:34:38,81.39,9.17
o_002381,1,p_3280,s_638,2018-04-12 17:15:52,457.51,22.63
o_002382,1,p_5317,s_876,2018-05-15 10:13:37,86.42,23.89
o_002383,1,p_2932,s_169,2017-07-03 19:43:29,29.13,28.74
o_002384,1,p_8929,s_701,2018-03-19 18:07:23,24.13,29.8
o_002385,1,p_1093,s_512,2017-03-19 08:10:44,27.22,22.99
o_002385,2,p_5857,s_153,2017-03-19 08:10:44,151.02,22.91
o_002386,1,p_2960,s_931,2018-07-03 20:19:32,30.59,14.19
o_002387,1,p_5328,s_908,2018-05-31 17:02:19,85.06,25.8
o_002388,1,p_3321,s_904,2018-05-13 17:27:02,253.81,9.12
o_002389,1,p_8268,s_383,2017-07-11 10:09:54,80.36,9.43
o_002390,1,p_1443,s_186,2017-09-07 15:42:49,25.95,10.25
o_002391,1,p_8932,s_554,2017-03-14 08:38:26,42.6,18.59
o_002392,1,p_7322,s_555,2018-05-13 09:02:18,77.38,18.34
o_002393,1,p_6890,s_915,2017-06-02 11:51:41,32.66,14.81
o_002394,1,p_3507,s_375,2018-03-04 21:35:32,74.41,6.37
o_002395,1,p_7534,s_581,2018-03-07 10:56:02,117.7,12.5
o_002396,1,p_9567,s_282,2017-12-16 09:41:20,186.17,13.13
o_002397,1,p_6339,s_337,2017-08-11 09:43:07,230.56,23.83
o_002398,1,p_6280,s_896,2018-06-06 10:37:26,228.29,6.62
o_002399,1,p_2768,s_720,2017-11-20 09:18:05,142.91,19.1
o_002400,1,p_5941,s_853,2018-06-10 23:42:51,97.43,14.67
o_002401,1,p_5052,s_108,2018-05-09 22:31:28,261.05,19.8
o_002402,1,p_6966,s_121,2017-08-25 11:18:00,179.75,18.51
o_002403,1,p_2248,s_178,2017-02-09 07:59:00,133.63,13.3
o_002404,1,p_1388,s_230,2017-08-11 11:42:46,26.46,13.82
o_002405,1,p_3964,s_924,2018-06-01 10:27:52,174.97,16.27
o_002406,1,p_6859,s_758,2017-11-19 18:07:43,44.38,11.53
o_002407,1,p_2502,s_426,2017-10-01 18:42:10,24.41,15.64
o_002408,1,p_4399,s_351,2018-05-14 20:35:51,107.13,15.6
o_002409,1,p_2749,s_452,2018-05-06 14:23:04,85.07,10.53
o_002410,1,p_1707,s_730,2018-01-22 12:14:03,271.31,10.33
o_002411,1,p_4403,s_266,2017-07-06 07:46:50,94.48,11.17
o_002412,1,p_6868,s_920,2018-06-07 18:33:12,133.92,14.82
o_002413,1,p_4177,s_896,2017-02-16 16:24:13,208.63,16.26
o_002414,1,p_2876,s_862,2018-06-14 09:36:10,117.71,16.79
o_002415,1,p_7702,s_266,2018-01-11 14:05:46,33.6,23.84
o_002416,1,p_7876,s_539,2018-06-08 20:33:40,22.66,69.02
o_002417,1,p_6275,s_428,2018-01-21 19:08:57,49.8,19.21
o_002418,1,p_4260,s_640,2017-05-16 12:59:37,103.92,19.86
o_002419,1,p_1873,s_926,2018-04-09 13:59:12,192.64,22.95
o_002420,1,p_2315,s_861,2018-04-18 18:55:17,50.21,10.04
o_002421,1,p_1029,s_720,2017-07-09 06:21:20,292.68,13.07
o_002422,1,p_3506,s_275,2018-02-26 13:50:34,173.26,27.86
o_002423,1,p_7926,s_625,2018-07-29 13:49:29,65.59,24.94
o_002424,1,p_6691,s_604,2017-02-27 15:21:03,46.57,6.86
o_002425,1,p_9032,s_152,2017-10-20 18:18:52,378.24,17.52
o_002426,1,p_7872,s_871,2017-09-14 21:07:40,183.64,13.26
o_002427,1,p_7647,s_908,2017-07-15 05:24:11,91.6,8.11
o_002428,1,p_4367,s_775,2017-11-01 09:03:42,78.76,17.8
o_002428,2,p_3808,s_562,2017-11-01 09:03:42,92.08,19.4
o_002429,1,p_5843,s_209,2018-02-27 13:42:03,146.72,22.46
o_002430,1,p_8012,s_701,2018-01-14 11:00:28,54.25,10.36
o_002431,1,p_6979,s_320,2017-05-12 09:32:49,56.7,26.97
o_002432,1,p_7767,s_272,2017-07-02 09:20:10,17.57,18.82
o_002433,1,p_3574,s_355,2018-03-12 19:42:22,299.58,7.3
o_002434,1,p_6241,s_627,2017-07-21 14:07:25,406.5,24.46
o_002435,1,p_2019,s_775,2017-03-12 13:47:53,155.49,6.45
o_002436,1,p_6654,s_478,2018-07-09 06:11:38,48.65,9.81
o_002437,1,p_6465,s_172,2018-02-16 09:24:11,102.44,29.24
o_002438,1,p_5905,s_927,2017-07-24 18:20:23,32.38,6.17
o_002439,1,p_2502,s_499,2018-03-09 22:49:00,93.22,11.57
o_002439,2,p_5917,s_681,2018-03-09 22:49:00,22.85,6.66
o_002439,3,p_4383,s_950,2018-03-09 22:49:00,65.9,6.07
o_002440,1,p_8003,s_125,2017-10-23 23:28:53,105.77,12.86
o_002441,1,p_5391,s_728,2018-05-09 07:20:17,21.41,11.77
o_002442,1,p_8198,s_956,2018-04-20 20:08:51,44.42,15.9
o_002442,2,p_4924,s_569,2018-04-20 20:08:51,23.99,16.97
o_002443,1,p_3797,s_930,2017-01-08 13:38:45,209.15,18.37
o_002444,1,p_2861,s_914,2018-01-11 14:28:31,233.38,64.07
o_002444,2,p_6883,s_949,2018-01-11 14:28:31,130.95,63.71
o_002444,3,p_1315,s_407,2018-01-11 14:28:31,207.66,66.41
o_002445,1,p_8634,s_737,2017-02-14 02:55:22,99.47,16.45
o_002446,1,p_5240,s_451,2017-03-01 12:39:32,56.81,8.24
o_002447,1,p_5627,s_975,2018-02-27 10:32:57,184.75,8.49
o_002448,1,p_8783,s_306,2018-04-08 16:26:37,124.75,27.15
o_002449,1,p_3203,s_644,2017-11-14 13:46:59,110.66,11.37
o_002450,1,p_9672,s_940,2017-11-01 21:49:51,48.34,14.59
o_002450,2,p_3209,s_506,2017-11-01 21:49:51,30.29,15.08
o_002451,1,p_7896,s_359,2017-08-14 10:57:43,29.59,17.61
o_002452,1,p_5946,s_697,2018-08-20 13:17:09,32.55,19.43
o_002453,1,p_5416,s_842,2018-03-13 16:01:26,370.34,69.35
o_002454,1,p_2847,s_134,2018-08-18 07:07:48,200.98,23.44
o_002455,1,p_9745,s_387,2017-08-29 15:22:54,98.98,23.03
o_002456,1,p_5319,s_731,2018-03-04 07:01:44,48.84,16.87
o_002457,1,p_2992,s_428,2018-04-23 17:34:46,57.09,19.91
o_002458,1,p_6635,s_701,2017-07-10 19:33:00,39.56,10.48
o_002459,1,p_3458,s_677,2017-03-22 11:14:44,452.07,6.45
o_002459,2,p_8659,s_197,2017-03-22 11:14:44,184.48,8.55
o_002459,3,p_6389,s_912,2017-03-22 11:14:44,83.28,13.48
o_002460,1,p_2980,s_644,2017-05-30 22:26:27,67.04,9.88
o_002461,1,p_8742,s_647,2017-04-08 23:04:25,177.11,13.35
o_002462,1,p_6703,s_513,2017-03-08 18:44:59,335.0,9.75
o_002463,1,p_9346,s_114,2018-05-18 23:32:49,78.03,12.92
o_002464,1,p_4504,s_847,2017-08-24 09:51:54,26.2,8.93
o_002465,1,p_6217,s_573,2018-02-26 08:56:12,307.36,29.97
o_002466,1,p_9848,s_348,2018-02-25 14:53:31,120.07,26.55
o_002467,1,p_2222,s_192,2018-06-02 16:10:41,83.92,26.02
o_002468,1,p_5417,s_870,2018-05-26 12:46:38,158.87,16.51
o_002469,1,p_8602,s_195,2018-08-16 14:36:49,238.87,10.44
o_002470,1,p_5542,s_386,2018-07-31 17:00:50,29.67,26.88
o_002471,1,p_3300,s_525,2018-07-07 13:24:30,380.42,7.51
o_002472,1,p_9245,s_108,2018-04-11 17:37:56,171.68,9.97
o_002473,1,p_1379,s_437,2017-10-02 13:38:34,43.25,9.32
o_002474,1,p_5632,s_781,2017-05-30 10:59:21,35.07,14.89
o_002475,1,p_9191,s_933,2017-03-04 17:42:42,23.99,23.52
o_002476,1,p_3880,s_147,2018-04-24 03:46:37,123.44,18.38
o_002477,1,p_5221,s_669,2018-02-23 08:52:54,22.43,16.58
o_002478,1,p_6573,s_990,2018-03-16 16:18:31,56.7,25.64
o_002479,1,p_1543,s_210,2017-07-21 21:01:11,198.42,28.7
o_002480,1,p_6541,s_519,2018-06-27 05:20:36,72.3,14.32
o_002481,1,p_1352,s_315,2018-08-08 06:23:19,133.04,10.45
o_002482,1,p_8645,s_314,2018-07-20 01:23:17,53.82,14.04
o_002483,1,p_1083,s_389,2018-07-12 23:40:48,67.0,7.37
o_002484,1,p_1780,s_266,2018-01-22 09:55:09,58.44,22.51
o_002485,1,p_4469,s_266,2018-01-01 17:17:47,182.25,7.73
o_002486,1,p_1328,s_410,2017-12-19 10:43:15,43.43,15.15
o_002487,1,p_4914,s_442,2017-03-14 16:11:09,102.32,25.56
o_002488,1,p_1231,s_232,2017-12-07 16:41:54,133.03,10.31
o_002489,1,p_8915,s_576,2017-02-02 11:51:02,150.0,8.8
o_002490,1,p_9298,s_295,2017-09-17 11:42:55,57.68,23.3
o_002491,1,p_8291,s_196,2018-07-21 12:37:22,223.72,5.67
o_002492,1,p_2400,s_395,2017-12-21 08:22:15,30.56,25.05
o_002493,1,p_2257,s_768,2017-05-14 09:47:20,102.98,10.54
o_002493,2,p_5811,s_178,2017-05-14 09:47:20,57.61,8.48
o_002493,3,p_3615,s_759,2017-05-14 09:47:20,215.44,10.59
o_002494,1,p_4809,s_257,2018-03-28 13:34:32,56.06,12.08
o_002495,1,p_7954,s_796,2018-02-13 09:51:12,103.72,28.74
o_002495,2,p_6897,s_307,2018-02-13 09:51:12,179.16,27.98
o_002496,1,p_8822,s_360,2017-09-12 19:56:00,387.39,11.95
o_002497,1,p_6778,s_153,2017-07-18 20:57:19,142.41,13.54
o_002498,1,p_4254,s_153,2018-04-09 12:45:02,282.82,13.57
o_002499,1,p_3829,s_759,2017-08-08 07:35:53,82.23,6.9
o_002500,1,p_3920,s_157,2017-03-21 13:19:52,100.4,12.59
o_002501,1,p_2078,s_511,2017-05-08 08:27:04,26.57,25.33
o_002502,1,p_1276,s_333,2017-05-14 21:19:37,101.55,18.27
o_002503,1,p_6512,s_630,2017-05-31 13:27:30,200.64,13.21
o_002504,1,p_8681,s_695,2017-08-28 15:32:02,50.02,14.49
o_002505,1,p_3268,s_808,2017-12-27 14:25:04,192.63,10.79
o_002506,1,p_2375,s_948,2017-10-20 11:13:27,98.51,14.74
o_002507,1,p_1143,s_676,2018-04-18 14:24:43,152.29,15.59
o_002508,1,p_6157,s_328,2017-03-17 14:41:11,58.88,6.62
o_002509,1,p_7888,s_769,2017-06-13 06:42:05,215.35,13.67
o_002510,1,p_3797,s_144,2018-03-08 08:19:18,52.55,17.44
o_002511,1,p_1927,s_470,2018-07-09 12:59:51,120.34,7.1
o_002512,1,p_8715,s_337,2018-06-24 18:45:29,131.07,24.85
o_002513,1,p_6698,s_741,2018-05-14 13:14:58,60.68,22.16
o_002514,1,p_9693,s_222,2018-05-28 08:02:06,97.04,19.3
o_002515,1,p_5510,s_397,2017-11-28 17:49:24,237.82,12.95
o_002516,1,p_1484,s_927,2017-07-22 16:40:36,192.72,19.14
o_002517,1,p_3456,s_962,2018-01-18 08:56:17,70.72,7.38
o_002518,1,p_3342,s_785,2017-04-28 08:42:28,317.23,17.41
o_002519,1,p_8469,s_948,2018-05-09 05:56:48,33.87,23.76
o_002520,1,p_3408,s_227,2017-07-30 11:42:43,58.75,22.76
o_002521,1,p_9544,s_228,2017-01-23 14:42:30,43.73,14.21
o_002522,1,p_6631,s_148,2018-02-15 17:21:01,270.26,22.62
o_002523,1,p_4998,s_913,2018-07-19 20:23:56,69.51,17.03
o_002524,1,p_4878,s_682,2017-12-28 18:43:20,278.14,7.91
o_002525,1,p_9220,s_538,2017-03-21 08:40:57,80.4,8.88
o_002526,1,p_5081,s_509,2018-04-02 12:49:29,36.51,10.41
o_002527,1,p_4149,s_390,2018-06-10 11:38:22,55.4,14.42
o_002528,1,p_8030,s_869,2018-08-06 14:17:11,109.28,24.76
o_002529,1,p_8724,s_134,2018-07-02 14:03:55,237.4,8.95
o_002530,1,p_4757,s_889,2018-04-11 18:01:12,16.27,15.5
o_002530,2,p_2273,s_196,2018-04-11 18:01:12,21.77,15.53
o_002531,1,p_1115,s_174,2018-05-31 09:14:39,171.81,28.88
o_002532,1,p_2836,s_575,2017-01-16 17:39:33,196.26,6.81
o_002533,1,p_6666,s_223,2018-05-07 22:24:33,160.08,9.94
o_002534,1,p_8675,s_524,2018-08-31 13:14:28,22.82,22.52
o_002535,1,p_4570,s_489,2018-04-17 07:41:25,130.47,28.0
o_002536,1,p_5418,s_478,2017-09-01 14:07:23,116.55,19.46
o_002537,1,p_4206,s_730,2018-05-31 09:46:14,68.23,22.48
o_002538,1,p_1038,s_494,2018-03-28 15:04:04,50.36,6.5
o_002539,1,p_2758,s_315,2017-01-07 12:57:06,174.48,13.1
o_002540,1,p_5708,s_973,2018-07-14 19:27:09,85.93,25.63
o_002541,1,p_7117,s_314,2018-07-31 08:33:39,32.87,19.36
o_002542,1,p_9084,s_342,2018-01-22 22:36:15,33.43,13.06
o_002543,1,p_1722,s_789,2017-03-26 15:47:24,66.95,67.24
o_002544,1,p_9182,s_772,2017-02-15 21:20:03,412.91,14.75
o_002545,1,p_4813,s_821,2017-06-06 19:10:00,60.2,9.38
o_002546,1,p_5522,s_528,2018-05-22 12:38:12,38.58,22.97
o_002547,1,p_7507,s_116,2018-01-26 08:56:42,103.88,11.8
o_002548,1,p_7864,s_717,2018-01-18 09:39:28,212.03,17.98
o_002549,1,p_2963,s_463,2017-08-01 23:56:30,80.33,23.36
o_002550,1,p_7832,s_802,2017-04-20 16:11:16,81.15,22.83
o_002551,1,p_3978,s_312,2018-05-21 11:00:44,147.21,6.63
o_002552,1,p_7327,s_269,2017-07-13 12:47:59,59.33,7.26
o_002552,2,p_7821,s_509,2017-07-13 12:47:59,26.1,9.69
o_002552,3,p_2951,s_548,2017-07-13 12:47:59,214.89,5.66
o_002553,1,p_4836,s_454,2017-07-30 18:35:55,36.65,12.34
o_002554,1,p_2940,s_754,2017-10-23 19:56:39,127.65,9.54
o_002555,1,p_9332,s_789,2017-03-29 14:59:45,32.27,15.52
o_002555,2,p_1089,s_699,2017-03-29 14:59:45,74.81,12.66
o_002556,1,p_8434,s_203,2018-01-11 13:15:52,29.26,68.68
o_002557,1,p_4191,s_346,2018-02-23 12:59:17,84.75,9.88
o_002558,1,p_5821,s_905,2017-02-24 17:24:42,33.91,11.36
o_002559,1,p_1179,s_701,2017-09-01 08:09:47,91.0,12.58
o_002560,1,p_4827,s_477,2017-12-31 07:50:19,43.04,18.29
o_002560,2,p_4599,s_555,2017-12-31 07:50:19,169.81,12.23
o_002561,1,p_5973,s_243,2018-01-13 19:58:09,165.24,27.6
o_002561,2,p_4095,s_135,2018-01-13 19:58:09,54.83,25.31
o_002561,3,p_5452,s_723,2018-01-13 19:58:09,22.25,23.72
o_002562,1,p_3842,s_667,2018-01-20 20:36:34,221.53,12.43
o_002563,1,p_5860,s_111,2018-04-20 15:20:39,106.69,6.55
o_002564,1,p_4977,s_241,2017-05-07 14:06:10,47.12,25.2
o_002565,1,p_7302,s_936,2018-04-19 14:00:53,69.02,8.37
o_002566,1,p_1754,s_312,2018-01-28 17:57:26,213.2,12.17
o_002567,1,p_1300,s_102,2018-01-14 08:22:43,284.65,16.3
o_002568,1,p_2713,s_355,2017-11-29 17:56:33,111.11,26.06
o_002569,1,p_4741,s_358,2018-05-27 18:58:16,161.59,26.58
o_002570,1,p_6020,s_682,2018-07-31 22:43:14,121.44,18.41
o_002571,1,p_2286,s_294,2017-10-22 23:03:08,67.03,13.06
o_002571,2,p_6352,s_325,2017-10-22 23:03:08,193.05,13.47
o_002572,1,p_6874,s_768,2018-03-01 22:17:14,82.54,16.49
o_002573,1,p_6635,s_745,2018-08-07 12:26:12,20.34,5.57
o_002574,1,p_2533,s_826,2018-06-20 11:43:30,196.74,25.76
o_002575,1,p_6124,s_864,2018-03-23 19:01:49,74.76,29.28
o_002576,1,p_2329,s_828,2018-05-02 15:04:24,31.36,27.6
o_002577,1,p_3020,s_475,2018-08-02 19:55:47,65.68,10.98
o_002578,1,p_3258,s_977,2018-03-31 16:05:03,79.65,65.94
o_002579,1,p_7535,s_376,2017-09-15 22:39:02,36.36,23.97
o_002580,1,p_7053,s_921,2018-01-20 15:38:14,263.31,29.18
o_002581,1,p_9258,s_550,2017-12-23 14:46:40,51.34,25.53
o_002582,1,p_7475,s_652,2018-03-31 10:23:51,47.19,10.02
o_002583,1,p_8741,s_608,2018-09-01 15:44:18,75.35,14.04
o_002584,1,p_2682,s_951,2017-06-15 13:44:09,18.34,19.24
o_002585,1,p_3484,s_335,2018-05-20 11:45:07,366.46,18.91
o_002586,1,p_6182,s_828,2018-02-20 16:25:40,21.41,18.84
o_002587,1,p_8233,s_283,2017-06-19 14:53:36,117.5,28.44
o_002587,2,p_8136,s_435,2017-06-19 14:53:36,83.2,27.41
o_002587,3,p_2868,s_726,2017-06-19 14:53:36,198.13,29.01
o_002588,1,p_3904,s_545,2018-08-07 21:01:12,137.0,24.32
o_002589,1,p_1815,s_491,2017-01-30 19:04:23,297.3,14.06
o_002590,1,p_4970,s_542,2017-08-27 17:43:08,130.38,5.72
o_002591,1,p_9512,s_887,2017-03-27 11:55:52,180.11,18.66
o_002592,1,p_2056,s_618,2018-04-19 20:47:01,92.23,13.05
o_002593,1,p_3911,s_569,2018-04-10 18:57:36,250.87,10.38
o_002594,1,p_6172,s_321,2017-09-20 20:34:47,545.45,6.08
o_002595,1,p_2557,s_789,2017-10-28 11:26:53,292.92,8.99
o_002596,1,p_1294,s_958,2017-06-16 00:17:27,31.04,13.04
o_002597,1,p_3070,s_262,2018-07-26 13:27:24,229.01,27.91
o_002597,2,p_3238,s_957,2018-07-26 13:27:24,15.6,23.92
o_002598,1,p_6915,s_226,2018-04-18 11:18:03,176.97,9.52
o_002599,1,p_1687,s_440,2018-01-07 16:24:22,198.09,6.93
o_002600,1,p_8799,s_499,2018-05-12 15:16:32,121.86,13.47
o_002600,2,p_6118,s_206,2018-05-12 15:16:32,301.02,17.05
o_002600,3,p_4585,s_956,2018-05-12 15:16:32,32.71,15.27
o_002601,1,p_2154,s_387,2017-06-17 11:51:31,104.86,13.96
o_002602,1,p_9820,s_779,2018-01-23 12:26:10,134.39,10.84
o_002603,1,p_9365,s_289,2018-07-03 09:17:12,61.78,5.88
o_002604,1,p_2846,s_978,2018-06-11 16:44:58,24.0,28.64
o_002605,1,p_7190,s_659,2017-03-22 10:47:46,93.95,23.48
o_002606,1,p_7594,s_813,2018-08-20 13:01:49,203.69,12.75
o_002607,1,p_9753,s_621,2017-05-17 16:38:01,128.14,7.05
o_002607,2,p_2210,s_701,2017-05-17 16:38:01,151.5,6.61
o_002607,3,p_6849,s_535,2017-05-17 16:38:01,393.45,9.55
o_002608,1,p_1620,s_500,2018-02-28 23:16:51,147.58,16.7
o_002608,2,p_9937,s_997,2018-02-28 23:16:51,106.31,19.24
o_002608,3,p_1708,s_667,2018-02-28 23:16:51,93.78,12.12
o_002609,1,p_8978,s_507,2018-04-07 10:48:41,91.84,27.11
o_002610,1,p_7001,s_650,2017-05-19 13:24:21,100.01,22.53
o_002611,1,p_5195,s_786,2018-06-11 23:30:40,302.79,10.82
o_002612,1,p_5747,s_743,2017-01-27 15:14:45,216.31,23.73
o_002613,1,p_5686,s_242,2018-08-08 12:22:19,190.12,27.51
o_002614,1,p_1075,s_524,2018-02-12 10:46:19,368.48,16.27
o_002615,1,p_9180,s_144,2018-06-02 22:22:22,27.19,29.39
o_002616,1,p_5290,s_635,2018-06-01 09:09:50,437.86,8.71
o_002617,1,p_6289,s_554,2017-07-29 11:53:46,96.65,12.66
o_002618,1,p_7936,s_231,2018-03-11 14:05:25,65.26,8.89
o_002619,1,p_6065,s_229,2017-06-25 09:28:05,65.25,9.28
o_002620,1,p_6203,s_774,2018-06-11 16:32:06,235.51,27.7
o_002620,2,p_4101,s_136,2018-06-11 16:32:06,273.81,22.71
o_002621,1,p_9653,s_313,2018-05-13 16:25:36,268.37,23.3
o_002622,1,p_3557,s_596,2018-04-21 18:47:39,141.9,27.11
o_002622,2,p_6106,s_266,2018-04-21 18:47:39,151.36,23.21
o_002623,1,p_2963,s_417,2017-07-14 16:44:17,185.81,9.7
o_002624,1,p_3864,s_429,2018-08-22 10:45:44,449.69,22.95
o_002625,1,p_1633,s_916,2018-07-06 18:32:41,240.55,17.26
o_002626,1,p_1841,s_732,2018-04-06 10:02:36,83.59,7.88
o_002627,1,p_8028,s_954,2017-09-14 21:42:56,492.53,24.27
o_002628,1,p_2297,s_137,2018-06-13 12:52:09,117.23,7.77
o_002629,1,p_9483,s_752,2018-01-28 07:10:42,129.84,17.65
o_002630,1,p_5252,s_754,2018-03-19 10:55:59,127.34,24.24
o_002630,2,p_1607,s_424,2018-03-19 10:55:59,47.41,23.25
o_002631,1,p_5442,s_430,2017-04-27 18:22:53,260.44,12.9
o_002632,1,p_2645,s_779,2017-12-26 11:41:03,59.54,7.34
o_002633,1,p_6657,s_195,2018-06-27 18:12:45,287.59,9.48
o_002634,1,p_4984,s_442,2018-04-09 13:14:17,522.43,12.15
o_002635,1,p_1851,s_995,2018-02-14 15:11:28,432.58,26.56
o_002635,2,p_3045,s_714,2018-02-14 15:11:28,130.42,28.79
o_002636,1,p_8717,s_581,2018-04-30 10:10:22,186.31,6.26
o_002637,1,p_4014,s_997,2017-01-23 07:09:04,161.87,5.6
o_002638,1,p_7221,s_283,2017-09-26 14:00:44,79.83,6.14
o_002639,1,p_1377,s_610,2018-01-20 10:59:26,321.31,7.13
o_002640,1,p_3322,s_171,2018-05-22 15:49:37,221.46,5.84
o_002640,2,p_3919,s_163,2018-05-22 15:49:37,197.67,12.4
o_002641,1,p_1535,s_154,2018-04-30 09:36:41,143.96,13.05
o_002642,1,p_3256,s_341,2018-03-09 13:16:49,139.99,7.39
o_002643,1,p_4367,s_481,2017-10-28 03:56:02,101.77,9.43
o_002644,1,p_5793,s_445,2017-03-07 11:53:47,28.02,26.22
o_002645,1,p_1213,s_335,2017-10-25 17:39:44,245.77,64.3
o_002646,1,p_3192,s_267,2018-07-29 08:31:40,35.11,29.83
o_002647,1,p_8576,s_142,2017-04-28 21:43:09,21.65,14.16
o_002647,2,p_7634,s_629,2017-04-28 21:43:09,79.46,17.46
o_002647,3,p_4012,s_651,2017-04-28 21:43:09,407.11,17.54
o_002648,1,p_3478,s_119,2017-10-24 01:08:28,233.94,14.44
o_002649,1,p_9250,s_981,2017-12-08 20:53:58,16.4,24.37
o_002650,1,p_7305,s_957,2018-06-11 14:38:43,38.46,27.55
o_002651,1,p_4704,s_758,2018-05-03 09:13:12,120.65,28.57
o_002652,1,p_8207,s_483,2017-10-12 15:57:14,57.56,16.36
o_002653,1,p_1946,s_297,2017-06-02 08:02:52,100.7,69.29
o_002654,1,p_6815,s_288,2018-07-29 05:13:15,103.74,9.04
o_002655,1,p_4551,s_255,2018-03-08 16:03:53,106.04,13.03
o_002656,1,p_3587,s_110,2018-04-16 15:30:07,106.24,13.02
o_002657,1,p_3157,s_179,2018-02-08 15:50:11,293.06,10.9
o_002658,1,p_4775,s_780,2017-10-28 20:15:16,19.77,13.08
o_002658,2,p_9997,s_308,2017-10-28 20:15:16,42.6,10.93
o_002659,1,p_6283,s_515,2018-05-29 13:39:38,89.42,11.28
o_002660,1,p_1912,s_467,2018-01-29 15:35:18,428.81,13.13
o_002661,1,p_4223,s_423,2017-11-16 12:27:33,84.17,6.14
o_002662,1,p_3442,s_376,2017-03-14 20:11:59,223.95,19.92
o_002663,1,p_7850,s_463,2018-03-05 19:08:33,54.96,23.78
o_002664,1,p_6148,s_959,2017-08-21 21:50:46,145.0,7.6
o_002665,1,p_1495,s_789,2018-06-27 08:51:59,177.98,29.01
o_002665,2,p_6674,s_694,2018-06-27 08:51:59,49.67,26.61
o_002666,1,p_2108,s_299,2018-04-19 06:48:07,287.51,9.03
o_002667,1,p_1993,s_480,2017-11-21 20:22:46,32.85,17.84
o_002668,1,p_5038,s_409,2018-06-02 11:29:57,22.34,9.06
o_002669,1,p_2375,s_743,2018-03-24 12:29:56,21.97,29.79
o_002670,1,p_2084,s_572,2018-06-11 07:17:52,203.28,28.14
o_002671,1,p_4864,s_962,2018-02-08 13:49:43,176.15,27.45
o_002672,1,p_1336,s_994,2018-03-02 16:57:40,81.72,9.21
o_002673,1,p_7386,s_612,2017-03-02 15:35:03,20.01,11.7
o_002674,1,p_3401,s_143,2017-06-12 05:57:36,97.48,13.77
o_002675,1,p_8437,s_750,2018-08-15 15:47:29,86.07,24.18
o_002675,2,p_5905,s_710,2018-08-15 15:47:29,190.63,26.77
o_002676,1,p_6011,s_866,2017-09-01 11:20:41,73.81,8.77
o_002677,1,p_3330,s_122,2018-07-23 20:43:20,460.88,11.15
o_002677,2,p_1903,s_985,2018-07-23 20:43:20,38.52,10.96
o_002677,3,p_9590,s_371,2018-07-23 20:43:20,476.98,10.9
o_002678,1,p_5432,s_673,2018-06-20 07:04:30,102.94,12.47
o_002679,1,p_5023,s_617,2018-05-22 13:00:23,33.25,15.65
o_002680,1,p_6794,s_696,2018-03-01 09:37:44,53.74,10.92
o_002681,1,p_6791,s_858,2018-05-03 21:58:19,298.53,22.36
o_002681,2,p_1468,s_254,2018-05-03 21:58:19,111.53,22.22
o_002682,1,p_5208,s_722,2017-08-16 16:16:04,142.53,9.02
o_002683,1,p_4466,s_599,2017-09-19 17:21:30,72.79,13.98
o_002684,1,p_3587,s_202,2018-01-19 04:34:54,123.96,9.97
o_002685,1,p_1014,s_279,2018-03-29 07:21:33,293.23,10.06
o_002686,1,p_1917,s_826,2018-07-01 13:31:37,167.38,6.9
o_002687,1,p_2278,s_984,2018-03-08 14:10:23,162.64,26.86
o_002688,1,p_7957,s_162,2017-01-13 10:40:34,66.76,10.24
o_002689,1,p_7702,s_526,2018-04-21 12:02:15,18.08,13.07
o_002690,1,p_1246,s_754,2018-05-10 15:34:07,129.51,17.77
o_002691,1,p_9896,s_811,2018-05-22 17:20:50,134.4,12.72
o_002692,1,p_9704,s_661,2018-01-17 12:59:58,100.65,65.05
o_002692,2,p_8136,s_143,2018-01-17 12:59:58,42.45,69.93
o_002692,3,p_2805,s_946,2018-01-17 12:59:58,280.73,68.92
o_002693,1,p_4037,s_874,2018-03-27 22:51:28,188.16,23.32
o_002694,1,p_5471,s_979,2018-02-10 12:01:06,171.1,25.72
o_002695,1,p_6680,s_528,2018-04-09 15:39:25,69.77,7.73
o_002696,1,p_6087,s_696,2017-07-31 14:15:54,55.21,12.16
o_002697,1,p_9792,s_474,2017-08-10 12:14:21,23.4,26.78
o_002698,1,p_1351,s_881,2017-04-18 15:30:25,52.77,8.07
o_002699,1,p_7483,s_245,2017-05-22 14:28:47,260.64,7.3
o_002700,1,p_2312,s_889,2017-03-27 09:54:38,479.98,22.61
o_002701,1,p_8577,s_533,2018-02-24 14:37:32,70.36,25.18
o_002702,1,p_4825,s_910,2017-02-09 10:21:45,334.56,17.82
o_002703,1,p_1839,s_744,2018-01-10 22:19:24,129.21,9.64
o_002704,1,p_5527,s_676,2017-05-30 17:46:36,94.07,8.99
o_002705,1,p_1318,s_970,2018-04-11 07:07:28,26.27,28.47
o_002706,1,p_9028,s_495,2018-07-07 07:40:22,97.57,16.22
o_002707,1,p_1296,s_487,2017-09-28 18:18:34,84.3,27.37
o_002708,1,p_5507,s_528,2017-09-10 10:03:51,136.96,25.6
o_002709,1,p_1956,s_630,2018-07-29 13:32:34,112.64,11.42
o_002710,1,p_1161,s_898,2018-04-21 09:27:22,37.87,18.28
o_002710,2,p_9024,s_410,2018-04-21 09:27:22,45.91,15.37
o_002711,1,p_9322,s_102,2017-01-24 14:09:58,37.41,7.99
o_002712,1,p_7431,s_168,2018-04-16 11:40:59,198.89,62.88
o_002713,1,p_4606,s_623,2018-03-04 07:26:18,46.48,18.59
o_002714,1,p_9403,s_219,2017-04-24 13:53:53,220.31,11.6
o_002715,1,p_7414,s_538,2018-05-24 09:01:02,218.84,19.53
o_002716,1,p_5532,s_879,2018-04-21 12:44:32,46.72,63.33
o_002717,1,p_2286,s_831,2017-08-02 17:26:24,136.32,15.67
o_002718,1,p_5721,s_753,2017-08-14 12:22:05,525.01,16.44
o_002719,1,p_5448,s_875,2018-07-26 10:04:19,47.68,14.4
o_002720,1,p_7777,s_647,2017-06-13 05:48:49,41.87,18.69
o_002721,1,p_6112,s_324,2017-10-12 07:02:18,126.91,25.36
o_002722,1,p_9289,s_412,2017-08-11 23:22:43,37.84,28.04
o_002723,1,p_6524,s_408,2018-05-11 18:08:06,82.22,11.22
o_002724,1,p_5037,s_106,2018-05-02 10:14:20,53.91,13.26
o_002725,1,p_9311,s_688,2018-06-16 19:12:44,207.01,7.2
o_002726,1,p_7164,s_223,2018-07-25 09:50:37,181.55,9.47
o_002726,2,p_6788,s_760,2018-07-25 09:50:37,291.23,8.06
o_002727,1,p_4722,s_112,2018-05-15 10:43:57,34.67,29.79
o_002727,2,p_6326,s_651,2018-05-15 10:43:57,59.6,23.94
o_002728,1,p_8116,s_812,2018-07-13 07:38:13,81.32,29.29
o_002729,1,p_6966,s_677,2017-09-26 08:09:42,212.13,25.13
o_002730,1,p_7828,s_800,2017-03-06 14:40:48,201.05,10.2
o_002731,1,p_3638,s_792,2017-05-02 18:48:02,156.49,14.74
o_002732,1,p_4820,s_690,2018-01-31 10:15:57,125.15,8.79
o_002733,1,p_7570,s_948,2018-08-06 08:43:19,24.42,22.37
o_002734,1,p_4768,s_753,2017-06-08 15:02:31,61.23,18.67
o_002735,1,p_8765,s_216,2018-06-14 17:18:44,26.47,12.83
o_002736,1,p_8195,s_357,2018-02-08 06:02:24,50.83,7.96
o_002736,2,p_9188,s_262,2018-02-08 06:02:24,134.63,13.2
o_002737,1,p_5589,s_301,2018-04-18 16:17:07,161.24,7.49
o_002738,1,p_4520,s_379,2018-06-11 18:59:41,140.86,11.92
o_002739,1,p_9212,s_792,2017-07-28 16:49:47,17.34,27.2
o_002740,1,p_2182,s_198,2018-06-02 23:58:25,264.46,10.73
o_002740,2,p_9955,s_806,2018-06-02 23:58:25,65.75,13.34
o_002741,1,p_4945,s_334,2018-02-17 11:44:00,67.76,6.39
o_002742,1,p_7966,s_634,2018-04-26 10:58:48,29.9,22.66
o_002743,1,p_1031,s_144,2017-11-11 22:47:20,73.23,13.24
o_002744,1,p_2382,s_165,2018-05-25 15:44:32,23.32,5.81
o_002745,1,p_9517,s_729,2017-03-03 08:29:55,128.23,27.54
o_002746,1,p_6569,s_585,2018-08-06 10:31:50,93.3,18.54
o_002747,1,p_3661,s_709,2018-02-09 22:30:40,83.08,65.6
o_002748,1,p_4844,s_578,2018-09-02 15:14:40,130.48,9.02
o_002749,1,p_5827,s_849,2018-02-19 07:46:30,51.66,29.76
o_002750,1,p_5194,s_244,2017-04-27 15:03:19,101.78,18.86
o_002751,1,p_3977,s_781,2018-07-13 07:58:01,85.39,25.76
o_002752,1,p_9550,s_523,2018-08-27 16:04:38,53.73,23.34
o_002753,1,p_3424,s_222,2018-08-29 21:36:52,80.81,5.52
o_002754,1,p_1451,s_112,2017-02-01 14:14:58,153.03,27.43
o_002755,1,p_5407,s_341,2018-03-29 17:56:02,186.49,6.73
o_002756,1,p_2714,s_652,2018-06-27 09:37:57,802.41,9.6
o_002756,2,p_6969,s_878,2018-06-27 09:37:57,25.31,10.87
o_002757,1,p_7778,s_518,2017-08-19 13:21:59,104.67,14.32
o_002757,2,p_2042,s_748,2017-08-19 13:21:59,73.09,17.31
o_002758,1,p_2666,s_200,2018-06-16 11:00:21,15.25,62.51
o_002759,1,p_1269,s_627,2018-08-07 22:07:11,48.79,6.63
o_002760,1,p_2909,s_326,2018-08-15 09:26:23,48.16,11.3
o_002761,1,p_1270,s_209,2017-07-09 13:19:39,40.81,8.86
o_002762,1,p_3495,s_707,2018-03-03 18:55:59,120.33,18.26
o_002762,2,p_8874,s_608,2018-03-03 18:55:59,46.09,15.62
o_002763,1,p_7421,s_832,2017-11-17 21:40:37,47.4,7.58
o_002764,1,p_9604,s_512,2018-06-11 22:02:31,192.71,28.03
o_002765,1,p_1505,s_984,2017-02-09 17:34:55,95.68,10.18
o_002766,1,p_7813,s_300,2018-06-14 13:00:40,244.65,13.69
o_002767,1,p_1649,s_858,2018-03-09 12:24:46,24.66,11.41
o_002768,1,p_6673,s_815,2017-01-11 16:36:10,16.45,10.79
o_002769,1,p_1228,s_399,2018-04-25 13:38:14,65.25,13.43
o_002769,2,p_4043,s_118,2018-04-25 13:38:14,22.25,10.81
o_002770,1,p_6895,s_574,2018-08-23 16:29:32,40.72,12.76
o_002771,1,p_3356,s_710,2018-05-29 14:11:35,221.3,6.7
o_002772,1,p_5869,s_331,2018-05-24 16:56:30,129.36,15.07
o_002772,2,p_9233,s_733,2018-05-24 16:56:30,58.23,16.69
o_002772,3,p_2877,s_923,2018-05-24 16:56:30,153.13,15.46
o_002773,1,p_7395,s_462,2018-02-25 19:22:05,134.01,6.67
o_002774,1,p_3654,s_963,2017-03-29 13:57:10,53.56,24.85
o_002775,1,p_9287,s_408,2018-01-26 08:36:05,21.9,18.54
o_002776,1,p_9826,s_433,2018-01-13 16:58:18,97.13,28.07
o_002777,1,p_8151,s_801,2017-09-16 12:59:39,99.44,26.27
o_002777,2,p_5023,s_471,2017-09-16 12:59:39,67.81,24.68
o_002777,3,p_9181,s_114,2017-09-16 12:59:39,105.8,29.41
o_002778,1,p_6333,s_153,2018-04-15 14:35:51,78.01,10.18
o_002779,1,p_5023,s_277,2018-04-08 16:43:28,129.57,9.0
o_002780,1,p_6234,s_752,2018-03-05 16:27:17,151.33,14.36
o_002780,2,p_1761,s_682,2018-03-05 16:27:17,170.88,19.14
o_002780,3,p_4231,s_850,2018-03-05 16:27:17,161.57,18.88
o_002781,1,p_2699,s_945,2017-06-08 13:39:04,39.6,10.07
o_002782,1,p_9118,s_564,2018-05-26 09:42:42,214.88,13.73
o_002783,1,p_9326,s_380,2018-03-18 07:03:38,136.2,18.19
o_002784,1,p_7972,s_808,2018-08-02 07:23:41,102.54,22.54
o_002785,1,p_9879,s_883,2018-07-21 12:27:46,189.22,14.65
o_002785,2,p_2243,s_264,2018-07-21 12:27:46,163.91,19.46
o_002786,1,p_6620,s_755,2017-08-27 20:48:14,601.19,23.54
o_002786,2,p_3063,s_174,2017-08-27 20:48:14,233.26,29.14
o_002787,1,p_6585,s_933,2018-01-24 12:27:38,184.16,15.74
o_002788,1,p_1345,s_713,2018-07-24 07:38:16,254.38,18.67
o_002789,1,p_3304,s_969,2017-02-24 16:55:21,26.23,7.55
o_002789,2,p_5069,s_145,2017-02-24 16:55:21,229.99,12.29
o_002790,1,p_6393,s_668,2018-03-05 08:42:57,195.7,8.34
o_002791,1,p_7085,s_554,2017-11-26 13:35:07,386.61,11.93
o_002792,1,p_2989,s_409,2018-06-29 07:30:21,612.75,12.96
o_002793,1,p_3519,s_304,2017-08-20 14:04:16,22.59,29.69
o_002794,1,p_3433,s_803,2017-06-20 12:35:53,95.28,13.05
o_002795,1,p_2488,s_250,2018-05-16 16:57:13,35.83,67.01
o_002796,1,p_1582,s_593,2018-02-08 12:57:39,146.73,12.03
o_002797,1,p_5159,s_123,2018-05-22 22:38:49,83.15,22.93
o_002798,1,p_5892,s_921,2018-02-10 12:24:44,63.43,10.76
o_002798,2,p_6220,s_460,2018-02-10 12:24:44,56.24,12.91
o_002799,1,p_1310,s_325,2018-05-09 19:24:31,51.67,6.21
o_002800,1,p_4252,s_981,2018-05-17 13:26:29,294.86,29.53
o_002801,1,p_3681,s_774,2017-01-14 16:52:41,124.23,11.73
o_002802,1,p_6170,s_619,2018-07-16 15:03:17,166.63,17.52
o_002803,1,p_4190,s_869,2018-02-12 07:52:27,23.32,12.25
o_002804,1,p_3096,s_266,2018-03-05 10:50:01,141.51,15.99
o_002805,1,p_2841,s_366,2017-05-17 13:51:06,27.57,7.97
o_002806,1,p_3785,s_607,2017-06-19 06:04:19,81.29,15.39
o_002807,1,p_2924,s_124,2017-06-17 08:30:16,78.98,16.58
o_002808,1,p_6840,s_785,2017-10-08 06:37:34,345.04,13.3
o_002809,1,p_4522,s_866,2018-08-01 07:11:45,221.9,6.72
o_002810,1,p_2016,s_481,2018-05-26 13:10:04,95.26,11.88
o_002811,1,p_4857,s_383,2018-07-03 16:59:34,42.31,23.06
o_002812,1,p_6880,s_461,2018-05-27 13:17:16,245.15,5.94
o_002813,1,p_3868,s_389,2018-05-18 08:52:18,119.63,26.91
o_002813,2,p_8761,s_798,2018-05-18 08:52:18,105.64,22.4
o_002813,3,p_5463,s_871,2018-05-18 08:52:18,166.86,27.63
o_002814,1,p_4113,s_202,2017-05-29 10:47:34,386.71,5.75
o_002815,1,p_9995,s_647,2017-11-11 10:33:54,48.87,16.55
o_002816,1,p_2327,s_137,2017-10-25 08:19:10,46.98,25.24
o_002817,1,p_4593,s_820,2017-02-08 22:30:17,38.61,13.65
o_002818,1,p_7006,s_255,2018-01-10 12:13:02,84.3,6.27
o_002818,2,p_1133,s_604,2018-01-10 12:13:02,43.51,8.95
o_002818,3,p_3855,s_976,2018-01-10 12:13:02,212.71,12.24
o_002819,1,p_8350,s_825,2018-07-17 08:16:55,116.15,23.94
o_002820,1,p_8457,s_253,2018-07-31 13:15:44,46.73,12.57
o_002821,1,p_3573,s_618,2018-07-08 13:00:32,17.2,67.58
o_002822,1,p_3280,s_200,2017-03-30 17:19:10,223.7,11.94
o_002823,1,p_4462,s_264,2018-04-28 14:36:21,65.14,7.11
o_002824,1,p_1818,s_428,2018-05-11 20:01:56,78.55,17.82
o_002825,1,p_3020,s_443,2017-12-31 19:21:09,240.75,29.21
o_002826,1,p_9678,s_687,2018-08-28 10:32:12,176.46,19.06
o_002827,1,p_1866,s_494,2018-04-18 09:13:07,41.0,8.52
o_002828,1,p_9075,s_522,2017-02-01 14:15:43,44.23,8.49
o_002829,1,p_4522,s_739,2018-08-25 21:20:55,273.88,12.62
o_002829,2,p_4359,s_938,2018-08-25 21:20:55,153.76,5.85
o_002830,1,p_4947,s_490,2017-04-25 15:53:25,207.89,9.69
o_002830,2,p_5685,s_598,2017-04-25 15:53:25,106.55,10.75
o_002831,1,p_2946,s_683,2018-01-25 18:50:21,60.97,16.31
o_002832,1,p_8026,s_817,2018-05-11 13:43:52,146.25,7.1
o_002833,1,p_3957,s_725,2018-04-25 09:45:15,30.88,22.76
o_002834,1,p_8474,s_401,2018-01-09 00:27:46,151.1,22.2
o_002835,1,p_4309,s_138,2017-12-17 13:41:47,38.98,23.02
o_002836,1,p_2889,s_623,2018-06-20 17:32:45,152.73,10.84
o_002837,1,p_7559,s_838,2018-06-21 14:55:42,68.99,10.17
o_002838,1,p_3529,s_281,2018-07-16 06:25:13,211.26,11.99
o_002839,1,p_3288,s_909,2018-03-29 20:03:21,44.42,24.76
o_002840,1,p_5455,s_860,2018-08-20 22:32:09,64.83,11.77
o_002841,1,p_2553,s_511,2018-04-09 19:26:32,100.56,12.5
o_002842,1,p_8709,s_662,2018-06-25 12:18:52,231.67,15.62
o_002842,2,p_8224,s_166,2018-06-25 12:18:52,198.98,19.66
o_002843,1,p_6839,s_573,2018-03-25 14:21:56,485.71,28.75
o_002843,2,p_2870,s_648,2018-03-25 14:21:56,93.31,22.65
o_002844,1,p_3308,s_714,2018-04-26 14:31:08,161.03,12.29
o_002845,1,p_5257,s_180,2018-07-30 23:45:43,108.09,18.09
o_002846,1,p_8399,s_201,2017-04-02 08:34:13,255.47,68.0
o_002846,2,p_9039,s_598,2017-04-02 08:34:13,146.32,69.98
o_002847,1,p_2652,s_824,2018-02-10 23:33:08,112.37,68.02
o_002848,1,p_2699,s_560,2018-02-27 08:30:25,23.11,29.54
o_002848,2,p_3737,s_395,2018-02-27 08:30:25,83.02,24.88
o_002848,3,p_9380,s_886,2018-02-27 08:30:25,44.29,25.87
o_002849,1,p_9934,s_698,2018-05-21 16:10:31,34.41,8.72
o_002850,1,p_2596,s_735,2018-08-29 15:02:05,35.03,25.48
o_002851,1,p_5439,s_282,2017-12-26 11:05:19,51.82,14.34
o_002852,1,p_7528,s_525,2018-01-22 18:19:21,348.84,16.41
o_002853,1,p_4029,s_391,2018-08-02 15:32:34,469.22,9.7
o_002854,1,p_4715,s_430,2017-10-07 13:02:30,54.62,8.78
o_002855,1,p_2047,s_354,2018-04-06 20:01:14,46.47,11.29
o_002856,1,p_7221,s_356,2017-05-12 12:41:01,29.71,24.23
o_002856,2,p_8856,s_892,2017-05-12 12:41:01,112.37,29.47
o_002856,3,p_5276,s_712,2017-05-12 12:41:01,49.17,25.17
o_002857,1,p_6286,s_505,2017-12-19 11:04:30,43.12,11.07
o_002858,1,p_1763,s_771,2017-09-07 16:26:17,45.37,12.72
o_002859,1,p_9581,s_674,2017-11-10 08:37:58,92.75,13.09
o_002859,2,p_9474,s_985,2017-11-10 08:37:58,40.8,15.25
o_002860,1,p_6979,s_761,2018-05-26 07:15:48,310.65,10.15
o_002861,1,p_3282,s_195,2018-01-07 23:36:01,25.92,7.18
o_002862,1,p_1118,s_355,2018-02-01 08:10:26,121.29,13.37
o_002862,2,p_4206,s_880,2018-02-01 08:10:26,147.53,9.88
o_002863,1,p_9809,s_533,2018-08-01 15:40:46,91.24,25.14
o_002863,2,p_2588,s_954,2018-08-01 15:40:46,48.28,28.56
o_002864,1,p_2679,s_387,2018-02-20 13:02:41,80.75,28.33
o_002865,1,p_4552,s_765,2018-02-15 22:20:33,142.58,28.08
o_002866,1,p_4737,s_594,2017-09-06 09:43:34,103.14,26.13
o_002867,1,p_8942,s_790,2018-06-02 04:51:59,32.79,11.4
o_002868,1,p_4529,s_319,2018-07-29 11:17:56,173.3,22.97
o_002869,1,p_4634,s_943,2017-11-18 14:08:08,945.34,7.54
o_002870,1,p_8267,s_962,2017-11-24 15:09:15,148.53,14.32
o_002871,1,p_3054,s_633,2018-02-24 12:41:43,37.89,7.3
o_002872,1,p_5519,s_859,2018-04-27 09:38:11,35.54,7.78
o_002873,1,p_8496,s_767,2018-03-10 14:39:21,82.48,13.79
o_002874,1,p_3143,s_378,2018-05-23 13:09:42,19.15,8.23
o_002875,1,p_2501,s_343,2017-05-22 08:45:46,86.84,14.74
o_002876,1,p_2181,s_252,2018-04-21 07:02:44,454.65,29.09
o_002877,1,p_9232,s_269,2017-03-22 14:02:01,248.88,12.41
o_002878,1,p_4147,s_574,2018-07-01 08:16:33,41.44,9.48
o_002879,1,p_2067,s_302,2017-12-21 12:05:45,505.96,7.04
o_002880,1,p_8324,s_418,2017-09-29 14:59:11,108.18,14.9
o_002880,2,p_5805,s_615,2017-09-29 14:59:11,109.53,14.57
o_002881,1,p_1066,s_854,2017-11-10 10:13:32,221.55,22.98
o_002881,2,p_4434,s_423,2017-11-10 10:13:32,101.68,29.06
o_002881,3,p_5777,s_458,2017-11-10 10:13:32,183.12,24.09
o_002882,1,p_6522,s_436,2017-05-09 21:05:27,77.45,28.27
o_002883,1,p_8241,s_921,2017-04-22 18:21:52,82.11,22.19
o_002884,1,p_9552,s_713,2018-01-21 09:20:34,55.73,10.22
o_002885,1,p_1899,s_507,2018-03-21 13:56:55,300.46,26.74
o_002886,1,p_2805,s_200,2018-03-30 16:53:34,181.38,26.07
o_002887,1,p_9362,s_979,2018-04-13 17:32:28,34.37,6.1
o_002888,1,p_6065,s_181,2017-10-31 07:52:28,216.68,9.48
o_002889,1,p_6763,s_438,2018-03-02 19:50:30,38.84,10.63
o_002890,1,p_7544,s_971,2018-03-30 21:09:29,109.97,19.09
o_002891,1,p_4417,s_322,2018-06-02 07:42:25,147.74,67.26
o_002892,1,p_3510,s_698,2018-07-09 10:24:44,45.93,23.22
o_002893,1,p_7858,s_242,2017-02-11 14:03:17,106.47,23.39
o_002894,1,p_4594,s_279,2017-05-16 13:55:00,534.72,11.83
o_002895,1,p_4757,s_689,2018-03-27 07:23:01,513.42,15.8
o_002895,2,p_2260,s_744,2018-03-27 07:23:01,148.31,13.62
o_002896,1,p_7725,s_858,2018-08-18 03:52:43,61.66,14.63
o_002897,1,p_8648,s_875,2017-03-29 22:57:41,111.02,15.23
o_002898,1,p_4906,s_901,2018-03-22 12:17:06,366.71,8.63
o_002899,1,p_1118,s_869,2018-07-28 16:25:47,84.34,9.56
o_002900,1,p_9188,s_873,2018-09-01 21:08:22,154.84,15.27
o_002901,1,p_9433,s_692,2018-07-15 04:22:09,45.91,12.23
o_002902,1,p_4763,s_808,2018-05-13 12:00:47,131.3,28.3
o_002903,1,p_9580,s_657,2018-07-17 19:52:24,96.94,5.62
o_002904,1,p_4393,s_234,2018-02-01 16:26:39,238.36,5.66
o_002905,1,p_5481,s_361,2018-02-09 09:54:45,115.59,6.66
o_002905,2,p_3518,s_852,2018-02-09 09:54:45,22.69,9.38
o_002905,3,p_8623,s_759,2018-02-09 09:54:45,35.14,10.32
o_002906,1,p_2713,s_209,2017-12-27 16:29:44,152.88,11.77
o_002907,1,p_3013,s_215,2018-06-06 11:58:14,129.17,13.41
o_002908,1,p_6445,s_958,2018-06-15 08:07:35,27.91,29.18
o_002909,1,p_7765,s_987,2017-06-25 10:27:48,297.94,14.2
o_002909,2,p_6563,s_984,2017-06-25 10:27:48,286.25,14.72
o_002910,1,p_5107,s_210,2018-06-12 16:03:45,473.14,9.48
o_002911,1,p_5815,s_522,2018-09-02 13:49:18,93.23,18.85
o_002912,1,p_3893,s_526,2017-10-30 00:05:29,16.79,14.67
o_002913,1,p_7353,s_141,2018-08-13 11:53:58,42.55,12.61
o_002914,1,p_3464,s_220,2018-02-09 12:09:47,50.17,12.26
o_002915,1,p_9116,s_775,2017-05-31 18:21:10,42.94,6.92
o_002915,2,p_4559,s_610,2017-05-31 18:21:10,16.25,12.37
o_002916,1,p_6791,s_331,2018-07-27 09:18:36,95.86,18.75
o_002916,2,p_2988,s_469,2018-07-27 09:18:36,145.62,13.34
o_002917,1,p_9976,s_335,2018-04-10 12:12:03,16.65,8.44
o_002918,1,p_5213,s_129,2017-01-25 15:52:32,89.86,6.88
o_002919,1,p_1550,s_639,2017-07-10 14:56:12,106.63,66.66
o_002920,1,p_6470,s_861,2018-06-15 19:37:20,352.47,11.47
o_002921,1,p_6560,s_213,2017-02-08 10:38:47,20.18,27.21
o_002922,1,p_2378,s_614,2017-06-09 07:35:10,88.29,12.27
o_002923,1,p_1968,s_416,2017-03-31 20:07:59,284.58,16.31
o_002923,2,p_3491,s_649,2017-03-31 20:07:59,342.93,14.82
o_002924,1,p_9870,s_738,2018-08-30 16:56:09,166.1,16.89
o_002925,1,p_9461,s_676,2018-03-31 16:03:12,229.16,29.97
o_002926,1,p_4563,s_897,2018-05-28 11:57:45,89.14,27.97
o_002927,1,p_9306,s_982,2017-08-17 12:04:01,221.1,19.26
o_002928,1,p_4979,s_355,2018-03-28 22:16:59,29.54,6.67
o_002929,1,p_3799,s_590,2018-06-14 17:06:11,31.46,15.19
o_002930,1,p_2222,s_825,2017-02-22 10:32:39,64.62,14.17
o_002931,1,p_6404,s_752,2018-08-25 13:33:49,133.62,22.22
o_002932,1,p_3344,s_203,2018-07-14 17:01:04,18.67,10.37
o_002933,1,p_5266,s_971,2017-04-15 11:43:55,21.17,26.55
o_002933,2,p_8257,s_290,2017-04-15 11:43:55,212.03,23.67
o_002934,1,p_1027,s_208,2017-01-30 11:42:14,30.61,14.84
o_002935,1,p_2531,s_979,2018-06-01 13:28:43,272.74,8.36
o_002936,1,p_3774,s_813,2017-12-14 15:29:16,112.52,6.66
o_002937,1,p_6413,s_143,2017-07-09 15:31:06,234.38,27.04
o_002937,2,p_9086,s_438,2017-07-09 15:31:06,135.16,28.43
o_002937,3,p_7494,s_686,2017-07-09 15:31:06,492.78,24.8
o_002938,1,p_8495,s_195,2018-05-15 13:19:55,176.09,6.07
o_002939,1,p_4544,s_118,2017-11-18 14:33:11,22.1,11.27
o_002940,1,p_9914,s_612,2018-05-31 13:38:01,70.82,24.64
o_002941,1,p_1315,s_473,2017-01-21 15:10:18,81.31,15.35
o_002942,1,p_4951,s_726,2017-06-12 22:16:14,72.72,29.48
o_002943,1,p_7895,s_365,2017-09-02 19:47:54,55.26,19.51
o_002944,1,p_2611,s_291,2018-03-21 22:25:40,268.42,13.23
o_002945,1,p_4438,s_646,2018-06-18 11:13:00,56.16,10.14
o_002946,1,p_3210,s_581,2017-06-16 17:53:13,146.09,11.26
o_002947,1,p_9157,s_539,2018-07-24 14:21:05,19.77,10.79
o_002948,1,p_2906,s_537,2017-10-27 19:30:09,38.7,7.66
o_002949,1,p_9780,s_505,2017-01-27 11:20:53,95.68,11.91
o_002950,1,p_7579,s_578,2017-07-20 19:22:32,136.1,12.71
o_002951,1,p_5791,s_743,2017-02-23 08:06:08,132.5,29.67
o_002952,1,p_3647,s_695,2018-06-08 12:01:56,23.07,12.36
o_002953,1,p_5926,s_962,2017-09-17 16:30:36,122.13,18.49
o_002954,1,p_4279,s_388,2018-07-14 12:30:33,105.86,26.61
o_002955,1,p_4938,s_371,2018-04-11 10:31:21,210.08,26.97
o_002956,1,p_8234,s_963,2017-11-11 18:50:38,55.86,11.6
o_002957,1,p_5919,s_911,2017-10-22 18:21:57,189.51,13.22
o_002958,1,p_9334,s_624,2017-01-17 17:48:15,56.85,25.0
o_002959,1,p_7288,s_289,2017-03-25 08:35:35,110.9,13.46
o_002960,1,p_1519,s_683,2018-07-14 01:50:53,183.51,18.72
o_002961,1,p_9978,s_932,2018-09-02 23:49:57,33.73,12.39
o_002962,1,p_8605,s_507,2017-02-26 16:00:54,215.37,29.34
o_002963,1,p_9886,s_825,2018-01-26 21:54:56,195.93,12.47
o_002964,1,p_1322,s_192,2017-05-19 21:55:40,18.88,25.83
o_002965,1,p_6167,s_127,2017-12-26 21:44:21,21.86,10.27
o_002966,1,p_3251,s_842,2018-04-22 04:16:57,98.48,7.85
o_002967,1,p_2079,s_707,2018-05-22 19:22:54,51.32,9.76
o_002968,1,p_9268,s_415,2018-03-30 03:22:58,70.11,11.31
o_002969,1,p_5660,s_207,2018-06-26 18:09:41,35.07,64.84
o_002970,1,p_9983,s_749,2017-06-08 10:57:43,128.2,17.57
o_002971,1,p_3577,s_489,2018-04-08 22:21:13,51.34,27.35
o_002971,2,p_5293,s_533,2018-04-08 22:21:13,110.63,26.74
o_002972,1,p_1635,s_421,2018-06-15 19:21:15,407.78,12.85
o_002973,1,p_7583,s_136,2018-08-21 20:42:42,48.61,22.94
o_002974,1,p_8251,s_941,2017-04-06 11:09:18,72.32,25.1
o_002974,2,p_1045,s_226,2017-04-06 11:09:18,37.97,24.77
o_002974,3,p_2491,s_211,2017-04-06 11:09:18,31.22,26.35
o_002975,1,p_9559,s_940,2018-04-15 11:39:10,140.45,5.9
o_002976,1,p_7873,s_919,2017-01-11 18:44:54,49.64,28.21
o_002977,1,p_9972,s_275,2017-10-06 14:08:42,101.26,22.18
o_002978,1,p_5886,s_122,2017-01-28 20:50:04,86.36,17.36
o_002979,1,p_8965,s_198,2018-07-03 12:39:45,71.89,15.8
o_002980,1,p_2911,s_797,2018-02-15 09:53:37,28.12,13.49
o_002981,1,p_9988,s_667,2018-08-14 07:26:43,63.1,9.64
o_002982,1,p_7448,s_688,2017-09-25 11:28:54,48.86,29.95
o_002983,1,p_1815,s_831,2018-04-30 13:57:27,54.04,23.91
o_002984,1,p_5502,s_878,2018-03-07 20:56:55,178.13,15.58
o_002985,1,p_5360,s_955,2017-01-31 17:15:24,123.55,28.21
o_002986,1,p_1599,s_902,2017-04-29 10:56:16,101.26,66.9
o_002987,1,p_9693,s_897,2018-01-18 16:46:13,36.71,17.91
o_002988,1,p_2365,s_480,2018-06-06 21:03:29,58.56,13.28
o_002988,2,p_3399,s_785,2018-06-06 21:03:29,98.98,8.58
o_002989,1,p_8375,s_871,2018-02-02 18:56:26,318.97,63.6
o_002990,1,p_9210,s_483,2018-02-06 11:40:31,81.28,8.2
o_002991,1,p_4099,s_537,2018-01-14 13:10:38,212.68,27.05
o_002992,1,p_2201,s_116,2018-04-27 23:11:13,16.37,27.48
o_002993,1,p_6656,s_580,2017-06-09 22:13:01,366.48,29.84
o_002994,1,p_8026,s_328,2018-05-16 16:24:02,182.22,19.64
o_002995,1,p_4329,s_127,2017-12-30 17:01:14,42.53,11.17
o_002995,2,p_1500,s_981,2017-12-30 17:01:14,52.01,8.58
o_002996,1,p_4192,s_472,2018-08-28 07:07:06,78.5,17.88
o_002997,1,p_4125,s_659,2018-07-10 14:34:17,87.06,27.22
o_002998,1,p_1302,s_982,2018-02-09 19:32:03,169.28,23.23
o_002999,1,p_8833,s_984,2017-11-12 19:38:12,24.5,6.29
o_003000,1,p_1147,s_234,2017-03-22 22:25:12,36.69,69.68
o_003001,1,p_2358,s_218,2017-09-26 21:50:46,477.0,25.11
o_003002,1,p_6560,s_425,2017-03-13 21:11:14,331.08,8.39
o_003003,1,p_2312,s_946,2018-04-23 01:33:08,294.19,17.61
o_003004,1,p_2222,s_606,2018-03-22 07:46:44,60.6,9.43
o_003005,1,p_5732,s_409,2018-07-07 12:42:59,48.52,9.63
o_003005,2,p_7624,s_826,2018-07-07 12:42:59,253.34,6.42
o_003006,1,p_2040,s_626,2018-03-15 15:33:00,165.32,23.16
o_003007,1,p_1066,s_425,2018-03-21 12:04:24,520.99,16.28
o_003007,2,p_4922,s_738,2018-03-21 12:04:24,147.95,17.97
o_003008,1,p_8437,s_198,2018-02-26 03:37:42,656.8,8.38
o_003009,1,p_8253,s_243,2018-04-18 17:25:44,259.86,24.12
o_003010,1,p_7671,s_198,2017-12-31 20:44:50,281.45,65.56
o_003011,1,p_7326,s_565,2017-12-16 06:13:09,68.7,22.98
o_003011,2,p_3248,s_974,2017-12-16 06:13:09,187.19,23.93
o_003012,1,p_9700,s_291,2017-07-13 19:53:20,22.83,22.9
o_003013,1,p_7451,s_399,2018-08-19 08:17:46,43.72,66.88
o_003014,1,p_1904,s_546,2018-04-21 16:53:20,731.38,16.73
o_003015,1,p_6285,s_628,2017-03-28 19:58:43,161.46,22.45
o_003015,2,p_3111,s_376,2017-03-28 19:58:43,215.62,26.69
o_003016,1,p_8827,s_691,2017-10-16 15:48:35,25.31,5.73
o_003017,1,p_6605,s_200,2017-11-10 07:13:10,29.7,12.6
o_003018,1,p_6831,s_699,2017-11-21 20:48:25,248.74,18.6
o_003019,1,p_2420,s_925,2018-04-25 11:35:06,108.74,23.93
o_003019,2,p_3074,s_117,2018-04-25 11:35:06,187.28,29.04
o_003020,1,p_2406,s_419,2018-05-10 15:29:39,379.64,18.32
o_003021,1,p_2318,s_355,2017-11-11 09:08:53,166.61,25.52
o_003022,1,p_3775,s_738,2018-03-24 05:04:38,68.77,19.94
o_003023,1,p_6503,s_286,2018-07-23 17:58:30,28.22,23.73
o_003024,1,p_2639,s_798,2018-08-06 13:27:09,319.88,62.5
o_003025,1,p_7957,s_909,2018-06-21 09:47:13,99.27,7.65
o_003025,2,p_5414,s_610,2018-06-21 09:47:13,357.43,11.28
o_003025,3,p_3010,s_211,2018-06-21 09:47:13,184.95,8.66
o_003026,1,p_4436,s_382,2018-03-09 20:53:52,144.74,17.52
o_003026,2,p_3395,s_564,2018-03-09 20:53:52,79.87,15.06
o_003026,3,p_3554,s_561,2018-03-09 20:53:52,113.98,12.15
o_003027,1,p_7668,s_726,2018-07-06 18:47:55,122.04,13.03
o_003028,1,p_6733,s_491,2018-01-22 19:14:39,100.42,12.46
o_003029,1,p_3398,s_760,2018-03-27 18:13:33,106.33,8.97
o_003030,1,p_1323,s_328,2018-06-10 17:52:47,162.11,64.52
o_003031,1,p_2165,s_809,2017-03-16 00:34:01,27.88,8.55
o_003032,1,p_1926,s_533,2017-11-25 11:46:27,196.25,16.19
o_003032,2,p_6184,s_834,2017-11-25 11:46:27,625.49,19.95
o_003033,1,p_9250,s_869,2018-06-10 14:53:11,98.27,18.69
o_003034,1,p_5252,s_598,2018-04-30 20:45:45,191.97,25.64
o_003035,1,p_8894,s_682,2018-01-26 15:36:36,20.32,6.3
o_003036,1,p_5060,s_785,2018-05-18 07:32:43,38.56,23.59
o_003037,1,p_3333,s_543,2018-03-17 18:55:29,59.93,28.94
o_003038,1,p_9216,s_599,2018-08-18 13:00:52,118.03,27.48
o_003039,1,p_1382,s_528,2018-04-08 18:51:38,61.3,16.34
o_003040,1,p_1725,s_893,2017-06-12 10:46:17,42.89,14.14
o_003041,1,p_1545,s_425,2018-01-06 12:18:37,47.65,29.34
o_003041,2,p_5070,s_327,2018-01-06 12:18:37,182.01,27.04
o_003042,1,p_7423,s_481,2017-07-08 14:00:39,224.14,15.19
o_003043,1,p_1893,s_526,2018-08-19 14:54:22,18.65,13.49
o_003044,1,p_7942,s_993,2017-06-12 13:40:37,69.66,16.49
o_003044,2,p_9966,s_322,2017-06-12 13:40:37,83.54,13.88
o_003045,1,p_9762,s_264,2017-05-17 15:25:48,178.07,13.36
o_003046,1,p_6538,s_375,2018-01-14 11:26:56,50.16,18.21
o_003046,2,p_5663,s_792,2018-01-14 11:26:56,50.14,15.13
o_003047,1,p_7598,s_168,2017-09-01 09:03:00,352.79,7.02
o_003048,1,p_1753,s_743,2018-04-21 10:30:27,225.75,12.4
o_003049,1,p_3357,s_623,2018-08-14 08:45:42,267.8,17.07
o_003050,1,p_4519,s_115,2018-08-26 09:48:26,18.76,12.57
o_003050,2,p_3979,s_327,2018-08-26 09:48:26,106.11,9.98
o_003051,1,p_7719,s_958,2018-01-26 12:56:12,115.92,19.28
o_003052,1,p_5813,s_700,2018-03-08 15:02:47,169.62,13.3
o_003053,1,p_7667,s_792,2017-07-21 13:44:10,31.09,15.4
o_003054,1,p_8658,s_878,2018-08-02 19:23:33,73.74,10.09
o_003055,1,p_9851,s_928,2018-05-02 13:52:01,325.53,24.91
o_003056,1,p_7209,s_598,2017-11-12 14:53:27,203.9,5.72
o_003057,1,p_6885,s_889,2018-06-16 09:06:37,192.75,16.38
o_003058,1,p_1046,s_961,2018-03-27 00:17:08,76.95,17.85
o_003059,1,p_8361,s_902,2017-11-15 15:39:19,245.62,8.71
o_003060,1,p_6033,s_266,2017-05-29 11:32:39,435.81,18.41
o_003061,1,p_6223,s_794,2017-07-24 16:16:25,51.46,14.66
o_003062,1,p_6813,s_516,2017-11-19 13:18:07,102.91,10.96
o_003063,1,p_8167,s_758,2017-02-06 21:02:18,119.55,9.62
o_003064,1,p_7042,s_632,2018-03-07 13:36:57,157.01,7.86
o_003065,1,p_3377,s_493,2017-08-28 18:29:31,236.01,8.82
o_003066,1,p_5552,s_663,2018-03-18 18:26:25,105.23,22.09
o_003067,1,p_5890,s_102,2018-07-22 08:37:45,197.25,10.85
o_003068,1,p_7835,s_717,2018-03-26 08:04:19,73.76,29.14
o_003069,1,p_9676,s_933,2018-07-28 13:08:02,61.24,5.76
o_003070,1,p_7512,s_217,2017-10-21 18:08:01,54.49,9.93
o_003070,2,p_7682,s_102,2017-10-21 18:08:01,43.61,8.72
o_003071,1,p_8329,s_248,2018-03-12 08:37:35,268.15,17.79
o_003072,1,p_2338,s_171,2017-07-10 18:38:41,32.04,10.98
o_003073,1,p_4484,s_604,2017-11-06 19:00:34,237.61,14.49
o_003074,1,p_4719,s_729,2018-04-12 09:33:49,61.22,11.02
o_003075,1,p_8034,s_579,2017-02-21 23:00:08,256.72,65.41
o_003076,1,p_6456,s_504,2018-02-01 02:31:40,564.27,12.2
o_003076,2,p_7349,s_155,2018-02-01 02:31:40,463.04,19.95
o_003077,1,p_7159,s_158,2018-07-15 14:02:27,142.81,22.52
o_003078,1,p_5352,s_412,2017-06-11 12:16:11,31.21,26.34
o_003079,1,p_6220,s_291,2018-01-27 12:15:17,31.14,22.78
o_003080,1,p_4013,s_939,2017-12-01 05:17:01,245.1,22.31
o_003081,1,p_8267,s_894,2017-08-21 00:21:32,32.69,11.56
o_003081,2,p_9592,s_178,2017-08-21 00:21:32,104.14,7.31
o_003082,1,p_4616,s_617,2017-09-08 16:22:46,96.1,11.1
o_003083,1,p_9248,s_932,2017-05-01 19:09:21,67.67,17.77
o_003084,1,p_9493,s_232,2018-06-06 08:55:51,281.71,26.95
o_003085,1,p_4171,s_878,2018-03-19 12:14:43,127.62,7.86
o_003085,2,p_6285,s_190,2018-03-19 12:14:43,19.97,5.8
o_003086,1,p_6919,s_118,2018-07-24 08:35:54,88.04,12.04
o_003086,2,p_2204,s_155,2018-07-24 08:35:54,190.56,10.41
o_003087,1,p_1192,s_442,2017-06-16 10:31:39,213.72,12.13
o_003087,2,p_5630,s_190,2017-06-16 10:31:39,70.77,6.91
o_003087,3,p_8091,s_157,2017-06-16 10:31:39,58.87,12.42
o_003088,1,p_4926,s_969,2017-07-29 15:51:02,128.12,13.58
o_003089,1,p_3444,s_424,2018-07-13 22:07:34,240.12,14.93
o_003090,1,p_1232,s_959,2018-03-31 17:45:30,292.41,11.67
o_003091,1,p_5490,s_957,2018-04-23 08:28:24,183.13,13.36
o_003092,1,p_7790,s_485,2018-06-22 15:48:29,19.25,10.03
o_003093,1,p_4521,s_511,2018-03-10 20:33:56,199.17,27.69
o_003094,1,p_8061,s_782,2018-08-17 10:04:23,166.54,11.55
o_003095,1,p_1479,s_306,2018-05-27 09:20:56,118.54,6.0
o_003096,1,p_2543,s_175,2017-10-08 10:24:01,18.03,13.29
o_003097,1,p_2954,s_495,2017-04-13 09:26:23,49.55,16.07
o_003097,2,p_6512,s_195,2017-04-13 09:26:23,478.61,15.05
o_003098,1,p_7742,s_548,2017-03-05 12:53:04,66.59,18.61
o_003099,1,p_5011,s_216,2017-07-22 19:18:21,107.54,10.06
o_003100,1,p_2529,s_502,2017-03-03 02:27:29,38.83,12.18
o_003101,1,p_8436,s_277,2018-04-09 08:33:10,31.56,66.36
o_003102,1,p_3957,s_230,2018-03-08 22:01:53,248.69,11.17
o_003102,2,p_6274,s_435,2018-03-08 22:01:53,181.52,12.57
o_003103,1,p_3868,s_801,2017-09-02 10:33:54,99.8,29.05
o_003104,1,p_6301,s_435,2017-05-13 08:22:37,282.01,14.59
o_003105,1,p_6053,s_425,2018-04-28 17:11:44,57.81,15.16
o_003105,2,p_4109,s_459,2018-04-28 17:11:44,49.62,15.17
o_003106,1,p_7576,s_166,2018-07-16 11:07:51,58.99,10.44
o_003107,1,p_9640,s_617,2018-02-16 15:52:36,115.63,18.73
o_003107,2,p_3529,s_511,2018-02-16 15:52:36,121.13,15.87
o_003108,1,p_7629,s_125,2018-07-22 00:22:32,135.55,19.18
o_003109,1,p_7934,s_384,2017-12-24 20:03:15,68.55,29.92
o_003110,1,p_9883,s_337,2018-08-07 16:23:15,139.0,6.91
o_003111,1,p_6454,s_267,2017-07-07 17:48:17,137.34,12.18
o_003112,1,p_3470,s_879,2017-09-28 19:23:56,40.43,13.2
o_003113,1,p_9453,s_779,2018-08-14 16:56:03,63.2,6.49
o_003113,2,p_4516,s_185,2018-08-14 16:56:03,91.0,12.31
o_003114,1,p_8327,s_440,2018-03-07 08:49:02,18.86,6.77
o_003115,1,p_9602,s_672,2017-01-10 18:30:35,26.97,25.3
o_003116,1,p_7934,s_295,2018-06-17 11:07:10,67.75,10.42
o_003117,1,p_9847,s_378,2017-11-23 00:32:03,600.64,8.98
o_003118,1,p_7190,s_333,2017-05-02 10:05:04,182.72,8.02
o_003119,1,p_3445,s_114,2018-06-07 12:38:17,28.12,9.09
o_003120,1,p_2691,s_694,2018-08-31 21:26:31,511.63,13.51
o_003121,1,p_3809,s_402,2018-01-22 15:26:53,314.56,22.49
o_003122,1,p_7085,s_635,2018-01-14 00:37:41,23.55,24.94
o_003123,1,p_9058,s_516,2017-09-09 19:59:39,368.07,14.15
o_003124,1,p_5751,s_399,2017-06-22 08:56:12,17.38,16.28
o_003125,1,p_8064,s_586,2017-08-19 13:42:32,72.67,6.13
o_003126,1,p_2539,s_194,2018-03-01 12:23:11,79.12,5.58
o_003127,1,p_9064,s_443,2017-10-21 17:02:32,451.99,23.96
o_003128,1,p_9575,s_706,2018-06-13 11:46:38,96.17,14.8
o_003129,1,p_7212,s_272,2018-05-15 11:18:05,78.27,25.48
o_003130,1,p_5057,s_844,2018-01-22 13:49:05,96.97,19.75
o_003131,1,p_4240,s_669,2018-06-15 12:07:52,49.83,11.09
o_003132,1,p_5170,s_774,2018-02-07 19:36:25,114.21,9.13
o_003133,1,p_2660,s_312,2017-02-26 04:10:55,194.11,27.84
o_003134,1,p_1482,s_525,2018-05-30 17:55:47,181.65,11.75
o_003135,1,p_1591,s_531,2018-08-02 13:03:03,73.43,16.94
o_003136,1,p_8044,s_265,2018-02-14 09:17:59,178.08,29.85
o_003137,1,p_1259,s_578,2018-06-06 07:58:35,108.12,25.92
o_003138,1,p_2650,s_231,2017-06-02 10:11:25,19.07,26.08
o_003139,1,p_1396,s_627,2018-03-25 13:19:08,51.68,19.85
o_003140,1,p_8221,s_769,2018-07-31 21:09:08,156.95,12.61
o_003141,1,p_3721,s_721,2017-08-27 11:26:21,206.12,9.33
o_003142,1,p_6304,s_107,2018-02-28 17:40:33,57.47,62.5
o_003143,1,p_4273,s_914,2017-05-26 20:55:49,124.96,28.77
o_003144,1,p_1905,s_888,2018-07-08 16:22:15,71.27,5.74
o_003145,1,p_2504,s_280,2017-11-21 16:06:07,40.94,7.79
o_003145,2,p_8058,s_628,2017-11-21 16:06:07,183.26,12.21
o_003146,1,p_6387,s_848,2017-03-12 07:25:49,45.79,29.9
o_003147,1,p_4273,s_602,2018-06-10 16:59:37,28.58,12.7
o_003148,1,p_5040,s_249,2018-02-27 11:10:31,161.4,7.91
o_003149,1,p_2543,s_724,2017-09-27 06:14:07,82.48,66.57
o_003149,2,p_9481,s_635,2017-09-27 06:14:07,128.33,65.9
o_003150,1,p_5985,s_608,2017-03-08 15:27:08,55.52,18.39
o_003151,1,p_1157,s_632,2018-05-26 21:38:18,54.05,5.61
o_003152,1,p_4695,s_281,2017-03-27 11:54:51,151.74,12.71
o_003152,2,p_3705,s_311,2017-03-27 11:54:51,29.73,11.93
o_003153,1,p_9588,s_199,2018-03-26 18:26:16,100.24,17.86
o_003153,2,p_2424,s_825,2018-03-26 18:26:16,15.12,12.26
o_003154,1,p_7770,s_239,2018-04-11 08:37:27,21.4,7.69
o_003155,1,p_6901,s_645,2017-02-02 17:24:23,146.2,22.59
o_003156,1,p_5990,s_309,2017-06-25 08:28:04,79.04,24.27
o_003157,1,p_6414,s_850,2018-01-16 15:38:00,165.32,10.4
o_003158,1,p_8367,s_640,2017-10-14 12:44:25,43.51,26.53
o_003159,1,p_2208,s_597,2018-04-07 13:11:22,197.31,19.2
o_003160,1,p_4873,s_490,2018-02-16 13:09:52,66.8,19.26
o_003161,1,p_8587,s_879,2018-06-21 15:29:39,144.71,25.26
o_003162,1,p_8241,s_843,2018-03-10 17:02:46,203.93,5.83
o_003163,1,p_1048,s_285,2018-03-10 08:03:54,54.47,6.73
o_003164,1,p_6608,s_969,2018-04-12 10:33:01,51.43,7.59
o_003165,1,p_3983,s_968,2017-04-22 20:32:30,82.05,13.44
o_003165,2,p_7997,s_346,2017-04-22 20:32:30,388.81,19.91
o_003166,1,p_3122,s_751,2017-09-16 17:00:18,149.24,24.64
o_003167,1,p_7030,s_589,2018-02-10 21:00:45,258.43,13.19
o_003168,1,p_2588,s_801,2018-02-15 07:00:00,31.73,13.11
o_003168,2,p_9597,s_178,2018-02-15 07:00:00,39.9,17.05
o_003169,1,p_1130,s_817,2018-07-16 21:10:03,86.75,8.85
o_003170,1,p_7026,s_387,2017-07-26 15:45:27,60.58,7.29
o_003170,2,p_3902,s_388,2017-07-26 15:45:27,208.45,9.46
o_003170,3,p_1670,s_980,2017-07-26 15:45:27,32.72,10.68
o_003171,1,p_7572,s_437,2018-03-19 19:42:31,50.0,9.15
o_003172,1,p_5027,s_918,2018-05-18 13:06:33,413.53,15.64
o_003172,2,p_4957,s_932,2018-05-18 13:06:33,23.21,15.6
o_003173,1,p_6945,s_129,2018-07-25 05:56:08,26.58,15.92
o_003173,2,p_1004,s_706,2018-07-25 05:56:08,95.95,12.79
o_003174,1,p_2627,s_744,2017-04-30 15:33:52,57.11,28.39
o_003175,1,p_3937,s_888,2018-03-23 15:54:03,27.27,64.85
o_003176,1,p_7095,s_764,2018-08-23 14:39:41,93.92,11.71
o_003177,1,p_3005,s_549,2018-01-21 13:31:04,112.91,29.7
o_003178,1,p_2047,s_401,2018-08-21 13:55:55,27.66,14.15
o_003179,1,p_1244,s_337,2018-07-08 15:35:26,51.65,15.36
o_003180,1,p_5597,s_952,2018-07-25 15:23:22,17.61,18.99
o_003181,1,p_6925,s_285,2018-03-04 15:49:45,85.88,24.96
o_003182,1,p_1462,s_708,2017-12-06 09:35:16,113.35,12.68
o_003183,1,p_1140,s_704,2017-10-16 17:16:41,228.87,7.49
o_003184,1,p_9000,s_604,2017-05-01 04:42:36,35.9,7.08
o_003185,1,p_4331,s_535,2017-02-08 09:42:40,123.87,15.95
o_003186,1,p_2147,s_763,2018-05-11 19:00:53,28.55,13.2
o_003186,2,p_9134,s_437,2018-05-11 19:00:53,134.51,10.27
o_003187,1,p_1435,s_184,2017-07-01 09:18:34,68.36,10.27
o_003188,1,p_7080,s_323,2018-07-17 15:50:52,474.33,11.64
o_003189,1,p_1937,s_832,2018-03-23 06:21:44,357.27,17.43
o_003189,2,p_7064,s_640,2018-03-23 06:21:44,65.16,15.23
o_003190,1,p_7668,s_206,2018-06-20 08:13:50,78.55,23.65
o_003191,1,p_6656,s_566,2017-01-28 11:06:19,160.61,6.97
o_003192,1,p_8436,s_639,2018-08-20 12:57:46,83.76,11.07
o_003193,1,p_1649,s_631,2017-09-22 14:53:00,377.95,69.32
o_003194,1,p_8655,s_283,2018-03-25 19:35:55,311.66,9.43
o_003195,1,p_7473,s_122,2018-01-29 19:14:31,88.08,19.04
o_003196,1,p_4361,s_897,2017-06-27 19:06:59,30.01,22.25
o_003197,1,p_5184,s_177,2018-03-05 11:04:28,337.08,17.41
o_003198,1,p_5221,s_681,2017-08-17 13:06:43,216.44,19.93
o_003199,1,p_7008,s_818,2018-08-24 19:57:18,227.55,18.94
o_003200,1,p_1752,s_799,2018-03-30 11:08:44,134.62,9.77
o_003201,1,p_5552,s_226,2018-05-16 08:24:34,141.51,25.16
o_003201,2,p_9495,s_602,2018-05-16 08:24:34,27.89,27.58
o_003202,1,p_1111,s_181,2017-02-07 18:05:50,390.94,67.94
o_003203,1,p_5205,s_548,2018-05-13 15:05:49,33.44,25.18
o_003204,1,p_8258,s_292,2017-02-28 10:03:14,41.21,5.71
o_003205,1,p_1806,s_608,2018-04-29 20:51:20,59.69,11.71
o_003206,1,p_9090,s_123,2018-01-18 12:45:13,41.23,23.68
o_003207,1,p_9769,s_657,2018-07-02 21:50:15,66.57,24.65
o_003208,1,p_7707,s_983,2018-08-15 23:56:28,174.63,7.02
o_003209,1,p_8949,s_751,2018-01-15 11:35:31,253.58,14.34
o_003210,1,p_1870,s_844,2018-06-11 10:08:37,75.63,17.12
o_003211,1,p_8519,s_786,2018-05-19 08:46:48,227.79,28.34
o_003212,1,p_5071,s_519,2017-11-18 10:16:36,116.18,5.51
o_003213,1,p_7365,s_788,2017-01-15 19:12:24,131.84,12.48
o_003214,1,p_2021,s_509,2018-01-15 13:04:09,54.35,29.83
o_003215,1,p_3959,s_536,2018-03-23 10:32:27,50.68,28.82
o_003216,1,p_1766,s_335,2018-04-02 11:44:51,117.88,29.08
o_003216,2,p_5784,s_316,2018-04-02 11:44:51,144.5,26.33
o_003217,1,p_3784,s_934,2017-10-26 12:20:46,389.4,15.69
o_003218,1,p_8037,s_697,2018-08-20 08:47:01,95.07,12.31
o_003219,1,p_8353,s_325,2018-06-09 11:38:24,229.77,12.04
o_003220,1,p_1881,s_890,2017-04-25 14:36:07,122.16,19.74
o_003221,1,p_7870,s_261,2018-01-11 07:04:39,96.94,27.31
o_003222,1,p_9179,s_744,2017-04-12 18:30:40,84.82,10.21
o_003223,1,p_1069,s_207,2018-02-16 10:55:21,51.09,10.07
o_003224,1,p_7531,s_783,2018-05-01 10:01:14,332.31,11.35
o_003224,2,p_6291,s_934,2018-05-01 10:01:14,555.91,12.33
o_003225,1,p_4465,s_624,2018-01-31 07:01:53,31.09,9.16
o_003226,1,p_6722,s_207,2017-12-06 07:51:22,24.51,12.54
o_003227,1,p_1152,s_273,2017-09-07 16:34:35,254.91,9.83
o_003228,1,p_8152,s_632,2017-12-03 22:27:45,299.36,13.03
o_003229,1,p_1015,s_183,2017-03-28 15:43:10,69.7,12.82
o_003230,1,p_6166,s_214,2018-03-28 14:04:27,230.54,24.34
o_003231,1,p_9575,s_508,2017-09-29 14:51:02,95.18,12.14
o_003232,1,p_3993,s_757,2017-09-26 21:54:31,189.68,68.8
o_003233,1,p_2022,s_131,2018-01-07 21:58:32,67.37,18.63
o_003234,1,p_5321,s_468,2017-06-23 10:20:32,169.66,9.64
o_003235,1,p_4178,s_900,2018-01-17 10:59:20,78.54,18.82
o_003236,1,p_6356,s_778,2017-02-11 08:28:25,555.62,12.35
o_003236,2,p_2337,s_720,2017-02-11 08:28:25,198.42,9.69
o_003237,1,p_5349,s_707,2017-06-23 17:57:30,232.95,64.3
o_003237,2,p_8048,s_240,2017-06-23 17:57:30,30.77,69.34
o_003238,1,p_4554,s_565,2018-05-25 11:29:06,58.1,17.74
o_003239,1,p_3343,s_122,2017-09-11 13:07:09,196.5,28.37
o_003240,1,p_4417,s_301,2018-03-27 13:48:47,94.31,22.66
o_003241,1,p_3888,s_967,2018-04-08 14:18:40,259.5,28.76
o_003242,1,p_8925,s_462,2018-04-22 11:02:51,16.99,68.93
o_003243,1,p_8088,s_453,2018-04-14 08:38:26,108.6,15.71
o_003244,1,p_4303,s_725,2017-04-28 02:23:59,264.46,12.81
o_003245,1,p_2502,s_489,2018-04-14 15:10:47,51.22,13.26
o_003246,1,p_6895,s_515,2018-03-31 11:48:05,56.19,15.82
o_003247,1,p_5388,s_271,2018-07-21 17:56:21,275.78,11.42
o_003248,1,p_8807,s_156,2017-09-23 16:45:35,132.93,66.97
o_003249,1,p_2499,s_498,2017-11-27 11:45:39,163.45,17.49
o_003250,1,p_6782,s_610,2017-07-27 13:18:21,85.48,23.98
o_003251,1,p_4777,s_991,2018-07-30 06:49:58,239.75,6.93
o_003252,1,p_8067,s_645,2018-05-09 14:06:39,91.76,15.32
o_003253,1,p_5482,s_940,2017-01-11 08:43:47,163.5,11.44
o_003254,1,p_6070,s_697,2018-03-23 21:44:59,52.72,12.84
o_003255,1,p_8317,s_114,2018-03-20 06:36:50,163.49,23.11
o_003255,2,p_8355,s_669,2018-03-20 06:36:50,396.44,24.27
o_003256,1,p_7955,s_858,2018-01-19 11:58:38,19.07,10.94
o_003257,1,p_6084,s_341,2018-01-14 13:38:32,25.55,12.39
o_003258,1,p_2532,s_774,2017-03-13 07:42:23,121.63,5.66
o_003259,1,p_7204,s_852,2017-02-07 19:59:14,77.69,7.6
o_003260,1,p_4657,s_271,2017-09-27 16:30:40,186.29,11.87
o_003261,1,p_2493,s_141,2018-07-08 07:01:44,162.91,6.27
o_003261,2,p_5285,s_917,2018-07-08 07:01:44,132.76,12.08
o_003262,1,p_8571,s_379,2018-05-07 19:50:40,30.07,6.18
o_003262,2,p_7776,s_936,2018-05-07 19:50:40,314.15,11.7
o_003262,3,p_8610,s_620,2018-05-07 19:50:40,610.36,10.4
o_003263,1,p_2742,s_740,2018-07-12 23:00:08,48.62,27.28
o_003264,1,p_4169,s_143,2018-04-10 19:03:20,75.13,13.3
o_003265,1,p_9917,s_613,2018-05-17 21:45:09,128.01,5.66
o_003266,1,p_5188,s_756,2017-06-01 18:16:09,159.97,16.89
o_003267,1,p_6253,s_428,2018-08-24 18:22:55,37.42,12.92
o_003268,1,p_4704,s_438,2018-06-27 14:24:02,20.76,16.57
o_003269,1,p_9696,s_159,2017-06-20 23:48:42,22.99,8.67
o_003270,1,p_9242,s_930,2017-11-17 12:22:04,73.32,12.94
o_003270,2,p_5320,s_573,2017-11-17 12:22:04,557.28,7.83
o_003271,1,p_6311,s_914,2018-07-08 14:29:55,26.92,28.66
o_003272,1,p_3649,s_104,2018-03-28 11:10:23,138.78,19.72
o_003273,1,p_8153,s_493,2018-08-12 09:32:45,81.1,68.35
o_003274,1,p_2462,s_121,2018-06-12 12:25:54,60.63,10.42
o_003275,1,p_7332,s_988,2018-03-20 16:18:41,20.82,9.15
o_003276,1,p_8596,s_404,2018-02-09 22:21:24,82.04,13.99
o_003277,1,p_5452,s_836,2017-04-17 19:49:37,255.72,5.92
o_003277,2,p_2806,s_275,2017-04-17 19:49:37,162.11,6.04
o_003278,1,p_7363,s_443,2017-03-25 15:14:04,76.6,25.82
o_003279,1,p_7920,s_584,2018-02-13 14:10:17,231.83,27.64
o_003280,1,p_4902,s_298,2017-01-09 19:48:04,165.43,14.9
o_003281,1,p_3686,s_300,2018-07-10 16:55:06,92.14,63.83
o_003282,1,p_6788,s_921,2018-01-12 14:07:13,324.23,26.42
o_003283,1,p_9454,s_406,2018-02-02 10:10:10,96.03,24.35
o_003284,1,p_9771,s_342,2018-03-09 13:44:18,207.31,24.04
o_003285,1,p_8094,s_153,2017-12-26 12:52:00,48.88,6.5
o_003286,1,p_2897,s_635,2018-06-14 12:28:30,135.28,18.33
o_003287,1,p_8058,s_215,2018-03-13 19:01:47,112.18,16.86
o_003288,1,p_3839,s_375,2018-08-29 13:02:08,107.88,17.19
o_003289,1,p_1782,s_199,2018-04-07 13:33:22,100.85,26.98
o_003290,1,p_4803,s_670,2018-01-01 18:25:48,22.91,15.56
o_003291,1,p_1982,s_782,2017-12-01 15:10:55,268.95,6.45
o_003291,2,p_3662,s_813,2017-12-01 15:10:55,17.23,6.27
o_003292,1,p_2806,s_526,2017-04-23 20:55:38,25.71,18.99
o_003293,1,p_9874,s_533,2017-04-02 07:29:48,371.18,16.24
o_003294,1,p_1572,s_750,2017-04-09 19:38:36,113.99,18.36
o_003295,1,p_1844,s_502,2018-08-31 20:49:12,31.17,8.08
o_003296,1,p_1224,s_884,2018-06-26 09:39:46,24.08,10.14
o_003296,2,p_3800,s_462,2018-06-26 09:39:46,59.64,11.18
o_003297,1,p_2247,s_214,2018-05-16 16:48:40,199.23,5.77
o_003298,1,p_6251,s_727,2017-08-14 20:24:51,50.69,28.87
o_003299,1,p_1440,s_107,2018-03-29 08:03:34,240.67,12.18
o_003300,1,p_4246,s_591,2017-10-31 10:29:11,167.62,13.14
o_003301,1,p_8489,s_978,2017-05-29 10:40:03,46.9,24.69
o_003302,1,p_4863,s_726,2018-03-03 12:25:10,82.27,15.26
o_003303,1,p_2924,s_475,2017-02-26 14:25:43,172.18,12.54
o_003304,1,p_5117,s_304,2017-09-07 17:14:39,185.96,24.18
o_003305,1,p_2750,s_494,2018-06-23 19:00:10,33.2,7.83
o_003306,1,p_1282,s_101,2018-04-11 16:39:23,48.46,17.66
o_003307,1,p_3307,s_833,2017-01-17 18:25:16,85.11,22.49
o_003308,1,p_2804,s_591,2018-04-10 12:15:57,26.72,10.42
o_003309,1,p_9056,s_882,2018-04-29 12:19:19,16.68,27.36
o_003310,1,p_4055,s_621,2018-03-29 12:24:27,54.9,22.93
o_003311,1,p_4259,s_537,2018-05-19 12:46:24,80.91,22.0
o_003312,1,p_7159,s_374,2018-07-19 17:41:40,92.66,16.18
o_003313,1,p_9698,s_647,2018-08-28 13:01:24,238.0,18.12
o_003314,1,p_9905,s_706,2017-03-04 16:34:33,36.3,9.64
o_003314,2,p_3546,s_205,2017-03-04 16:34:33,71.07,11.47
o_003315,1,p_8685,s_208,2017-01-21 19:12:11,40.28,67.21
o_003316,1,p_2182,s_387,2017-12-22 12:21:30,33.67,9.45
o_003317,1,p_4916,s_405,2018-03-13 20:10:52,101.24,28.05
o_003317,2,p_4093,s_985,2018-03-13 20:10:52,134.88,23.1
o_003318,1,p_8689,s_607,2018-08-24 07:18:18,193.33,15.61
o_003319,1,p_4816,s_689,2017-11-22 10:19:43,95.14,14.77
o_003319,2,p_2799,s_468,2017-11-22 10:19:43,393.86,15.8
o_003320,1,p_6309,s_486,2018-08-31 21:54:29,159.03,22.63
o_003321,1,p_2701,s_512,2017-07-11 15:59:37,84.93,23.2
o_003322,1,p_4566,s_575,2018-07-02 08:31:28,152.58,19.67
o_003323,1,p_6395,s_857,2018-07-15 18:36:31,135.65,24.91
o_003324,1,p_9590,s_446,2018-01-20 18:40:18,33.53,16.05
o_003325,1,p_2302,s_667,2018-04-17 13:50:42,189.9,25.44
o_003326,1,p_7201,s_762,2018-06-11 21:47:11,115.78,13.8
o_003327,1,p_9988,s_914,2018-05-25 11:03:42,287.19,26.4
o_003328,1,p_6178,s_769,2018-05-08 11:44:14,228.15,28.66
o_003329,1,p_1340,s_315,2018-05-14 12:15:44,289.66,7.66
o_003330,1,p_4457,s_142,2018-07-30 14:02:20,50.73,17.29
o_003330,2,p_4840,s_253,2018-07-30 14:02:20,47.18,16.11
o_003331,1,p_7755,s_577,2018-02-22 14:49:12,125.82,8.51
o_003332,1,p_4609,s_190,2017-04-27 16:13:31,16.87,28.1
o_003333,1,p_1634,s_874,2018-07-22 19:23:02,54.28,18.92
o_003334,1,p_1303,s_761,2018-03-13 05:58:29,130.44,29.83
o_003335,1,p_5951,s_990,2017-05-16 07:20:14,111.2,18.99
o_003335,2,p_5540,s_615,2017-05-16 07:20:14,374.01,14.83
o_003336,1,p_4042,s_538,2017-07-29 17:15:32,17.44,28.68
o_003337,1,p_5571,s_414,2018-01-19 14:15:39,38.48,16.17
o_003338,1,p_4805,s_954,2018-07-01 12:26:47,225.54,26.22
o_003339,1,p_1440,s_191,2017-01-19 15:26:53,243.53,22.84
o_003340,1,p_2319,s_517,2018-04-13 18:03:25,77.92,14.34
o_003341,1,p_1778,s_647,2018-07-07 10:39:40,171.31,5.58
o_003341,2,p_7220,s_900,2018-07-07 10:39:40,49.63,8.02
o_003341,3,p_2855,s_334,2018-07-07 10:39:40,198.92,10.43
o_003342,1,p_3266,s_993,2017-01-14 05:28:35,147.77,10.26
o_003343,1,p_7594,s_744,2017-07-07 04:10:29,32.57,8.3
o_003344,1,p_6484,s_148,2017-03-15 10:44:31,133.18,13.87
o_003345,1,p_2903,s_397,2018-01-06 19:47:21,90.21,7.91
o_003346,1,p_2873,s_531,2018-06-27 10:26:05,23.76,29.3
o_003347,1,p_6701,s_844,2018-02-27 11:15:46,98.67,8.01
o_003348,1,p_2256,s_456,2017-05-28 12:50:00,24.36,9.63
o_003349,1,p_7697,s_580,2018-07-18 04:21:15,100.9,12.18
o_003349,2,p_8668,s_434,2018-07-18 04:21:15,44.68,12.97
o_003350,1,p_1572,s_389,2017-07-30 12:20:18,18.94,29.96
o_003350,2,p_6871,s_927,2017-07-30 12:20:18,76.54,23.12
o_003350,3,p_4100,s_775,2017-07-30 12:20:18,38.9,24.19
o_003351,1,p_3696,s_214,2017-02-24 07:33:17,87.51,68.9
o_003352,1,p_7900,s_495,2017-03-24 13:20:18,84.06,19.36
o_003353,1,p_6637,s_946,2017-03-13 08:02:04,285.15,8.35
o_003354,1,p_6438,s_416,2018-07-24 21:33:19,68.38,65.99
o_003354,2,p_9093,s_261,2018-07-24 21:33:19,36.18,69.13
o_003355,1,p_2048,s_609,2018-03-15 13:51:03,190.0,16.61
o_003355,2,p_1622,s_336,2018-03-15 13:51:03,167.18,12.82
o_003356,1,p_6365,s_515,2018-06-17 20:28:26,51.15,24.12
o_003357,1,p_4406,s_817,2018-06-12 20:27:42,379.89,6.97
o_003358,1,p_2822,s_997,2017-03-17 21:43:53,53.9,5.62
o_003359,1,p_1701,s_383,2017-06-30 10:05:44,151.53,7.45
o_003360,1,p_2193,s_848,2018-03-03 10:31:47,148.29,15.75
o_003361,1,p_8031,s_581,2017-02-14 21:45:13,195.93,19.85
o_003361,2,p_6554,s_552,2017-02-14 21:45:13,55.48,18.21
o_003361,3,p_3029,s_232,2017-02-14 21:45:13,129.05,16.72
o_003362,1,p_5280,s_127,2017-05-11 13:47:21,324.61,8.89
o_003363,1,p_4932,s_861,2017-09-10 17:14:48,362.21,10.86
o_003364,1,p_2586,s_819,2017-09-09 09:50:45,278.19,8.67
o_003365,1,p_6686,s_571,2018-05-07 17:09:26,172.8,8.96
o_003365,2,p_5460,s_956,2018-05-07 17:09:26,93.9,9.34
o_003366,1,p_5862,s_255,2018-03-09 07:11:24,35.05,16.37
o_003367,1,p_1317,s_838,2017-01-21 16:08:58,123.83,22.89
o_003368,1,p_3690,s_506,2018-05-19 21:21:20,93.98,19.44
o_003369,1,p_4905,s_901,2018-01-08 21:46:39,72.8,14.61
o_003370,1,p_6514,s_780,2017-06-08 21:05:13,114.83,8.1
o_003371,1,p_2650,s_219,2017-03-03 20:35:28,24.26,22.17
o_003372,1,p_7577,s_115,2017-04-14 15:37:10,121.47,17.04
o_003373,1,p_2087,s_194,2018-06-14 08:58:18,48.65,8.39
o_003374,1,p_7291,s_772,2017-01-18 12:00:14,346.25,6.68
o_003375,1,p_8540,s_238,2018-03-10 12:48:39,152.42,5.6
o_003376,1,p_5990,s_554,2017-08-27 19:46:54,201.48,29.0
o_003377,1,p_9614,s_357,2018-02-08 07:35:46,103.7,28.27
o_003378,1,p_2702,s_153,2018-01-30 18:16:48,188.39,6.59
o_003379,1,p_9400,s_177,2017-01-31 09:33:22,133.09,25.51
o_003380,1,p_8149,s_892,2018-04-28 18:49:40,42.33,14.13
o_003381,1,p_4050,s_329,2017-10-19 14:48:26,93.84,13.78
o_003382,1,p_6645,s_802,2018-01-29 20:38:14,28.21,26.49
o_003383,1,p_6982,s_829,2018-04-10 09:11:16,198.71,11.58
o_003384,1,p_7747,s_912,2018-01-26 11:23:06,161.02,16.14
o_003385,1,p_7532,s_312,2018-01-12 19:48:24,230.49,22.35
o_003386,1,p_7829,s_980,2018-02-16 12:14:39,363.94,11.28
o_003387,1,p_2895,s_549,2018-05-13 06:35:38,59.15,17.34
o_003388,1,p_1577,s_754,2018-06-10 12:17:10,76.57,7.78
o_003388,2,p_4249,s_907,2018-06-10 12:17:10,377.95,9.35
o_003389,1,p_7285,s_818,2018-08-25 23:26:28,36.51,16.65
o_003390,1,p_7478,s_416,2018-03-24 05:41:38,21.58,14.41
o_003391,1,p_6248,s_331,2018-02-12 16:32:10,30.79,17.97
o_003392,1,p_9418,s_582,2018-06-18 18:58:37,138.35,11.53
o_003393,1,p_5325,s_482,2018-06-29 10:04:05,303.01,18.79
o_003394,1,p_6165,s_317,2018-03-14 13:00:38,159.51,29.17
o_003395,1,p_2567,s_362,2018-08-18 12:58:20,16.64,19.1
o_003396,1,p_8651,s_292,2018-06-28 09:20:27,168.95,6.13
o_003397,1,p_1114,s_848,2018-06-12 09:21:09,92.55,15.31
o_003398,1,p_7123,s_867,2018-06-17 10:52:38,101.1,16.77
o_003399,1,p_2366,s_234,2018-03-27 22:05:45,337.43,25.68
o_003400,1,p_3983,s_513,2017-04-11 14:36:04,45.51,27.42
o_003401,1,p_3108,s_928,2018-03-28 16:33:24,22.3,12.82
o_003401,2,p_1766,s_234,2018-03-28 16:33:24,128.95,14.81
o_003402,1,p_5618,s_684,2017-12-28 16:55:51,111.95,13.47
o_003403,1,p_6934,s_717,2018-01-20 11:27:25,119.4,8.5
o_003404,1,p_7935,s_833,2018-02-25 04:28:03,333.69,66.96
o_003405,1,p_6442,s_269,2017-06-08 12:28:48,159.07,28.35
o_003406,1,p_2656,s_258,2018-05-17 11:40:30,55.5,24.44
o_003407,1,p_4588,s_686,2018-08-27 11:28:55,59.45,27.89
o_003408,1,p_1247,s_972,2017-08-14 16:33:23,77.35,9.25
o_003409,1,p_2733,s_384,2018-03-25 19:06:00,44.16,10.98
o_003410,1,p_2137,s_272,2018-02-24 10:53:39,272.72,16.19
o_003411,1,p_7848,s_255,2017-09-18 10:05:42,256.63,11.7
o_003412,1,p_3817,s_860,2017-04-07 15:20:33,69.01,10.99
o_003413,1,p_8473,s_608,2018-03-06 12:58:39,55.5,26.82
o_003413,2,p_2679,s_952,2018-03-06 12:58:39,216.84,29.93
o_003414,1,p_6741,s_831,2018-07-01 22:06:14,42.53,19.28
o_003414,2,p_6492,s_369,2018-07-01 22:06:14,125.25,18.99
o_003414,3,p_1705,s_158,2018-07-01 22:06:14,18.06,19.12
o_003415,1,p_6250,s_614,2018-05-27 11:09:35,247.86,13.41
o_003416,1,p_9564,s_453,2017-11-15 11:06:51,15.06,27.25
o_003417,1,p_7337,s_726,2018-06-13 12:23:04,85.06,6.77
o_003417,2,p_1694,s_549,2018-06-13 12:23:04,73.42,6.89
o_003418,1,p_9461,s_198,2018-08-25 09:58:19,155.2,26.79
o_003419,1,p_1435,s_147,2018-03-26 21:51:42,24.71,13.44
o_003420,1,p_5853,s_945,2017-12-09 11:22:12,123.02,17.69
o_003420,2,p_1491,s_672,2017-12-09 11:22:12,354.35,13.58
o_003421,1,p_3190,s_997,2017-05-24 09:04:13,198.97,68.31
o_003422,1,p_8381,s_438,2018-05-29 07:01:05,179.11,12.86
o_003423,1,p_6983,s_184,2017-06-09 20:05:02,149.6,14.26
o_003424,1,p_3037,s_771,2017-07-08 09:08:22,80.13,15.74
o_003424,2,p_7785,s_399,2017-07-08 09:08:22,312.94,14.24
o_003425,1,p_8845,s_770,2017-05-13 16:36:05,142.45,65.43
o_003426,1,p_5370,s_597,2018-01-12 11:59:02,107.9,22.43
o_003427,1,p_9048,s_751,2018-05-06 16:08:03,47.1,10.63
o_003428,1,p_6105,s_644,2018-02-06 17:16:51,94.72,7.01
o_003429,1,p_4554,s_593,2017-11-30 10:37:06,233.51,7.06
o_003430,1,p_9211,s_727,2017-04-25 18:52:54,63.56,7.23
o_003431,1,p_3001,s_493,2018-08-07 08:16:52,523.34,64.94
o_003431,2,p_5674,s_654,2018-08-07 08:16:52,24.4,69.44
o_003432,1,p_6502,s_464,2018-05-09 13:17:44,107.14,15.97
o_003433,1,p_3165,s_469,2018-05-14 20:28:48,17.68,12.38
o_003434,1,p_3840,s_795,2017-10-27 18:35:21,23.3,10.32
o_003435,1,p_3182,s_216,2018-08-16 17:04:54,34.22,11.6
o_003436,1,p_3481,s_806,2017-02-20 17:30:14,113.51,8.22
o_003437,1,p_9534,s_845,2018-05-08 20:41:32,130.76,14.41
o_003438,1,p_7877,s_734,2017-03-29 21:32:18,59.23,7.19
o_003439,1,p_6213,s_344,2017-01-30 18:16:20,93.34,22.6
o_003440,1,p_2493,s_608,2018-04-29 23:21:23,228.56,25.39
o_003441,1,p_8420,s_795,2018-01-12 15:47:43,31.47,9.49
o_003442,1,p_5299,s_978,2018-07-16 21:28:11,195.34,16.83
o_003443,1,p_5764,s_633,2018-01-31 17:30:52,57.39,29.5
o_003444,1,p_6754,s_730,2018-04-20 21:02:33,123.51,24.96
o_003445,1,p_9678,s_424,2017-01-17 19:42:50,141.36,15.14
o_003446,1,p_3797,s_784,2018-06-12 18:37:27,67.92,9.98
o_003447,1,p_5144,s_724,2018-03-05 14:27:21,44.93,11.97
o_003447,2,p_5329,s_956,2018-03-05 14:27:21,105.42,6.85
o_003448,1,p_6681,s_676,2018-07-25 22:45:23,269.18,28.98
o_003449,1,p_3137,s_635,2018-05-14 08:23:30,148.07,27.08
o_003450,1,p_8930,s_687,2018-08-15 19:02:12,252.68,9.78
o_003451,1,p_5025,s_363,2018-08-14 08:13:11,36.37,7.05
o_003452,1,p_8225,s_783,2018-05-09 12:10:02,126.38,13.41
o_003453,1,p_8703,s_183,2017-10-08 13:48:00,321.48,12.92
o_003454,1,p_5687,s_847,2017-11-21 14:51:37,29.83,18.09
o_003455,1,p_3692,s_572,2018-05-12 16:44:53,63.12,14.55
o_003456,1,p_8813,s_188,2017-04-16 19:07:31,373.04,14.82
o_003457,1,p_2427,s_761,2018-03-29 14:54:35,288.68,22.42
o_003458,1,p_3045,s_548,2017-06-18 19:24:33,90.6,26.25
o_003459,1,p_1028,s_239,2018-08-20 22:58:13,74.5,9.88
o_003460,1,p_9552,s_775,2017-04-26 15:53:54,78.37,13.27
o_003461,1,p_2261,s_139,2017-06-10 14:15:53,131.43,10.29
o_003462,1,p_6605,s_330,2018-06-02 13:37:24,187.17,13.53
o_003463,1,p_4733,s_438,2017-03-24 10:18:37,53.93,27.27
o_003464,1,p_9421,s_424,2018-07-31 18:47:58,40.28,22.41
o_003465,1,p_2981,s_461,2018-07-27 12:56:07,248.18,23.36
o_003466,1,p_9043,s_816,2017-08-07 15:40:25,193.37,27.77
o_003467,1,p_2627,s_727,2018-03-28 16:06:07,117.59,10.75
o_003468,1,p_8573,s_713,2017-01-21 00:34:33,115.97,19.91
o_003469,1,p_1652,s_805,2018-05-02 15:21:27,240.72,15.26
o_003470,1,p_9890,s_105,2017-08-10 19:55:48,173.05,9.07
o_003471,1,p_3375,s_526,2017-12-08 09:44:14,98.91,27.66
o_003472,1,p_4821,s_348,2017-07-06 10:18:17,149.71,6.89
o_003473,1,p_8195,s_761,2018-03-08 16:42:22,15.43,22.86
o_003473,2,p_3495,s_598,2018-03-08 16:42:22,417.73,25.83
o_003473,3,p_8725,s_247,2018-03-08 16:42:22,271.51,23.83
o_003474,1,p_8303,s_432,2018-01-31 13:37:52,60.52,69.0
o_003475,1,p_9141,s_172,2018-06-17 20:05:20,49.04,23.83
o_003476,1,p_3528,s_354,2018-04-25 13:00:26,220.77,66.16
o_003476,2,p_7477,s_882,2018-04-25 13:00:26,146.94,67.42
o_003477,1,p_6448,s_838,2018-05-30 07:38:45,53.71,15.6
o_003477,2,p_6182,s_596,2018-05-30 07:38:45,76.09,16.75
o_003478,1,p_4033,s_102,2017-12-28 12:43:55,50.15,6.25
o_003479,1,p_1036,s_177,2018-01-10 20:01:09,41.59,16.94
o_003480,1,p_9196,s_518,2018-02-21 16:05:51,125.03,6.0
o_003481,1,p_8298,s_152,2017-07-17 21:41:07,98.6,18.37
o_003482,1,p_1885,s_246,2017-09-12 06:41:55,43.8,7.05
o_003483,1,p_6032,s_171,2018-01-24 18:27:10,29.26,24.28
o_003483,2,p_7183,s_878,2018-01-24 18:27:10,138.6,22.5
o_003484,1,p_3099,s_520,2017-04-15 13:43:03,35.97,14.52
o_003485,1,p_8588,s_164,2017-05-03 14:56:48,106.63,14.95
o_003486,1,p_2078,s_176,2018-02-28 07:50:42,20.54,13.05
o_003487,1,p_5626,s_529,2018-01-09 11:23:55,15.66,22.35
o_003488,1,p_3462,s_116,2018-07-27 10:46:51,164.51,13.86
o_003489,1,p_8569,s_971,2018-01-15 14:39:44,155.22,12.92
o_003490,1,p_5285,s_643,2018-04-22 07:47:24,74.82,7.37
o_003491,1,p_5861,s_705,2018-03-18 10:35:30,54.14,11.35
o_003492,1,p_4246,s_239,2018-07-03 12:59:44,20.48,27.71
o_003493,1,p_2017,s_979,2018-05-26 15:35:11,118.85,11.21
o_003494,1,p_6033,s_153,2018-01-09 21:12:53,216.57,10.58
o_003495,1,p_7120,s_482,2017-09-25 07:18:02,227.14,14.78
o_003495,2,p_8513,s_348,2017-09-25 07:18:02,397.95,12.84
o_003496,1,p_1446,s_606,2018-08-26 18:56:01,266.08,13.41
o_003497,1,p_8306,s_614,2017-12-23 10:58:44,18.65,10.53
o_003498,1,p_7519,s_967,2018-04-14 10:33:35,240.93,6.2
o_003499,1,p_6656,s_963,2017-03-14 12:42:41,268.27,13.18
o_003500,1,p_9051,s_743,2018-06-16 03:07:54,72.57,12.5
o_003501,1,p_9940,s_145,2018-05-30 19:17:43,162.6,11.38
o_003502,1,p_6763,s_776,2018-05-07 20:43:50,152.32,15.07
o_003503,1,p_7759,s_748,2018-08-06 16:53:59,293.22,7.84
o_003504,1,p_7345,s_342,2017-12-12 15:46:11,81.14,10.24
o_003505,1,p_2985,s_489,2017-02-22 16:06:14,91.85,10.08
o_003506,1,p_5701,s_704,2017-09-11 18:15:00,139.65,19.7
o_003507,1,p_6921,s_808,2017-05-18 10:33:01,82.34,5.67
o_003508,1,p_9932,s_928,2017-03-17 10:16:01,770.8,12.65
o_003509,1,p_5951,s_750,2018-06-14 13:28:18,866.59,19.97
o_003510,1,p_9857,s_199,2017-01-10 12:13:18,100.12,11.08
o_003511,1,p_4432,s_987,2018-01-07 08:07:45,40.95,15.7
o_003512,1,p_2378,s_799,2017-10-16 11:39:06,144.51,18.51
o_003513,1,p_1006,s_728,2017-10-08 14:03:04,173.78,18.93
o_003514,1,p_7501,s_738,2018-08-01 11:44:59,288.94,27.53
o_003515,1,p_3035,s_169,2018-06-01 06:04:04,36.08,15.0
o_003515,2,p_2214,s_922,2018-06-01 06:04:04,222.9,18.8
o_003516,1,p_5283,s_970,2017-09-20 16:03:48,208.59,16.94
o_003517,1,p_1024,s_168,2017-01-21 12:19:16,91.79,12.86
o_003517,2,p_4286,s_121,2017-01-21 12:19:16,147.92,9.74
o_003518,1,p_2705,s_733,2018-05-13 13:08:36,54.45,18.68
o_003519,1,p_1210,s_683,2017-12-19 20:17:19,470.34,11.61
o_003520,1,p_8421,s_968,2017-03-10 16:27:35,22.48,24.3
o_003521,1,p_4765,s_435,2018-06-23 23:25:14,24.41,15.05
o_003522,1,p_7927,s_847,2017-02-09 15:26:52,18.13,10.14
o_003523,1,p_9246,s_128,2017-05-02 10:07:40,127.76,14.57
o_003523,2,p_2583,s_468,2017-05-02 10:07:40,113.69,15.98
o_003524,1,p_7076,s_977,2017-10-12 16:29:32,120.23,18.49
o_003524,2,p_8502,s_688,2017-10-12 16:29:32,25.5,17.92
o_003524,3,p_1377,s_750,2017-10-12 16:29:32,248.31,18.81
o_003525,1,p_4468,s_940,2018-04-09 07:45:31,22.74,6.47
o_003526,1,p_5941,s_862,2018-03-31 08:23:42,78.86,10.81
o_003527,1,p_5597,s_366,2018-06-19 20:56:07,89.97,16.04
o_003528,1,p_8779,s_847,2018-01-19 08:08:21,90.52,29.02
o_003529,1,p_9176,s_253,2018-02-01 09:55:47,187.22,11.65
o_003530,1,p_5459,s_722,2018-02-11 22:44:37,62.43,5.65
o_003531,1,p_1813,s_505,2018-08-16 10:35:41,199.07,28.95
o_003531,2,p_8107,s_927,2018-08-16 10:35:41,227.5,26.59
o_003532,1,p_8540,s_117,2017-03-20 22:12:11,177.53,6.19
o_003532,2,p_6457,s_290,2017-03-20 22:12:11,376.17,12.82
o_003533,1,p_9710,s_822,2018-08-14 05:44:26,69.34,9.25
o_003534,1,p_4358,s_182,2018-07-11 19:37:10,36.24,13.91
o_003535,1,p_2173,s_639,2018-04-11 17:30:34,134.38,5.66
o_003536,1,p_9979,s_613,2017-06-18 15:31:03,64.92,6.34
o_003537,1,p_5070,s_162,2017-02-25 15:11:35,38.59,5.61
o_003538,1,p_6991,s_674,2017-09-17 17:29:50,100.73,15.24
o_003539,1,p_2847,s_545,2017-06-06 13:20:54,208.64,12.47
o_003540,1,p_2762,s_145,2017-05-28 08:31:48,89.9,26.13
o_003541,1,p_2307,s_554,2018-05-18 16:31:02,163.87,10.82
o_003541,2,p_6206,s_961,2018-05-18 16:31:02,20.24,10.58
o_003542,1,p_8023,s_941,2017-03-05 13:58:28,133.14,6.61
o_003543,1,p_3116,s_154,2017-09-15 18:18:48,140.67,12.39
o_003544,1,p_1975,s_790,2017-03-04 20:42:41,188.53,8.01
o_003545,1,p_5435,s_971,2017-10-26 06:09:58,27.26,10.61
o_003546,1,p_3020,s_625,2018-05-16 19:52:14,42.15,28.5
o_003547,1,p_9083,s_445,2017-06-25 15:13:02,17.73,16.63
o_003548,1,p_1506,s_644,2018-01-19 14:45:54,15.36,13.07
o_003549,1,p_7166,s_504,2018-04-14 19:37:24,110.94,6.31
o_003550,1,p_3319,s_776,2018-05-23 18:13:23,20.12,5.71
o_003551,1,p_1263,s_686,2017-09-29 19:59:33,59.44,27.92
o_003552,1,p_2938,s_317,2018-05-28 13:57:28,169.2,7.97
o_003553,1,p_2561,s_883,2018-01-25 21:15:36,52.05,12.55
o_003554,1,p_7535,s_712,2018-07-21 20:59:41,173.12,24.67
o_003555,1,p_4663,s_558,2018-06-29 13:34:08,201.51,27.54
o_003556,1,p_7685,s_623,2017-08-09 15:11:22,39.0,24.96
o_003557,1,p_7653,s_179,2018-08-15 17:28:55,698.2,22.17
o_003558,1,p_3163,s_945,2017-08-19 14:47:16,370.73,8.19
o_003559,1,p_5857,s_596,2018-04-14 11:07:40,161.18,12.81
o_003560,1,p_4624,s_660,2017-10-10 10:28:06,101.65,69.02
o_003560,2,p_8889,s_293,2017-10-10 10:28:06,17.57,68.75
o_003561,1,p_8384,s_632,2018-08-11 13:55:08,23.74,17.24
o_003562,1,p_7872,s_807,2017-08-22 18:22:32,287.46,19.73
o_003563,1,p_6909,s_898,2018-07-27 12:01:30,48.84,15.17
o_003564,1,p_6596,s_274,2018-06-12 11:46:25,175.42,24.21
o_003565,1,p_3111,s_251,2018-07-26 14:15:08,96.21,19.53
o_003566,1,p_7779,s_566,2017-04-24 10:40:05,122.01,24.03
o_003567,1,p_3363,s_625,2018-08-10 15:25:00,27.4,12.17
o_003568,1,p_8061,s_876,2017-06-11 15:27:04,130.11,24.05
o_003569,1,p_2343,s_673,2018-07-27 17:05:28,23.36,6.32
o_003570,1,p_4383,s_582,2018-08-08 18:51:32,113.91,16.86
o_003571,1,p_1561,s_335,2018-05-26 16:12:14,161.56,28.32
o_003572,1,p_7321,s_190,2017-08-20 07:10:51,105.09,26.22
o_003573,1,p_8540,s_390,2018-04-11 18:00:41,20.04,29.75
o_003574,1,p_5833,s_408,2018-01-12 10:01:24,122.57,11.91
o_003575,1,p_8876,s_208,2018-01-24 13:18:24,172.22,16.53
o_003576,1,p_7389,s_928,2017-10-23 12:34:11,41.36,22.08
o_003577,1,p_5011,s_487,2017-09-14 13:44:23,148.54,6.89
o_003578,1,p_3993,s_181,2018-06-07 18:07:02,15.8,10.35
o_003579,1,p_5629,s_825,2017-08-18 13:32:01,41.99,10.74
o_003580,1,p_7063,s_829,2018-06-07 08:38:53,68.51,27.71
o_003581,1,p_4077,s_101,2017-01-10 14:47:25,142.47,12.96
o_003582,1,p_9547,s_364,2018-06-07 19:08:59,23.01,8.54
o_003583,1,p_2475,s_393,2017-07-25 14:02:12,55.82,7.81
o_003584,1,p_8904,s_621,2017-12-25 14:17:24,222.6,9.85
o_003585,1,p_2219,s_155,2017-09-11 12:16:45,206.98,12.58
o_003585,2,p_9501,s_117,2017-09-11 12:16:45,38.12,11.74
o_003586,1,p_5734,s_591,2018-01-13 15:16:20,334.59,9.26
o_003587,1,p_5053,s_815,2017-01-25 08:32:07,100.59,27.37
o_003588,1,p_3660,s_953,2018-03-16 07:58:00,106.11,6.12
o_003589,1,p_4288,s_301,2018-04-25 12:47:02,114.86,12.46
o_003589,2,p_1816,s_474,2018-04-25 12:47:02,76.47,9.63
o_003590,1,p_2644,s_556,2018-02-22 18:00:47,119.03,9.17
o_003591,1,p_3262,s_361,2017-08-07 16:51:06,179.08,12.14
o_003591,2,p_3535,s_266,2017-08-07 16:51:06,127.48,13.17
o_003592,1,p_2647,s_432,2017-02-19 14:56:21,25.1,11.22
o_003593,1,p_3044,s_849,2018-02-07 07:02:20,66.3,11.12
o_003594,1,p_9160,s_660,2018-06-02 10:32:38,46.53,68.66
o_003595,1,p_3742,s_812,2018-06-12 11:53:08,23.19,29.84
o_003596,1,p_5886,s_332,2018-03-27 10:31:42,244.75,27.0
o_003597,1,p_7371,s_761,2018-03-22 21:59:09,191.63,15.71
o_003597,2,p_1662,s_496,2018-03-22 21:59:09,62.78,13.17
o_003598,1,p_2431,s_584,2018-06-01 11:51:57,69.13,29.36
o_003598,2,p_9187,s_639,2018-06-01 11:51:57,340.77,26.39
o_003599,1,p_1567,s_249,2018-06-07 07:21:28,250.27,27.06
o_003600,1,p_7888,s_716,2018-08-13 14:09:48,163.06,9.01
o_003601,1,p_6398,s_568,2018-05-27 16:30:44,382.48,6.21
o_003602,1,p_1886,s_130,2018-05-30 13:03:53,35.04,16.53
o_003603,1,p_7413,s_471,2017-06-02 15:07:30,64.37,11.55
o_003604,1,p_3373,s_510,2018-01-10 13:52:59,39.39,6.91
o_003605,1,p_3370,s_580,2017-12-30 13:01:20,20.99,65.67
o_003606,1,p_5885,s_222,2018-08-27 09:01:29,59.28,24.73
o_003607,1,p_6923,s_136,2018-05-08 08:56:04,163.87,14.8
o_003608,1,p_4206,s_876,2017-05-23 12:27:59,164.13,10.84
o_003609,1,p_1131,s_545,2018-02-28 21:41:53,33.03,15.33
o_003609,2,p_1337,s_124,2018-02-28 21:41:53,15.18,14.34
o_003610,1,p_8208,s_529,2017-03-29 16:55:22,15.85,25.59
o_003611,1,p_4368,s_116,2017-11-29 07:05:26,127.16,10.93
o_003612,1,p_2883,s_402,2017-12-08 21:04:01,208.44,15.78
o_003613,1,p_6606,s_652,2018-06-06 14:15:01,25.38,14.81
o_003614,1,p_1977,s_912,2018-04-10 19:12:15,52.92,12.83
o_003615,1,p_9933,s_767,2017-09-21 12:35:27,188.7,9.31
o_003616,1,p_8583,s_569,2018-08-31 16:07:32,82.37,26.0
o_003617,1,p_8321,s_253,2018-04-15 16:35:33,173.42,29.42
o_003618,1,p_2965,s_761,2018-03-15 13:06:58,64.93,22.31
o_003619,1,p_3401,s_773,2018-04-24 12:26:13,53.5,19.14
o_003620,1,p_9419,s_282,2018-08-07 20:54:16,136.98,5.94
o_003621,1,p_7620,s_151,2017-12-12 15:51:51,248.66,69.26
o_003622,1,p_4146,s_126,2017-03-21 14:39:07,92.02,25.31
o_003623,1,p_2921,s_643,2017-05-18 16:11:34,472.58,10.62
o_003624,1,p_1486,s_104,2018-02-07 15:49:11,80.95,11.54
o_003625,1,p_8699,s_584,2017-10-23 02:04:15,405.67,12.4
o_003626,1,p_9095,s_191,2018-02-24 08:00:21,81.44,11.29
o_003626,2,p_2422,s_270,2018-02-24 08:00:21,341.04,8.86
o_003627,1,p_5904,s_218,2018-07-25 10:04:08,319.66,26.71
o_003628,1,p_8216,s_525,2018-06-19 10:19:32,79.84,8.35
o_003629,1,p_5337,s_444,2018-08-30 04:50:23,172.9,18.4
o_003629,2,p_4334,s_338,2018-08-30 04:50:23,78.02,14.99
o_003630,1,p_5620,s_418,2018-08-07 15:42:57,192.8,16.09
o_003631,1,p_6014,s_706,2017-10-08 10:24:27,161.23,15.72
o_003631,2,p_6686,s_767,2017-10-08 10:24:27,99.77,13.07
o_003632,1,p_1877,s_981,2017-11-15 06:37:07,194.94,6.47
o_003633,1,p_9857,s_831,2017-07-14 16:24:29,46.28,10.8
o_003634,1,p_1103,s_901,2018-05-12 07:25:12,313.13,28.75
o_003635,1,p_6484,s_440,2017-05-02 18:15:16,87.67,25.66
o_003636,1,p_7187,s_360,2018-05-11 12:26:45,96.35,11.57
o_003637,1,p_7921,s_263,2017-11-30 19:12:28,132.68,17.21
o_003637,2,p_8188,s_906,2017-11-30 19:12:28,60.71,12.68
o_003638,1,p_4715,s_862,2018-01-21 21:34:50,481.56,10.62
o_003639,1,p_4217,s_154,2017-01-26 22:39:21,83.35,10.76
o_003640,1,p_9200,s_554,2018-03-14 19:46:31,32.6,10.62
o_003641,1,p_8849,s_811,2018-08-13 07:14:23,311.25,69.09
o_003641,2,p_5311,s_460,2018-08-13 07:14:23,53.09,64.74
o_003642,1,p_8191,s_597,2018-04-16 14:45:44,28.84,15.84
o_003642,2,p_9535,s_167,2018-04-16 14:45:44,62.02,16.63
o_003643,1,p_7173,s_549,2017-11-30 16:20:23,448.19,8.15
o_003644,1,p_2340,s_910,2018-04-10 09:22:00,194.55,12.39
o_003645,1,p_8946,s_611,2018-03-11 07:00:50,141.39,17.13
o_003646,1,p_3813,s_459,2017-07-25 14:06:10,58.57,26.48
o_003647,1,p_1548,s_765,2017-11-19 11:51:40,42.64,11.75
o_003648,1,p_6787,s_608,2018-03-25 20:47:47,180.86,12.03
o_003649,1,p_6325,s_425,2017-12-20 19:20:11,271.06,17.53
o_003650,1,p_2832,s_108,2018-08-16 15:02:40,83.25,27.12
o_003651,1,p_2464,s_428,2017-04-07 10:38:40,44.72,11.91
o_003651,2,p_4648,s_404,2017-04-07 10:38:40,432.94,11.0
o_003652,1,p_8844,s_565,2018-05-31 12:27:25,38.38,9.96
o_003652,2,p_3067,s_653,2018-05-31 12:27:25,88.04,7.05
o_003653,1,p_6309,s_271,2017-11-25 12:16:49,36.52,16.52
o_003654,1,p_3675,s_505,2018-07-18 08:30:18,318.76,14.26
o_003655,1,p_9544,s_336,2018-08-07 06:47:48,43.76,23.35
o_003656,1,p_9345,s_190,2018-04-07 17:09:05,52.77,13.31
o_003657,1,p_2080,s_908,2018-01-23 06:24:48,92.96,14.91
o_003658,1,p_5448,s_854,2018-01-27 21:28:06,115.37,12.57
o_003659,1,p_8237,s_153,2018-03-26 16:08:40,300.02,13.22
o_003660,1,p_9294,s_815,2018-06-23 21:01:36,459.25,18.22
o_003661,1,p_2360,s_573,2018-06-14 11:46:51,109.5,6.59
o_003662,1,p_3594,s_688,2017-03-09 04:04:09,174.3,28.37
o_003663,1,p_8970,s_169,2017-12-12 20:59:58,108.38,13.33
o_003664,1,p_6212,s_915,2018-07-19 20:26:54,33.06,6.29
o_003664,2,p_9566,s_552,2018-07-19 20:26:54,145.99,8.04
o_003664,3,p_8900,s_440,2018-07-19 20:26:54,48.43,8.13
o_003665,1,p_6972,s_118,2017-10-13 15:22:05,17.77,17.6
o_003666,1,p_4777,s_860,2018-08-14 12:37:55,171.76,8.91
o_003667,1,p_7691,s_493,2018-06-27 16:23:36,54.21,29.62
o_003668,1,p_1048,s_303,2018-01-16 11:28:06,180.6,13.97
o_003669,1,p_8303,s_345,2017-07-17 11:25:45,35.37,29.75
o_003670,1,p_7874,s_874,2018-02-27 16:29:31,112.88,11.88
o_003671,1,p_2376,s_936,2017-01-31 23:23:46,18.09,8.28
o_003672,1,p_6661,s_673,2018-07-27 06:33:59,263.52,22.33
o_003672,2,p_2296,s_491,2018-07-27 06:33:59,85.67,22.64
o_003673,1,p_8242,s_263,2018-05-29 13:03:36,356.86,17.18
o_003674,1,p_5599,s_444,2018-06-06 20:21:41,39.08,19.15
o_003675,1,p_6717,s_373,2018-01-18 21:52:12,34.46,11.07
o_003676,1,p_4506,s_182,2018-01-19 20:17:11,499.89,15.09
o_003677,1,p_8922,s_280,2017-12-23 16:33:50,40.47,13.38
o_003677,2,p_4481,s_381,2017-12-23 16:33:50,199.89,12.26
o_003678,1,p_1936,s_195,2018-02-08 09:35:48,191.18,63.27
o_003679,1,p_5198,s_959,2018-02-27 07:01:31,160.14,6.09
o_003680,1,p_1025,s_116,2017-01-11 14:38:35,20.22,5.88
o_003681,1,p_2614,s_631,2018-08-19 20:34:24,43.31,6.94
o_003682,1,p_7361,s_697,2017-05-10 18:58:30,155.92,27.74
o_003683,1,p_2816,s_741,2017-07-25 23:27:40,34.04,26.75
o_003684,1,p_8477,s_906,2017-08-31 08:03:33,68.56,17.8
o_003685,1,p_1477,s_216,2017-05-07 13:57:22,107.93,8.79
o_003686,1,p_8693,s_305,2017-04-20 17:45:38,15.07,68.9
o_003687,1,p_7077,s_573,2017-10-03 10:06:03,90.61,10.81
o_003688,1,p_5897,s_118,2018-07-20 17:34:36,98.82,17.54
o_003689,1,p_2382,s_210,2018-08-28 08:24:21,141.98,7.88
o_003689,2,p_9090,s_875,2018-08-28 08:24:21,60.61,11.51
o_003690,1,p_4184,s_329,2017-12-18 10:51:06,187.25,24.12
o_003691,1,p_7069,s_113,2018-08-20 09:11:12,108.5,26.54
o_003692,1,p_8336,s_183,2017-09-24 11:27:14,179.89,24.71
o_003693,1,p_7200,s_172,2017-04-12 16:23:51,32.02,29.46
o_003694,1,p_9903,s_852,2017-09-29 13:38:42,56.72,12.82
o_003695,1,p_9340,s_415,2018-03-01 12:19:41,126.54,13.13
o_003696,1,p_3056,s_904,2017-06-08 02:35:29,202.44,8.49
o_003697,1,p_4890,s_700,2018-06-06 17:24:38,76.49,10.4
o_003698,1,p_6763,s_918,2017-11-10 17:28:33,39.65,29.82
o_003699,1,p_9067,s_147,2017-09-19 15:00:06,73.94,18.07
o_003700,1,p_5651,s_874,2017-03-05 18:39:53,255.93,29.02
o_003701,1,p_6287,s_237,2018-05-21 14:10:10,394.73,28.16
o_003702,1,p_8018,s_600,2017-10-02 14:57:08,41.69,19.32
o_003703,1,p_9258,s_744,2017-10-01 11:38:34,33.69,7.78
o_003703,2,p_2766,s_143,2017-10-01 11:38:34,145.94,13.45
o_003704,1,p_5441,s_939,2018-01-31 11:31:21,64.69,64.41
o_003705,1,p_3830,s_309,2017-02-19 08:22:59,43.44,18.63
o_003706,1,p_9881,s_241,2018-08-08 12:25:09,70.67,14.45
o_003706,2,p_7626,s_286,2018-08-08 12:25:09,154.06,17.34
o_003707,1,p_1804,s_335,2018-02-07 15:51:35,268.92,13.33
o_003707,2,p_8995,s_794,2018-02-07 15:51:35,39.62,18.61
o_003708,1,p_6900,s_892,2018-02-16 16:48:08,19.3,10.69
o_003709,1,p_2918,s_236,2018-06-08 11:53:28,148.18,65.35
o_003710,1,p_9700,s_870,2017-10-20 15:37:20,326.97,29.32
o_003711,1,p_3513,s_333,2018-03-24 16:35:18,270.75,7.39
o_003712,1,p_5838,s_634,2018-08-13 19:50:53,91.04,29.98
o_003712,2,p_6974,s_201,2018-08-13 19:50:53,127.48,29.64
o_003713,1,p_6717,s_222,2017-06-20 10:34:17,83.44,12.61
o_003714,1,p_6739,s_315,2018-08-21 11:17:12,108.12,24.95
o_003714,2,p_3065,s_359,2018-08-21 11:17:12,671.57,26.81
o_003715,1,p_9925,s_448,2017-08-12 10:23:28,51.69,11.86
o_003716,1,p_9433,s_932,2018-03-31 07:11:17,267.9,23.43
o_003717,1,p_9240,s_186,2018-06-22 12:11:16,54.5,15.36
o_003718,1,p_9980,s_250,2018-05-11 16:07:30,61.77,6.7
o_003719,1,p_1892,s_515,2017-12-28 16:51:12,66.72,15.44
o_003720,1,p_7396,s_844,2018-08-26 12:27:17,376.97,12.16
o_003721,1,p_5184,s_841,2017-09-12 08:43:09,122.22,14.74
o_003722,1,p_3593,s_170,2018-05-10 16:39:41,19.12,5.93
o_003723,1,p_5546,s_257,2018-04-07 10:28:43,199.64,6.34
o_003724,1,p_4573,s_696,2017-09-13 16:53:06,69.71,26.67
o_003725,1,p_3241,s_329,2017-02-13 16:35:54,60.61,22.83
o_003725,2,p_4172,s_151,2017-02-13 16:35:54,314.46,26.35
o_003726,1,p_2995,s_729,2018-03-15 12:28:15,158.36,23.07
o_003727,1,p_6897,s_303,2017-08-25 11:54:51,33.62,10.02
o_003728,1,p_9899,s_242,2017-10-15 17:27:08,136.29,17.12
o_003729,1,p_2633,s_571,2018-05-01 15:00:11,32.15,8.69
o_003730,1,p_2578,s_305,2018-06-27 12:02:05,52.73,12.59
o_003731,1,p_8768,s_988,2017-04-26 21:03:24,200.77,10.83
o_003732,1,p_7088,s_276,2018-07-12 09:25:16,85.66,15.95
o_003732,2,p_5611,s_821,2018-07-12 09:25:16,1063.69,19.55
o_003733,1,p_3155,s_316,2018-05-20 12:06:55,192.87,23.49
o_003734,1,p_6544,s_260,2018-01-12 07:07:14,412.34,11.63
o_003735,1,p_9355,s_731,2018-04-10 09:25:07,109.95,11.32
o_003736,1,p_8265,s_531,2018-03-08 19:10:45,66.22,29.4
o_003737,1,p_8512,s_272,2017-05-15 19:58:08,598.11,16.19
o_003738,1,p_3507,s_883,2018-08-17 15:17:55,87.85,23.8
o_003739,1,p_8532,s_191,2018-03-26 16:54:52,108.52,18.93
o_003740,1,p_8503,s_465,2018-06-28 17:05:35,324.94,19.4
o_003741,1,p_4759,s_807,2017-03-02 12:36:36,222.21,18.02
o_003742,1,p_9006,s_155,2018-08-13 11:40:45,295.45,11.98
o_003743,1,p_3691,s_506,2017-11-09 19:57:57,130.1,23.49
o_003744,1,p_2374,s_319,2018-07-17 13:39:51,114.37,13.38
o_003745,1,p_8043,s_959,2017-11-02 08:27:18,96.21,28.61
o_003746,1,p_8701,s_104,2018-03-10 14:50:25,66.08,12.2
o_003747,1,p_2010,s_615,2018-05-25 15:15:27,28.24,16.97
o_003748,1,p_2823,s_456,2017-09-11 08:42:05,63.76,17.69
o_003749,1,p_5328,s_905,2017-03-20 08:27:28,32.78,7.41
o_003750,1,p_7358,s_215,2017-07-24 17:07:04,288.59,27.75
o_003751,1,p_6259,s_726,2018-02-26 15:35:04,26.04,5.69
o_003751,2,p_5716,s_806,2018-02-26 15:35:04,76.81,5.63
o_003751,3,p_6377,s_277,2018-02-26 15:35:04,113.05,8.38
o_003752,1,p_1270,s_404,2017-07-24 00:14:57,623.82,18.54
o_003753,1,p_8210,s_273,2018-08-14 12:43:45,268.93,11.45
o_003754,1,p_9664,s_523,2018-07-17 07:20:26,60.71,26.85
o_003755,1,p_2289,s_924,2018-05-16 14:49:33,18.7,7.81
o_003756,1,p_2346,s_274,2018-04-25 10:47:11,112.69,12.25
o_003757,1,p_9937,s_786,2018-01-10 12:00:12,39.35,13.62
o_003758,1,p_4878,s_507,2017-07-29 15:14:35,206.73,7.41
o_003759,1,p_9141,s_266,2018-05-19 18:40:43,19.86,17.19
o_003760,1,p_1878,s_622,2018-01-11 13:36:00,30.0,14.63
o_003761,1,p_9601,s_716,2017-11-01 20:29:26,17.97,18.33
o_003762,1,p_5983,s_469,2017-02-24 21:45:49,102.51,9.91
o_003763,1,p_4704,s_498,2018-03-25 18:10:58,69.46,8.47
o_003764,1,p_8512,s_526,2018-01-24 08:00:02,15.24,8.68
o_003765,1,p_6067,s_698,2018-08-20 13:07:29,38.19,26.2
o_003766,1,p_8389,s_518,2017-08-07 15:25:26,67.93,12.53
o_003767,1,p_8063,s_812,2017-03-28 12:07:29,139.55,18.52
o_003768,1,p_2519,s_774,2017-07-26 11:04:49,31.68,22.0
o_003769,1,p_6934,s_906,2018-01-26 17:06:10,382.65,9.83
o_003770,1,p_3857,s_553,2017-12-29 17:18:42,16.41,12.81
o_003770,2,p_9617,s_118,2017-12-29 17:18:42,322.23,6.69
o_003771,1,p_7054,s_541,2018-03-28 12:04:28,51.15,25.59
o_003772,1,p_8046,s_733,2017-05-18 13:38:20,18.33,17.12
o_003773,1,p_1808,s_169,2018-05-23 11:37:15,203.63,7.0
o_003773,2,p_8992,s_565,2018-05-23 11:37:15,110.62,9.46
o_003774,1,p_6377,s_156,2017-08-09 13:03:32,83.52,24.8
o_003775,1,p_8217,s_125,2018-03-16 21:02:14,263.82,69.21
o_003776,1,p_4018,s_230,2018-06-10 01:19:50,62.08,13.3
o_003777,1,p_9182,s_324,2018-02-07 19:40:36,201.13,12.24
o_003778,1,p_9577,s_854,2017-04-08 12:09:16,77.38,17.23
o_003779,1,p_5595,s_191,2018-04-13 08:36:58,194.87,24.9
o_003780,1,p_5976,s_264,2018-05-01 13:56:26,143.57,9.52
o_003781,1,p_4612,s_542,2017-04-17 21:45:25,121.23,15.73
o_003782,1,p_9748,s_413,2018-08-21 14:46:26,74.94,13.12
o_003783,1,p_4821,s_624,2018-02-26 03:36:35,67.52,12.54
o_003783,2,p_9863,s_696,2018-02-26 03:36:35,295.66,14.34
o_003784,1,p_1227,s_890,2017-02-22 10:25:55,84.09,19.59
o_003785,1,p_3699,s_141,2018-01-08 21:37:29,21.38,13.01
o_003786,1,p_5478,s_101,2017-07-08 21:53:23,143.84,16.85
o_003787,1,p_1350,s_629,2018-04-27 03:17:06,264.17,7.53
o_003788,1,p_6649,s_864,2018-02-17 10:31:29,103.86,11.17
o_003788,2,p_5624,s_106,2018-02-17 10:31:29,17.79,11.35
o_003789,1,p_2071,s_630,2018-08-06 21:54:53,15.37,23.97
o_003790,1,p_8242,s_770,2017-05-18 17:27:12,25.95,8.8
o_003791,1,p_8163,s_879,2018-06-02 23:03:41,82.56,8.86
o_003792,1,p_9826,s_363,2018-02-07 07:20:25,412.76,8.69
o_003792,2,p_8931,s_981,2018-02-07 07:20:25,204.86,9.24
o_003793,1,p_5490,s_223,2018-01-19 11:43:00,218.26,27.96
o_003794,1,p_3200,s_884,2018-03-27 16:20:11,387.4,25.1
o_003795,1,p_9921,s_511,2018-04-07 16:23:29,63.97,29.94
o_003796,1,p_9313,s_202,2018-01-07 10:41:02,138.16,14.68
o_003797,1,p_5577,s_402,2017-11-14 13:53:10,190.65,8.75
o_003798,1,p_5266,s_575,2018-08-02 17:03:29,132.67,24.46
o_003799,1,p_3010,s_133,2018-06-09 11:18:48,549.37,14.25
o_003800,1,p_5652,s_703,2017-03-17 19:08:26,381.94,12.81
o_003800,2,p_9108,s_189,2017-03-17 19:08:26,36.58,8.6
o_003801,1,p_5181,s_758,2018-04-30 10:49:35,23.99,13.98
o_003802,1,p_1038,s_749,2018-03-06 00:45:09,29.18,13.05
o_003803,1,p_4499,s_453,2017-10-31 13:02:19,84.29,24.65
o_003804,1,p_9837,s_103,2018-06-30 14:11:00,56.24,6.74
o_003805,1,p_2062,s_575,2017-03-26 10:14:03,190.29,5.76
o_003806,1,p_1933,s_440,2017-07-13 11:03:23,16.52,24.58
o_003807,1,p_1437,s_450,2018-06-14 19:16:07,157.42,18.64
o_003808,1,p_9146,s_191,2018-03-16 08:49:22,18.67,12.76
o_003809,1,p_5509,s_177,2018-07-17 15:13:06,43.23,14.48
o_003810,1,p_1235,s_202,2018-01-08 09:00:13,46.87,8.59
o_003811,1,p_1399,s_900,2018-02-08 07:03:00,332.38,27.98
o_003812,1,p_8167,s_673,2017-12-23 10:51:34,73.07,13.45
o_003812,2,p_8867,s_869,2017-12-23 10:51:34,147.75,17.16
o_003813,1,p_6468,s_765,2017-05-26 12:25:38,98.32,6.68
o_003814,1,p_4033,s_363,2018-07-07 07:32:23,151.38,9.8
o_003815,1,p_1108,s_752,2018-05-20 10:12:39,218.34,7.86
o_003816,1,p_5619,s_292,2018-05-24 03:30:57,132.66,12.26
o_003817,1,p_5719,s_125,2018-08-12 21:10:40,123.81,13.64
o_003818,1,p_4615,s_778,2018-07-22 16:54:34,31.35,25.37
o_003819,1,p_9578,s_648,2018-08-22 07:12:55,233.98,19.14
o_003820,1,p_5042,s_933,2017-12-13 11:57:06,116.56,6.61
o_003821,1,p_6978,s_318,2018-04-09 09:02:34,124.38,28.51
o_003822,1,p_2984,s_706,2018-01-08 20:46:02,16.32,67.34
o_003823,1,p_8592,s_775,2018-03-23 14:51:38,19.71,6.87
o_003824,1,p_5301,s_223,2017-09-22 01:41:44,164.8,9.67
o_003825,1,p_4964,s_762,2017-04-19 18:59:21,38.07,25.68
o_003825,2,p_7482,s_525,2017-04-19 18:59:21,20.87,24.02
o_003826,1,p_2220,s_924,2018-05-17 14:23:12,42.24,17.35
o_003827,1,p_1157,s_283,2017-08-31 12:29:46,346.7,23.16
o_003828,1,p_8712,s_666,2018-04-11 12:21:55,99.68,5.83
o_003829,1,p_1122,s_886,2018-05-12 15:57:10,190.85,12.75
o_003830,1,p_9702,s_176,2018-04-02 13:01:09,649.68,24.51
o_003831,1,p_4731,s_753,2017-12-03 17:12:13,72.6,13.13
o_003832,1,p_8801,s_160,2017-02-22 20:40:55,130.88,12.17
o_003833,1,p_2866,s_818,2017-04-29 23:19:28,50.98,11.85
o_003834,1,p_3356,s_616,2018-02-14 14:16:11,265.33,22.22
o_003835,1,p_8598,s_256,2017-04-07 11:09:13,51.27,6.1
o_003836,1,p_3709,s_221,2017-04-06 11:16:48,97.94,15.54
o_003837,1,p_2408,s_977,2017-05-30 18:24:20,44.45,10.68
o_003838,1,p_3986,s_415,2018-05-20 16:12:39,161.22,9.92
o_003839,1,p_2364,s_125,2017-03-15 18:58:13,264.98,15.82
o_003840,1,p_4346,s_271,2017-01-28 15:00:46,334.22,8.37
o_003841,1,p_8694,s_857,2017-02-13 15:18:22,172.47,6.94
o_003842,1,p_2324,s_673,2018-04-12 12:11:42,79.32,9.82
o_003843,1,p_6699,s_966,2017-12-27 10:29:57,63.29,12.45
o_003844,1,p_4093,s_118,2017-08-13 14:13:24,38.9,22.93
o_003845,1,p_9480,s_853,2018-08-21 12:48:08,258.64,23.97
o_003846,1,p_9461,s_175,2018-03-31 13:38:10,107.61,28.74
o_003846,2,p_6937,s_521,2018-03-31 13:38:10,43.03,26.36
o_003847,1,p_6047,s_235,2018-02-19 00:19:48,16.48,18.68
o_003847,2,p_4064,s_103,2018-02-19 00:19:48,29.28,13.72
o_003848,1,p_3606,s_331,2018-06-11 16:01:53,145.71,17.26
o_003849,1,p_4774,s_649,2017-02-27 12:54:59,100.0,8.97
o_003850,1,p_1337,s_379,2018-07-03 19:40:48,24.28,11.18
o_003851,1,p_3568,s_103,2018-07-15 18:25:53,214.77,7.09
o_003851,2,p_3983,s_453,2018-07-15 18:25:53,17.16,7.21
o_003852,1,p_5777,s_721,2018-09-01 18:48:39,157.86,18.43
o_003853,1,p_1677,s_982,2017-07-25 11:27:48,124.28,17.52
o_003854,1,p_2686,s_335,2018-04-24 11:23:09,72.78,7.73
o_003855,1,p_7516,s_377,2018-01-10 07:08:31,220.34,9.59
o_003856,1,p_1538,s_879,2017-03-27 21:27:42,291.13,14.8
o_003857,1,p_6716,s_451,2017-05-13 16:33:22,15.99,13.5
o_003858,1,p_5497,s_180,2017-05-15 19:43:43,203.85,11.9
o_003859,1,p_7707,s_498,2017-01-20 10:47:18,38.69,28.72
o_003860,1,p_6953,s_790,2017-03-13 18:42:00,56.09,6.3
o_003861,1,p_7656,s_500,2018-05-02 12:46:39,522.94,7.31
o_003862,1,p_2615,s_274,2017-08-28 18:52:37,86.29,16.93
o_003863,1,p_8534,s_170,2018-02-19 05:35:15,506.77,11.47
o_003864,1,p_1555,s_688,2018-01-06 14:08:11,160.43,67.12
o_003864,2,p_7255,s_485,2018-01-06 14:08:11,100.27,63.51
o_003864,3,p_9894,s_428,2018-01-06 14:08:11,119.97,63.79
o_003865,1,p_2801,s_671,2017-05-22 16:37:28,167.88,11.84
o_003866,1,p_5113,s_255,2018-03-27 08:25:12,17.01,22.57
o_003866,2,p_1596,s_405,2018-03-27 08:25:12,99.36,29.7
o_003867,1,p_5947,s_467,2018-03-20 09:38:12,34.27,9.86
o_003868,1,p_8125,s_243,2018-08-31 10:02:02,117.69,23.84
o_003869,1,p_5946,s_529,2018-05-19 16:40:23,49.35,14.47
o_003870,1,p_5063,s_347,2018-07-20 13:12:17,25.03,13.4
o_003871,1,p_9721,s_822,2017-01-28 12:00:53,81.0,7.74
o_003872,1,p_1476,s_381,2018-04-28 13:43:37,101.1,16.76
o_003873,1,p_6411,s_533,2018-04-22 07:17:47,179.45,8.82
o_003874,1,p_9754,s_548,2018-06-09 18:50:54,74.57,14.15
o_003875,1,p_8396,s_319,2018-07-28 11:48:32,45.17,25.12
o_003876,1,p_5695,s_961,2017-06-07 22:52:38,378.66,13.97
o_003877,1,p_8361,s_392,2018-06-23 14:30:59,388.18,22.72
o_003878,1,p_8082,s_138,2017-01-29 09:57:26,51.44,64.36
o_003878,2,p_1476,s_695,2017-01-29 09:57:26,41.22,65.02
o_003879,1,p_9106,s_874,2017-07-16 18:01:13,78.39,7.31
o_003880,1,p_1266,s_717,2017-05-22 12:55:42,154.46,25.87
o_003881,1,p_2404,s_722,2018-09-01 23:14:45,18.55,13.51
o_003882,1,p_4076,s_439,2018-03-12 16:23:25,176.29,18.67
o_003882,2,p_9835,s_155,2018-03-12 16:23:25,66.37,17.61
o_003883,1,p_7004,s_981,2018-03-26 15:33:01,58.79,62.38
o_003884,1,p_5100,s_556,2017-03-09 04:23:48,31.99,6.75
o_003885,1,p_3023,s_997,2018-05-14 14:58:08,45.64,6.1
o_003886,1,p_7646,s_664,2018-07-15 11:37:47,119.44,14.04
o_003887,1,p_1548,s_586,2018-05-20 16:40:36,20.94,12.27
o_003888,1,p_8625,s_603,2017-03-13 15:34:15,59.13,15.22
o_003889,1,p_9796,s_613,2017-03-13 19:48:59,109.04,19.06
o_003890,1,p_3156,s_112,2017-04-02 13:44:40,73.84,25.96
o_003891,1,p_5891,s_686,2017-12-31 19:34:02,32.59,10.27
o_003892,1,p_8863,s_817,2018-02-11 18:22:30,55.26,12.57
o_003893,1,p_8034,s_122,2018-06-08 21:54:15,78.56,15.13
o_003894,1,p_5250,s_610,2018-05-03 23:49:27,35.19,9.2
o_003895,1,p_8113,s_752,2017-03-31 20:06:53,46.93,16.01
o_003895,2,p_3549,s_230,2017-03-31 20:06:53,204.42,12.01
o_003896,1,p_1864,s_430,2018-03-09 13:27:59,17.06,16.49
o_003897,1,p_7568,s_490,2017-10-15 15:18:29,126.01,10.5
o_003898,1,p_9091,s_882,2017-12-09 12:48:52,147.59,7.22
o_003899,1,p_8651,s_708,2018-04-28 15:08:52,86.26,10.37
o_003900,1,p_9775,s_704,2017-09-25 15:34:49,133.69,26.16
o_003901,1,p_5437,s_520,2018-01-18 18:44:11,22.3,19.51
o_003902,1,p_8546,s_463,2017-01-07 18:20:26,31.59,5.96
o_003903,1,p_7000,s_963,2018-05-17 19:23:45,273.58,15.88
o_003903,2,p_3000,s_175,2018-05-17 19:23:45,52.13,14.37
o_003904,1,p_3442,s_171,2017-07-02 14:53:40,455.36,8.62
o_003905,1,p_8767,s_726,2018-07-09 13:42:26,225.7,6.05
o_003906,1,p_1056,s_142,2018-08-29 13:44:57,130.25,29.6
o_003907,1,p_7687,s_348,2018-08-27 13:20:44,117.13,8.74
o_003908,1,p_6399,s_271,2018-03-05 14:29:27,26.85,23.52
o_003909,1,p_2630,s_963,2018-03-14 19:18:09,29.87,5.82
o_003910,1,p_7965,s_611,2018-02-14 14:57:41,248.48,23.72
o_003911,1,p_1340,s_316,2017-06-25 07:43:43,85.34,5.75
o_003912,1,p_5094,s_788,2017-08-25 06:02:59,568.39,24.08
o_003913,1,p_6204,s_194,2018-04-24 15:41:43,169.87,29.93
o_003914,1,p_6013,s_143,2017-03-29 19:48:52,21.61,8.54
o_003915,1,p_1600,s_588,2017-03-05 19:12:03,29.76,27.48
o_003916,1,p_1180,s_397,2017-04-24 09:32:08,197.0,10.32
o_003917,1,p_1763,s_309,2017-03-08 20:01:31,214.46,14.49
o_003918,1,p_6737,s_696,2018-02-25 18:40:45,406.94,13.32
o_003919,1,p_4976,s_879,2018-02-19 13:27:46,190.49,16.96
o_003920,1,p_3687,s_286,2018-01-26 13:54:29,130.15,27.61
o_003921,1,p_7881,s_934,2017-05-14 18:29:21,155.01,29.44
o_003922,1,p_3696,s_273,2017-10-29 05:53:51,45.28,23.7
o_003923,1,p_4464,s_274,2018-05-18 20:24:42,49.26,22.33
o_003924,1,p_2598,s_137,2018-01-08 16:31:47,147.12,26.94
o_003925,1,p_2823,s_361,2018-08-07 13:18:19,130.03,27.79
o_003926,1,p_9198,s_628,2018-07-23 11:34:43,29.73,9.55
o_003927,1,p_7109,s_980,2018-05-25 17:30:08,56.06,16.9
o_003928,1,p_3038,s_709,2018-01-06 15:38:11,50.03,8.44
o_003929,1,p_6791,s_594,2018-05-23 16:26:28,177.57,12.95
o_003930,1,p_8056,s_131,2018-01-19 10:51:37,51.99,12.0
o_003931,1,p_9157,s_483,2018-08-06 23:48:02,153.41,24.87
o_003932,1,p_8342,s_139,2017-06-18 22:13:29,52.19,14.59
o_003933,1,p_9108,s_941,2017-03-18 06:05:51,32.19,69.67
o_003934,1,p_2170,s_969,2017-11-16 19:39:31,68.75,11.33
o_003935,1,p_8149,s_430,2018-02-27 10:47:28,117.62,25.91
o_003936,1,p_5924,s_352,2018-06-27 11:39:44,16.39,12.05
o_003937,1,p_9129,s_912,2018-09-01 17:58:17,18.83,28.03
o_003938,1,p_2905,s_544,2018-03-17 19:19:49,519.43,28.02
o_003939,1,p_8069,s_681,2018-08-18 09:41:13,105.29,8.24
o_003940,1,p_1003,s_719,2018-07-31 12:37:54,18.62,10.41
o_003941,1,p_3265,s_458,2018-03-16 18:22:05,700.43,29.36
o_003941,2,p_9414,s_993,2018-03-16 18:22:05,402.11,23.93
o_003942,1,p_8790,s_920,2018-01-09 08:19:50,219.76,17.36
o_003943,1,p_2599,s_947,2017-03-22 14:04:07,15.88,16.39
o_003943,2,p_4762,s_634,2017-03-22 14:04:07,116.86,19.49
o_003944,1,p_5563,s_804,2018-03-24 13:54:34,347.94,13.39
o_003945,1,p_3810,s_137,2017-08-30 22:06:45,441.57,19.17
o_003946,1,p_9259,s_459,2018-04-10 14:46:42,35.1,7.02
o_003947,1,p_4002,s_297,2018-07-18 14:30:46,22.14,28.54
o_003947,2,p_5739,s_563,2018-07-18 14:30:46,345.02,28.37
o_003948,1,p_6815,s_437,2017-07-23 14:35:10,250.12,7.51
o_003949,1,p_8813,s_123,2018-01-29 18:04:36,16.1,19.07
o_003950,1,p_7619,s_817,2018-06-15 08:41:29,31.63,12.39
o_003951,1,p_5379,s_728,2018-06-11 14:55:06,51.35,13.97
o_003952,1,p_6954,s_656,2018-04-19 15:31:17,203.25,14.58
o_003953,1,p_4844,s_973,2018-07-07 00:42:30,58.84,12.76
o_003954,1,p_1922,s_164,2018-07-27 10:36:33,52.36,22.44
o_003954,2,p_9440,s_557,2018-07-27 10:36:33,57.41,29.25
o_003954,3,p_6379,s_172,2018-07-27 10:36:33,59.84,25.81
o_003955,1,p_2482,s_648,2018-03-05 11:39:54,77.36,19.19
o_003956,1,p_6238,s_513,2017-12-14 18:38:25,157.8,25.99
o_003957,1,p_8279,s_873,2018-01-12 09:55:52,111.09,68.54
o_003957,2,p_9376,s_824,2018-01-12 09:55:52,78.5,66.79
o_003957,3,p_2468,s_303,2018-01-12 09:55:52,289.78,68.77
o_003958,1,p_8840,s_958,2017-07-22 08:11:21,30.75,10.94
o_003959,1,p_7835,s_860,2018-02-10 11:02:00,236.08,8.31
o_003960,1,p_1526,s_516,2018-04-12 11:30:07,198.07,17.5
o_003961,1,p_8424,s_476,2017-07-12 14:56:06,83.76,64.62
o_003962,1,p_5486,s_792,2018-04-12 19:53:14,22.02,18.19
o_003963,1,p_5344,s_849,2018-04-01 14:00:54,732.18,14.65
o_003964,1,p_6146,s_634,2018-08-08 13:02:10,28.52,63.07
o_003965,1,p_2822,s_579,2018-07-27 19:15:16,19.64,13.22
o_003966,1,p_7353,s_253,2018-08-30 14:26:47,148.42,26.73
o_003967,1,p_6773,s_213,2017-10-03 10:27:01,34.35,17.74
o_003968,1,p_4850,s_952,2018-06-26 14:47:00,232.27,16.02
o_003969,1,p_1141,s_734,2017-03-24 12:40:28,294.8,11.24
o_003970,1,p_8340,s_920,2017-03-22 23:49:40,97.99,25.52
o_003971,1,p_1948,s_854,2018-04-27 12:16:31,92.46,22.32
o_003972,1,p_7958,s_712,2018-07-28 17:25:58,525.31,12.53
o_003972,2,p_3144,s_662,2018-07-28 17:25:58,43.68,10.84
o_003973,1,p_8561,s_528,2018-01-25 17:10:06,331.29,29.97
o_003974,1,p_1132,s_713,2018-01-09 10:28:48,66.09,7.76
o_003975,1,p_9372,s_421,2017-05-23 08:41:10,45.02,13.98
o_003976,1,p_5588,s_763,2018-04-01 09:57:58,213.95,17.5
o_003977,1,p_7336,s_528,2018-01-22 19:40:27,26.05,19.87
o_003978,1,p_6457,s_939,2018-07-01 14:27:35,138.84,19.77
o_003979,1,p_9021,s_924,2017-04-13 14:07:38,161.39,22.62
o_003980,1,p_7661,s_748,2018-06-20 17:56:21,17.7,12.83
o_003981,1,p_7324,s_710,2017-07-12 10:49:57,97.43,5.97
o_003982,1,p_2163,s_206,2017-07-11 20:58:18,281.33,23.86
o_003983,1,p_3701,s_743,2017-06-20 12:33:42,59.06,24.99
o_003984,1,p_5605,s_713,2017-09-06 16:33:45,281.11,11.95
o_003985,1,p_8544,s_935,2018-03-16 12:48:33,438.91,5.61
o_003985,2,p_5265,s_874,2018-03-16 12:48:33,22.17,11.01
o_003986,1,p_5945,s_642,2018-05-11 21:23:59,134.76,5.9
o_003987,1,p_3653,s_451,2017-02-22 01:22:28,88.27,12.77
o_003988,1,p_6344,s_141,2018-08-23 14:11:37,48.14,28.51
o_003988,2,p_4512,s_511,2018-08-23 14:11:37,41.31,23.02
o_003989,1,p_5461,s_178,2018-06-09 15:55:00,153.92,8.69
o_003990,1,p_9364,s_374,2018-04-22 16:24:29,15.08,15.14
o_003991,1,p_4455,s_207,2018-06-17 18:20:41,403.03,25.91
o_003992,1,p_9979,s_600,2018-01-18 15:00:12,152.43,11.59
o_003993,1,p_5654,s_657,2018-07-08 17:53:47,122.93,15.44
o_003993,2,p_5616,s_306,2018-07-08 17:53:47,280.16,18.59
o_003994,1,p_5062,s_120,2018-01-07 14:00:27,113.37,29.38
o_003995,1,p_3128,s_832,2018-04-26 20:36:29,89.86,24.2
o_003995,2,p_8950,s_563,2018-04-26 20:36:29,153.5,27.15
o_003996,1,p_4588,s_879,2017-09-26 11:30:35,500.69,13.06
o_003997,1,p_2801,s_179,2017-08-22 14:44:46,65.9,26.99
o_003998,1,p_2600,s_288,2018-02-24 10:07:13,22.39,7.37
o_003999,1,p_6664,s_824,2018-05-02 09:02:47,168.36,9.07
o_004000,1,p_8977,s_804,2018-08-11 08:11:04,88.29,25.21
o_004001,1,p_9158,s_430,2018-04-29 06:30:56,85.66,12.86
o_004002,1,p_4248,s_367,2017-03-29 00:54:37,215.97,13.48
o_004003,1,p_2437,s_232,2018-06-18 07:20:36,266.78,22.64
o_004003,2,p_6186,s_548,2018-06-18 07:20:36,43.14,26.29
o_004004,1,p_8211,s_689,2017-11-25 14:56:27,178.26,23.45
o_004005,1,p_9703,s_864,2017-12-03 09:00:52,93.44,18.09
o_004005,2,p_3800,s_248,2017-12-03 09:00:52,104.31,18.13
o_004006,1,p_2125,s_262,2017-03-06 07:18:35,108.78,19.93
o_004007,1,p_4824,s_623,2018-06-02 14:37:26,289.02,12.73
o_004008,1,p_1172,s_209,2018-02-15 23:47:30,103.26,19.76
o_004009,1,p_6890,s_699,2018-01-29 10:50:32,62.46,24.55
o_004010,1,p_7208,s_148,2017-10-23 06:14:37,30.86,19.25
o_004011,1,p_3323,s_414,2017-01-23 22:01:29,158.6,8.74
o_004012,1,p_8428,s_675,2018-07-22 06:26:48,122.66,29.58
o_004013,1,p_1531,s_680,2018-07-11 12:42:39,28.51,6.27
o_004014,1,p_3944,s_326,2017-04-29 14:17:24,134.33,15.44
o_004015,1,p_5907,s_179,2017-02-24 13:07:10,18.13,7.82
o_004016,1,p_4598,s_960,2018-02-06 15:26:47,141.9,12.44
o_004016,2,p_6941,s_656,2018-02-06 15:26:47,102.04,10.06
o_004017,1,p_7271,s_575,2018-01-31 14:12:48,211.27,22.83
o_004018,1,p_9584,s_599,2018-06-22 09:36:17,37.68,9.09
o_004019,1,p_6401,s_686,2018-04-26 11:24:05,26.65,15.08
o_004020,1,p_3348,s_101,2017-01-10 16:42:45,37.12,8.24
o_004021,1,p_5493,s_673,2018-07-16 16:50:24,19.01,13.38
o_004022,1,p_6747,s_555,2017-02-19 11:43:43,86.13,14.92
o_004022,2,p_2346,s_308,2017-02-19 11:43:43,103.93,14.0
o_004023,1,p_3792,s_805,2017-01-14 19:40:37,47.11,6.92
o_004024,1,p_8609,s_675,2018-01-29 09:24:30,97.67,68.45
o_004025,1,p_7386,s_503,2018-03-06 11:46:48,162.61,5.97
o_004025,2,p_8232,s_962,2018-03-06 11:46:48,128.4,12.43
o_004026,1,p_8581,s_222,2018-04-13 10:53:34,204.07,9.67
o_004026,2,p_2728,s_492,2018-04-13 10:53:34,132.73,9.75
o_004027,1,p_7039,s_789,2018-04-29 10:44:30,109.85,28.64
o_004028,1,p_1052,s_201,2018-02-02 09:18:37,38.49,67.5
o_004029,1,p_1236,s_634,2018-08-10 22:50:53,226.87,14.59
o_004030,1,p_1883,s_570,2018-07-01 15:42:49,285.08,12.03
o_004031,1,p_1107,s_848,2018-07-30 07:26:25,19.94,15.97
o_004032,1,p_8728,s_205,2018-01-09 12:59:25,46.54,17.91
o_004033,1,p_6300,s_232,2018-04-16 15:15:35,105.16,19.81
o_004034,1,p_2865,s_312,2017-06-02 21:52:12,126.75,7.08
o_004035,1,p_2754,s_570,2017-08-06 12:16:40,113.48,24.95
o_004036,1,p_5848,s_597,2018-06-20 07:58:39,33.75,17.53
o_004037,1,p_6961,s_610,2017-10-17 19:12:15,72.33,13.18
o_004038,1,p_2162,s_133,2017-02-22 21:13:06,144.0,14.11
o_004039,1,p_4088,s_938,2018-02-26 16:28:27,339.14,67.34
o_004040,1,p_3545,s_932,2017-07-20 14:58:37,19.92,13.85
o_004041,1,p_8515,s_510,2017-08-22 12:44:45,117.56,68.14
o_004041,2,p_6590,s_408,2017-08-22 12:44:45,17.14,63.62
o_004042,1,p_8817,s_684,2018-08-13 14:12:52,77.87,7.74
o_004042,2,p_8759,s_429,2018-08-13 14:12:52,88.06,10.56
o_004043,1,p_4144,s_756,2018-01-07 10:45:29,259.39,17.51
o_004044,1,p_4273,s_540,2018-08-21 07:57:14,176.42,13.37
o_004045,1,p_7004,s_496,2017-01-12 09:25:42,303.21,16.09
o_004046,1,p_8593,s_495,2018-01-06 10:54:56,28.14,26.76
o_004047,1,p_6955,s_107,2018-06-30 09:35:50,54.79,68.77
o_004048,1,p_8865,s_255,2017-07-18 13:18:15,28.28,10.54
o_004049,1,p_7668,s_681,2017-05-24 16:30:33,82.83,12.73
o_004050,1,p_4423,s_854,2018-04-26 17:30:24,49.06,11.94
o_004051,1,p_2465,s_607,2018-01-26 07:54:55,200.74,7.14
o_004052,1,p_1725,s_808,2018-06-21 17:50:49,85.97,27.75
o_004053,1,p_1829,s_893,2017-11-21 18:42:05,117.2,8.56
o_004054,1,p_3579,s_904,2017-06-22 19:30:51,238.24,19.05
o_004055,1,p_1374,s_661,2018-03-11 21:16:51,111.42,11.6
o_004056,1,p_6062,s_492,2018-08-22 12:56:20,72.89,24.51
o_004057,1,p_7004,s_762,2018-05-14 14:31:24,143.03,28.17
o_004057,2,p_7033,s_212,2018-05-14 14:31:24,60.63,29.8
o_004058,1,p_1605,s_469,2018-01-12 20:37:37,275.72,12.95
o_004058,2,p_3755,s_835,2018-01-12 20:37:37,69.64,15.91
o_004059,1,p_1715,s_474,2017-08-06 16:34:53,157.11,7.17
o_004060,1,p_3007,s_307,2018-08-19 20:20:57,148.78,24.22
o_004061,1,p_1200,s_360,2018-02-12 21:16:29,49.13,28.65
o_004062,1,p_7716,s_465,2018-04-23 08:06:37,153.68,6.77
o_004063,1,p_3500,s_129,2018-03-30 11:16:32,171.35,13.01
o_004064,1,p_3449,s_984,2018-02-19 21:13:50,41.08,13.49
o_004064,2,p_1868,s_826,2018-02-19 21:13:50,32.76,16.5
o_004065,1,p_2844,s_793,2017-12-12 11:44:59,162.52,6.22
o_004065,2,p_3722,s_802,2017-12-12 11:44:59,92.61,13.28
o_004065,3,p_2216,s_579,2017-12-12 11:44:59,247.18,7.77
o_004066,1,p_2061,s_294,2018-07-10 15:42:44,133.79,8.22
o_004067,1,p_1140,s_650,2017-06-13 20:16:29,91.03,10.67
o_004068,1,p_2269,s_659,2018-07-20 15:56:19,385.35,24.72
o_004069,1,p_6775,s_347,2018-07-02 08:27:05,137.59,16.72
o_004070,1,p_1182,s_391,2018-07-19 15:48:43,209.59,6.57
o_004071,1,p_1425,s_192,2018-08-16 21:39:27,57.76,9.85
o_004072,1,p_4242,s_171,2018-07-11 14:37:03,121.18,19.97
o_004073,1,p_3518,s_333,2018-01-17 10:51:02,241.52,8.91
o_004074,1,p_2245,s_398,2018-05-08 11:40:05,48.04,6.43
o_004075,1,p_1108,s_265,2018-06-11 19:42:13,25.4,23.51
o_004076,1,p_2296,s_238,2018-04-23 19:14:30,171.74,5.61
o_004077,1,p_4330,s_399,2018-07-27 20:01:35,16.07,12.84
o_004078,1,p_9125,s_965,2018-06-24 19:32:41,109.12,12.95
o_004079,1,p_6369,s_242,2018-01-31 14:14:42,104.52,14.24
o_004080,1,p_3877,s_822,2018-04-06 19:52:42,107.26,18.68
o_004081,1,p_8047,s_188,2017-11-25 14:34:39,69.15,8.22
o_004082,1,p_4216,s_953,2018-06-09 16:26:14,105.4,7.47
o_004083,1,p_9977,s_928,2017-12-15 15:48:25,136.13,25.15
o_004084,1,p_2841,s_991,2018-05-26 11:54:59,29.33,27.84
o_004085,1,p_1364,s_522,2017-08-01 12:36:17,35.15,22.93
o_004086,1,p_3463,s_707,2018-03-08 22:58:32,49.71,19.49
o_004087,1,p_2107,s_484,2017-03-16 12:41:58,52.12,9.17
o_004088,1,p_6889,s_575,2018-01-31 10:26:44,212.1,17.4
o_004088,2,p_1150,s_661,2018-01-31 10:26:44,115.06,14.4
o_004089,1,p_5477,s_911,2018-02-26 09:16:48,45.31,67.16
o_004090,1,p_1987,s_285,2018-05-14 14:23:56,124.7,7.84
o_004091,1,p_9024,s_624,2017-03-12 22:54:43,62.76,28.93
o_004092,1,p_3997,s_447,2017-03-26 16:42:43,30.38,64.03
o_004093,1,p_1291,s_168,2017-07-30 08:38:58,90.7,15.94
o_004094,1,p_9319,s_337,2018-08-26 06:28:38,32.47,10.45
o_004095,1,p_6611,s_300,2018-02-07 08:53:01,95.54,28.32
o_004096,1,p_6826,s_675,2018-01-24 12:37:35,118.49,7.39
o_004097,1,p_9822,s_730,2018-08-02 00:22:55,64.96,13.14
o_004098,1,p_4170,s_231,2017-12-12 08:18:44,57.59,12.01
o_004099,1,p_8352,s_587,2018-01-17 18:24:30,56.72,6.69
o_004100,1,p_6426,s_687,2018-02-06 06:01:03,85.66,25.99
o_004101,1,p_9338,s_955,2017-09-11 11:11:43,43.15,5.76
o_004102,1,p_7478,s_439,2018-05-14 12:14:09,194.81,13.51
o_004103,1,p_7261,s_479,2017-07-23 02:08:19,16.27,13.9
o_004104,1,p_6341,s_577,2018-06-02 12:02:44,77.75,6.58
o_004105,1,p_1410,s_611,2018-03-26 12:31:47,57.98,14.68
o_004106,1,p_2445,s_293,2018-03-05 13:05:16,208.8,27.55
o_004107,1,p_2046,s_393,2018-02-06 12:37:00,23.91,62.52
o_004108,1,p_6036,s_753,2018-01-17 07:06:56,18.82,64.96
o_004109,1,p_7161,s_191,2017-03-29 11:18:03,43.97,9.03
o_004110,1,p_4568,s_755,2018-04-09 06:57:58,72.0,12.34
o_004111,1,p_5971,s_166,2018-03-09 11:52:59,218.91,13.22
o_004112,1,p_7651,s_633,2017-04-25 11:57:12,168.66,28.97
o_004112,2,p_7285,s_977,2017-04-25 11:57:12,239.54,23.74
o_004113,1,p_2117,s_282,2018-04-20 08:42:08,32.49,12.59
o_004114,1,p_2384,s_509,2018-04-01 19:09:56,456.53,12.5
o_004115,1,p_5188,s_765,2018-05-20 18:04:55,35.48,17.46
o_004116,1,p_4346,s_631,2017-09-01 14:49:59,150.2,28.43
o_004117,1,p_4573,s_518,2018-04-24 15:23:20,17.12,19.14
o_004118,1,p_2159,s_742,2018-05-25 13:44:36,87.97,8.84
o_004119,1,p_6218,s_163,2018-01-06 21:53:05,63.14,12.84
o_004120,1,p_1110,s_751,2018-03-21 06:37:44,54.82,13.17
o_004121,1,p_6010,s_537,2018-05-15 13:25:30,64.56,69.86
o_004122,1,p_1465,s_201,2018-03-25 14:26:14,46.85,28.02
o_004123,1,p_2278,s_106,2018-08-19 19:21:33,194.22,12.11
o_004124,1,p_6620,s_644,2017-11-15 17:41:40,514.94,15.47
o_004125,1,p_1459,s_848,2017-09-09 23:20:29,168.54,7.46
o_004126,1,p_4956,s_291,2017-07-30 09:18:01,71.51,27.32
o_004126,2,p_9145,s_234,2017-07-30 09:18:01,27.61,28.83
o_004127,1,p_1437,s_855,2017-09-24 10:22:03,15.13,12.08
o_004128,1,p_7037,s_658,2017-06-11 16:06:12,160.77,14.7
o_004129,1,p_3523,s_357,2017-02-25 10:59:05,25.18,23.55
o_004130,1,p_7710,s_680,2017-12-12 15:52:20,73.07,9.07
o_004131,1,p_7652,s_949,2018-09-01 12:10:21,70.42,19.38
o_004132,1,p_3335,s_482,2018-05-28 23:26:33,85.72,28.94
o_004132,2,p_2244,s_707,2018-05-28 23:26:33,114.21,23.57
o_004133,1,p_5072,s_871,2017-10-09 11:39:10,598.01,19.8
o_004134,1,p_6771,s_688,2017-11-27 10:29:31,459.27,15.46
o_004135,1,p_7902,s_839,2017-05-18 22:54:10,237.87,11.01
o_004135,2,p_1210,s_449,2017-05-18 22:54:10,34.0,7.33
o_004136,1,p_7364,s_878,2017-12-31 22:00:05,63.13,29.43
o_004136,2,p_1797,s_696,2017-12-31 22:00:05,169.01,28.02
o_004137,1,p_1554,s_402,2018-03-16 15:51:51,199.11,66.53
o_004137,2,p_6530,s_259,2018-03-16 15:51:51,73.51,64.08
o_004138,1,p_7504,s_211,2017-07-18 10:11:09,178.09,23.16
o_004138,2,p_3369,s_599,2017-07-18 10:11:09,62.32,24.73
o_004139,1,p_9104,s_296,2018-02-23 21:07:19,135.94,15.43
o_004139,2,p_6776,s_725,2018-02-23 21:07:19,261.81,17.76
o_004140,1,p_6642,s_206,2017-08-07 15:10:23,669.12,19.19
o_004140,2,p_7661,s_998,2017-08-07 15:10:23,22.29,17.11
o_004141,1,p_6505,s_632,2018-03-20 17:42:16,24.06,28.17
o_004142,1,p_6890,s_134,2018-01-13 15:44:32,128.06,12.49
o_004143,1,p_3071,s_173,2018-01-01 06:13:13,52.09,16.01
o_004143,2,p_8765,s_762,2018-01-01 06:13:13,127.89,15.95
o_004144,1,p_5124,s_274,2018-06-14 10:32:56,62.66,17.4
o_004145,1,p_3942,s_740,2017-02-17 13:36:44,132.91,10.14
o_004146,1,p_3214,s_750,2017-02-12 18:21:03,63.95,26.48
o_004147,1,p_3597,s_382,2017-04-08 21:56:15,204.15,22.97
o_004148,1,p_2693,s_451,2018-01-24 19:14:52,98.26,11.65
o_004149,1,p_8252,s_625,2018-05-19 18:49:57,415.37,14.04
o_004150,1,p_5284,s_878,2017-05-01 11:31:24,25.35,14.86
o_004150,2,p_6096,s_695,2017-05-01 11:31:24,383.5,14.32
o_004151,1,p_1794,s_173,2018-04-26 12:08:33,165.57,12.83
o_004152,1,p_2425,s_778,2018-03-05 12:25:18,29.4,6.94
o_004153,1,p_7636,s_503,2018-02-21 10:51:25,110.11,9.47
o_004154,1,p_6663,s_287,2018-04-10 14:56:23,152.06,13.51
o_004155,1,p_5449,s_533,2017-11-29 17:59:38,622.5,19.13
o_004155,2,p_1363,s_164,2017-11-29 17:59:38,386.29,19.44
o_004156,1,p_5227,s_732,2017-06-09 17:04:16,76.27,28.37
o_004157,1,p_8742,s_148,2018-08-29 19:13:09,532.53,29.92
o_004158,1,p_9690,s_350,2018-06-26 19:01:35,79.52,17.88
o_004159,1,p_3085,s_619,2018-06-18 12:08:35,26.74,13.11
o_004160,1,p_4530,s_965,2018-01-30 17:26:45,149.8,25.99
o_004160,2,p_4377,s_133,2018-01-30 17:26:45,173.03,22.1
o_004161,1,p_1576,s_662,2017-03-31 23:07:03,110.79,9.05
o_004162,1,p_3078,s_743,2017-04-16 10:48:40,80.05,7.98
o_004163,1,p_6589,s_228,2017-03-19 13:28:15,71.2,19.08
o_004164,1,p_4003,s_672,2017-04-23 00:10:14,35.16,11.45
o_004165,1,p_5658,s_563,2017-05-28 19:29:59,231.23,10.99
o_004166,1,p_2529,s_345,2018-05-06 13:36:22,269.32,69.18
o_004167,1,p_8108,s_333,2017-05-23 11:16:06,208.58,10.67
o_004168,1,p_7279,s_641,2018-03-14 00:20:52,406.62,11.69
o_004169,1,p_9606,s_664,2017-10-18 08:57:05,197.15,13.74
o_004169,2,p_4142,s_462,2017-10-18 08:57:05,23.74,19.86
o_004169,3,p_8145,s_950,2017-10-18 08:57:05,34.51,19.64
o_004170,1,p_5893,s_995,2017-09-08 17:26:42,57.07,10.94
o_004170,2,p_4350,s_476,2017-09-08 17:26:42,43.59,7.52
o_004171,1,p_9011,s_689,2018-04-16 11:59:39,17.97,12.67
o_004172,1,p_2771,s_749,2018-06-14 23:59:01,180.51,7.81
o_004173,1,p_8097,s_982,2017-03-19 14:21:35,207.99,12.59
o_004174,1,p_9428,s_673,2018-02-14 11:45:41,108.12,6.58
o_004175,1,p_3558,s_886,2018-02-22 19:34:15,95.26,9.38
o_004176,1,p_8233,s_317,2018-07-22 18:15:40,175.4,9.33
o_004176,2,p_4533,s_122,2018-07-22 18:15:40,121.27,11.03
o_004177,1,p_6548,s_834,2018-04-08 15:47:36,357.13,6.85
o_004178,1,p_2464,s_653,2017-03-27 06:18:49,28.96,7.19
o_004179,1,p_9889,s_936,2017-05-31 12:19:07,223.73,6.61
o_004180,1,p_6381,s_222,2018-08-31 12:00:04,18.09,6.66
o_004181,1,p_4214,s_220,2017-05-17 07:10:41,183.46,16.37
o_004182,1,p_3927,s_955,2017-10-01 15:28:45,185.5,15.5
o_004183,1,p_4303,s_665,2017-03-02 16:29:07,89.72,13.38
o_004184,1,p_4901,s_614,2018-05-12 17:04:45,191.07,19.43
o_004185,1,p_8235,s_934,2017-03-11 10:23:39,76.97,69.12
o_004185,2,p_1486,s_100,2017-03-11 10:23:39,211.52,62.82
o_004186,1,p_3596,s_470,2017-04-29 14:46:36,166.4,13.25
o_004187,1,p_3897,s_224,2017-05-13 22:34:43,19.01,12.01
o_004188,1,p_1738,s_129,2017-03-21 12:15:30,50.9,6.39
o_004189,1,p_5750,s_348,2018-01-26 21:48:22,121.24,28.56
o_004190,1,p_7582,s_189,2018-07-01 06:51:39,53.14,5.71
o_004191,1,p_2629,s_689,2018-05-27 16:20:16,287.3,29.09
o_004191,2,p_9753,s_336,2018-05-27 16:20:16,70.37,29.97
o_004192,1,p_6235,s_727,2017-08-17 13:21:43,356.58,18.62
o_004193,1,p_5576,s_738,2017-05-06 00:24:49,27.75,12.72
o_004194,1,p_5137,s_173,2017-07-06 12:35:17,159.63,12.83
o_004195,1,p_2127,s_912,2018-01-13 12:44:38,220.9,23.79
o_004196,1,p_5786,s_180,2018-02-17 23:06:44,43.73,7.46
o_004197,1,p_3219,s_576,2017-08-02 13:37:18,38.31,18.51
o_004198,1,p_7228,s_499,2017-09-16 06:18:26,34.32,5.81
o_004199,1,p_2347,s_449,2017-05-29 14:58:46,327.64,64.78
o_004200,1,p_6938,s_766,2017-06-10 07:35:04,47.63,7.3
o_004200,2,p_4817,s_542,2017-06-10 07:35:04,362.04,13.48
o_004201,1,p_8887,s_322,2017-12-02 12:41:49,136.7,25.86
o_004201,2,p_9923,s_150,2017-12-02 12:41:49,238.41,28.01
o_004202,1,p_6297,s_803,2017-09-07 15:19:55,59.97,23.68
o_004203,1,p_5599,s_701,2017-02-24 13:49:20,54.45,7.17
o_004203,2,p_3405,s_894,2017-02-24 13:49:20,166.87,10.47
o_004204,1,p_9996,s_969,2018-08-17 09:24:06,248.69,27.7
o_004205,1,p_9818,s_714,2017-10-15 11:23:43,48.11,9.03
o_004206,1,p_6781,s_203,2018-05-31 21:43:18,24.16,23.23
o_004207,1,p_4292,s_146,2017-11-23 07:53:33,287.18,17.47
o_004208,1,p_5043,s_756,2017-11-06 18:14:15,270.55,22.15
o_004209,1,p_3440,s_181,2018-07-06 20:28:24,23.33,24.02
o_004210,1,p_6841,s_944,2017-10-16 10:49:43,179.13,11.26
o_004211,1,p_7528,s_819,2018-01-09 13:20:44,23.94,27.39
o_004212,1,p_1576,s_873,2018-06-25 11:27:14,353.0,8.94
o_004213,1,p_7666,s_719,2018-04-02 11:21:46,37.65,13.12
o_004214,1,p_4000,s_241,2017-02-11 12:25:10,202.38,15.91
o_004215,1,p_4031,s_529,2017-06-14 14:46:59,777.78,22.64
o_004216,1,p_1501,s_249,2017-06-09 06:17:57,34.84,8.77
o_004217,1,p_1866,s_758,2018-01-22 05:43:45,131.2,62.39
o_004218,1,p_2615,s_975,2017-09-06 10:54:57,19.45,25.74
o_004219,1,p_8756,s_773,2017-11-08 16:31:21,57.67,22.44
o_004220,1,p_8020,s_467,2018-02-06 16:37:30,224.23,7.41
o_004221,1,p_3101,s_186,2018-07-06 07:15:19,162.9,10.47
o_004222,1,p_4035,s_944,2018-02-19 17:48:44,116.8,12.22
o_004223,1,p_8658,s_655,2018-05-13 05:50:46,26.88,18.94
o_004224,1,p_1521,s_868,2018-02-20 21:19:27,25.66,7.68
o_004225,1,p_2492,s_383,2018-02-14 10:11:22,61.75,23.27
o_004226,1,p_9443,s_496,2018-03-06 19:28:05,67.14,66.81
o_004227,1,p_2749,s_367,2017-08-23 06:02:31,96.64,10.65
o_004228,1,p_2851,s_355,2017-12-11 22:01:19,362.21,19.74
o_004229,1,p_8996,s_981,2018-01-10 14:03:45,378.78,19.27
o_004230,1,p_6079,s_424,2017-06-19 09:48:38,25.81,7.96
o_004231,1,p_1636,s_501,2017-10-19 12:33:03,192.98,23.49
o_004232,1,p_9581,s_699,2018-07-16 11:28:54,538.7,19.72
o_004233,1,p_7213,s_417,2018-05-21 12:01:01,238.64,7.92
o_004234,1,p_4993,s_650,2018-05-10 09:59:47,47.11,27.51
o_004235,1,p_5345,s_442,2017-09-01 12:02:08,140.33,10.99
o_004236,1,p_2955,s_968,2018-08-21 13:54:18,295.48,8.23
o_004237,1,p_7679,s_286,2017-06-12 09:29:39,204.38,24.87
o_004238,1,p_4243,s_132,2017-05-18 19:33:11,194.4,63.59
o_004239,1,p_1625,s_579,2018-07-25 21:39:34,21.94,10.94
o_004240,1,p_3574,s_130,2017-06-27 09:12:22,212.99,6.78
o_004240,2,p_8754,s_360,2017-06-27 09:12:22,15.35,12.83
o_004241,1,p_5466,s_434,2018-06-14 13:36:52,93.24,8.93
o_004242,1,p_8252,s_846,2017-04-11 10:15:49,148.83,5.74
o_004243,1,p_4751,s_543,2017-06-15 20:40:01,309.31,16.85
o_004244,1,p_8560,s_263,2017-08-14 16:20:50,83.37,6.13
o_004245,1,p_4041,s_302,2018-04-07 18:47:52,45.02,26.15
o_004245,2,p_4285,s_504,2018-04-07 18:47:52,366.54,22.11
o_004246,1,p_8569,s_277,2018-08-17 12:49:47,342.84,28.24
o_004247,1,p_7057,s_539,2017-02-19 13:43:36,57.78,11.21
o_004248,1,p_7355,s_991,2017-03-01 11:15:41,363.08,16.89
o_004249,1,p_2606,s_639,2018-01-01 08:03:34,188.05,13.16
o_004250,1,p_2395,s_390,2018-05-13 02:35:47,203.85,12.97
o_004251,1,p_2598,s_771,2018-04-28 13:10:58,225.56,19.46
o_004252,1,p_9739,s_185,2018-04-22 07:33:21,51.99,9.96
o_004253,1,p_5820,s_614,2018-06-30 19:14:00,157.42,9.39
o_004254,1,p_1025,s_110,2018-02-25 14:30:19,116.86,6.17
o_004255,1,p_3909,s_481,2017-01-15 17:18:58,247.87,28.0
o_004256,1,p_9782,s_730,2018-04-01 18:54:30,202.77,6.1
o_004256,2,p_8302,s_608,2018-04-01 18:54:30,346.09,9.83
o_004257,1,p_9435,s_141,2018-06-19 12:58:05,40.63,17.93
o_004258,1,p_5316,s_126,2017-09-30 08:57:16,526.63,7.33
o_004259,1,p_4300,s_756,2018-03-01 08:16:02,65.24,10.69
o_004260,1,p_1222,s_623,2017-09-10 19:43:50,165.53,8.63
o_004261,1,p_4135,s_824,2017-03-21 19:44:05,29.68,8.17
o_004262,1,p_6517,s_931,2018-03-04 06:17:29,222.0,13.49
o_004263,1,p_9169,s_454,2017-03-17 14:11:48,45.51,28.33
o_004263,2,p_6320,s_915,2017-03-17 14:11:48,115.42,28.57
o_004264,1,p_6772,s_585,2018-07-30 02:38:42,470.53,12.23
o_004265,1,p_3890,s_882,2018-03-04 11:27:56,67.11,15.79
o_004266,1,p_2171,s_468,2017-02-20 13:22:29,65.99,13.03
o_004267,1,p_1175,s_636,2017-04-02 09:02:54,205.35,5.66
o_004268,1,p_4775,s_746,2017-03-15 11:03:21,32.71,6.12
o_004269,1,p_8657,s_320,2017-10-28 20:02:43,518.11,28.17
o_004270,1,p_3705,s_412,2018-03-26 10:38:15,65.48,12.55
o_004271,1,p_2186,s_598,2018-01-30 10:33:47,37.02,23.27
o_004272,1,p_5672,s_213,2018-07-07 22:55:56,106.69,12.61
o_004273,1,p_3084,s_411,2017-09-08 12:01:25,52.63,11.54
o_004274,1,p_7502,s_289,2018-08-08 19:01:05,35.32,26.21
o_004275,1,p_8146,s_723,2018-01-22 12:05:11,126.78,16.51
o_004275,2,p_2857,s_315,2018-01-22 12:05:11,25.77,18.32
o_004276,1,p_7316,s_664,2017-06-07 14:40:18,74.55,15.54
o_004277,1,p_4712,s_633,2018-02-28 09:12:19,62.98,11.55
o_004277,2,p_5751,s_911,2018-02-28 09:12:19,55.19,9.78
o_004278,1,p_7237,s_783,2018-05-30 21:51:57,56.75,15.72
o_004279,1,p_1508,s_671,2018-05-31 19:31:49,46.06,18.01
o_004280,1,p_1220,s_193,2017-01-17 14:42:43,47.58,8.33
o_004281,1,p_7084,s_589,2017-01-26 21:21:27,61.29,11.71
o_004282,1,p_3461,s_148,2018-01-20 20:48:51,35.78,29.87
o_004283,1,p_9919,s_116,2018-08-28 11:55:30,203.7,24.85
o_004283,2,p_2775,s_191,2018-08-28 11:55:30,137.85,25.24
o_004284,1,p_5590,s_549,2017-05-02 12:17:39,57.09,13.31
o_004285,1,p_2743,s_844,2018-04-23 00:30:24,349.44,22.19
o_004286,1,p_6672,s_800,2017-06-24 11:53:35,82.23,8.93
o_004286,2,p_1362,s_359,2017-06-24 11:53:35,58.74,9.12
o_004287,1,p_7538,s_824,2018-03-29 08:36:10,210.97,18.87
o_004288,1,p_9453,s_138,2018-06-12 16:03:40,97.4,29.89
o_004289,1,p_4077,s_808,2017-08-11 17:35:14,50.08,12.94
o_004289,2,p_8183,s_838,2017-08-11 17:35:14,90.81,6.39
o_004289,3,p_1364,s_728,2017-08-11 17:35:14,223.45,10.69
o_004290,1,p_2550,s_621,2017-04-09 10:54:48,26.94,16.78
o_004290,2,p_1241,s_450,2017-04-09 10:54:48,167.87,16.67
o_004291,1,p_2911,s_541,2017-05-08 22:55:09,167.58,12.3
o_004292,1,p_1950,s_582,2017-09-07 02:23:07,443.94,13.05
o_004293,1,p_6114,s_504,2018-04-19 12:11:40,125.3,28.1
o_004294,1,p_6803,s_403,2017-09-18 17:07:13,84.66,15.3
o_004295,1,p_2864,s_737,2018-04-11 10:03:35,49.56,9.7
o_004296,1,p_2321,s_458,2018-02-11 10:44:10,264.93,68.57
o_004297,1,p_9095,s_471,2017-03-17 12:54:22,248.59,17.51
o_004298,1,p_2126,s_501,2018-04-16 11:30:02,16.23,12.55
o_004299,1,p_5865,s_934,2017-01-21 19:04:32,108.09,23.09
o_004300,1,p_8889,s_683,2017-12-24 13:39:07,77.83,18.88
o_004301,1,p_4288,s_394,2018-08-02 21:21:17,269.37,27.24
o_004302,1,p_9945,s_878,2017-04-26 19:50:11,498.61,29.81
o_004303,1,p_4875,s_170,2017-02-08 09:38:12,127.34,25.76
o_004304,1,p_8057,s_946,2018-06-23 19:40:39,232.45,13.71
o_004305,1,p_3210,s_817,2018-06-01 08:47:09,326.06,14.39
o_004306,1,p_3912,s_349,2018-06-08 18:41:10,294.28,12.16
o_004306,2,p_2169,s_179,2018-06-08 18:41:10,35.25,17.38
o_004307,1,p_9855,s_482,2018-02-26 15:54:26,38.41,10.46
o_004308,1,p_7424,s_244,2017-03-25 00:05:59,558.66,8.26
o_004308,2,p_7650,s_137,2017-03-25 00:05:59,30.5,8.86
o_004309,1,p_5571,s_939,2018-01-22 17:45:33,31.55,7.01
o_004310,1,p_7646,s_712,2017-04-28 17:17:33,296.63,9.98
o_004311,1,p_7762,s_125,2018-04-20 21:38:59,299.03,9.85
o_004312,1,p_2834,s_922,2017-03-15 14:28:45,92.38,29.95
o_004313,1,p_9512,s_515,2018-02-14 07:47:44,18.84,14.92
o_004314,1,p_7846,s_793,2018-04-27 17:01:03,55.28,10.49
o_004315,1,p_7075,s_517,2017-03-16 11:56:13,238.78,9.02
o_004316,1,p_3597,s_603,2017-09-19 17:59:48,196.67,7.39
o_004316,2,p_3423,s_733,2017-09-19 17:59:48,105.5,9.13
o_004317,1,p_9923,s_898,2017-05-23 16:03:11,124.08,8.04
o_004318,1,p_5384,s_828,2018-05-20 12:25:14,277.92,19.27
o_004319,1,p_4276,s_361,2018-06-27 09:43:02,158.89,11.27
o_004320,1,p_9630,s_524,2018-02-13 12:28:16,15.22,7.05
o_004321,1,p_6368,s_990,2018-01-18 17:15:18,55.52,27.1
o_004322,1,p_1811,s_757,2017-12-09 13:52:17,205.44,15.74
o_004323,1,p_8891,s_457,2017-02-21 21:23:27,120.75,22.28
o_004324,1,p_4391,s_734,2018-07-27 23:20:57,103.7,10.65
o_004325,1,p_3246,s_647,2017-07-03 08:59:26,109.34,69.95
o_004326,1,p_9185,s_808,2017-09-26 18:57:37,120.76,27.85
o_004327,1,p_8602,s_724,2017-12-22 14:18:23,56.01,11.85
o_004327,2,p_8999,s_876,2017-12-22 14:18:23,128.49,7.4
o_004328,1,p_3887,s_101,2017-09-13 14:19:00,159.39,13.14
o_004329,1,p_5614,s_825,2018-04-30 12:33:05,52.14,7.51
o_004330,1,p_9122,s_523,2018-03-08 08:06:40,33.7,12.78
o_004331,1,p_7324,s_393,2018-08-23 12:38:59,38.77,15.03
o_004332,1,p_5253,s_150,2018-05-16 16:51:59,33.17,19.19
o_004333,1,p_1761,s_368,2018-06-27 15:54:27,116.96,7.48
o_004334,1,p_1049,s_219,2018-01-19 12:15:07,36.48,9.91
o_004334,2,p_6841,s_976,2018-01-19 12:15:07,224.35,5.89
o_004335,1,p_6333,s_135,2018-03-18 19:22:07,196.78,9.91
o_004336,1,p_8545,s_597,2018-08-26 09:17:52,78.8,16.0
o_004337,1,p_8740,s_348,2017-04-25 18:07:19,165.1,7.56
o_004337,2,p_7117,s_412,2017-04-25 18:07:19,23.47,9.29
o_004338,1,p_7365,s_417,2018-06-21 07:39:50,187.98,14.98
o_004338,2,p_4421,s_966,2018-06-21 07:39:50,175.53,19.89
o_004339,1,p_4590,s_923,2017-04-12 12:00:16,43.4,10.73
o_004340,1,p_8695,s_543,2018-07-25 15:52:00,323.82,64.75
o_004341,1,p_8768,s_932,2017-03-23 04:06:01,31.64,10.7
o_004342,1,p_9576,s_324,2017-12-15 13:20:36,200.57,23.19
o_004343,1,p_9342,s_164,2018-04-27 18:26:17,27.11,11.36
o_004344,1,p_9321,s_349,2017-06-28 14:40:47,92.0,6.76
o_004345,1,p_2114,s_392,2018-03-30 19:32:57,45.68,7.26
o_004346,1,p_7363,s_832,2018-07-29 20:43:16,24.77,29.11
o_004347,1,p_6812,s_463,2018-01-09 19:33:09,198.34,6.19
o_004348,1,p_7616,s_634,2018-03-04 07:30:09,141.04,18.02
o_004349,1,p_9398,s_143,2018-05-15 04:19:23,685.44,27.62
o_004350,1,p_7682,s_597,2017-08-02 14:52:05,79.28,7.24
o_004351,1,p_3679,s_486,2018-05-18 19:08:26,177.33,11.26
o_004352,1,p_2845,s_414,2018-01-24 09:26:39,17.69,15.65
o_004353,1,p_9130,s_911,2017-10-20 12:31:47,282.76,13.53
o_004354,1,p_5889,s_273,2018-07-15 23:23:50,25.27,13.83
o_004355,1,p_9644,s_943,2018-01-06 08:49:22,170.6,12.88
o_004356,1,p_5085,s_691,2018-06-02 16:10:19,92.32,18.12
o_004357,1,p_8822,s_931,2017-03-02 09:18:12,173.03,23.75
o_004358,1,p_6880,s_398,2017-07-17 07:36:49,35.87,66.74
o_004359,1,p_4981,s_421,2017-03-08 12:03:17,162.31,19.74
o_004360,1,p_6893,s_822,2018-05-08 11:13:58,94.41,9.55
o_004361,1,p_6379,s_627,2018-05-12 11:18:34,91.24,12.39
o_004362,1,p_2550,s_339,2017-04-10 10:16:44,32.7,10.7
o_004363,1,p_9521,s_743,2018-03-03 20:01:14,16.95,19.23
o_004364,1,p_4780,s_710,2017-04-25 19:42:48,44.58,29.91
o_004365,1,p_7199,s_518,2018-07-06 08:31:02,150.94,18.48
o_004366,1,p_1777,s_749,2017-08-31 09:25:20,70.05,28.52
o_004367,1,p_1166,s_822,2018-03-16 19:58:56,212.3,9.64
o_004368,1,p_8516,s_281,2018-08-19 20:57:53,166.87,25.28
o_004369,1,p_7351,s_913,2017-06-23 20:16:47,794.67,12.87
o_004370,1,p_5184,s_844,2018-02-15 12:08:54,52.17,7.9
o_004371,1,p_4920,s_650,2017-01-28 20:28:23,121.62,17.27
o_004372,1,p_4118,s_216,2018-04-25 09:09:25,49.65,26.26
o_004373,1,p_8148,s_513,2017-03-12 20:24:44,190.18,11.58
o_004374,1,p_7821,s_568,2018-02-12 15:17:06,81.01,11.13
o_004375,1,p_5317,s_645,2018-02-02 12:32:01,127.37,9.61
o_004376,1,p_8905,s_618,2018-07-11 21:42:24,71.37,19.47
o_004377,1,p_3716,s_350,2018-05-10 14:58:27,267.12,27.93
o_004377,2,p_7725,s_539,2018-05-10 14:58:27,147.65,23.23
o_004377,3,p_8476,s_968,2018-05-10 14:58:27,158.46,24.65
o_004378,1,p_1802,s_961,2017-08-01 15:35:14,33.34,8.73
o_004379,1,p_1814,s_124,2018-01-27 21:16:44,413.2,9.2
o_004380,1,p_6025,s_591,2018-03-09 13:57:22,88.55,22.5
o_004381,1,p_5219,s_557,2017-04-17 14:17:26,324.24,22.77
o_004382,1,p_6537,s_531,2018-01-11 13:39:05,31.38,8.62
o_004383,1,p_4684,s_798,2018-05-31 13:52:46,33.58,6.67
o_004384,1,p_2730,s_148,2018-08-24 13:31:20,165.64,11.97
o_004385,1,p_8136,s_990,2017-11-30 13:34:01,31.89,22.64
o_004386,1,p_2597,s_823,2018-02-13 12:51:16,72.82,12.71
o_004387,1,p_3820,s_217,2017-04-08 10:35:38,249.33,6.83
o_004388,1,p_7185,s_401,2018-02-01 10:31:02,119.94,19.49
o_004389,1,p_1609,s_192,2018-05-23 11:55:47,160.83,23.28
o_004389,2,p_5609,s_933,2018-05-23 11:55:47,159.47,28.15
o_004390,1,p_9439,s_114,2018-01-06 13:27:46,27.55,17.61
o_004391,1,p_7442,s_897,2018-05-16 19:28:16,38.61,10.47
o_004392,1,p_8976,s_235,2018-05-29 16:34:19,80.36,25.42
o_004393,1,p_4751,s_621,2018-04-21 06:20:39,333.76,25.82
o_004394,1,p_4684,s_379,2018-09-02 11:59:21,62.55,63.88
o_004395,1,p_7557,s_515,2017-11-16 19:48:16,36.93,25.66
o_004396,1,p_5594,s_968,2018-05-09 19:20:12,200.8,15.64
o_004397,1,p_4477,s_954,2018-05-11 20:28:31,64.84,10.24
o_004398,1,p_7613,s_818,2018-07-01 17:29:23,70.41,7.65
o_004398,2,p_8677,s_790,2018-07-01 17:29:23,81.69,5.59
o_004399,1,p_2830,s_908,2017-04-24 09:54:32,16.32,13.39
o_004400,1,p_6400,s_664,2017-12-24 05:46:01,329.01,13.17
o_004400,2,p_6032,s_674,2017-12-24 05:46:01,156.33,12.69
o_004401,1,p_7174,s_419,2017-02-26 15:35:19,171.98,11.44
o_004402,1,p_7747,s_581,2018-05-09 19:17:05,43.99,13.05
o_004402,2,p_6731,s_304,2018-05-09 19:17:05,106.78,8.59
o_004403,1,p_4759,s_734,2017-02-24 08:14:02,198.41,7.06
o_004404,1,p_3280,s_970,2018-03-19 22:41:16,53.65,22.39
o_004405,1,p_2324,s_648,2018-03-13 20:19:11,45.55,29.78
o_004406,1,p_2245,s_208,2018-01-01 13:47:09,159.8,19.47
o_004407,1,p_8501,s_317,2018-07-09 21:40:46,226.9,12.18
o_004408,1,p_2417,s_834,2017-12-22 12:44:07,63.49,13.4
o_004409,1,p_3877,s_640,2017-07-08 23:23:06,99.77,6.12
o_004410,1,p_7483,s_121,2017-08-26 14:06:38,59.58,18.59
o_004411,1,p_5374,s_709,2018-05-03 16:27:34,173.0,12.01
o_004412,1,p_2300,s_822,2018-03-31 19:18:26,811.43,16.33
o_004413,1,p_4666,s_545,2018-07-14 14:09:32,16.22,18.1
o_004413,2,p_6621,s_620,2018-07-14 14:09:32,113.03,17.88
o_004414,1,p_3165,s_832,2017-10-12 14:42:53,19.23,8.06
o_004415,1,p_9703,s_359,2017-09-16 15:04:18,293.78,7.73
o_004416,1,p_4927,s_670,2017-06-19 16:10:30,128.58,10.22
o_004417,1,p_5268,s_440,2017-05-06 06:30:10,103.18,11.94
o_004418,1,p_2405,s_903,2017-04-26 21:13:57,28.2,7.91
o_004419,1,p_3966,s_243,2017-05-11 17:59:22,41.09,24.12
o_004420,1,p_3896,s_874,2017-04-21 09:12:50,97.1,13.26
o_004421,1,p_5050,s_964,2017-06-27 14:07:58,147.33,23.82
o_004422,1,p_1143,s_782,2018-06-24 20:43:12,117.66,13.01
o_004423,1,p_8067,s_314,2018-02-21 19:27:43,297.55,13.48
o_004424,1,p_7736,s_180,2018-03-28 01:20:01,41.68,27.28
o_004425,1,p_1541,s_283,2018-03-27 11:01:17,196.82,23.35
o_004426,1,p_4801,s_577,2018-08-15 09:23:20,440.25,9.19
o_004427,1,p_5377,s_767,2018-02-16 16:11:31,54.84,12.54
o_004428,1,p_1710,s_614,2018-03-23 09:48:48,116.23,24.14
o_004429,1,p_9098,s_196,2018-04-11 14:46:10,102.36,13.65
o_004430,1,p_8356,s_563,2017-02-18 19:58:05,132.79,9.5
o_004431,1,p_2142,s_153,2018-04-12 12:49:31,150.54,10.33
o_004431,2,p_4918,s_564,2018-04-12 12:49:31,200.29,7.74
o_004432,1,p_6044,s_213,2017-05-19 11:05:21,46.53,6.96
o_004433,1,p_3225,s_358,2018-04-19 17:34:26,246.98,18.18
o_004434,1,p_1851,s_622,2018-05-06 16:28:31,467.78,17.4
o_004435,1,p_3843,s_851,2017-10-23 12:50:40,346.57,28.47
o_004436,1,p_1117,s_175,2017-08-01 18:56:47,61.27,12.33
o_004437,1,p_8631,s_386,2017-02-14 01:49:01,148.15,9.39
o_004438,1,p_8240,s_905,2017-11-09 22:32:32,220.39,6.71
o_004439,1,p_8411,s_801,2017-03-15 17:40:29,162.49,29.46
o_004440,1,p_4974,s_148,2017-06-06 18:50:46,84.0,13.07
o_004441,1,p_9282,s_358,2017-07-14 21:17:01,20.07,25.01
o_004442,1,p_6737,s_599,2017-12-25 12:46:32,333.47,17.85
o_004443,1,p_4614,s_248,2018-09-01 18:34:56,28.7,62.51
o_004444,1,p_6025,s_593,2017-06-02 07:16:25,42.1,9.52
o_004445,1,p_8457,s_332,2018-03-02 16:29:36,32.5,8.02
o_004446,1,p_3806,s_610,2018-02-27 17:39:41,83.75,8.94
o_004447,1,p_9344,s_686,2018-03-19 23:09:30,86.13,12.45
o_004448,1,p_7351,s_677,2018-08-30 07:34:40,76.56,7.51
o_004449,1,p_7849,s_370,2018-05-06 00:20:31,247.98,24.79
o_004450,1,p_2260,s_132,2018-02-14 22:31:09,76.87,6.62
o_004451,1,p_1641,s_488,2017-07-23 11:30:10,453.71,8.57
o_004452,1,p_7943,s_322,2018-05-15 17:44:46,744.62,22.3
o_004453,1,p_7394,s_370,2017-09-11 14:27:19,143.08,5.8
o_004454,1,p_1244,s_865,2018-04-25 15:23:43,57.78,62.88
o_004454,2,p_5667,s_859,2018-04-25 15:23:43,18.98,67.87
o_004454,3,p_4787,s_876,2018-04-25 15:23:43,82.06,64.92
o_004455,1,p_8870,s_293,2017-10-01 14:08:16,56.62,19.66
o_004456,1,p_7898,s_863,2018-08-10 09:59:54,28.93,22.04
o_004456,2,p_7994,s_569,2018-08-10 09:59:54,46.69,25.04
o_004456,3,p_1569,s_299,2018-08-10 09:59:54,120.74,28.39
o_004457,1,p_4368,s_124,2018-03-10 16:04:21,481.23,19.97
o_004458,1,p_9621,s_167,2018-09-01 12:59:15,138.28,13.97
o_004459,1,p_1109,s_816,2018-06-16 22:33:51,30.99,27.94
o_004459,2,p_7566,s_417,2018-06-16 22:33:51,135.57,24.51
o_004460,1,p_2917,s_125,2018-03-12 15:10:36,57.89,17.0
o_004461,1,p_1310,s_724,2018-07-23 06:36:46,673.6,13.15
o_004462,1,p_9054,s_463,2018-06-23 11:28:42,36.2,6.75
o_004463,1,p_2912,s_480,2017-06-06 12:47:59,57.48,7.63
o_004464,1,p_1587,s_581,2018-06-08 07:39:53,203.9,6.58
o_004465,1,p_5083,s_996,2017-12-20 14:45:54,55.74,67.21
o_004466,1,p_3888,s_693,2018-03-27 05:39:26,116.72,25.22
o_004467,1,p_2743,s_747,2018-05-27 21:08:18,214.61,10.34
o_004468,1,p_4352,s_748,2017-07-16 12:19:51,347.77,11.18
o_004469,1,p_6219,s_327,2018-01-28 15:02:57,116.8,25.01
o_004470,1,p_1712,s_394,2017-12-11 09:10:12,350.91,6.72
o_004471,1,p_5235,s_642,2018-05-19 11:03:13,69.32,24.53
o_004472,1,p_3033,s_243,2018-07-21 14:38:48,143.2,8.65
o_004473,1,p_3973,s_923,2017-09-29 17:41:17,122.63,5.76
o_004474,1,p_8583,s_922,2017-04-08 15:13:51,87.48,12.6
o_004474,2,p_4345,s_495,2017-04-08 15:13:51,105.76,14.63
o_004475,1,p_9229,s_675,2017-05-30 15:30:56,60.26,6.3
o_004476,1,p_1257,s_628,2017-10-25 15:55:35,212.05,11.64
o_004477,1,p_3624,s_970,2018-03-22 18:10:04,480.71,7.7
o_004478,1,p_6429,s_781,2018-04-18 16:13:52,95.19,12.19
o_004479,1,p_9162,s_747,2017-10-02 21:24:07,85.07,12.79
o_004480,1,p_6870,s_154,2018-02-11 09:01:50,44.31,7.8
o_004481,1,p_2388,s_725,2018-01-26 22:22:36,97.29,8.5
o_004482,1,p_8346,s_549,2017-12-30 12:17:12,61.95,19.88
o_004482,2,p_8031,s_771,2017-12-30 12:17:12,22.67,14.93
o_004483,1,p_2288,s_154,2017-11-16 23:59:02,163.21,7.1
o_004484,1,p_9771,s_442,2018-02-20 14:30:04,266.75,5.53
o_004485,1,p_6040,s_495,2018-01-31 11:33:27,168.2,10.73
o_004486,1,p_3486,s_861,2017-03-02 10:24:05,59.44,7.09
o_004487,1,p_4927,s_970,2017-05-27 15:56:49,52.33,27.88
o_004488,1,p_3066,s_176,2018-05-11 10:34:56,120.09,12.74
o_004489,1,p_2585,s_629,2018-02-25 13:01:47,19.38,22.84
o_004490,1,p_3408,s_711,2017-12-02 11:29:02,417.76,5.73
o_004491,1,p_3169,s_267,2018-03-11 20:34:55,293.54,6.5
o_004492,1,p_2928,s_356,2017-07-23 14:22:32,100.67,12.66
o_004493,1,p_5580,s_298,2018-04-06 15:01:11,97.55,13.74
o_004494,1,p_8791,s_163,2017-04-20 15:36:33,65.71,7.81
o_004495,1,p_9702,s_139,2018-05-12 11:05:40,389.04,14.12
o_004495,2,p_1294,s_830,2018-05-12 11:05:40,119.12,14.35
o_004496,1,p_7770,s_592,2018-06-15 21:09:24,94.31,29.28
o_004497,1,p_6003,s_752,2018-02-20 18:03:39,95.08,6.73
o_004498,1,p_5569,s_934,2018-07-12 18:54:26,23.04,16.69
o_004499,1,p_8369,s_401,2018-03-04 10:42:50,397.36,16.67
o_004500,1,p_3609,s_708,2017-04-12 10:33:25,267.65,8.12
o_004501,1,p_9954,s_382,2018-01-17 07:11:05,375.54,23.53
o_004502,1,p_8487,s_515,2018-08-31 09:51:05,231.48,18.97
o_004503,1,p_3878,s_293,2017-01-28 14:09:42,484.51,19.08
o_004504,1,p_5011,s_162,2018-06-24 11:46:29,142.75,11.81
o_004505,1,p_1753,s_213,2017-09-30 19:24:29,57.48,9.62
o_004505,2,p_3807,s_860,2017-09-30 19:24:29,232.42,9.23
o_004506,1,p_4379,s_178,2017-11-21 23:15:37,27.53,25.46
o_004507,1,p_8101,s_144,2018-04-15 16:14:43,70.49,13.71
o_004508,1,p_9061,s_764,2017-07-23 12:13:08,34.84,11.5
o_004509,1,p_4392,s_538,2018-06-16 11:59:17,39.43,19.74
o_004510,1,p_5211,s_200,2018-06-14 15:20:14,85.0,12.69
o_004511,1,p_4192,s_441,2017-10-07 19:42:44,73.81,5.8
o_004512,1,p_8639,s_972,2018-08-02 13:11:58,232.18,7.54
o_004513,1,p_9537,s_827,2017-07-27 16:27:33,43.55,23.24
o_004514,1,p_5217,s_851,2017-03-14 08:45:46,46.28,26.77
o_004515,1,p_3295,s_769,2017-12-24 22:56:09,36.89,17.74
o_004516,1,p_5348,s_782,2017-09-28 20:55:53,74.34,9.24
o_004517,1,p_6768,s_809,2018-05-15 08:26:31,69.91,5.87
o_004517,2,p_1878,s_807,2018-05-15 08:26:31,20.53,12.82
o_004518,1,p_3353,s_630,2018-08-31 09:11:23,43.69,68.57
o_004519,1,p_5407,s_795,2018-02-19 07:31:15,169.03,22.32
o_004520,1,p_7773,s_211,2017-01-18 14:37:11,43.26,18.32
o_004521,1,p_2073,s_667,2018-03-12 13:23:14,183.01,25.21
o_004522,1,p_3124,s_312,2018-02-26 16:32:10,113.61,15.74
o_004523,1,p_7960,s_263,2017-10-17 13:06:48,102.14,66.01
o_004524,1,p_7914,s_945,2017-01-06 14:25:16,54.14,64.03
o_004525,1,p_1515,s_762,2018-05-15 17:15:47,49.25,12.78
o_004526,1,p_7804,s_725,2017-08-12 14:55:35,161.45,12.21
o_004527,1,p_4392,s_770,2018-05-12 00:26:11,129.28,26.54
o_004527,2,p_1486,s_515,2018-05-12 00:26:11,74.04,28.33
o_004528,1,p_8554,s_466,2018-08-30 13:09:39,234.93,26.93
o_004529,1,p_9290,s_686,2018-05-12 13:07:32,42.72,5.57
o_004530,1,p_8915,s_506,2018-07-11 15:16:26,218.54,9.38
o_004531,1,p_4001,s_914,2017-05-22 11:47:43,182.64,28.22
o_004532,1,p_6961,s_204,2017-09-14 12:22:10,57.39,7.27
o_004533,1,p_1850,s_754,2018-07-21 18:12:19,200.13,19.19
o_004534,1,p_6914,s_982,2018-08-08 05:22:55,45.89,17.04
o_004535,1,p_7531,s_112,2017-12-31 16:01:02,204.61,16.13
o_004536,1,p_4186,s_879,2018-01-20 17:35:25,158.6,68.39
o_004537,1,p_9593,s_745,2017-05-17 11:05:24,139.31,6.22
o_004538,1,p_8124,s_537,2018-03-07 13:17:07,128.24,68.56
o_004539,1,p_7982,s_398,2018-08-19 12:03:37,20.15,26.73
o_004540,1,p_1796,s_144,2018-04-17 12:40:34,127.52,15.77
o_004541,1,p_7605,s_546,2018-08-28 19:43:11,84.07,14.4
o_004542,1,p_6137,s_656,2017-09-25 16:50:21,69.14,19.14
o_004543,1,p_4824,s_372,2018-06-28 05:34:28,69.89,10.79
o_004544,1,p_8361,s_486,2018-05-26 13:30:44,320.21,17.49
o_004545,1,p_3011,s_651,2018-08-08 13:22:39,324.41,26.86
o_004546,1,p_8080,s_774,2017-06-17 04:06:27,123.18,19.31
o_004546,2,p_1370,s_830,2017-06-17 04:06:27,49.71,19.48
o_004547,1,p_9290,s_498,2017-07-30 14:12:51,25.29,19.75
o_004548,1,p_7649,s_377,2017-11-12 17:00:33,29.52,8.92
o_004549,1,p_6926,s_383,2018-07-09 12:36:31,593.23,22.76
o_004549,2,p_7839,s_966,2018-07-09 12:36:31,39.26,28.68
o_004550,1,p_9364,s_645,2018-01-20 16:53:31,150.42,15.91
o_004551,1,p_3657,s_362,2018-07-20 13:27:18,18.39,26.31
o_004552,1,p_9859,s_499,2018-07-23 14:12:50,46.09,16.78
o_004553,1,p_6427,s_612,2017-04-23 07:15:13,42.56,29.17
o_004554,1,p_5389,s_327,2018-07-18 11:41:44,181.08,9.28
o_004555,1,p_2725,s_888,2017-11-30 18:10:30,57.84,67.62
o_004556,1,p_3818,s_855,2018-01-08 11:43:26,158.59,66.8
o_004557,1,p_1573,s_961,2018-04-08 13:49:15,100.44,19.1
o_004557,2,p_5385,s_797,2018-04-08 13:49:15,244.96,19.23
o_004558,1,p_9483,s_360,2018-02-21 16:30:41,144.73,11.47
o_004559,1,p_7239,s_731,2018-03-29 06:09:53,63.28,13.72
o_004560,1,p_4493,s_317,2018-08-28 17:29:06,292.73,19.0
o_004561,1,p_7518,s_146,2017-05-23 07:33:53,206.14,27.6
o_004562,1,p_8474,s_414,2018-07-03 12:53:52,24.96,18.72
o_004563,1,p_4460,s_325,2017-06-26 11:19:21,591.73,25.66
o_004564,1,p_3840,s_330,2017-08-31 09:36:26,88.63,11.7
o_004564,2,p_6741,s_237,2017-08-31 09:36:26,357.28,9.38
o_004565,1,p_7450,s_434,2017-08-30 10:35:41,570.39,26.31
o_004566,1,p_8059,s_967,2018-05-27 17:57:18,207.49,28.04
o_004567,1,p_8963,s_818,2017-08-23 15:42:31,57.16,28.9
o_004567,2,p_4654,s_778,2017-08-23 15:42:31,38.84,28.98
o_004568,1,p_1771,s_423,2018-03-23 17:48:39,15.48,10.6
o_004569,1,p_6299,s_690,2018-05-16 09:05:54,257.63,22.85
o_004570,1,p_5515,s_905,2017-12-20 15:38:55,56.31,6.91
o_004571,1,p_6001,s_438,2018-05-22 23:50:35,117.87,12.02
o_004572,1,p_1906,s_741,2017-01-19 13:24:59,45.4,12.77
o_004573,1,p_4707,s_586,2018-06-29 14:06:10,184.54,9.63
o_004573,2,p_2580,s_273,2018-06-29 14:06:10,170.45,5.79
o_004574,1,p_9279,s_952,2017-03-19 18:05:51,44.84,12.85
o_004575,1,p_5809,s_684,2017-07-20 21:17:00,18.26,9.65
o_004576,1,p_8857,s_450,2018-02-18 10:18:53,288.34,12.82
o_004577,1,p_1505,s_662,2018-02-14 11:19:59,89.33,7.02
o_004578,1,p_7918,s_652,2017-08-19 16:41:49,98.48,11.46
o_004579,1,p_9862,s_951,2017-01-31 11:49:20,339.23,15.47
o_004580,1,p_7225,s_489,2017-11-24 13:49:29,134.43,6.92
o_004581,1,p_2747,s_605,2018-04-26 18:35:57,16.12,27.0
o_004582,1,p_5752,s_922,2018-06-02 10:19:24,234.2,27.75
o_004583,1,p_7146,s_589,2017-08-30 00:36:14,115.39,28.76
o_004584,1,p_6114,s_314,2017-02-17 08:38:50,110.23,8.46
o_004585,1,p_4160,s_178,2018-06-17 17:26:36,98.4,23.02
o_004586,1,p_8729,s_574,2017-06-25 22:33:28,92.08,13.27
o_004587,1,p_1003,s_297,2018-08-18 20:54:02,136.44,6.39
o_004588,1,p_7267,s_644,2017-07-30 14:48:40,240.19,28.66
o_004589,1,p_5783,s_193,2018-05-16 09:30:49,161.68,14.85
o_004590,1,p_5683,s_871,2018-04-24 13:23:55,33.76,22.13
o_004591,1,p_1142,s_938,2017-11-18 07:27:31,52.62,24.34
o_004592,1,p_1799,s_101,2017-06-19 12:04:34,40.39,17.54
o_004593,1,p_1613,s_264,2018-06-23 20:01:33,160.54,66.23
o_004594,1,p_8191,s_708,2018-07-31 17:00:41,17.15,10.56
o_004595,1,p_7208,s_393,2018-01-24 19:47:55,24.87,8.48
o_004596,1,p_8345,s_169,2017-07-24 09:49:18,34.89,69.31
o_004597,1,p_3251,s_125,2017-04-02 10:02:59,159.79,24.58
o_004598,1,p_3765,s_387,2017-12-06 10:44:46,32.44,18.43
o_004598,2,p_9630,s_601,2017-12-06 10:44:46,151.35,13.42
o_004599,1,p_3226,s_798,2018-01-15 04:57:49,142.76,7.9
o_004600,1,p_3158,s_961,2018-09-01 15:44:24,75.96,28.58
o_004601,1,p_7853,s_481,2018-02-12 12:21:32,153.25,16.55
o_004601,2,p_4117,s_138,2018-02-12 12:21:32,237.56,12.27
o_004602,1,p_1977,s_559,2017-01-26 06:26:26,132.4,6.25
o_004602,2,p_7240,s_457,2017-01-26 06:26:26,122.53,8.13
o_004603,1,p_4323,s_559,2017-03-31 15:54:09,143.0,14.61
o_004603,2,p_3558,s_808,2017-03-31 15:54:09,209.95,17.98
o_004604,1,p_1418,s_515,2017-08-10 15:50:07,68.38,13.59
o_004605,1,p_3896,s_504,2018-02-14 15:18:29,153.21,12.76
o_004606,1,p_4073,s_262,2017-04-12 14:33:49,69.1,13.93
o_004607,1,p_9979,s_200,2018-01-28 13:27:41,178.94,8.76
o_004608,1,p_1527,s_851,2017-08-24 19:08:35,75.87,27.81
o_004609,1,p_7776,s_635,2018-02-07 17:16:35,124.09,19.95
o_004610,1,p_4921,s_461,2018-02-18 16:58:25,40.26,17.82
o_004611,1,p_1701,s_227,2017-05-02 13:12:57,51.0,26.16
o_004611,2,p_5683,s_116,2017-05-02 13:12:57,15.27,23.03
o_004612,1,p_5365,s_646,2018-04-11 17:11:52,128.55,27.87
o_004613,1,p_4298,s_618,2018-03-03 12:11:37,185.56,18.84
o_004614,1,p_6010,s_455,2017-08-06 09:39:20,43.18,29.44
o_004615,1,p_3491,s_645,2018-04-30 22:15:13,103.77,9.89
o_004616,1,p_2183,s_821,2018-01-29 07:38:12,152.18,13.3
o_004617,1,p_4826,s_688,2018-07-16 05:09:55,97.36,24.21
o_004618,1,p_7109,s_603,2017-08-07 13:48:42,160.01,6.81
o_004619,1,p_7814,s_564,2017-01-29 14:03:23,42.74,13.02
o_004620,1,p_4299,s_800,2018-02-02 14:34:23,355.8,10.42
o_004621,1,p_8155,s_488,2017-02-28 14:13:14,171.89,11.29
o_004621,2,p_1562,s_191,2017-02-28 14:13:14,184.08,7.08
o_004622,1,p_5433,s_403,2018-04-25 10:30:58,57.57,13.97
o_004623,1,p_4197,s_637,2017-05-19 10:22:06,362.86,13.24
o_004623,2,p_6447,s_761,2017-05-19 10:22:06,164.47,7.06
o_004624,1,p_8693,s_692,2017-02-27 09:38:54,144.06,9.05
o_004625,1,p_4301,s_749,2018-02-18 19:56:50,112.73,27.99
o_004626,1,p_1544,s_219,2018-06-17 09:16:25,37.36,29.99
o_004627,1,p_4107,s_368,2018-01-31 11:34:53,26.65,68.25
o_004627,2,p_1029,s_645,2018-01-31 11:34:53,664.36,65.99
o_004628,1,p_4702,s_930,2017-06-13 08:21:07,17.48,11.36
o_004628,2,p_5367,s_657,2017-06-13 08:21:07,166.72,8.56
o_004628,3,p_1732,s_686,2017-06-13 08:21:07,204.68,7.5
o_004629,1,p_7797,s_337,2017-05-25 16:53:39,742.23,19.11
o_004630,1,p_6456,s_798,2018-06-25 16:50:28,41.67,25.98
o_004631,1,p_7229,s_244,2018-07-21 16:56:40,176.0,24.17
o_004632,1,p_9405,s_273,2018-06-19 14:08:04,17.09,13.26
o_004633,1,p_7625,s_655,2017-09-06 13:35:49,93.78,27.78
o_004634,1,p_2784,s_217,2017-07-20 17:10:58,86.19,9.88
o_004635,1,p_9115,s_907,2017-06-23 12:01:43,58.35,25.54
o_004636,1,p_2022,s_730,2017-05-09 20:29:18,26.09,6.69
o_004636,2,p_5386,s_316,2017-05-09 20:29:18,52.97,6.62
o_004637,1,p_6661,s_185,2017-03-24 08:19:54,536.56,12.0
o_004637,2,p_8137,s_756,2017-03-24 08:19:54,291.47,7.8
o_004638,1,p_4186,s_158,2017-01-14 21:36:56,273.16,11.93
o_004639,1,p_8399,s_309,2018-01-31 17:55:22,244.34,14.76
o_004640,1,p_6660,s_540,2018-05-06 07:33:08,94.61,13.09
o_004641,1,p_4112,s_167,2018-03-21 13:33:39,119.37,17.61
o_004642,1,p_1524,s_971,2017-07-14 12:48:31,24.22,8.28
o_004643,1,p_6346,s_974,2018-08-30 01:36:34,119.4,13.22
o_004644,1,p_8754,s_905,2017-08-22 12:53:24,43.27,10.24
o_004645,1,p_8537,s_638,2017-10-06 21:25:10,73.94,24.63
o_004646,1,p_8418,s_243,2017-12-28 15:31:19,68.89,7.14
o_004646,2,p_2147,s_156,2017-12-28 15:31:19,309.16,9.61
o_004647,1,p_9634,s_643,2018-06-08 07:08:59,47.53,12.47
o_004648,1,p_1115,s_889,2017-08-14 08:50:23,181.59,12.66
o_004649,1,p_1288,s_652,2018-07-15 13:41:34,61.48,15.09
o_004650,1,p_7345,s_770,2018-03-02 12:27:52,407.03,12.01
o_004651,1,p_5958,s_161,2018-08-25 19:26:27,83.59,12.74
o_004651,2,p_9155,s_691,2018-08-25 19:26:27,226.5,8.83
o_004652,1,p_3047,s_817,2018-07-24 08:17:14,160.96,7.22
o_004653,1,p_8307,s_415,2018-07-24 05:36:58,188.0,9.67
o_004654,1,p_7540,s_748,2017-11-12 03:48:10,101.84,14.49
o_004655,1,p_1021,s_181,2017-07-06 10:59:11,207.2,9.22
o_004656,1,p_4838,s_888,2017-06-16 10:19:04,313.22,14.47
o_004657,1,p_8468,s_941,2017-06-15 16:18:41,144.35,13.1
o_004658,1,p_8232,s_541,2018-08-17 10:50:35,308.12,18.2
o_004659,1,p_4595,s_516,2018-05-19 08:24:22,236.19,66.78
o_004659,2,p_7252,s_964,2018-05-19 08:24:22,73.88,65.03
o_004660,1,p_6603,s_440,2017-09-21 22:49:11,89.18,5.99
o_004661,1,p_8357,s_131,2018-08-23 18:52:34,121.55,11.56
o_004662,1,p_2561,s_247,2017-03-18 20:40:18,32.53,8.12
o_004663,1,p_4037,s_478,2018-07-21 13:06:20,174.47,24.37
o_004664,1,p_5493,s_637,2017-01-30 15:23:45,328.12,27.27
o_004665,1,p_6159,s_484,2018-03-29 09:58:13,26.76,25.28
o_004666,1,p_5823,s_604,2017-08-21 17:45:16,163.43,9.38
o_004667,1,p_8971,s_978,2018-03-26 09:51:17,98.84,8.75
o_004668,1,p_1952,s_588,2018-02-06 15:28:19,30.69,9.8
o_004669,1,p_3813,s_805,2018-05-12 06:04:58,15.5,6.64
o_004670,1,p_8498,s_639,2017-06-12 13:41:20,174.96,28.34
o_004671,1,p_5772,s_526,2018-03-11 11:01:37,63.84,12.42
o_004672,1,p_3931,s_536,2018-02-12 22:43:39,38.08,13.32
o_004673,1,p_7610,s_230,2018-03-14 10:23:35,55.51,8.25
o_004674,1,p_7232,s_330,2017-10-21 18:54:20,116.96,12.64
o_004675,1,p_8480,s_171,2018-05-26 09:58:35,249.64,19.52
o_004676,1,p_8806,s_800,2018-04-27 23:13:58,84.58,12.67
o_004677,1,p_9012,s_669,2018-05-31 09:19:20,231.26,68.34
o_004678,1,p_6135,s_670,2017-12-30 20:23:20,441.59,17.21
o_004679,1,p_6576,s_873,2018-03-10 13:17:55,182.36,9.25
o_004680,1,p_2933,s_870,2017-11-15 10:11:49,33.57,29.98
o_004681,1,p_6006,s_555,2018-01-21 10:43:18,441.74,9.31
o_004681,2,p_5566,s_194,2018-01-21 10:43:18,146.18,9.3
o_004681,3,p_2024,s_509,2018-01-21 10:43:18,124.83,9.85
o_004682,1,p_5957,s_928,2018-05-02 10:06:58,141.14,10.54
o_004683,1,p_5973,s_809,2017-07-17 22:30:10,100.67,18.22
o_004684,1,p_8760,s_173,2017-02-08 08:31:23,180.87,8.27
o_004685,1,p_7872,s_332,2018-06-24 08:38:20,110.39,13.68
o_004686,1,p_9911,s_633,2018-08-15 15:47:41,70.51,26.13
o_004687,1,p_9671,s_275,2018-02-27 22:25:11,84.71,68.52
o_004688,1,p_4869,s_103,2018-08-09 13:08:11,193.22,10.94
o_004689,1,p_7047,s_780,2018-08-13 22:12:13,101.5,19.09
o_004690,1,p_4978,s_556,2018-04-14 14:43:31,248.45,16.03
o_004691,1,p_9583,s_830,2018-03-30 02:44:28,111.17,26.83
o_004692,1,p_6809,s_448,2017-04-25 09:02:58,121.9,18.19
o_004693,1,p_7473,s_467,2017-06-08 11:56:08,15.18,13.0
o_004694,1,p_1243,s_385,2017-11-29 14:58:21,19.4,13.24
o_004695,1,p_8379,s_495,2018-02-23 14:43:06,112.14,9.55
o_004695,2,p_3398,s_896,2018-02-23 14:43:06,35.81,13.29
o_004696,1,p_2272,s_599,2017-01-19 12:20:25,148.17,27.41
o_004697,1,p_5717,s_411,2017-01-07 06:14:35,410.68,69.1
o_004698,1,p_6886,s_429,2018-04-30 23:36:05,20.19,15.54
o_004699,1,p_5833,s_798,2018-05-02 15:51:11,199.74,5.8
o_004700,1,p_1275,s_891,2017-03-03 20:20:00,22.71,8.16
o_004701,1,p_9954,s_661,2017-06-18 21:09:44,62.82,8.49
o_004701,2,p_5499,s_276,2017-06-18 21:09:44,17.39,11.14
o_004702,1,p_1292,s_352,2017-05-13 20:25:18,628.39,11.46
o_004702,2,p_2099,s_461,2017-05-13 20:25:18,38.78,5.85
o_004703,1,p_4231,s_690,2017-04-15 14:06:17,76.78,14.84
o_004704,1,p_5098,s_278,2018-06-18 12:14:08,120.4,25.78
o_004705,1,p_7801,s_707,2017-01-10 07:15:01,52.63,17.07
o_004706,1,p_7087,s_776,2018-01-24 11:29:48,133.59,19.99
o_004707,1,p_4967,s_561,2018-03-22 13:35:09,162.63,15.95
o_004708,1,p_9679,s_275,2017-05-10 14:27:24,46.9,6.75
o_004709,1,p_3773,s_637,2018-01-14 02:55:11,63.42,8.0
o_004710,1,p_4186,s_254,2017-04-18 11:16:16,194.38,69.66
o_004711,1,p_9060,s_335,2017-01-24 20:35:10,85.92,12.49
o_004712,1,p_8420,s_925,2018-05-23 11:08:57,180.87,19.13
o_004713,1,p_4011,s_164,2017-07-07 18:47:39,15.58,15.79
o_004713,2,p_2056,s_756,2017-07-07 18:47:39,134.66,15.81
o_004714,1,p_9455,s_299,2018-04-14 12:01:54,36.04,6.43
o_004715,1,p_3094,s_679,2018-08-27 08:48:20,38.93,12.32
o_004716,1,p_4318,s_545,2018-03-28 07:05:53,298.18,10.81
o_004717,1,p_8236,s_535,2017-10-22 20:36:39,114.43,28.71
o_004718,1,p_9364,s_264,2018-02-21 06:30:57,33.97,10.87
o_004719,1,p_5745,s_885,2018-03-21 23:48:23,21.33,15.31
o_004720,1,p_6173,s_305,2018-03-20 16:34:10,131.61,17.54
o_004721,1,p_9575,s_354,2018-02-20 15:06:16,154.3,13.88
o_004722,1,p_8909,s_140,2018-06-11 08:53:50,84.2,13.52
o_004722,2,p_7037,s_339,2018-06-11 08:53:50,84.19,13.86
o_004723,1,p_4815,s_964,2018-08-24 12:45:06,43.61,15.55
o_004724,1,p_3398,s_580,2017-07-17 03:39:40,257.05,10.99
o_004725,1,p_4428,s_589,2017-10-01 01:16:00,56.94,23.81
o_004726,1,p_1602,s_583,2018-02-14 08:25:41,26.58,14.69
o_004727,1,p_9015,s_565,2018-08-12 22:46:41,41.04,5.92
o_004728,1,p_3641,s_744,2018-04-06 22:28:18,177.19,7.95
o_004729,1,p_2290,s_237,2018-03-20 15:09:02,116.82,16.56
o_004730,1,p_6705,s_459,2018-08-09 17:17:03,96.01,26.9
o_004731,1,p_4858,s_323,2017-04-24 15:18:34,183.64,9.28
o_004732,1,p_4807,s_875,2018-01-30 12:49:27,289.73,65.54
o_004733,1,p_2765,s_157,2018-08-25 13:37:53,107.71,28.27
o_004734,1,p_7208,s_529,2017-01-22 17:57:08,18.69,10.85
o_004735,1,p_7064,s_797,2018-03-14 07:39:18,39.36,15.02
o_004736,1,p_1521,s_610,2017-04-11 10:20:41,375.89,12.03
o_004736,2,p_5799,s_950,2017-04-11 10:20:41,132.43,13.3
o_004737,1,p_5232,s_803,2017-09-23 21:20:22,467.87,7.79
o_004738,1,p_8416,s_401,2018-06-17 14:17:51,100.39,7.09
o_004739,1,p_9526,s_271,2017-11-08 18:49:23,258.85,10.14
o_004739,2,p_6605,s_317,2017-11-08 18:49:23,109.69,10.65
o_004740,1,p_9144,s_844,2017-01-20 18:27:59,290.39,29.95
o_004740,2,p_6501,s_507,2017-01-20 18:27:59,64.33,26.79
o_004741,1,p_1780,s_171,2018-05-09 23:04:50,46.3,16.3
o_004742,1,p_4897,s_708,2017-02-20 16:12:22,17.34,22.34
o_004743,1,p_5886,s_709,2018-06-06 16:24:34,145.17,27.98
o_004743,2,p_2236,s_130,2018-06-06 16:24:34,241.45,28.39
o_004744,1,p_6906,s_222,2017-11-09 20:30:27,216.39,11.21
o_004745,1,p_3390,s_913,2018-03-05 10:43:58,30.17,10.86
o_004745,2,p_2683,s_326,2018-03-05 10:43:58,123.28,12.27
o_004746,1,p_5818,s_458,2018-03-09 13:02:42,102.72,22.29
o_004747,1,p_1810,s_256,2017-12-23 14:45:10,172.84,62.3
o_004748,1,p_9486,s_525,2018-01-27 16:03:25,83.66,18.89
o_004749,1,p_9314,s_417,2018-03-18 10:04:15,17.42,16.66
o_004750,1,p_6343,s_681,2017-01-14 16:24:07,87.06,22.22
o_004751,1,p_7804,s_443,2018-06-12 20:11:57,31.55,8.95
o_004752,1,p_1886,s_345,2017-06-23 10:44:34,28.31,12.38
o_004753,1,p_5025,s_369,2018-04-13 07:04:47,95.3,6.2
o_004754,1,p_7397,s_938,2017-01-26 10:15:10,630.43,13.64
o_004754,2,p_6046,s_816,2017-01-26 10:15:10,210.07,15.54
o_004755,1,p_8460,s_891,2017-04-18 23:35:31,199.56,15.46
o_004756,1,p_9008,s_299,2018-06-27 12:19:48,58.68,8.76
o_004757,1,p_3429,s_345,2017-07-27 15:19:59,120.08,12.21
o_004758,1,p_8047,s_338,2018-08-23 18:48:40,128.72,18.43
o_004758,2,p_5237,s_918,2018-08-23 18:48:40,38.66,17.55
o_004759,1,p_7572,s_820,2018-08-28 19:26:05,74.28,25.47
o_004760,1,p_5359,s_921,2018-01-15 20:05:25,263.08,24.22
o_004761,1,p_7893,s_652,2017-04-15 10:47:55,153.76,14.74
o_004761,2,p_5823,s_278,2017-04-15 10:47:55,201.17,18.74
o_004762,1,p_2225,s_721,2017-05-17 01:32:53,60.48,12.94
o_004763,1,p_7021,s_875,2017-05-14 22:40:53,79.51,7.26
o_004764,1,p_1463,s_608,2017-10-26 11:14:12,194.78,13.94
o_004765,1,p_9436,s_187,2017-07-12 09:42:55,139.42,67.43
o_004766,1,p_7403,s_596,2017-04-07 19:54:53,19.31,18.26
o_004767,1,p_1365,s_129,2017-07-06 20:29:49,209.47,18.75
o_004768,1,p_9020,s_915,2017-05-18 09:02:15,116.22,25.27
o_004769,1,p_9967,s_948,2018-07-30 14:02:40,293.96,13.3
o_004770,1,p_9322,s_926,2017-03-25 17:27:46,78.68,8.35
o_004771,1,p_9293,s_754,2018-06-23 22:01:52,16.17,10.05
o_004772,1,p_4687,s_154,2018-08-06 10:45:40,149.14,13.92
o_004773,1,p_5172,s_398,2018-06-25 13:24:03,68.59,6.42
o_004774,1,p_9063,s_428,2018-03-02 14:20:52,130.44,13.8
o_004774,2,p_8652,s_905,2018-03-02 14:20:52,39.75,18.56
o_004774,3,p_1923,s_949,2018-03-02 14:20:52,167.83,12.33
o_004775,1,p_4378,s_816,2018-03-25 14:16:53,30.38,8.8
o_004775,2,p_7752,s_723,2018-03-25 14:16:53,43.55,9.23
o_004776,1,p_4105,s_557,2018-03-07 19:39:43,105.07,19.58
o_004777,1,p_8848,s_344,2017-07-23 13:43:38,133.05,10.35
o_004778,1,p_9991,s_590,2017-05-16 06:52:57,47.21,26.18
o_004779,1,p_5631,s_991,2018-08-14 09:38:07,52.12,23.24
o_004780,1,p_1571,s_502,2017-03-09 22:20:22,16.54,9.97
o_004781,1,p_2746,s_970,2017-02-17 05:45:37,105.1,12.29
o_004782,1,p_7967,s_454,2018-03-03 21:22:57,152.8,7.0
o_004782,2,p_7291,s_436,2018-03-03 21:22:57,180.19,10.45
o_004783,1,p_5314,s_760,2018-01-24 13:25:33,34.33,22.11
o_004784,1,p_9795,s_549,2018-02-27 22:03:29,135.02,8.2
o_004785,1,p_5238,s_668,2018-05-17 13:34:52,432.54,9.4
o_004786,1,p_9972,s_901,2018-04-26 19:17:37,78.24,9.84
o_004787,1,p_5165,s_700,2018-07-16 16:52:13,50.24,11.4
o_004788,1,p_7096,s_518,2017-09-28 18:11:06,19.69,10.24
o_004789,1,p_9871,s_203,2018-05-20 18:50:50,196.66,14.89
o_004789,2,p_3722,s_436,2018-05-20 18:50:50,183.53,15.03
o_004790,1,p_2514,s_774,2018-08-18 12:00:36,38.19,17.98
o_004791,1,p_6698,s_239,2018-08-30 11:25:50,29.66,6.32
o_004792,1,p_4844,s_875,2017-07-10 23:19:57,228.64,5.51
o_004792,2,p_3414,s_754,2017-07-10 23:19:57,18.99,10.82
o_004793,1,p_2234,s_744,2017-01-16 18:24:58,124.4,13.55
o_004794,1,p_6151,s_975,2017-12-17 15:21:41,51.02,28.08
o_004795,1,p_4159,s_771,2017-08-07 14:03:52,169.68,19.57
o_004796,1,p_6814,s_211,2017-01-11 14:51:12,64.58,18.11
o_004797,1,p_3740,s_683,2018-06-27 17:28:23,169.19,13.34
o_004797,2,p_5800,s_927,2018-06-27 17:28:23,78.0,11.27
o_004798,1,p_1832,s_313,2018-04-15 12:50:52,78.0,18.65
o_004799,1,p_3688,s_762,2017-05-19 07:59:49,20.18,10.92
o_004800,1,p_7209,s_328,2018-07-23 13:09:35,209.86,12.46
o_004800,2,p_9756,s_882,2018-07-23 13:09:35,66.44,5.62
o_004801,1,p_4207,s_914,2018-02-06 18:35:35,299.04,19.64
o_004802,1,p_8309,s_902,2018-02-10 15:26:29,36.83,12.4
o_004803,1,p_2327,s_648,2017-06-26 17:40:55,177.37,24.2
o_004803,2,p_6779,s_401,2017-06-26 17:40:55,291.3,22.25
o_004804,1,p_9309,s_645,2017-06-01 23:46:42,306.89,6.82
o_004805,1,p_5880,s_185,2018-06-23 10:28:59,348.91,24.69
o_004806,1,p_1948,s_250,2018-04-17 10:06:15,27.95,29.46
o_004807,1,p_1530,s_937,2018-06-26 13:59:16,201.44,17.04
o_004808,1,p_5607,s_792,2018-07-20 16:49:25,48.89,28.57
o_004808,2,p_6035,s_831,2018-07-20 16:49:25,121.39,26.59
o_004809,1,p_4585,s_345,2017-07-21 18:58:06,72.98,22.35
o_004809,2,p_8209,s_482,2017-07-21 18:58:06,157.51,22.17
o_004810,1,p_1644,s_295,2018-05-23 17:54:49,219.59,5.7
o_004811,1,p_7340,s_558,2018-04-22 15:48:50,121.85,7.09
o_004812,1,p_1490,s_913,2017-01-12 21:31:08,39.87,27.65
o_004813,1,p_3921,s_942,2017-07-09 14:58:07,24.4,23.62
o_004814,1,p_5021,s_593,2018-03-10 10:21:00,131.22,9.37
o_004815,1,p_7280,s_695,2018-08-06 19:47:08,19.35,6.04
o_004816,1,p_4622,s_832,2018-03-27 17:48:53,75.26,10.36
o_004817,1,p_6537,s_970,2017-06-14 19:01:45,167.24,5.9
o_004818,1,p_7676,s_530,2017-11-18 07:23:30,158.47,6.16
o_004819,1,p_5050,s_690,2018-05-31 11:35:20,70.68,24.76
o_004820,1,p_6068,s_534,2018-03-04 21:59:47,106.39,14.63
o_004821,1,p_5966,s_314,2017-04-09 06:38:06,38.54,8.37
o_004822,1,p_8965,s_754,2018-01-11 06:05:38,153.21,12.9
o_004822,2,p_1527,s_103,2018-01-11 06:05:38,183.57,17.12
o_004823,1,p_8937,s_845,2017-02-15 15:40:50,62.78,5.59
o_004824,1,p_2410,s_504,2018-08-07 23:23:24,460.42,5.61
o_004825,1,p_1074,s_601,2018-03-11 12:32:14,351.01,28.71
o_004826,1,p_2024,s_774,2018-03-19 14:44:04,42.48,8.27
o_004827,1,p_9549,s_525,2018-08-12 19:53:37,24.18,16.39
o_004828,1,p_1880,s_364,2017-01-11 17:35:07,131.7,19.47
o_004829,1,p_2425,s_342,2018-06-15 18:39:01,64.34,24.61
o_004830,1,p_1516,s_776,2017-01-19 08:54:36,606.43,13.24
o_004831,1,p_3265,s_459,2018-04-22 11:49:27,227.65,28.38
o_004832,1,p_2650,s_492,2018-04-11 08:14:21,141.74,24.2
o_004833,1,p_9921,s_750,2018-06-02 11:43:17,26.54,11.55
o_004834,1,p_9598,s_342,2018-03-30 12:27:14,373.48,28.75
o_004834,2,p_6347,s_346,2018-03-30 12:27:14,45.17,24.31
o_004835,1,p_8131,s_159,2018-02-18 08:39:30,83.83,11.81
o_004836,1,p_5271,s_538,2017-11-20 13:22:13,54.47,18.31
o_004837,1,p_4813,s_351,2018-03-15 17:24:10,93.03,7.88
o_004837,2,p_2995,s_220,2018-03-15 17:24:10,43.11,12.08
o_004838,1,p_6466,s_985,2018-05-25 07:54:04,85.4,6.59
o_004839,1,p_9559,s_929,2018-02-12 16:31:04,74.31,7.29
o_004840,1,p_8378,s_775,2018-06-17 11:20:52,225.05,8.8
o_004841,1,p_6556,s_902,2018-03-08 12:29:35,271.7,19.49
o_004842,1,p_6684,s_537,2018-05-15 02:08:39,97.51,25.1
o_004842,2,p_8479,s_632,2018-05-15 02:08:39,122.54,24.92
o_004843,1,p_5361,s_777,2018-03-27 14:48:51,160.06,12.62
o_004844,1,p_1066,s_942,2018-01-20 21:16:39,292.65,7.57
o_004845,1,p_1269,s_216,2018-07-26 11:28:06,22.02,23.1
o_004846,1,p_6189,s_830,2018-03-30 09:30:23,80.76,24.5
o_004847,1,p_6456,s_939,2017-04-21 17:36:42,91.6,5.8
o_004848,1,p_2436,s_875,2018-06-12 16:00:05,102.3,26.0
o_004849,1,p_6600,s_320,2017-10-26 19:27:01,36.72,11.3
o_004849,2,p_7679,s_547,2017-10-26 19:27:01,22.87,12.08
o_004849,3,p_3455,s_233,2017-10-26 19:27:01,58.15,10.19
o_004850,1,p_4662,s_322,2017-12-06 18:39:28,41.81,23.68
o_004851,1,p_4959,s_317,2018-06-18 06:15:34,603.05,13.93
o_004852,1,p_6019,s_689,2017-08-16 21:18:59,383.4,15.5
o_004853,1,p_3169,s_707,2018-03-08 07:35:58,72.43,24.65
o_004854,1,p_5260,s_416,2018-08-30 15:36:22,88.29,9.0
o_004855,1,p_2401,s_604,2018-03-20 05:32:04,973.5,10.15
o_004856,1,p_1432,s_359,2017-12-26 18:27:10,166.49,11.6
o_004857,1,p_6913,s_458,2017-03-02 15:40:16,60.82,6.33
o_004858,1,p_7204,s_184,2018-05-07 12:21:26,80.38,12.35
o_004859,1,p_2083,s_237,2017-05-25 10:17:06,39.42,18.56
o_004859,2,p_7937,s_863,2017-05-25 10:17:06,482.15,12.93
o_004859,3,p_5556,s_127,2017-05-25 10:17:06,98.02,12.79
o_004860,1,p_6482,s_118,2018-03-17 10:09:00,72.5,65.11
o_004861,1,p_3054,s_630,2018-05-01 21:17:00,243.93,5.87
o_004862,1,p_3533,s_209,2018-07-12 05:44:41,46.41,18.17
o_004863,1,p_1582,s_839,2018-07-11 07:14:20,110.71,11.73
o_004864,1,p_8222,s_837,2018-03-27 03:34:03,233.01,23.49
o_004865,1,p_8445,s_680,2018-04-17 10:08:18,19.17,11.02
o_004866,1,p_1578,s_261,2018-01-19 12:11:04,163.97,9.63
o_004867,1,p_3503,s_145,2018-07-07 13:01:47,109.47,9.34
o_004868,1,p_2373,s_248,2017-03-26 13:52:35,327.72,15.41
o_004869,1,p_6022,s_964,2018-06-20 08:36:32,37.2,10.28
o_004870,1,p_9247,s_708,2018-04-16 16:18:31,196.46,27.81
o_004871,1,p_5700,s_935,2018-04-09 21:32:41,16.74,19.28
o_004872,1,p_6437,s_782,2018-05-12 15:56:21,513.81,7.33
o_004872,2,p_1906,s_525,2018-05-12 15:56:21,73.77,6.18
o_004873,1,p_8259,s_165,2018-07-25 12:16:44,55.68,12.63
o_004874,1,p_4373,s_200,2017-01-31 12:00:19,146.46,23.97
o_004875,1,p_2786,s_346,2018-08-14 12:34:17,17.65,19.32
o_004876,1,p_4967,s_758,2018-01-10 10:23:38,50.79,27.97
o_004877,1,p_2285,s_785,2018-07-21 12:57:46,92.66,25.4
o_004878,1,p_4136,s_150,2018-08-27 06:47:16,105.53,9.49
o_004879,1,p_9700,s_951,2017-03-31 01:16:29,252.6,6.04
o_004880,1,p_4480,s_154,2018-06-10 15:47:37,327.7,11.56
o_004881,1,p_5461,s_627,2018-08-29 20:50:00,480.13,15.03
o_004882,1,p_5306,s_503,2018-06-08 21:13:29,288.43,13.46
o_004883,1,p_9415,s_948,2018-02-21 21:24:47,278.43,12.11
o_004884,1,p_1550,s_220,2017-10-22 12:24:43,45.61,9.62
o_004885,1,p_8958,s_273,2018-05-03 09:56:50,29.03,68.1
o_004886,1,p_1441,s_871,2018-01-21 18:14:31,541.27,6.6
o_004887,1,p_9861,s_719,2018-02-17 14:50:32,27.05,13.47
o_004888,1,p_4729,s_541,2018-07-27 07:52:38,64.72,15.67
o_004889,1,p_1404,s_709,2018-04-09 15:09:30,23.49,28.29
o_004890,1,p_2661,s_636,2017-04-20 14:17:39,72.51,23.78
o_004890,2,p_4504,s_179,2017-04-20 14:17:39,163.28,26.11
o_004891,1,p_8556,s_793,2018-05-24 13:33:50,141.63,13.3
o_004892,1,p_3699,s_120,2017-02-18 10:51:42,160.87,28.52
o_004893,1,p_4146,s_987,2018-05-22 08:03:30,145.89,8.51
o_004893,2,p_1857,s_539,2018-05-22 08:03:30,154.27,5.63
o_004893,3,p_1014,s_694,2018-05-22 08:03:30,176.07,7.63
o_004894,1,p_5279,s_131,2018-06-10 12:01:03,65.36,9.73
o_004895,1,p_5409,s_666,2018-07-03 18:26:14,59.73,27.95
o_004896,1,p_2730,s_769,2017-06-27 15:13:17,120.69,6.0
o_004897,1,p_8356,s_231,2018-07-30 08:37:05,101.03,15.8
o_004898,1,p_2010,s_832,2017-10-09 19:32:22,170.67,12.67
o_004899,1,p_8982,s_891,2018-06-14 12:03:20,129.62,10.71
o_004900,1,p_2153,s_909,2017-10-18 14:23:34,112.5,12.22
o_004901,1,p_1416,s_891,2017-06-13 14:27:40,118.11,13.25
o_004902,1,p_8486,s_614,2018-07-26 07:56:29,60.16,23.87
o_004903,1,p_3773,s_572,2017-03-08 20:57:22,61.84,27.88
o_004904,1,p_6596,s_682,2017-04-29 10:17:03,51.23,29.22
o_004905,1,p_4237,s_231,2017-04-13 07:33:39,40.9,5.75
o_004906,1,p_1167,s_947,2017-05-27 08:11:07,54.01,25.66
o_004907,1,p_3192,s_760,2017-08-01 13:25:50,86.52,7.47
o_004908,1,p_7381,s_318,2017-06-08 09:17:57,215.42,15.84
o_004909,1,p_5913,s_772,2018-07-22 23:38:32,31.3,64.8
o_004910,1,p_9688,s_588,2017-05-19 21:06:14,75.07,13.86
o_004911,1,p_1834,s_113,2018-01-13 14:09:38,308.74,17.22
o_004912,1,p_7015,s_721,2017-08-14 19:20:05,60.96,16.14
o_004913,1,p_2966,s_149,2018-08-29 12:18:47,177.89,68.46
o_004914,1,p_3726,s_150,2018-09-01 08:08:20,109.84,26.47
o_004915,1,p_4932,s_847,2017-09-29 18:43:12,417.85,29.48
o_004916,1,p_2858,s_883,2018-03-01 12:25:35,27.5,9.45
o_004917,1,p_6481,s_840,2017-02-20 16:06:35,171.09,10.06
o_004918,1,p_9041,s_362,2017-11-08 01:54:32,47.53,12.18
o_004919,1,p_5257,s_432,2017-05-09 15:44:47,112.34,27.55
o_004920,1,p_1619,s_292,2017-03-04 19:38:02,18.33,7.59
o_004921,1,p_7530,s_966,2017-10-26 16:41:52,206.27,14.64
o_004922,1,p_3868,s_722,2018-06-30 07:16:51,157.4,23.57
o_004923,1,p_4488,s_659,2017-03-04 20:11:16,67.45,64.83
o_004924,1,p_8786,s_910,2018-08-10 00:56:07,79.7,29.2
o_004925,1,p_7632,s_720,2017-06-23 20:46:34,188.61,18.62
o_004925,2,p_4493,s_363,2017-06-23 20:46:34,315.87,12.71
o_004926,1,p_4689,s_255,2018-01-19 14:09:50,108.39,62.92
o_004926,2,p_2919,s_672,2018-01-19 14:09:50,162.77,65.61
o_004927,1,p_1795,s_240,2017-04-18 18:32:16,196.28,22.4
o_004928,1,p_4874,s_905,2017-01-17 20:06:48,123.97,19.36
o_004928,2,p_4831,s_290,2017-01-17 20:06:48,96.63,13.8
o_004929,1,p_9359,s_416,2018-01-16 08:24:56,49.2,7.74
o_004930,1,p_8854,s_288,2017-08-08 12:00:06,315.48,12.04
o_004931,1,p_6101,s_939,2018-04-02 10:47:16,125.58,26.88
o_004932,1,p_3056,s_877,2018-05-18 08:31:07,166.04,8.52
o_004933,1,p_3355,s_910,2018-05-20 15:22:08,170.35,12.87
o_004933,2,p_1843,s_795,2018-05-20 15:22:08,44.19,8.84
o_004933,3,p_3856,s_795,2018-05-20 15:22:08,108.58,10.17
o_004934,1,p_7521,s_260,2018-02-16 19:24:06,41.54,15.46
o_004935,1,p_7239,s_688,2017-12-18 08:24:39,95.42,26.86
o_004936,1,p_2748,s_174,2017-08-29 22:46:21,24.94,27.54
o_004937,1,p_9243,s_398,2018-02-18 08:25:37,86.39,9.04
o_004938,1,p_3825,s_153,2017-06-24 17:41:27,305.69,19.77
o_004939,1,p_8591,s_652,2017-03-21 21:50:01,34.43,16.74
o_004940,1,p_8128,s_744,2018-07-17 22:44:54,151.06,12.96
o_004941,1,p_2310,s_526,2018-07-23 17:07:15,191.61,13.27
o_004942,1,p_8733,s_737,2018-02-08 17:25:17,154.2,19.22
o_004942,2,p_1033,s_315,2018-02-08 17:25:17,166.99,17.38
o_004943,1,p_8143,s_783,2017-12-08 19:46:48,48.64,11.98
o_004944,1,p_1254,s_743,2018-06-06 13:56:57,43.62,5.92
o_004944,2,p_8849,s_233,2018-06-06 13:56:57,139.75,10.99
o_004945,1,p_1215,s_729,2018-05-12 01:55:44,194.48,63.22
o_004946,1,p_4973,s_464,2018-07-25 14:14:17,392.39,7.53
o_004947,1,p_7873,s_253,2018-03-25 09:31:11,302.32,15.84
o_004947,2,p_7593,s_908,2018-03-25 09:31:11,40.04,13.89
o_004948,1,p_7102,s_490,2018-03-17 22:33:07,86.67,13.38
o_004949,1,p_4461,s_678,2017-01-30 08:35:05,96.78,9.68
o_004950,1,p_6838,s_850,2018-08-06 13:59:38,143.23,12.08
o_004951,1,p_6100,s_638,2018-08-12 10:27:51,79.42,12.58
o_004952,1,p_7955,s_909,2018-01-09 08:23:34,140.25,12.0
o_004953,1,p_2402,s_723,2018-06-24 19:09:15,32.63,15.4
o_004954,1,p_1329,s_123,2017-05-03 14:34:33,26.42,9.78
o_004955,1,p_1394,s_837,2018-04-25 11:26:18,82.22,5.66
o_004956,1,p_9856,s_383,2018-06-20 07:36:17,197.95,18.98
o_004957,1,p_4610,s_661,2018-03-11 10:20:28,118.68,6.31
o_004958,1,p_3150,s_518,2018-06-28 18:23:13,44.72,9.93
o_004959,1,p_3493,s_526,2018-07-02 09:20:54,555.54,8.3
o_004960,1,p_4782,s_892,2018-07-18 16:25:35,221.12,27.43
o_004961,1,p_2220,s_801,2017-01-13 11:56:18,48.19,22.75
o_004962,1,p_8899,s_212,2017-12-17 13:19:43,18.97,13.56
o_004963,1,p_6066,s_908,2018-07-15 18:46:01,77.46,9.88
o_004964,1,p_2987,s_475,2017-04-11 10:46:42,97.77,7.86
o_004965,1,p_7878,s_988,2018-01-09 13:30:54,42.12,26.82
o_004966,1,p_9332,s_145,2018-05-27 11:53:52,121.89,13.46
o_004967,1,p_9727,s_670,2018-01-08 15:10:49,19.96,10.28
o_004968,1,p_7670,s_556,2018-06-29 11:21:17,354.61,8.17
o_004969,1,p_5660,s_660,2018-04-25 10:45:18,56.82,14.76
o_004969,2,p_7200,s_557,2018-04-25 10:45:18,177.06,18.56
o_004970,1,p_6109,s_297,2018-02-06 18:06:54,51.8,26.72
o_004971,1,p_8280,s_817,2018-05-09 16:20:21,204.82,27.72
o_004972,1,p_1109,s_381,2018-05-21 06:56:29,146.17,7.77
o_004973,1,p_8964,s_324,2017-05-23 21:46:22,139.5,9.76
o_004974,1,p_4951,s_438,2018-07-24 18:52:47,404.01,8.22
o_004975,1,p_6558,s_672,2017-11-11 19:05:11,58.92,12.63
o_004976,1,p_9961,s_845,2018-04-28 17:56:41,163.56,19.15
o_004976,2,p_6904,s_807,2018-04-28 17:56:41,154.52,16.06
o_004977,1,p_6400,s_365,2018-08-10 15:46:18,22.82,12.64
o_004978,1,p_9151,s_531,2018-06-23 15:43:07,56.78,5.5
o_004979,1,p_4046,s_214,2018-07-08 13:52:27,22.8,5.54
o_004980,1,p_4566,s_743,2018-04-02 10:58:02,95.7,24.43
o_004981,1,p_6697,s_491,2017-09-22 18:41:38,100.04,7.57
o_004982,1,p_7831,s_209,2018-03-08 16:51:04,93.37,23.11
o_004983,1,p_9764,s_845,2018-02-18 15:06:35,133.32,29.07
o_004984,1,p_4818,s_328,2018-06-29 01:19:54,68.22,9.84
o_004985,1,p_5769,s_862,2017-09-13 18:59:49,163.89,63.59
o_004986,1,p_7632,s_484,2017-01-07 21:36:44,332.88,25.25
o_004987,1,p_7034,s_604,2017-07-10 15:55:00,71.88,6.28
o_004988,1,p_7631,s_616,2018-03-11 21:29:30,30.14,8.28
o_004989,1,p_2900,s_217,2017-06-19 06:35:23,80.04,29.98
o_004990,1,p_4912,s_938,2018-07-10 14:39:47,100.41,18.32
o_004990,2,p_9604,s_347,2018-07-10 14:39:47,209.31,13.67
o_004991,1,p_8996,s_341,2018-03-28 07:27:40,143.13,12.7
o_004992,1,p_1213,s_644,2017-05-07 07:51:25,362.3,6.68
o_004992,2,p_8189,s_553,2017-05-07 07:51:25,115.76,10.06
o_004993,1,p_5038,s_765,2017-06-14 14:35:09,47.59,28.45
o_004994,1,p_3796,s_365,2018-03-09 14:03:12,134.83,27.95
o_004995,1,p_1855,s_653,2017-03-23 07:52:03,103.78,63.94
o_004996,1,p_5785,s_719,2018-01-16 14:37:51,122.35,29.27
o_004997,1,p_6669,s_850,2017-06-13 11:23:55,20.85,12.53
o_004998,1,p_8212,s_726,2018-01-10 20:18:01,102.16,28.01
o_004999,1,p_7894,s_206,2018-02-14 12:38:08,84.74,6.04
o_005000,1,p_8561,s_584,2018-07-28 19:37:58,574.2,66.43
o_005000,2,p_5537,s_699,2018-07-28 19:37:58,438.39,65.46
o_005001,1,p_1742,s_653,2018-01-26 09:21:42,654.51,10.99
o_005002,1,p_9614,s_822,2018-04-08 11:16:34,65.68,9.47
o_005003,1,p_4484,s_394,2018-02-17 16:31:20,21.84,24.13
o_005004,1,p_9753,s_353,2018-07-21 07:34:57,102.3,7.44
o_005005,1,p_6537,s_606,2018-04-13 12:54:02,352.67,14.15
o_005006,1,p_6516,s_561,2017-09-29 14:17:30,16.7,12.28
o_005006,2,p_3698,s_724,2017-09-29 14:17:30,97.78,19.96
o_005007,1,p_5212,s_904,2018-05-07 21:46:09,18.18,28.03
o_005008,1,p_9588,s_837,2018-01-27 14:18:53,16.91,25.36
o_005009,1,p_3478,s_321,2017-07-24 08:01:14,499.78,7.84
o_005010,1,p_5991,s_757,2018-02-06 19:03:21,113.54,7.41
o_005011,1,p_6968,s_146,2018-05-02 13:32:38,180.19,27.7
o_005012,1,p_7459,s_767,2018-07-10 08:49:21,272.23,26.9
o_005013,1,p_7403,s_613,2017-06-19 03:47:36,139.15,7.0
o_005014,1,p_3582,s_799,2018-01-13 14:28:30,247.44,22.62
o_005015,1,p_6548,s_579,2017-06-01 21:51:57,216.88,12.48
o_005016,1,p_7575,s_596,2017-01-16 07:32:16,132.88,12.26
o_005017,1,p_4338,s_978,2018-04-22 12:11:28,126.3,11.38
o_005017,2,p_9581,s_814,2018-04-22 12:11:28,54.83,7.11
o_005018,1,p_3154,s_360,2017-11-12 20:56:49,188.03,7.34
o_005019,1,p_5108,s_687,2018-05-30 15:10:32,331.63,10.54
o_005020,1,p_9018,s_514,2018-05-09 12:49:17,109.33,19.89
o_005021,1,p_7065,s_769,2017-11-09 19:26:27,18.85,8.91
o_005022,1,p_9882,s_615,2017-03-24 14:14:04,57.6,6.91
o_005023,1,p_6074,s_810,2017-09-18 08:45:30,57.75,15.93
o_005024,1,p_3602,s_855,2018-05-07 15:15:09,152.27,10.91
o_005025,1,p_9899,s_568,2018-03-02 11:11:59,54.37,13.23
o_005026,1,p_5552,s_808,2017-12-27 16:47:01,211.99,16.74
o_005027,1,p_3750,s_891,2018-01-10 16:02:10,58.99,13.45
o_005028,1,p_5969,s_952,2018-04-10 18:44:28,53.41,17.25
o_005029,1,p_1528,s_843,2018-05-19 17:48:07,161.84,18.34
o_005030,1,p_6438,s_625,2017-05-21 11:12:07,394.63,6.5
o_005031,1,p_6150,s_652,2018-08-10 08:01:06,63.57,8.13
o_005032,1,p_6965,s_206,2017-10-17 13:00:27,90.78,16.19
o_005033,1,p_4472,s_465,2017-09-02 14:41:15,227.62,23.95
o_005034,1,p_1648,s_430,2018-04-27 12:15:32,222.31,8.81
o_005035,1,p_5355,s_826,2017-01-18 18:43:25,90.18,23.69
o_005035,2,p_1473,s_513,2017-01-18 18:43:25,41.06,24.46
o_005036,1,p_8299,s_263,2018-01-11 10:24:49,92.43,11.01
o_005037,1,p_8892,s_132,2018-07-14 10:31:50,85.48,6.16
o_005038,1,p_3387,s_816,2018-03-22 11:56:05,323.56,7.82
o_005039,1,p_8254,s_845,2017-01-24 13:48:31,20.81,18.8
o_005040,1,p_2374,s_420,2017-08-27 11:59:33,177.5,16.54
o_005041,1,p_8127,s_455,2018-01-17 22:43:50,300.85,12.57
o_005042,1,p_9521,s_751,2018-06-24 08:20:00,15.41,23.38
o_005043,1,p_8821,s_571,2018-08-23 13:46:46,201.73,7.08
o_005044,1,p_1040,s_647,2018-02-20 03:44:16,28.66,8.92
o_005045,1,p_4883,s_560,2018-03-17 08:00:57,19.42,8.8
o_005046,1,p_1699,s_916,2017-11-10 12:17:49,65.52,9.05
o_005047,1,p_8745,s_564,2018-07-25 17:25:00,16.7,10.49
o_005048,1,p_5211,s_550,2017-04-14 10:31:57,112.11,8.68
o_005049,1,p_2048,s_243,2017-02-06 10:31:47,312.15,11.3
o_005050,1,p_1285,s_695,2017-04-02 08:02:51,209.75,13.02
o_005051,1,p_8307,s_636,2017-11-22 09:43:51,58.92,12.42
o_005052,1,p_7485,s_923,2017-12-25 11:15:38,259.56,25.39
o_005053,1,p_8970,s_526,2018-03-05 07:19:17,217.03,13.12
o_005054,1,p_8866,s_869,2017-12-25 12:20:04,152.65,13.16
o_005055,1,p_9004,s_402,2017-05-23 19:04:47,115.06,13.57
o_005056,1,p_6017,s_415,2018-06-28 16:02:50,52.18,15.93
o_005057,1,p_2986,s_769,2018-03-02 12:02:39,101.22,17.17
o_005058,1,p_8549,s_240,2017-06-24 14:03:16,438.63,28.7
o_005059,1,p_9710,s_217,2018-07-12 13:56:53,128.48,5.98
o_005060,1,p_5138,s_214,2018-04-22 12:40:27,197.64,6.42
o_005061,1,p_4506,s_584,2018-04-22 19:16:45,338.3,26.14
o_005061,2,p_1626,s_151,2018-04-22 19:16:45,546.41,25.59
o_005062,1,p_7980,s_764,2017-05-23 13:45:19,33.15,16.42
o_005063,1,p_5070,s_441,2018-08-12 08:29:18,281.11,17.93
o_005064,1,p_3482,s_170,2017-02-17 22:52:02,215.69,11.15
o_005065,1,p_6753,s_712,2018-05-28 16:52:24,163.29,25.21
o_005066,1,p_5331,s_401,2018-01-19 14:35:14,70.9,17.83
o_005067,1,p_8451,s_687,2017-05-09 20:28:22,472.27,14.7
o_005068,1,p_1899,s_601,2017-12-26 07:19:34,201.96,23.64
o_005069,1,p_3295,s_244,2018-08-31 14:15:16,230.16,12.23
o_005070,1,p_9969,s_762,2017-10-18 08:27:07,17.06,14.74
o_005071,1,p_2874,s_527,2018-06-13 05:17:51,95.77,9.65
o_005072,1,p_3563,s_578,2017-10-27 18:21:59,330.47,17.35
o_005073,1,p_8369,s_982,2017-03-01 12:00:59,78.69,8.23
o_005074,1,p_3431,s_338,2018-05-19 15:58:32,100.22,16.42
o_005075,1,p_1781,s_513,2018-02-24 10:18:01,52.6,13.14
o_005076,1,p_4100,s_429,2017-09-16 14:51:20,212.76,14.8
o_005077,1,p_3608,s_397,2017-06-08 06:20:42,81.57,6.89
o_005078,1,p_6225,s_263,2018-02-02 18:55:38,217.39,7.53
o_005079,1,p_9832,s_731,2018-03-16 10:09:44,23.0,9.65
o_005079,2,p_9380,s_575,2018-03-16 10:09:44,161.65,5.89
o_005080,1,p_7428,s_544,2017-11-25 19:42:40,23.16,26.71
o_005081,1,p_4955,s_962,2017-12-22 21:27:27,29.56,7.62
o_005081,2,p_5438,s_472,2017-12-22 21:27:27,359.63,6.71
o_005082,1,p_9450,s_908,2018-06-16 21:55:56,246.15,26.76
o_005082,2,p_5216,s_522,2018-06-16 21:55:56,56.25,24.73
o_005083,1,p_4701,s_585,2017-09-26 16:54:58,231.7,27.97
o_005084,1,p_6509,s_405,2017-04-18 06:26:39,33.24,7.13
o_005085,1,p_9278,s_428,2017-02-26 10:51:59,111.49,5.88
o_005086,1,p_9536,s_429,2018-04-13 15:41:51,736.43,7.47
o_005087,1,p_8353,s_409,2018-05-31 13:15:18,44.84,29.71
o_005088,1,p_7589,s_770,2018-07-08 21:50:04,296.07,12.17
o_005089,1,p_8613,s_328,2018-08-10 22:42:18,69.6,65.76
o_005090,1,p_6575,s_968,2018-01-27 08:51:46,34.75,10.82
o_005091,1,p_8929,s_662,2018-06-22 12:30:54,142.66,25.58
o_005092,1,p_2633,s_288,2018-06-17 10:16:09,164.44,12.88
o_005093,1,p_1491,s_514,2017-04-12 13:48:54,75.74,12.06
o_005094,1,p_7203,s_202,2017-08-21 23:19:23,83.64,16.72
o_005095,1,p_8893,s_176,2018-07-27 11:13:13,20.14,65.02
o_005096,1,p_4572,s_541,2018-04-25 17:53:08,308.02,10.38
o_005097,1,p_4592,s_551,2018-04-13 11:15:05,26.03,17.91
o_005097,2,p_1154,s_796,2018-04-13 11:15:05,72.11,16.29
o_005098,1,p_2359,s_921,2017-03-14 14:20:06,51.88,15.05
o_005099,1,p_6872,s_441,2018-06-19 15:02:04,339.1,25.04
o_005099,2,p_3910,s_268,2018-06-19 15:02:04,203.35,22.21
o_005100,1,p_9513,s_629,2018-03-15 17:47:40,82.18,26.83
o_005101,1,p_8331,s_133,2018-04-25 16:47:23,28.64,17.6
o_005102,1,p_9992,s_724,2018-06-28 00:07:10,77.36,11.48
o_005102,2,p_2956,s_598,2018-06-28 00:07:10,265.73,8.04
o_005103,1,p_9541,s_578,2018-01-11 16:53:12,477.24,27.59
o_005103,2,p_5557,s_547,2018-01-11 16:53:12,239.28,25.65
o_005104,1,p_1628,s_960,2017-03-07 19:49:35,101.62,7.96
o_005105,1,p_6064,s_975,2018-08-24 07:56:13,92.55,9.42
o_005105,2,p_1503,s_446,2018-08-24 07:56:13,16.26,10.34
o_005106,1,p_9846,s_586,2018-07-20 08:33:23,298.02,12.75
o_005107,1,p_7856,s_477,2018-05-29 12:59:16,90.14,13.28
o_005108,1,p_4450,s_191,2018-02-21 16:41:17,127.37,9.02
o_005109,1,p_6124,s_409,2018-05-06 11:26:30,39.92,13.15
o_005110,1,p_5228,s_952,2017-08-24 19:56:59,162.59,7.57
o_005111,1,p_7023,s_702,2018-01-02 12:56:46,114.91,17.5
o_005112,1,p_5188,s_612,2018-07-02 10:57:47,59.21,13.19
o_005113,1,p_7374,s_987,2017-12-20 20:47:29,234.05,15.36
o_005114,1,p_6083,s_407,2018-02-02 12:01:14,186.21,7.47
o_005114,2,p_4325,s_223,2018-02-02 12:01:14,79.17,9.7
o_005114,3,p_9754,s_212,2018-02-02 12:01:14,111.98,7.23
o_005115,1,p_9456,s_949,2018-03-21 20:51:56,306.31,19.13
o_005116,1,p_6071,s_639,2017-12-15 15:09:28,42.2,13.69
o_005116,2,p_9811,s_680,2017-12-15 15:09:28,77.46,17.67
o_005117,1,p_8649,s_439,2018-03-24 14:12:52,146.62,10.61
o_005118,1,p_4246,s_629,2017-04-23 08:55:35,185.06,11.85
o_005119,1,p_9892,s_820,2018-03-17 11:02:20,62.18,7.24
o_005120,1,p_5827,s_717,2017-08-09 10:43:51,22.87,24.5
o_005121,1,p_9255,s_850,2018-01-22 09:19:10,288.69,28.84
o_005122,1,p_3347,s_622,2017-05-22 10:17:28,162.91,12.55
o_005123,1,p_6770,s_172,2017-02-25 09:00:59,476.86,13.12
o_005124,1,p_4658,s_810,2018-08-23 19:21:16,154.83,24.83
o_005125,1,p_2615,s_114,2017-06-15 12:47:38,19.54,12.36
o_005126,1,p_2686,s_800,2018-01-20 19:18:33,78.97,22.04
o_005127,1,p_2700,s_699,2017-11-24 09:25:54,66.43,23.01
o_005128,1,p_3463,s_153,2018-08-02 12:27:13,170.19,15.32
o_005129,1,p_7562,s_265,2017-04-09 07:58:05,32.37,6.64
o_005129,2,p_7448,s_718,2017-04-09 07:58:05,59.74,10.6
o_005130,1,p_7743,s_317,2017-10-09 17:03:47,20.65,10.38
o_005131,1,p_5341,s_857,2018-08-18 17:29:28,45.43,67.66
o_005132,1,p_9944,s_508,2018-03-23 10:02:00,539.02,62.87
o_005133,1,p_2140,s_284,2018-05-30 20:00:14,26.25,26.71
o_005134,1,p_2090,s_382,2017-11-07 07:24:35,28.32,7.86
o_005135,1,p_6859,s_791,2018-01-14 12:37:45,362.96,16.51
o_005136,1,p_2017,s_959,2017-09-18 12:56:22,117.78,19.72
o_005137,1,p_2109,s_637,2017-12-10 15:28:32,225.84,6.45
o_005138,1,p_6686,s_799,2018-05-23 11:27:24,255.86,13.94
o_005139,1,p_7898,s_468,2018-04-23 05:01:35,133.8,15.93
o_005140,1,p_2239,s_371,2018-01-08 06:19:29,107.39,25.3
o_005141,1,p_4171,s_598,2018-05-30 11:43:10,83.05,18.76
o_005142,1,p_7566,s_970,2017-12-08 14:42:21,166.47,13.46
o_005143,1,p_4080,s_723,2017-05-30 17:14:40,91.7,8.25
o_005144,1,p_7781,s_502,2018-08-13 12:35:16,119.61,22.61
o_005145,1,p_7908,s_261,2017-09-02 14:57:43,173.88,10.83
o_005146,1,p_3092,s_662,2017-05-30 16:12:12,20.63,62.76
o_005146,2,p_9244,s_776,2017-05-30 16:12:12,128.76,62.92
o_005147,1,p_3475,s_725,2018-04-02 12:55:57,37.64,10.82
o_005148,1,p_3027,s_871,2017-05-03 18:23:51,102.01,5.73
o_005149,1,p_2066,s_886,2017-06-22 10:43:04,287.89,18.28
o_005150,1,p_6746,s_639,2018-06-08 13:13:53,30.58,8.56
o_005151,1,p_4526,s_601,2018-05-16 11:23:30,167.73,7.32
o_005151,2,p_3969,s_285,2018-05-16 11:23:30,83.93,7.24
o_005152,1,p_1583,s_264,2018-07-23 10:20:33,54.97,23.16
o_005153,1,p_8980,s_795,2017-07-20 10:52:44,15.51,24.56
o_005154,1,p_7923,s_634,2018-05-27 21:46:58,200.88,13.47
o_005155,1,p_2996,s_415,2018-01-22 23:49:19,326.08,12.49
o_005156,1,p_8602,s_757,2018-05-12 12:16:39,26.0,22.57
o_005157,1,p_6065,s_301,2017-09-21 00:31:32,178.83,9.19
o_005158,1,p_6190,s_405,2017-03-22 08:23:15,18.15,6.41
o_005158,2,p_6989,s_682,2017-03-22 08:23:15,142.96,11.58
o_005159,1,p_5930,s_313,2018-04-15 19:23:46,274.3,23.96
o_005160,1,p_8286,s_666,2018-01-25 10:09:08,176.2,12.24
o_005161,1,p_8588,s_413,2017-01-29 06:03:13,123.94,5.63
o_005161,2,p_9210,s_845,2017-01-29 06:03:13,67.45,8.11
o_005161,3,p_9026,s_874,2017-01-29 06:03:13,21.98,9.64
o_005162,1,p_6755,s_786,2017-07-27 13:25:48,51.0,24.82
o_005162,2,p_7420,s_915,2017-07-27 13:25:48,54.4,26.93
o_005163,1,p_4797,s_308,2017-06-17 10:51:16,120.4,8.16
o_005164,1,p_6571,s_582,2018-05-18 10:31:45,35.72,6.66
o_005165,1,p_9979,s_989,2017-07-07 20:11:22,184.66,10.53
o_005166,1,p_3852,s_630,2018-08-07 13:41:15,90.07,22.45
o_005167,1,p_2681,s_624,2017-03-25 13:34:16,306.36,28.28
o_005168,1,p_4506,s_920,2017-04-06 19:30:00,143.82,12.85
o_005169,1,p_3645,s_191,2018-07-13 20:23:54,30.75,13.06
o_005169,2,p_6637,s_674,2018-07-13 20:23:54,87.71,18.55
o_005170,1,p_1975,s_702,2018-01-13 09:00:01,111.15,27.87
o_005171,1,p_5500,s_247,2018-07-15 19:09:23,40.83,19.64
o_005171,2,p_7153,s_856,2018-07-15 19:09:23,39.64,14.97
o_005172,1,p_7286,s_549,2017-03-24 11:09:04,59.15,25.88
o_005173,1,p_7479,s_758,2017-02-13 16:49:30,382.65,15.09
o_005174,1,p_2772,s_230,2017-02-01 11:39:13,31.07,15.54
o_005175,1,p_5098,s_495,2018-01-19 11:40:16,79.23,8.06
o_005176,1,p_8539,s_176,2017-04-07 07:51:10,304.33,7.06
o_005177,1,p_8329,s_330,2018-01-23 21:45:27,15.55,24.86
o_005178,1,p_6184,s_339,2018-02-09 18:43:27,366.49,10.73
o_005179,1,p_7020,s_294,2018-08-10 15:46:16,347.26,9.38
o_005180,1,p_6114,s_164,2017-09-17 16:04:14,37.2,17.58
o_005181,1,p_5623,s_434,2017-03-17 17:50:46,174.47,22.42
o_005182,1,p_9138,s_380,2018-02-27 15:04:41,78.73,12.37
o_005183,1,p_6454,s_817,2018-03-05 18:01:49,185.3,8.16
o_005184,1,p_9298,s_309,2017-09-10 15:01:14,232.73,18.4
o_005185,1,p_5242,s_525,2018-06-28 22:31:43,30.43,23.55
o_005186,1,p_9008,s_967,2018-06-25 19:17:34,74.29,67.14
o_005187,1,p_6535,s_383,2018-04-24 19:59:30,50.38,13.95
o_005188,1,p_4199,s_123,2018-03-16 16:16:03,164.56,15.03
o_005189,1,p_5785,s_402,2017-11-17 17:06:20,195.6,17.24
o_005190,1,p_1081,s_436,2018-04-12 12:14:36,69.12,27.57
o_005191,1,p_7217,s_434,2017-01-11 07:14:01,113.79,7.43
o_005192,1,p_8097,s_246,2018-05-21 03:52:41,43.84,66.44
o_005193,1,p_7824,s_567,2017-05-07 17:53:32,44.81,68.79
o_005193,2,p_5243,s_124,2017-05-07 17:53:32,190.95,62.79
o_005194,1,p_1226,s_951,2018-07-11 12:07:35,53.19,66.38
o_005195,1,p_7605,s_193,2018-05-30 14:25:22,23.07,10.57
o_005196,1,p_9644,s_885,2018-04-24 15:59:25,838.85,12.0
o_005197,1,p_1740,s_110,2017-06-12 19:25:17,621.04,69.57
o_005198,1,p_5464,s_606,2018-02-22 22:42:06,263.09,28.4
o_005199,1,p_4376,s_591,2018-03-13 09:15:59,39.7,16.57
o_005200,1,p_4981,s_783,2017-07-03 18:17:21,127.47,22.76
o_005201,1,p_9723,s_650,2018-08-22 11:25:50,32.76,9.49
o_005202,1,p_8004,s_628,2017-03-12 08:25:01,371.47,24.91
o_005202,2,p_3242,s_492,2017-03-12 08:25:01,77.44,25.69
o_005203,1,p_5033,s_105,2017-06-26 13:08:11,310.01,15.81
o_005204,1,p_7145,s_696,2018-02-10 15:39:02,65.7,13.76
o_005204,2,p_7048,s_880,2018-02-10 15:39:02,88.84,14.39
o_005204,3,p_7876,s_917,2018-02-10 15:39:02,331.8,17.03
o_005205,1,p_1313,s_728,2017-09-26 19:23:45,128.4,8.7
o_005206,1,p_3676,s_592,2017-04-07 15:46:29,187.66,29.35
o_005207,1,p_2439,s_684,2018-07-28 20:03:36,192.49,10.45
o_005208,1,p_1495,s_997,2017-04-20 15:47:29,101.47,9.21
o_005209,1,p_7032,s_162,2018-07-06 13:02:08,24.33,9.87
o_005210,1,p_2210,s_467,2017-08-18 10:20:22,78.59,69.62
o_005211,1,p_2418,s_349,2018-01-26 18:29:50,38.02,19.91
o_005212,1,p_9947,s_223,2018-02-24 15:21:38,51.33,15.97
o_005212,2,p_4716,s_396,2018-02-24 15:21:38,18.69,15.29
o_005212,3,p_4014,s_763,2018-02-24 15:21:38,108.85,19.92
o_005213,1,p_9380,s_822,2018-07-12 16:55:31,392.87,10.24
o_005214,1,p_6003,s_637,2018-02-26 09:34:50,21.7,10.78
o_005215,1,p_5743,s_685,2017-03-12 05:43:57,112.84,16.82
o_005216,1,p_6796,s_676,2018-04-23 10:03:04,89.86,65.05
o_005217,1,p_4056,s_238,2018-07-06 18:12:01,37.37,22.54
o_005218,1,p_7977,s_660,2017-03-18 06:57:45,159.64,10.39
o_005218,2,p_7240,s_145,2017-03-18 06:57:45,68.97,13.04
o_005219,1,p_8559,s_825,2017-01-14 02:03:10,74.79,13.13
o_005220,1,p_8671,s_690,2018-06-01 12:19:43,92.23,19.92
o_005221,1,p_4444,s_905,2018-06-23 20:20:23,121.5,26.29
o_005222,1,p_7197,s_542,2017-02-08 21:27:23,80.47,12.23
o_005223,1,p_1281,s_718,2018-08-06 09:51:36,46.66,8.64
o_005224,1,p_1918,s_674,2017-11-14 15:12:06,40.12,10.42
o_005225,1,p_3097,s_540,2018-02-23 10:23:32,503.78,7.88
o_005226,1,p_5948,s_853,2018-06-12 09:45:44,20.21,18.05
o_005227,1,p_4700,s_662,2018-04-13 19:06:18,218.55,10.75
o_005228,1,p_4976,s_477,2018-01-25 11:19:03,165.0,19.41
o_005229,1,p_8273,s_960,2017-08-06 11:43:06,303.68,9.77
o_005230,1,p_2465,s_209,2018-01-29 16:30:32,56.42,27.39
o_005231,1,p_8854,s_122,2018-05-06 15:17:08,122.15,11.52
o_005232,1,p_2118,s_308,2017-07-20 09:45:38,111.5,8.69
o_005233,1,p_9858,s_376,2018-09-02 15:42:54,77.01,7.81
o_005234,1,p_5485,s_877,2018-04-01 20:18:24,200.68,17.7
o_005234,2,p_7683,s_231,2018-04-01 20:18:24,188.54,19.3
o_005235,1,p_7853,s_733,2017-08-28 06:37:35,96.75,15.4
o_005236,1,p_8451,s_937,2018-08-18 19:59:30,317.82,29.18
o_005237,1,p_2945,s_232,2017-09-10 14:40:38,127.19,8.34
o_005237,2,p_8365,s_682,2017-09-10 14:40:38,22.35,8.23
o_005238,1,p_8955,s_294,2017-10-26 08:40:04,52.09,29.29
o_005239,1,p_4113,s_120,2017-01-07 10:51:13,40.7,13.81
o_005240,1,p_4083,s_316,2018-08-24 13:45:57,228.67,8.46
o_005241,1,p_3180,s_993,2018-08-14 18:43:12,754.34,11.61
o_005241,2,p_2059,s_322,2018-08-14 18:43:12,262.13,6.55
o_005241,3,p_1011,s_767,2018-08-14 18:43:12,43.87,7.01
o_005242,1,p_8209,s_893,2017-02-23 18:56:20,356.05,29.86
o_005243,1,p_4171,s_566,2018-01-10 21:44:06,56.51,63.28
o_005244,1,p_8760,s_902,2018-01-17 03:16:41,15.19,11.18
o_005245,1,p_9514,s_655,2017-05-10 13:47:58,75.06,29.48
o_005246,1,p_9032,s_970,2018-02-19 10:37:00,101.69,9.71
o_005246,2,p_1380,s_737,2018-02-19 10:37:00,37.78,7.06
o_005247,1,p_6701,s_437,2018-07-17 11:46:04,713.54,24.72
o_005248,1,p_9475,s_370,2018-01-15 16:17:37,31.91,8.65
o_005248,2,p_6103,s_403,2018-01-15 16:17:37,128.49,6.45
o_005249,1,p_3528,s_565,2018-02-27 13:36:46,109.17,25.58
o_005250,1,p_2446,s_951,2017-02-20 14:15:01,91.21,16.6
o_005251,1,p_8765,s_221,2018-01-30 14:45:56,111.35,5.97
o_005252,1,p_3349,s_937,2017-12-15 15:18:17,21.67,28.72
o_005253,1,p_8027,s_744,2017-04-27 14:10:08,63.02,9.55
o_005254,1,p_2779,s_878,2018-08-18 11:24:46,82.68,5.82
o_005254,2,p_1311,s_835,2018-08-18 11:24:46,63.54,12.12
o_005255,1,p_4607,s_788,2018-02-16 16:13:56,90.1,16.68
o_005256,1,p_1823,s_753,2017-05-01 13:02:45,37.16,22.27
o_005257,1,p_3393,s_109,2018-07-24 14:22:50,31.55,22.28
o_005258,1,p_5463,s_891,2018-08-24 15:39:28,71.66,7.84
o_005259,1,p_8561,s_403,2017-01-30 07:36:04,49.7,12.59
o_005260,1,p_5952,s_512,2017-02-27 12:14:22,67.23,9.06
o_005261,1,p_5693,s_886,2018-06-07 20:48:50,20.91,22.56
o_005261,2,p_1931,s_318,2018-06-07 20:48:50,182.77,23.88
o_005262,1,p_2535,s_947,2018-08-28 14:57:55,224.94,12.46
o_005263,1,p_9020,s_592,2017-07-03 10:08:24,92.8,26.17
o_005264,1,p_3609,s_842,2018-05-31 13:04:56,279.06,26.37
o_005265,1,p_7402,s_889,2017-07-31 09:08:22,136.01,25.51
o_005265,2,p_1775,s_859,2017-07-31 09:08:22,147.33,25.94
o_005266,1,p_2126,s_689,2018-08-14 15:51:05,285.36,5.86
o_005267,1,p_4808,s_533,2017-06-29 17:43:02,29.49,12.71
o_005268,1,p_8814,s_859,2018-08-15 18:42:58,168.57,28.27
o_005269,1,p_5637,s_138,2017-08-23 10:35:44,158.38,11.83
o_005270,1,p_6308,s_984,2017-02-08 08:05:28,154.41,65.05
o_005271,1,p_3643,s_916,2017-07-22 14:43:00,18.61,18.75
o_005272,1,p_4745,s_793,2018-03-01 10:25:02,97.0,6.28
o_005273,1,p_3737,s_762,2018-08-23 21:35:26,66.93,16.22
o_005274,1,p_6215,s_938,2017-05-31 13:42:35,22.91,11.2
o_005275,1,p_5148,s_406,2018-05-21 15:53:28,22.69,9.11
o_005276,1,p_2412,s_749,2018-02-06 08:50:26,20.13,16.26
o_005277,1,p_8514,s_616,2017-06-20 10:46:03,25.98,28.86
o_005278,1,p_8311,s_632,2018-04-08 19:17:33,94.28,16.09
o_005279,1,p_4747,s_880,2017-02-13 19:40:50,376.06,18.33
o_005280,1,p_8333,s_455,2018-01-22 10:57:16,19.17,11.7
o_005281,1,p_4005,s_164,2017-06-01 21:42:10,133.44,10.68
o_005282,1,p_4150,s_268,2018-02-08 15:51:45,475.28,24.02
o_005283,1,p_7467,s_932,2018-08-19 12:31:42,208.25,6.68
o_005284,1,p_4929,s_727,2017-01-17 17:55:35,360.24,23.19
o_005285,1,p_1155,s_459,2018-02-24 10:29:11,186.45,12.74
o_005286,1,p_9430,s_367,2017-03-07 04:21:01,118.35,11.2
o_005287,1,p_4228,s_697,2018-04-30 10:16:33,49.35,12.05
o_005288,1,p_1101,s_214,2018-02-12 09:19:14,44.95,15.23
o_005289,1,p_5156,s_197,2017-11-16 15:21:23,27.98,69.35
o_005290,1,p_9790,s_432,2017-04-23 10:14:12,248.33,10.4
o_005290,2,p_5348,s_321,2017-04-23 10:14:12,178.12,12.84
o_005291,1,p_5901,s_754,2017-08-28 13:46:17,266.99,13.23
o_005292,1,p_1903,s_655,2018-04-15 21:36:46,17.75,11.0
o_005293,1,p_5075,s_436,2018-01-01 16:14:13,56.86,11.88
o_005293,2,p_4309,s_446,2018-01-01 16:14:13,105.61,9.3
o_005294,1,p_5436,s_723,2018-02-08 18:25:23,87.11,11.95
o_005295,1,p_8692,s_609,2018-07-07 20:11:08,115.22,24.16
o_005296,1,p_2802,s_670,2017-10-11 22:58:18,142.52,18.35
o_005297,1,p_4789,s_620,2017-03-08 06:20:13,20.7,7.28
o_005298,1,p_7825,s_280,2017-07-09 10:58:01,335.65,16.78
o_005299,1,p_3058,s_823,2018-02-23 13:11:43,60.29,27.57
o_005299,2,p_8625,s_118,2018-02-23 13:11:43,23.87,23.15
o_005300,1,p_5803,s_537,2018-07-03 00:42:53,50.81,23.02
o_005301,1,p_5991,s_810,2017-12-26 16:41:26,44.36,11.68
o_005302,1,p_1614,s_164,2018-08-09 13:53:17,46.56,22.82
o_005303,1,p_3821,s_189,2018-06-14 19:53:19,109.95,24.62
o_005303,2,p_9912,s_580,2018-06-14 19:53:19,49.21,28.78
o_005304,1,p_3565,s_218,2018-03-20 13:25:23,385.11,19.94
o_005305,1,p_8914,s_310,2017-11-22 07:05:30,23.3,23.4
o_005306,1,p_6893,s_869,2018-05-11 10:56:04,46.95,63.5
o_005307,1,p_6162,s_766,2018-02-18 17:39:17,28.96,9.43
o_005308,1,p_4524,s_759,2017-08-28 10:19:44,40.45,28.07
o_005309,1,p_2720,s_697,2018-03-19 17:31:08,234.79,13.4
o_005310,1,p_8019,s_131,2017-10-25 16:30:23,131.2,9.86
o_005311,1,p_2044,s_861,2018-02-20 18:09:35,95.36,8.29
o_005312,1,p_9647,s_846,2018-01-13 18:52:09,153.07,22.79
o_005313,1,p_9050,s_599,2018-06-15 14:30:37,299.01,7.52
o_005314,1,p_8153,s_117,2017-03-17 17:21:06,91.91,11.17
o_005315,1,p_4921,s_426,2018-08-17 18:04:57,181.03,9.45
o_005316,1,p_9616,s_346,2018-03-15 13:12:55,138.06,6.29
o_005317,1,p_7941,s_799,2018-07-16 09:32:22,93.62,67.66
o_005318,1,p_8745,s_129,2017-01-28 16:45:46,76.98,13.22
o_005319,1,p_3800,s_795,2017-02-21 10:20:42,146.56,15.16
o_005320,1,p_3514,s_183,2017-06-20 10:43:08,32.76,28.18
o_005321,1,p_9192,s_143,2018-02-16 13:01:21,56.89,11.17
o_005322,1,p_3530,s_685,2017-10-14 02:47:28,157.63,9.84
o_005323,1,p_9765,s_759,2017-11-10 11:24:48,143.71,11.49
o_005324,1,p_8249,s_339,2018-08-12 07:24:20,18.22,12.97
o_005325,1,p_9163,s_312,2018-08-22 20:40:16,193.9,10.25
o_005326,1,p_3160,s_979,2018-01-07 14:09:16,206.73,6.54
o_005326,2,p_9767,s_350,2018-01-07 14:09:16,91.01,10.6
o_005326,3,p_7794,s_335,2018-01-07 14:09:16,540.06,9.31
o_005327,1,p_9115,s_729,2017-11-21 12:47:22,73.68,11.62
o_005328,1,p_2510,s_537,2018-08-10 19:11:20,30.81,11.89
o_005329,1,p_1484,s_951,2017-10-14 21:10:24,416.55,13.42
o_005330,1,p_9326,s_342,2017-07-22 12:18:56,589.04,9.53
o_005331,1,p_6656,s_841,2017-09-18 20:45:44,102.77,18.57
o_005332,1,p_6931,s_601,2017-10-27 16:47:06,329.31,25.02
o_005333,1,p_9263,s_665,2018-06-11 13:44:09,64.23,12.2
o_005334,1,p_8416,s_683,2018-01-07 22:02:53,127.85,12.65
o_005335,1,p_7668,s_382,2018-03-02 21:36:07,113.47,16.27
o_005336,1,p_3140,s_446,2018-06-28 13:52:34,15.96,8.3
o_005337,1,p_3615,s_615,2018-07-09 11:31:40,108.54,66.39
o_005338,1,p_5660,s_832,2018-05-14 12:44:09,21.75,11.24
o_005339,1,p_2672,s_626,2018-08-31 09:29:57,202.99,13.39
o_005340,1,p_6480,s_238,2018-07-18 09:17:01,154.54,24.59
o_005341,1,p_7722,s_648,2018-02-12 20:59:33,35.37,9.09
o_005342,1,p_5736,s_392,2018-03-06 11:51:43,149.81,8.15
o_005343,1,p_2382,s_853,2018-07-03 12:37:12,82.96,11.47
o_005344,1,p_7373,s_231,2017-10-06 22:45:27,291.31,11.34
o_005345,1,p_6294,s_571,2017-09-15 21:36:33,280.74,9.06
o_005346,1,p_2415,s_505,2017-01-11 15:06:24,88.15,22.0
o_005347,1,p_5179,s_193,2018-06-14 11:38:27,265.73,15.0
o_005348,1,p_2121,s_455,2017-11-25 14:42:49,140.46,15.87
o_005348,2,p_3325,s_118,2017-11-25 14:42:49,33.15,18.86
o_005349,1,p_7357,s_559,2017-01-30 10:50:28,52.47,23.35
o_005350,1,p_1693,s_876,2018-02-27 12:06:49,166.92,8.58
o_005351,1,p_8663,s_298,2017-06-07 11:52:43,44.94,11.81
o_005352,1,p_1992,s_179,2018-02-16 08:03:03,42.68,16.6
o_005353,1,p_1000,s_529,2017-09-25 15:59:34,58.64,22.76
o_005353,2,p_7367,s_289,2017-09-25 15:59:34,109.76,23.47
o_005354,1,p_1975,s_978,2018-06-22 06:20:01,38.5,62.76
o_005355,1,p_8247,s_978,2017-11-01 10:18:52,21.27,13.14
o_005355,2,p_4641,s_693,2017-11-01 10:18:52,195.96,9.25
o_005356,1,p_5749,s_189,2017-08-30 15:23:46,40.06,6.18
o_005357,1,p_5837,s_115,2018-06-02 13:48:29,31.13,16.87
o_005358,1,p_1428,s_318,2018-05-01 00:40:58,19.08,7.0
o_005358,2,p_9874,s_170,2018-05-01 00:40:58,119.58,8.45
o_005359,1,p_2131,s_184,2018-01-28 20:29:52,120.93,23.7
o_005360,1,p_7715,s_211,2018-03-05 12:25:35,190.64,8.29
o_005361,1,p_8863,s_318,2018-07-09 18:11:44,17.82,17.2
o_005362,1,p_9339,s_787,2018-04-14 17:04:04,46.86,11.34
o_005363,1,p_7207,s_242,2018-04-24 07:34:36,319.88,24.45
o_005364,1,p_5950,s_115,2018-06-02 20:59:52,64.61,23.21
o_005365,1,p_6293,s_237,2018-05-25 15:31:49,610.59,14.35
o_005366,1,p_7502,s_724,2018-03-21 12:05:49,221.62,24.93
o_005366,2,p_8873,s_819,2018-03-21 12:05:49,56.85,23.05
o_005367,1,p_6233,s_618,2018-03-01 11:40:27,53.01,6.69
o_005368,1,p_5655,s_660,2018-07-29 10:18:00,231.43,27.26
o_005369,1,p_3378,s_770,2017-12-02 14:49:44,63.83,6.1
o_005370,1,p_3877,s_423,2017-01-15 15:08:18,75.45,15.65
o_005370,2,p_1733,s_314,2017-01-15 15:08:18,73.17,12.94
o_005370,3,p_9858,s_548,2017-01-15 15:08:18,216.63,18.94
o_005371,1,p_4798,s_351,2018-03-10 17:32:42,456.32,5.83
o_005372,1,p_5798,s_838,2018-07-17 10:28:21,85.36,14.72
o_005373,1,p_9077,s_351,2017-03-12 14:48:43,251.02,12.4
o_005374,1,p_8857,s_372,2018-01-31 14:22:19,212.02,24.87
o_005375,1,p_9539,s_369,2017-09-20 17:32:44,53.76,13.1
o_005376,1,p_2831,s_925,2018-03-29 12:06:39,217.74,9.52
o_005377,1,p_7818,s_455,2017-10-20 08:20:59,225.38,18.75
o_005378,1,p_7597,s_940,2017-09-06 06:04:14,23.79,10.37
o_005379,1,p_3850,s_235,2017-11-28 14:45:05,330.99,14.06
o_005380,1,p_8725,s_540,2018-05-26 12:16:52,106.31,13.15
o_005381,1,p_7284,s_675,2017-07-17 13:35:33,85.38,28.56
o_005382,1,p_1902,s_752,2018-06-27 23:54:22,142.21,17.5
o_005383,1,p_3595,s_988,2017-12-09 00:47:58,275.79,17.34
o_005384,1,p_4544,s_994,2018-03-16 00:07:42,177.23,6.85
o_005385,1,p_4088,s_488,2018-08-08 12:20:07,136.93,14.73
o_005386,1,p_9021,s_541,2018-06-27 08:38:49,322.55,16.44
o_005386,2,p_6391,s_633,2018-06-27 08:38:49,42.94,16.64
o_005386,3,p_4111,s_844,2018-06-27 08:38:49,198.46,14.27
o_005387,1,p_5783,s_498,2017-05-02 10:38:54,15.93,15.9
o_005388,1,p_2817,s_672,2018-03-15 14:12:11,48.4,23.43
o_005389,1,p_4514,s_212,2018-03-13 15:30:12,84.89,15.29
o_005390,1,p_4550,s_960,2017-09-02 07:15:17,45.04,25.75
o_005391,1,p_5145,s_423,2018-08-31 17:44:52,169.75,11.93
o_005392,1,p_1904,s_991,2018-04-09 23:50:47,16.93,27.12
o_005393,1,p_5665,s_804,2017-10-10 12:50:13,157.5,62.84
o_005394,1,p_8507,s_529,2018-03-30 16:55:39,75.57,26.85
o_005395,1,p_4913,s_273,2018-04-19 12:07:16,142.72,27.03
o_005396,1,p_2736,s_313,2018-01-08 07:44:44,81.29,8.02
o_005397,1,p_1908,s_783,2018-02-24 19:45:37,261.33,24.68
o_005398,1,p_2247,s_514,2017-04-21 16:00:35,274.79,12.88
o_005399,1,p_1501,s_674,2017-08-01 18:53:50,41.11,13.18
o_005400,1,p_3470,s_151,2017-11-09 14:37:34,131.81,65.52
o_005401,1,p_3345,s_311,2017-03-08 12:17:11,136.8,28.41
o_005402,1,p_9803,s_367,2017-12-29 08:38:40,170.41,19.85
o_005403,1,p_4336,s_172,2017-04-29 19:50:48,91.91,17.77
o_005404,1,p_9190,s_113,2017-10-29 13:19:07,104.38,7.61
o_005405,1,p_4077,s_439,2018-04-11 15:47:30,154.22,16.44
o_005406,1,p_9858,s_730,2017-02-08 11:16:00,171.51,29.6
o_005407,1,p_3099,s_216,2017-07-18 07:30:36,109.64,12.34
o_005407,2,p_9532,s_176,2017-07-18 07:30:36,18.55,5.84
o_005408,1,p_3841,s_260,2017-07-19 11:08:53,18.47,17.92
o_005409,1,p_2639,s_867,2018-07-21 12:53:11,54.69,15.31
o_005410,1,p_7121,s_311,2017-03-11 14:50:43,161.93,16.65
o_005411,1,p_8837,s_544,2017-04-25 18:12:30,259.45,16.13
o_005411,2,p_8957,s_533,2017-04-25 18:12:30,193.31,13.0
o_005412,1,p_3200,s_216,2018-08-02 05:10:34,115.71,23.95
o_005413,1,p_7516,s_752,2017-05-19 18:53:16,25.03,23.47
o_005414,1,p_7782,s_598,2018-04-06 16:41:07,104.2,7.86
o_005415,1,p_7101,s_419,2018-04-15 12:42:47,93.05,24.45
o_005416,1,p_6828,s_332,2018-06-06 14:50:08,202.56,10.44
o_005417,1,p_7370,s_554,2018-01-21 18:05:08,15.18,6.59
o_005418,1,p_8704,s_444,2018-07-20 17:51:34,35.98,7.85
o_005419,1,p_9700,s_923,2018-01-09 13:43:05,16.66,13.54
o_005420,1,p_7900,s_803,2018-05-09 03:00:28,51.88,7.01
o_005421,1,p_9199,s_574,2017-09-28 18:57:54,102.3,26.27
o_005421,2,p_2396,s_294,2017-09-28 18:57:54,153.64,26.34
o_005422,1,p_2212,s_310,2018-03-30 17:47:49,182.57,7.44
o_005422,2,p_1460,s_774,2018-03-30 17:47:49,124.64,7.64
o_005423,1,p_4465,s_129,2018-01-31 02:52:56,20.29,6.24
o_005424,1,p_1413,s_205,2018-01-15 21:49:21,146.83,6.42
o_005425,1,p_2495,s_445,2018-06-28 06:27:28,83.88,5.76
o_005426,1,p_9718,s_964,2018-08-06 19:32:23,53.68,62.9
o_005427,1,p_2826,s_229,2018-04-08 15:43:33,256.12,17.81
o_005428,1,p_7301,s_433,2018-07-14 15:05:10,31.76,9.38
o_005429,1,p_6091,s_104,2018-07-09 15:48:16,78.49,25.77
o_005429,2,p_6561,s_379,2018-07-09 15:48:16,172.7,29.21
o_005430,1,p_4557,s_906,2017-11-01 11:33:07,131.42,12.07
o_005431,1,p_9190,s_763,2017-10-07 02:05:00,35.37,67.1
o_005432,1,p_9554,s_339,2017-02-09 13:39:45,23.93,8.27
o_005433,1,p_4283,s_676,2017-01-31 13:14:26,18.42,14.29
o_005434,1,p_6868,s_672,2018-01-08 23:50:16,17.89,18.18
o_005435,1,p_9717,s_995,2018-08-31 12:25:26,95.21,12.41
o_005436,1,p_7909,s_331,2017-01-16 09:41:47,184.73,9.26
o_005437,1,p_1588,s_363,2017-10-29 09:04:48,43.51,23.46
o_005437,2,p_2802,s_233,2017-10-29 09:04:48,56.38,25.12
o_005438,1,p_7039,s_135,2017-09-15 14:25:20,25.33,12.62
o_005439,1,p_2327,s_144,2018-04-12 23:55:58,75.65,18.93
o_005440,1,p_8335,s_654,2017-12-09 10:41:19,117.29,26.48
o_005441,1,p_9252,s_106,2018-01-19 13:35:29,195.56,12.47
o_005442,1,p_2219,s_879,2018-07-14 13:20:21,64.88,8.64
o_005443,1,p_5813,s_141,2018-08-06 23:04:03,18.34,26.21
o_005444,1,p_2821,s_788,2018-08-11 17:08:14,43.82,26.34
o_005445,1,p_6093,s_746,2017-08-07 21:13:59,58.28,62.27
o_005446,1,p_8558,s_810,2018-03-29 11:50:59,305.4,25.32
o_005447,1,p_1178,s_841,2018-05-12 11:34:36,18.8,24.45
o_005448,1,p_8202,s_955,2017-06-22 13:12:55,47.45,24.79
o_005448,2,p_2657,s_153,2017-06-22 13:12:55,59.98,26.99
o_005449,1,p_5383,s_718,2017-08-07 07:04:39,167.54,23.34
o_005450,1,p_4337,s_495,2018-08-18 19:35:24,156.3,11.15
o_005451,1,p_6041,s_310,2018-04-27 03:46:36,112.96,12.58
o_005452,1,p_5271,s_840,2017-10-08 06:44:41,128.22,18.54
o_005453,1,p_6212,s_179,2018-03-13 10:43:17,633.89,24.26
o_005454,1,p_6574,s_935,2018-06-09 00:24:12,550.55,14.91
o_005455,1,p_7615,s_482,2017-01-29 23:26:19,333.77,16.86
o_005456,1,p_5194,s_497,2018-05-14 09:58:24,347.11,7.57
o_005457,1,p_1551,s_179,2017-11-09 19:14:32,503.28,13.29
o_005458,1,p_7886,s_839,2017-01-16 13:25:05,47.27,17.7
o_005459,1,p_4338,s_159,2018-06-29 11:48:40,17.02,28.64
o_005460,1,p_9195,s_445,2018-06-24 18:22:43,766.69,19.45
o_005461,1,p_6921,s_276,2018-05-18 19:00:36,283.38,5.6
o_005462,1,p_3295,s_573,2017-03-29 15:01:19,201.44,10.11
o_005463,1,p_3861,s_465,2017-06-17 08:23:39,128.4,29.83
o_005464,1,p_1421,s_985,2018-03-04 11:53:59,171.75,13.8
o_005464,2,p_8089,s_838,2018-03-04 11:53:59,348.07,15.57
o_005465,1,p_1167,s_571,2017-08-29 11:06:44,147.97,7.59
o_005465,2,p_8597,s_206,2017-08-29 11:06:44,567.05,11.05
o_005466,1,p_3887,s_307,2017-06-19 20:42:44,232.25,9.44
o_005467,1,p_8349,s_662,2017-07-27 10:53:53,33.37,67.1
o_005467,2,p_9275,s_640,2017-07-27 10:53:53,203.9,66.18
o_005468,1,p_5869,s_267,2018-03-10 07:58:10,70.15,9.12
o_005468,2,p_2198,s_766,2018-03-10 07:58:10,103.07,9.37
o_005469,1,p_9071,s_846,2017-10-17 11:21:00,65.87,9.34
o_005470,1,p_9382,s_918,2018-04-20 09:41:23,40.29,12.52
o_005471,1,p_8343,s_305,2017-02-27 12:32:51,143.58,12.83
o_005472,1,p_9778,s_647,2018-06-18 15:57:25,180.73,18.88
o_005473,1,p_6229,s_976,2018-03-29 10:02:04,224.66,67.12
o_005474,1,p_7719,s_235,2018-06-13 14:14:44,42.82,12.8
o_005475,1,p_6799,s_221,2018-03-18 16:03:48,108.45,17.42
o_005476,1,p_3841,s_939,2017-02-21 02:33:05,19.96,23.16
o_005477,1,p_7935,s_120,2017-09-29 16:29:11,215.09,16.1
o_005478,1,p_1044,s_934,2018-08-12 15:11:22,161.76,5.78
o_005479,1,p_7622,s_349,2018-08-10 09:32:36,42.6,10.18
o_005480,1,p_9260,s_907,2018-01-20 12:17:37,52.0,11.01
o_005480,2,p_6627,s_183,2018-01-20 12:17:37,42.03,9.27
o_005480,3,p_1071,s_447,2018-01-20 12:17:37,84.17,10.35
o_005481,1,p_4058,s_568,2018-06-12 13:05:02,23.67,63.8
o_005481,2,p_4624,s_836,2018-06-12 13:05:02,112.46,63.22
o_005482,1,p_4805,s_519,2017-02-10 07:35:15,179.64,12.19
o_005483,1,p_6043,s_255,2018-05-19 18:56:34,33.19,12.12
o_005484,1,p_4220,s_875,2018-08-26 13:28:55,62.58,17.64
o_005485,1,p_9661,s_527,2018-03-14 00:00:35,92.09,11.14
o_005486,1,p_3934,s_576,2017-02-10 13:04:20,42.09,18.01
o_005487,1,p_9941,s_879,2018-05-25 22:01:48,90.78,7.51
o_005488,1,p_7724,s_290,2018-04-24 13:18:57,35.87,16.28
o_005489,1,p_4890,s_730,2017-12-07 09:07:05,64.17,7.31
o_005490,1,p_7169,s_317,2018-04-02 18:40:07,25.46,13.24
o_005491,1,p_9018,s_936,2018-05-02 20:58:57,100.69,9.48
o_005492,1,p_4073,s_328,2017-07-27 16:33:30,88.2,12.55
o_005493,1,p_1889,s_568,2017-10-28 14:37:37,139.39,15.07
o_005494,1,p_4113,s_251,2017-05-30 12:06:15,73.38,13.6
o_005495,1,p_3017,s_437,2018-05-02 14:21:09,184.95,11.63
o_005496,1,p_4215,s_735,2017-12-14 13:18:31,81.77,22.89
o_005497,1,p_8115,s_511,2017-03-30 20:42:39,29.98,9.98
o_005498,1,p_9500,s_803,2017-09-15 21:36:36,98.12,22.27
o_005499,1,p_1646,s_502,2017-04-13 11:24:12,155.6,12.95
o_005500,1,p_9243,s_165,2018-08-07 16:41:56,340.31,16.66
o_005500,2,p_2991,s_228,2018-08-07 16:41:56,42.96,19.76
o_005501,1,p_9924,s_847,2018-04-25 14:55:08,54.61,25.01
o_005502,1,p_8830,s_900,2018-05-07 20:30:25,66.76,18.56
o_005502,2,p_5574,s_344,2018-05-07 20:30:25,109.69,15.16
o_005503,1,p_6449,s_944,2017-12-25 18:17:07,296.43,10.97
o_005504,1,p_4281,s_272,2018-07-25 17:27:41,64.72,27.7
o_005505,1,p_9266,s_154,2017-06-10 15:54:35,58.4,63.88
o_005506,1,p_4532,s_774,2018-06-19 11:37:43,87.9,11.42
o_005506,2,p_6835,s_118,2018-06-19 11:37:43,152.81,8.14
o_005507,1,p_9746,s_679,2018-04-28 14:12:58,263.19,18.14
o_005508,1,p_5886,s_914,2017-03-24 13:52:09,137.56,10.14
o_005509,1,p_5449,s_576,2017-10-21 15:22:26,119.73,8.3
o_005510,1,p_8293,s_836,2017-03-20 15:55:11,39.31,13.4
o_005511,1,p_4676,s_175,2017-03-10 10:46:29,77.45,18.28
o_005512,1,p_4533,s_692,2017-07-03 14:46:14,267.41,5.85
o_005513,1,p_4223,s_860,2018-06-17 09:31:00,53.45,13.02
o_005513,2,p_8719,s_285,2018-06-17 09:31:00,132.08,18.64
o_005514,1,p_1611,s_301,2018-07-06 10:29:37,31.72,8.06
o_005515,1,p_1838,s_365,2018-04-30 13:32:29,228.41,6.79
o_005516,1,p_9235,s_648,2018-04-28 19:33:18,342.39,26.46
o_005517,1,p_3141,s_347,2018-01-31 19:29:57,810.2,9.38
o_005518,1,p_7959,s_924,2018-01-29 12:12:23,145.53,6.18
o_005519,1,p_1744,s_169,2018-01-07 13:07:57,102.46,24.54
o_005520,1,p_3763,s_503,2017-03-10 20:09:37,438.49,5.82
o_005521,1,p_2041,s_329,2017-11-25 16:52:17,43.81,17.04
o_005522,1,p_1548,s_312,2017-05-01 11:02:43,16.15,14.51
o_005523,1,p_8384,s_737,2017-08-13 19:05:56,127.36,9.39
o_005524,1,p_4858,s_186,2017-04-11 13:01:17,41.29,12.66
o_005524,2,p_6798,s_987,2017-04-11 13:01:17,285.88,5.57
o_005525,1,p_3129,s_475,2018-04-21 15:13:17,530.88,17.19
o_005526,1,p_4827,s_640,2017-08-14 10:58:08,25.36,29.03
o_005527,1,p_5938,s_304,2018-02-19 21:47:27,180.18,13.19
o_005528,1,p_7461,s_766,2017-04-11 23:47:59,117.77,12.88
o_005529,1,p_2718,s_850,2018-04-28 19:59:26,39.9,19.21
o_005530,1,p_3278,s_588,2017-09-09 11:02:53,295.24,12.42
o_005531,1,p_5027,s_536,2018-08-18 13:28:32,434.32,7.58
o_005532,1,p_1950,s_336,2018-01-27 14:40:35,60.83,7.62
o_005533,1,p_1787,s_435,2017-01-17 20:54:16,300.69,8.89
o_005534,1,p_7443,s_614,2018-04-14 13:34:19,118.47,8.17
o_005535,1,p_1417,s_239,2018-07-12 13:57:43,16.33,26.08
o_005536,1,p_1232,s_823,2017-06-15 06:08:45,114.95,13.03
o_005537,1,p_2702,s_685,2018-06-20 07:19:26,92.31,27.87
o_005538,1,p_7854,s_655,2018-06-29 16:02:10,461.16,23.85
o_005539,1,p_9668,s_889,2017-01-12 21:07:12,73.21,9.35
o_005540,1,p_8610,s_662,2017-08-25 13:43:06,30.87,10.81
o_005541,1,p_4561,s_150,2017-07-29 06:14:52,48.78,22.44
o_005542,1,p_6336,s_757,2018-01-21 10:12:17,720.86,8.1
o_005543,1,p_8923,s_923,2018-04-16 18:19:22,67.33,8.29
o_005544,1,p_9372,s_285,2018-08-18 08:49:00,75.21,22.76
o_005544,2,p_4800,s_958,2018-08-18 08:49:00,104.16,28.2
o_005545,1,p_6780,s_638,2017-06-11 21:51:18,26.48,8.53
o_005546,1,p_6041,s_601,2017-09-22 05:01:16,144.39,11.73
o_005547,1,p_6915,s_349,2018-05-21 18:58:00,296.21,12.22
o_005548,1,p_7604,s_522,2017-11-21 13:35:15,234.93,23.42
o_005549,1,p_4930,s_139,2017-01-22 16:18:42,427.81,5.78
o_005550,1,p_6729,s_754,2017-10-02 18:38:49,18.66,27.64
o_005551,1,p_6306,s_150,2017-08-21 13:35:44,167.42,13.51
o_005552,1,p_8872,s_522,2018-01-18 15:03:57,194.59,16.71
o_005553,1,p_7673,s_310,2018-07-01 20:54:04,228.54,19.04
o_005554,1,p_3204,s_257,2017-11-14 21:38:14,276.37,15.77
o_005555,1,p_8352,s_265,2017-02-24 07:33:21,76.8,6.9
o_005556,1,p_6396,s_628,2018-05-15 06:01:29,70.01,27.07
o_005557,1,p_7194,s_709,2018-05-12 21:52:26,37.88,19.44
o_005558,1,p_5934,s_596,2018-05-20 16:38:35,461.15,11.72
o_005559,1,p_4149,s_201,2017-11-10 08:04:19,15.94,5.52
o_005560,1,p_8117,s_144,2017-12-15 16:04:37,296.98,6.53
o_005561,1,p_6597,s_797,2018-02-02 17:56:59,32.58,8.67
o_005562,1,p_8727,s_788,2018-01-17 17:17:14,99.84,12.71
o_005562,2,p_3499,s_762,2018-01-17 17:17:14,57.66,12.85
o_005562,3,p_1064,s_403,2018-01-17 17:17:14,544.0,17.9
o_005563,1,p_1300,s_483,2017-11-23 14:52:18,331.0,10.31
o_005564,1,p_7798,s_813,2017-04-07 19:27:58,41.84,16.03
o_005565,1,p_2045,s_154,2018-05-15 13:03:52,58.05,6.25
o_005566,1,p_5492,s_663,2018-01-25 11:31:31,150.35,17.18
o_005567,1,p_2298,s_168,2018-01-30 15:26:17,150.03,23.59
o_005568,1,p_6094,s_474,2018-04-24 10:34:14,135.45,12.43
o_005569,1,p_3085,s_270,2017-10-06 13:41:26,120.37,25.79
o_005570,1,p_8935,s_593,2018-06-12 16:29:58,218.35,10.54
o_005571,1,p_6219,s_986,2017-05-31 14:21:36,174.89,7.55
o_005572,1,p_1395,s_474,2018-06-19 12:04:23,108.85,12.77
o_005573,1,p_6451,s_375,2017-06-06 05:11:29,50.11,29.25
o_005574,1,p_6125,s_981,2018-06-08 23:42:59,435.62,11.51
o_005575,1,p_4835,s_873,2018-02-16 15:41:43,331.73,28.75
o_005576,1,p_6087,s_823,2017-05-01 15:20:38,728.31,6.25
o_005577,1,p_3728,s_224,2018-06-30 07:27:37,119.38,13.46
o_005578,1,p_6245,s_634,2018-07-22 11:17:09,180.93,6.25
o_005579,1,p_8641,s_453,2017-08-20 10:19:36,92.34,7.96
o_005580,1,p_4029,s_983,2018-05-16 17:26:01,23.63,12.76
o_005581,1,p_5878,s_561,2018-04-26 19:29:47,212.47,22.33
o_005582,1,p_2685,s_788,2017-10-14 11:20:15,55.81,28.26
o_005583,1,p_7068,s_902,2018-06-01 13:23:49,21.89,17.05
o_005584,1,p_4074,s_584,2017-04-19 18:27:03,161.71,25.17
o_005585,1,p_2237,s_181,2018-05-09 15:36:08,154.21,12.79
o_005586,1,p_6368,s_655,2018-08-21 14:17:49,194.24,19.72
o_005587,1,p_2186,s_880,2018-07-31 14:05:25,185.59,6.68
o_005587,2,p_1695,s_402,2018-07-31 14:05:25,17.87,11.94
o_005588,1,p_5838,s_809,2018-03-14 16:49:20,152.3,12.98
o_005588,2,p_9886,s_493,2018-03-14 16:49:20,34.32,12.01
o_005589,1,p_4418,s_885,2018-08-28 07:17:14,64.67,5.83
o_005590,1,p_3972,s_430,2018-08-12 16:28:16,64.42,10.57
o_005591,1,p_8729,s_891,2018-06-23 10:46:24,77.31,10.13
o_005591,2,p_1945,s_862,2018-06-23 10:46:24,77.0,11.49
o_005592,1,p_7251,s_517,2018-05-21 18:12:57,98.23,18.47
o_005593,1,p_1025,s_530,2017-11-22 14:46:06,58.96,24.4
o_005594,1,p_1755,s_360,2018-06-13 14:35:23,15.76,16.35
o_005595,1,p_4605,s_831,2018-02-11 17:51:09,146.38,17.21
o_005596,1,p_6190,s_311,2017-08-13 13:09:29,102.61,6.85
o_005596,2,p_1268,s_879,2017-08-13 13:09:29,104.97,10.71
o_005597,1,p_3625,s_440,2018-05-24 15:26:33,162.87,12.76
o_005597,2,p_7904,s_457,2018-05-24 15:26:33,95.0,11.57
o_005598,1,p_3319,s_366,2017-12-09 09:15:59,239.67,14.02
o_005599,1,p_3869,s_164,2017-11-20 10:29:55,369.05,26.85
o_005600,1,p_4624,s_290,2017-01-30 08:42:13,279.13,11.84
o_005601,1,p_5595,s_302,2017-04-19 05:33:12,32.8,62.2
o_005602,1,p_3022,s_487,2018-04-15 17:07:01,114.96,26.17
o_005603,1,p_1872,s_413,2017-01-28 17:34:21,130.3,65.24
o_005604,1,p_9217,s_570,2018-05-14 01:13:09,286.82,11.22
o_005604,2,p_7590,s_450,2018-05-14 01:13:09,271.12,10.81
o_005605,1,p_8450,s_566,2018-01-08 13:28:00,194.27,8.46
o_005606,1,p_7495,s_647,2018-08-25 11:30:19,218.29,22.47
o_005607,1,p_8977,s_457,2018-05-14 17:49:59,56.66,29.52
o_005607,2,p_8687,s_138,2018-05-14 17:49:59,609.71,26.76
o_005608,1,p_9538,s_765,2017-10-12 20:17:15,64.52,16.72
o_005609,1,p_2663,s_898,2018-07-16 09:31:04,38.73,7.9
o_005610,1,p_5925,s_316,2018-04-01 16:36:45,50.4,9.68
o_005611,1,p_5179,s_717,2017-11-28 21:09:41,88.31,15.54
o_005612,1,p_7929,s_977,2018-06-25 23:54:49,128.31,9.66
o_005613,1,p_8641,s_248,2018-04-15 08:46:16,84.84,10.33
o_005614,1,p_3706,s_951,2018-03-19 21:58:30,148.23,18.89
o_005615,1,p_8972,s_634,2017-10-24 08:35:48,92.35,15.5
o_005616,1,p_1365,s_711,2018-03-06 17:00:37,124.76,18.32
o_005617,1,p_9958,s_142,2018-09-01 12:30:42,159.26,9.86
o_005618,1,p_5386,s_785,2017-11-13 08:22:31,44.36,14.42
o_005619,1,p_3022,s_315,2017-12-25 14:57:49,75.58,16.01
o_005620,1,p_4447,s_661,2018-05-07 10:57:33,217.37,25.76
o_005621,1,p_4457,s_635,2018-04-26 15:51:49,114.51,10.7
o_005622,1,p_5777,s_334,2018-03-21 19:57:55,230.58,19.81
o_005623,1,p_1584,s_116,2018-06-16 10:58:23,38.21,17.48
o_005623,2,p_3717,s_268,2018-06-16 10:58:23,85.78,18.19
o_005623,3,p_2676,s_801,2018-06-16 10:58:23,182.35,12.86
o_005624,1,p_1248,s_365,2017-05-19 13:52:37,165.3,68.96
o_005625,1,p_6080,s_470,2018-06-17 08:14:16,40.05,9.29
o_005626,1,p_1311,s_977,2017-01-18 13:35:05,143.5,5.61
o_005627,1,p_4973,s_965,2018-02-11 17:27:12,23.75,12.43
o_005628,1,p_2954,s_334,2018-03-23 09:27:11,54.02,18.9
o_005628,2,p_9260,s_257,2018-03-23 09:27:11,40.39,12.59
o_005629,1,p_8373,s_827,2017-04-28 20:29:21,120.38,14.49
o_005630,1,p_5200,s_907,2018-06-15 02:14:29,21.26,10.7
o_005630,2,p_8166,s_113,2018-06-15 02:14:29,86.39,13.31
o_005631,1,p_4282,s_298,2018-05-31 22:56:57,56.51,7.43
o_005632,1,p_4018,s_647,2018-01-31 22:52:34,71.91,24.34
o_005633,1,p_1168,s_268,2017-02-19 07:12:58,227.56,67.01
o_005634,1,p_2408,s_568,2017-08-15 13:41:26,96.43,25.3
o_005635,1,p_7963,s_443,2017-10-28 13:08:20,238.0,15.91
o_005635,2,p_9232,s_751,2017-10-28 13:08:20,39.45,13.41
o_005636,1,p_7517,s_828,2018-03-12 17:22:15,402.61,13.0
o_005637,1,p_9914,s_821,2017-10-29 11:15:51,206.12,27.2
o_005637,2,p_1935,s_732,2017-10-29 11:15:51,348.53,22.48
o_005638,1,p_9666,s_847,2018-06-24 08:04:11,245.76,6.37
o_005639,1,p_9046,s_952,2018-03-13 18:34:08,122.65,15.84
o_005640,1,p_9518,s_914,2018-08-11 03:45:36,139.35,15.49
o_005640,2,p_3147,s_729,2018-08-11 03:45:36,474.32,16.75
o_005641,1,p_9095,s_177,2018-09-02 22:30:29,32.75,13.71
o_005642,1,p_4347,s_364,2018-06-06 17:46:37,46.87,18.14
o_005643,1,p_1461,s_496,2018-01-27 19:05:16,75.49,10.85
o_005644,1,p_9437,s_157,2018-04-12 19:59:29,362.79,13.17
o_005644,2,p_8566,s_266,2018-04-12 19:59:29,47.64,12.15
o_005645,1,p_7256,s_288,2018-05-30 12:23:30,441.04,25.1
o_005646,1,p_7176,s_332,2017-02-23 17:06:06,178.84,9.53
o_005647,1,p_4347,s_157,2018-04-29 16:08:38,180.39,13.17
o_005647,2,p_9653,s_985,2018-04-29 16:08:38,211.63,11.5
o_005648,1,p_4501,s_624,2018-03-10 12:11:22,106.09,13.01
o_005649,1,p_4330,s_919,2017-01-19 10:00:21,40.84,5.8
o_005650,1,p_7011,s_342,2018-07-23 15:44:43,120.42,67.63
o_005651,1,p_9003,s_115,2018-03-19 11:16:05,192.09,13.53
o_005652,1,p_9569,s_894,2018-07-12 14:51:44,186.31,5.88
o_005653,1,p_1842,s_528,2018-05-18 09:22:39,330.65,23.34
o_005654,1,p_2666,s_542,2018-04-22 20:10:41,133.37,12.34
o_005655,1,p_7822,s_491,2017-06-12 14:37:17,29.04,12.64
o_005656,1,p_3533,s_348,2018-06-27 15:29:42,32.74,6.87
o_005657,1,p_4401,s_588,2017-07-20 19:58:28,121.09,17.76
o_005658,1,p_1339,s_112,2018-05-26 12:38:28,186.61,12.8
o_005659,1,p_2633,s_927,2018-03-22 01:01:52,229.51,13.18
o_005660,1,p_8250,s_768,2018-01-09 19:30:47,70.89,16.18
o_005661,1,p_2648,s_325,2017-03-27 10:16:49,194.14,22.5
o_005661,2,p_3161,s_243,2017-03-27 10:16:49,36.33,28.33
o_005662,1,p_7149,s_246,2018-07-11 16:05:32,119.93,15.4
o_005663,1,p_7727,s_225,2018-08-22 17:57:30,225.31,10.49
o_005663,2,p_6328,s_570,2018-08-22 17:57:30,177.04,11.31
o_005664,1,p_6258,s_366,2018-06-26 19:22:43,111.72,12.27
o_005665,1,p_4318,s_713,2017-07-19 08:48:51,139.97,23.97
o_005666,1,p_2437,s_137,2018-05-12 17:39:40,323.61,29.53
o_005667,1,p_7650,s_927,2017-05-01 21:43:22,185.19,10.19
o_005668,1,p_5681,s_795,2018-04-23 14:20:37,86.98,24.01
o_005668,2,p_3716,s_438,2018-04-23 14:20:37,140.02,27.2
o_005669,1,p_1012,s_263,2018-01-26 11:52:40,40.21,13.74
o_005670,1,p_7786,s_894,2018-03-09 07:50:34,88.93,12.87
o_005671,1,p_8671,s_928,2018-03-06 14:38:13,131.23,8.04
o_005672,1,p_9919,s_500,2018-06-16 11:27:26,106.24,7.42
o_005673,1,p_8640,s_646,2017-03-11 12:40:33,97.98,11.16
o_005674,1,p_8650,s_644,2018-08-12 11:46:24,29.94,11.51
o_005674,2,p_1782,s_554,2018-08-12 11:46:24,137.98,6.19
o_005675,1,p_8493,s_505,2017-12-01 09:19:44,156.28,19.73
o_005676,1,p_7988,s_502,2018-02-21 17:24:42,72.65,10.33
o_005677,1,p_9826,s_966,2018-01-12 10:06:35,220.2,11.41
o_005677,2,p_9339,s_688,2018-01-12 10:06:35,20.08,8.34
o_005677,3,p_6231,s_531,2018-01-12 10:06:35,62.95,11.1
o_005678,1,p_3402,s_926,2017-05-27 17:02:49,132.94,65.75
o_005679,1,p_5490,s_789,2018-05-31 10:05:51,407.1,19.76
o_005680,1,p_8824,s_457,2018-01-02 15:39:31,459.42,15.32
o_005681,1,p_1771,s_876,2018-01-07 21:17:55,142.55,11.94
o_005682,1,p_1169,s_335,2018-08-10 06:05:18,300.76,11.88
o_005682,2,p_9413,s_300,2018-08-10 06:05:18,352.59,11.27
o_005683,1,p_3337,s_176,2017-10-02 13:25:38,49.52,69.44
o_005684,1,p_4640,s_300,2018-04-22 02:56:16,115.46,26.87
o_005685,1,p_1273,s_129,2018-03-01 12:26:03,22.08,18.36
o_005686,1,p_5680,s_239,2018-04-25 17:27:59,17.94,13.24
o_005687,1,p_5106,s_983,2018-04-19 14:55:17,217.27,6.88
o_005688,1,p_5780,s_656,2018-03-01 16:57:42,71.12,9.16
o_005689,1,p_9593,s_824,2018-01-25 22:28:18,331.55,8.58
o_005690,1,p_6603,s_124,2018-02-28 18:30:12,251.86,26.41
o_005691,1,p_4229,s_496,2018-08-24 18:21:27,264.15,13.09
o_005692,1,p_9683,s_502,2017-01-23 09:47:53,237.25,7.74
o_005693,1,p_3988,s_869,2018-02-28 14:28:07,74.28,29.5
o_005693,2,p_4109,s_825,2018-02-28 14:28:07,27.33,23.47
o_005693,3,p_5696,s_906,2018-02-28 14:28:07,19.55,28.41
o_005694,1,p_8133,s_523,2018-03-18 13:54:51,93.1,66.26
o_005695,1,p_2194,s_772,2018-04-21 07:52:25,34.95,8.07
o_005696,1,p_6749,s_601,2018-05-17 12:43:24,83.41,9.28
o_005697,1,p_4350,s_547,2017-05-31 14:36:20,329.48,19.29
o_005698,1,p_2305,s_262,2017-11-22 13:14:32,28.18,22.57
o_005699,1,p_4675,s_201,2018-07-01 10:19:25,55.2,18.55
o_005700,1,p_2849,s_906,2017-02-21 06:50:47,34.06,23.6
o_005701,1,p_7430,s_435,2018-01-28 10:06:57,83.1,16.64
o_005702,1,p_6792,s_921,2018-07-06 15:30:35,235.69,27.8
o_005702,2,p_4517,s_630,2018-07-06 15:30:35,65.2,23.23
o_005703,1,p_7677,s_423,2017-02-14 08:37:20,372.56,6.39
o_005704,1,p_2319,s_364,2018-01-20 09:36:07,567.15,63.04
o_005705,1,p_1056,s_157,2018-02-21 18:46:55,142.66,14.22
o_005706,1,p_6444,s_820,2018-04-22 12:06:23,242.02,8.22
o_005707,1,p_7804,s_593,2017-01-09 12:42:40,118.78,6.86
o_005708,1,p_1472,s_384,2018-04-06 16:28:18,158.64,6.45
o_005709,1,p_1514,s_850,2018-01-12 06:14:24,55.34,24.59
o_005710,1,p_6061,s_689,2018-08-17 07:56:20,81.41,12.63
o_005711,1,p_5078,s_223,2017-10-07 17:12:26,28.11,7.83
o_005712,1,p_2210,s_697,2017-12-22 19:48:51,234.1,18.03
o_005713,1,p_1420,s_659,2018-06-20 17:45:52,109.87,19.95
o_005714,1,p_5627,s_885,2018-04-18 17:03:03,348.49,11.17
o_005714,2,p_6177,s_715,2018-04-18 17:03:03,233.51,9.92
o_005714,3,p_8684,s_895,2018-04-18 17:03:03,37.13,5.83
o_005715,1,p_9910,s_795,2017-01-18 10:24:08,73.28,24.9
o_005716,1,p_6136,s_978,2018-07-19 20:48:17,58.0,16.6
o_005717,1,p_4249,s_829,2018-01-15 10:31:20,90.59,13.53
o_005718,1,p_3617,s_107,2018-08-24 23:21:03,71.49,7.54
o_005719,1,p_9843,s_403,2017-08-28 08:29:34,115.22,14.71
o_005720,1,p_2681,s_914,2018-04-29 20:57:57,28.72,22.11
o_005721,1,p_3672,s_463,2018-03-02 14:58:31,202.68,28.76
o_005722,1,p_1678,s_396,2018-03-25 09:25:45,264.39,10.25
o_005722,2,p_4349,s_576,2018-03-25 09:25:45,53.9,8.16
o_005723,1,p_8070,s_506,2018-03-18 10:35:17,315.55,5.52
o_005724,1,p_9452,s_781,2017-06-15 10:00:36,148.15,62.3
o_005725,1,p_1251,s_310,2018-07-19 09:15:54,194.82,12.98
o_005726,1,p_1708,s_840,2017-09-08 17:25:53,80.47,17.13
o_005726,2,p_5997,s_854,2017-09-08 17:25:53,84.93,16.68
o_005726,3,p_3598,s_597,2017-09-08 17:25:53,17.29,15.59
o_005727,1,p_4708,s_268,2017-05-29 13:57:30,247.56,19.02
o_005728,1,p_9069,s_387,2018-06-19 17:48:27,154.15,66.74
o_005729,1,p_8445,s_389,2018-08-11 17:00:46,87.2,26.93
o_005730,1,p_2640,s_666,2018-02-18 18:45:32,49.76,19.47
o_005731,1,p_1198,s_218,2018-05-30 22:05:36,28.82,10.42
o_005732,1,p_6389,s_370,2017-10-23 18:50:46,164.69,18.99
o_005733,1,p_1746,s_672,2017-11-21 10:30:39,175.02,9.3
o_005734,1,p_3977,s_485,2017-08-15 09:43:31,255.59,15.33
o_005735,1,p_5454,s_465,2018-08-23 07:15:57,62.66,11.84
o_005736,1,p_6204,s_243,2017-05-26 10:18:21,351.23,9.49
o_005737,1,p_2715,s_846,2018-05-31 09:06:51,38.38,12.45
o_005738,1,p_6505,s_198,2018-03-20 11:15:01,96.59,28.51
o_005738,2,p_7032,s_896,2018-03-20 11:15:01,163.7,23.18
o_005739,1,p_9799,s_814,2018-06-29 18:22:43,102.88,6.69
o_005740,1,p_9672,s_299,2018-01-01 15:16:01,186.29,17.9
o_005741,1,p_7894,s_873,2018-05-29 08:08:39,172.22,7.29
o_005742,1,p_5413,s_937,2017-11-02 08:29:16,66.04,14.12
o_005743,1,p_3278,s_774,2018-01-01 14:05:02,480.11,22.44
o_005744,1,p_9976,s_127,2018-07-06 14:25:17,354.41,19.21
o_005745,1,p_8595,s_702,2018-03-17 00:13:09,406.69,6.54
o_005746,1,p_9723,s_583,2018-02-28 14:29:47,51.44,6.7
o_005747,1,p_7520,s_991,2017-07-22 21:12:13,110.83,10.37
o_005748,1,p_8180,s_524,2017-11-11 14:19:07,44.83,29.73
o_005749,1,p_4919,s_639,2018-06-23 10:57:45,227.3,24.45
o_005750,1,p_7809,s_850,2018-04-24 00:47:59,29.74,14.61
o_005751,1,p_1874,s_403,2018-01-07 14:57:41,170.94,18.56
o_005751,2,p_1023,s_216,2018-01-07 14:57:41,67.56,19.37
o_005752,1,p_4838,s_965,2018-08-31 19:32:32,202.58,8.1
o_005753,1,p_5063,s_245,2018-08-09 08:03:46,47.11,13.2
o_005754,1,p_1022,s_590,2017-08-21 16:04:18,332.81,10.83
o_005755,1,p_6101,s_823,2017-03-03 15:34:50,15.0,12.08
o_005756,1,p_5540,s_388,2018-08-17 12:13:41,71.58,9.06
o_005757,1,p_4214,s_996,2017-02-12 21:56:44,419.51,13.84
o_005758,1,p_2798,s_386,2018-08-30 09:19:10,110.8,10.62
o_005758,2,p_5033,s_382,2018-08-30 09:19:10,340.64,10.32
o_005759,1,p_6799,s_741,2018-05-26 18:29:32,80.27,9.42
o_005760,1,p_8360,s_356,2018-05-06 05:24:03,110.28,8.57
o_005761,1,p_7392,s_234,2018-01-17 13:02:29,113.03,5.86
o_005762,1,p_8943,s_428,2017-10-25 08:10:14,119.27,17.52
o_005762,2,p_5810,s_669,2017-10-25 08:10:14,78.42,19.07
o_005762,3,p_8643,s_880,2017-10-25 08:10:14,31.6,15.53
o_005763,1,p_3886,s_106,2017-12-08 10:32:41,67.84,28.97
o_005763,2,p_6886,s_761,2017-12-08 10:32:41,75.39,22.8
o_005763,3,p_8149,s_713,2017-12-08 10:32:41,21.51,28.31
o_005764,1,p_6211,s_840,2018-03-30 19:59:01,48.82,10.2
o_005765,1,p_6579,s_265,2018-03-14 07:16:01,119.34,63.58
o_005766,1,p_6559,s_986,2018-06-22 15:05:11,38.08,28.02
o_005767,1,p_3847,s_872,2017-09-23 14:09:26,28.48,7.93
o_005768,1,p_4040,s_864,2017-10-01 16:40:34,156.43,11.18
o_005769,1,p_3707,s_828,2018-05-15 20:29:28,37.34,28.13
o_005770,1,p_3290,s_859,2018-06-18 09:20:06,87.01,13.08
o_005771,1,p_1842,s_190,2018-07-13 20:03:59,251.74,12.42
o_005772,1,p_2837,s_407,2018-01-23 10:21:55,41.12,14.22
o_005773,1,p_9523,s_306,2018-08-19 13:26:25,30.07,29.14
o_005774,1,p_5634,s_926,2018-08-25 13:14:13,185.09,5.62
o_005775,1,p_2276,s_879,2018-08-06 23:58:27,109.14,18.58
o_005776,1,p_9209,s_669,2018-01-19 10:21:29,202.28,8.7
o_005777,1,p_2312,s_940,2018-03-30 10:36:27,128.9,5.97
o_005778,1,p_9378,s_422,2018-03-28 19:38:24,618.28,9.34
o_005779,1,p_8986,s_537,2018-07-26 13:30:48,209.21,13.89
o_005779,2,p_4628,s_260,2018-07-26 13:30:48,251.95,18.66
o_005780,1,p_4895,s_400,2017-12-18 15:51:33,107.31,11.68
o_005781,1,p_8387,s_302,2018-03-18 16:07:20,153.74,24.53
o_005782,1,p_1758,s_229,2017-11-15 11:55:03,473.59,5.53
o_005783,1,p_7598,s_792,2018-02-02 17:36:19,42.97,19.25
o_005784,1,p_7650,s_358,2017-10-24 11:43:33,137.17,16.66
o_005785,1,p_6953,s_956,2018-07-17 15:53:33,51.5,22.82
o_005786,1,p_5548,s_180,2018-07-27 17:35:39,195.57,6.02
o_005787,1,p_7158,s_450,2018-05-25 12:45:53,371.35,6.32
o_005788,1,p_2927,s_388,2018-04-07 21:35:13,83.52,14.39
o_005788,2,p_2571,s_376,2018-04-07 21:35:13,201.07,15.06
o_005789,1,p_9537,s_870,2017-10-16 16:04:56,52.85,19.43
o_005790,1,p_5163,s_880,2018-08-29 13:23:41,51.13,12.17
o_005791,1,p_6233,s_254,2018-02-23 18:05:44,88.17,16.6
o_005792,1,p_1209,s_402,2018-03-21 13:55:28,281.76,24.27
o_005793,1,p_1042,s_981,2018-04-18 20:19:25,550.84,22.85
o_005794,1,p_6332,s_779,2018-03-04 09:15:28,37.59,8.09
o_005795,1,p_1142,s_420,2018-07-07 14:52:07,31.54,17.15
o_005796,1,p_8712,s_196,2017-04-15 13:27:06,41.69,22.78
o_005797,1,p_5183,s_299,2018-08-19 12:34:08,268.55,11.49
o_005797,2,p_9464,s_421,2018-08-19 12:34:08,16.74,7.4
o_005798,1,p_2004,s_983,2018-04-09 16:53:54,281.63,27.55
o_005799,1,p_4865,s_776,2017-07-24 17:49:26,304.29,15.44
o_005800,1,p_3244,s_774,2018-04-14 13:20:44,135.31,11.51
o_005801,1,p_7772,s_250,2018-05-30 19:05:48,225.52,8.77
o_005802,1,p_8781,s_459,2018-02-25 19:46:00,306.53,12.88
o_005802,2,p_5139,s_899,2018-02-25 19:46:00,153.98,9.74
o_005803,1,p_8982,s_559,2017-07-25 16:20:43,74.0,22.58
o_005804,1,p_1270,s_295,2018-04-24 15:27:58,419.39,17.68
o_005805,1,p_2789,s_732,2018-01-25 21:36:13,44.81,12.98
o_005806,1,p_9313,s_759,2017-03-28 21:21:48,69.86,8.12
o_005807,1,p_9173,s_734,2018-06-26 09:56:30,189.05,28.94
o_005808,1,p_1679,s_729,2018-03-22 10:26:11,68.05,6.77
o_005809,1,p_6170,s_703,2017-03-30 20:41:39,39.66,22.48
o_005810,1,p_9633,s_623,2018-02-22 11:51:04,177.49,14.27
o_005811,1,p_8541,s_614,2018-04-30 19:22:23,55.92,7.43
o_005812,1,p_8753,s_527,2018-01-14 06:32:09,44.23,10.61
o_005813,1,p_5548,s_574,2018-06-23 13:21:09,69.31,12.37
o_005814,1,p_6600,s_802,2017-04-17 15:47:42,237.86,15.26
o_005815,1,p_1041,s_445,2018-02-13 16:33:09,131.49,6.06
o_005815,2,p_1458,s_923,2018-02-13 16:33:09,22.79,9.36
o_005816,1,p_8266,s_174,2017-12-16 13:07:19,185.15,12.33
o_005817,1,p_3967,s_360,2018-01-18 14:33:43,98.05,19.4
o_005818,1,p_8439,s_266,2018-05-03 14:59:42,87.93,6.36
o_005819,1,p_2985,s_736,2018-01-08 20:47:40,188.69,67.54
o_005820,1,p_8886,s_431,2018-01-06 16:54:54,93.65,19.91
o_005821,1,p_7316,s_368,2017-02-01 05:20:43,24.7,12.02
o_005822,1,p_9458,s_376,2017-11-09 14:38:56,109.32,13.32
o_005823,1,p_3381,s_554,2017-07-31 11:42:09,95.97,25.65
o_005823,2,p_7507,s_979,2017-07-31 11:42:09,35.85,28.71
o_005824,1,p_8531,s_431,2017-09-22 16:10:19,255.43,16.2
o_005825,1,p_8518,s_339,2017-04-12 13:25:55,272.2,6.04
o_005826,1,p_3607,s_274,2018-02-15 16:44:34,142.2,11.11
o_005827,1,p_6872,s_964,2018-05-23 19:15:08,152.84,10.27
o_005827,2,p_9977,s_207,2018-05-23 19:15:08,55.69,5.78
o_005828,1,p_3517,s_647,2018-04-24 14:11:50,193.3,14.79
o_005829,1,p_5189,s_237,2017-05-11 05:28:53,65.57,27.7
o_005830,1,p_1917,s_650,2017-11-28 23:00:03,53.46,13.6
o_005831,1,p_1748,s_323,2018-01-11 05:44:15,82.82,9.76
o_005832,1,p_5134,s_438,2017-06-21 20:52:53,134.4,9.19
o_005833,1,p_3126,s_623,2017-02-06 23:38:12,62.96,12.12
o_005834,1,p_8678,s_947,2017-05-27 10:32:39,174.81,23.2
o_005835,1,p_6541,s_782,2018-04-07 14:16:51,244.45,6.9
o_005836,1,p_6654,s_996,2018-07-02 20:41:44,84.47,27.61
o_005837,1,p_9217,s_926,2018-04-12 07:39:26,191.31,10.58
o_005838,1,p_3384,s_976,2018-04-06 12:41:34,209.02,29.35
o_005839,1,p_7988,s_454,2018-03-02 13:34:52,31.66,15.1
o_005840,1,p_5799,s_790,2018-01-13 21:22:33,56.58,13.0
o_005841,1,p_9953,s_527,2017-01-12 10:23:01,78.79,27.42
o_005842,1,p_9154,s_319,2018-02-23 07:35:55,175.28,8.08
o_005843,1,p_5557,s_454,2018-08-18 15:09:58,257.48,22.34
o_005844,1,p_4340,s_300,2018-02-25 15:10:23,258.39,18.78
o_005844,2,p_7044,s_330,2018-02-25 15:10:23,65.09,17.67
o_005845,1,p_4317,s_186,2018-01-27 14:29:31,109.59,63.77
o_005846,1,p_2881,s_199,2018-03-18 18:58:50,25.78,26.45
o_005847,1,p_8029,s_756,2018-03-06 20:57:40,69.04,18.34
o_005848,1,p_8086,s_204,2018-04-07 13:28:14,63.41,22.61
o_005849,1,p_6740,s_353,2017-11-21 21:58:08,122.27,28.54
o_005849,2,p_7441,s_505,2017-11-21 21:58:08,483.67,28.6
o_005849,3,p_6987,s_875,2017-11-21 21:58:08,88.32,27.29
o_005850,1,p_9772,s_618,2018-02-10 18:52:21,162.31,5.86
o_005851,1,p_7383,s_125,2017-02-07 10:36:19,148.17,22.7
o_005852,1,p_1300,s_188,2018-06-09 12:21:42,69.53,18.77
o_005853,1,p_8965,s_813,2018-05-21 15:22:43,66.07,19.86
o_005854,1,p_6523,s_678,2018-08-24 20:35:12,148.56,11.04
o_005855,1,p_5350,s_488,2018-03-06 10:02:07,80.63,12.9
o_005856,1,p_7054,s_594,2018-03-13 12:46:54,259.12,26.32
o_005857,1,p_7260,s_157,2018-02-24 01:31:26,33.13,6.3
o_005858,1,p_3552,s_964,2017-07-11 13:20:28,114.09,10.73
o_005859,1,p_4946,s_786,2018-07-07 19:12:43,214.85,6.16
o_005860,1,p_1705,s_498,2018-07-11 06:40:15,88.49,18.58
o_005861,1,p_8339,s_969,2018-03-08 14:33:18,270.65,7.15
o_005862,1,p_5451,s_986,2017-07-23 19:39:40,55.54,13.0
o_005863,1,p_6196,s_770,2018-01-11 12:42:09,47.14,26.17
o_005864,1,p_6359,s_943,2018-06-20 12:11:51,23.65,17.94
o_005865,1,p_9457,s_459,2018-02-02 18:30:17,27.33,17.94
o_005866,1,p_4021,s_538,2017-07-23 16:14:37,91.81,26.83
o_005866,2,p_9809,s_272,2017-07-23 16:14:37,102.38,22.33
o_005867,1,p_4321,s_187,2017-05-17 09:55:46,225.49,9.83
o_005868,1,p_1299,s_104,2018-01-19 20:48:42,169.16,12.78
o_005869,1,p_2128,s_383,2018-04-22 20:37:02,25.11,5.96
o_005870,1,p_3320,s_501,2018-02-19 07:10:27,25.65,19.3
o_005871,1,p_7444,s_163,2018-02-27 12:22:11,50.64,7.47
o_005872,1,p_3022,s_263,2018-03-26 22:35:21,76.67,7.53
o_005872,2,p_4928,s_395,2018-03-26 22:35:21,57.54,5.8
o_005873,1,p_6154,s_751,2018-04-18 13:05:43,46.51,6.38
o_005874,1,p_3595,s_409,2018-05-22 13:43:56,65.45,23.35
o_005874,2,p_3807,s_224,2018-05-22 13:43:56,56.69,26.44
o_005875,1,p_6374,s_172,2018-05-17 10:12:55,152.13,18.71
o_005876,1,p_5862,s_741,2017-03-04 19:43:04,170.23,13.96
o_005877,1,p_4954,s_805,2018-07-13 18:50:55,226.5,13.36
o_005878,1,p_9108,s_236,2017-02-09 21:02:09,121.99,16.41
o_005879,1,p_7043,s_657,2017-03-10 09:20:57,70.9,15.28
o_005880,1,p_5531,s_649,2017-03-25 18:34:31,27.79,9.97
o_005881,1,p_3761,s_881,2017-10-30 18:47:46,67.95,12.3
o_005881,2,p_8109,s_537,2017-10-30 18:47:46,132.48,18.38
o_005882,1,p_3689,s_387,2018-01-21 10:18:35,21.57,17.21
o_005882,2,p_5576,s_225,2018-01-21 10:18:35,23.23,16.95
o_005883,1,p_1170,s_453,2018-06-10 13:59:33,171.94,29.96
o_005884,1,p_8306,s_148,2017-01-15 12:08:26,300.37,28.05
o_005885,1,p_3437,s_666,2017-01-22 15:58:14,27.47,29.21
o_005886,1,p_8762,s_405,2018-01-10 13:13:07,149.61,7.87
o_005887,1,p_7651,s_285,2018-07-08 10:45:03,90.22,64.41
o_005887,2,p_1972,s_587,2018-07-08 10:45:03,26.09,63.6
o_005888,1,p_9381,s_572,2018-08-19 20:12:07,179.02,9.74
o_005889,1,p_3317,s_885,2018-02-11 11:30:38,105.98,8.37
o_005890,1,p_6261,s_696,2018-03-19 17:28:25,109.2,6.12
o_005891,1,p_3426,s_968,2017-03-17 20:32:25,306.86,68.93
o_005891,2,p_7149,s_649,2017-03-17 20:32:25,341.96,69.71
o_005892,1,p_9293,s_373,2018-05-01 13:37:52,405.13,15.49
o_005893,1,p_8658,s_962,2018-03-08 08:56:05,86.82,13.44
o_005894,1,p_9463,s_413,2017-09-01 22:50:23,59.21,28.14
o_005895,1,p_3312,s_462,2018-02-25 20:43:28,119.39,7.55
o_005896,1,p_7945,s_205,2018-06-12 00:45:14,48.17,25.74
o_005897,1,p_2293,s_659,2018-08-06 10:18:37,216.34,18.5
o_005898,1,p_5732,s_150,2017-07-03 20:16:30,607.55,8.37
o_005899,1,p_9480,s_593,2018-01-17 16:06:28,41.23,18.6
o_005900,1,p_3697,s_580,2018-04-13 14:15:21,238.95,6.85
o_005901,1,p_5708,s_265,2017-09-27 12:04:41,235.03,7.47
o_005902,1,p_6760,s_742,2017-12-13 22:44:12,107.59,14.66
o_005903,1,p_2244,s_191,2018-03-29 16:12:32,66.46,9.33
o_005904,1,p_1178,s_356,2018-04-24 15:33:50,384.52,23.49
o_005905,1,p_8972,s_763,2017-01-28 19:08:17,24.44,64.18
o_005906,1,p_4001,s_243,2018-08-07 21:36:31,23.16,17.41
o_005907,1,p_2842,s_222,2018-02-21 11:33:57,16.31,18.27
o_005908,1,p_9293,s_175,2018-08-29 14:12:47,347.14,10.37
o_005909,1,p_9376,s_153,2017-02-17 05:07:20,56.77,16.49
o_005910,1,p_4600,s_960,2018-01-12 13:33:37,170.54,7.99
o_005911,1,p_3064,s_638,2018-02-13 09:49:55,166.33,64.84
o_005912,1,p_4364,s_442,2018-06-09 10:46:22,119.5,11.48
o_005913,1,p_7077,s_192,2017-04-17 20:06:37,289.81,24.83
o_005914,1,p_5568,s_638,2017-01-29 16:22:21,97.16,11.97
o_005915,1,p_4705,s_453,2017-05-23 21:36:48,427.16,11.88
o_005915,2,p_5597,s_885,2017-05-23 21:36:48,38.51,8.01
o_005915,3,p_5178,s_622,2017-05-23 21:36:48,155.64,8.98
o_005916,1,p_7851,s_349,2018-06-16 07:33:53,23.34,7.69
o_005917,1,p_5421,s_357,2018-07-22 14:46:38,118.97,12.11
o_005918,1,p_4947,s_958,2017-06-26 07:40:41,197.01,15.29
o_005919,1,p_9404,s_675,2018-05-13 11:09:17,31.81,6.06
o_005920,1,p_1340,s_526,2018-01-28 10:43:07,30.59,13.76
o_005921,1,p_9772,s_851,2018-05-06 01:44:47,64.89,6.32
o_005921,2,p_8781,s_144,2018-05-06 01:44:47,104.44,11.64
o_005921,3,p_4222,s_414,2018-05-06 01:44:47,57.16,11.11
o_005922,1,p_1202,s_169,2018-07-13 07:10:35,66.75,15.98
o_005923,1,p_8388,s_149,2017-12-28 14:18:52,23.37,16.43
o_005924,1,p_7442,s_169,2018-06-22 07:11:14,107.13,24.61
o_005925,1,p_7284,s_277,2017-10-24 16:27:43,201.52,67.0
o_005926,1,p_7663,s_571,2018-08-30 16:03:51,96.13,20.0
o_005927,1,p_4725,s_699,2017-07-14 13:43:43,305.94,67.67
o_005928,1,p_1084,s_256,2017-09-30 17:02:12,453.59,12.22
o_005929,1,p_3412,s_877,2018-02-28 11:28:54,73.79,8.12
o_005930,1,p_2146,s_964,2018-06-25 21:09:12,28.9,10.34
o_005931,1,p_9742,s_184,2018-05-30 18:35:23,219.32,26.81
o_005932,1,p_3457,s_548,2017-08-20 12:57:48,133.91,8.3
o_005933,1,p_3436,s_315,2018-06-07 11:03:47,27.64,22.64
o_005934,1,p_9179,s_426,2017-06-08 19:16:21,219.93,13.31
o_005935,1,p_5972,s_915,2018-01-13 18:00:15,23.26,7.24
o_005936,1,p_6569,s_983,2018-02-13 18:26:09,36.55,23.98
o_005937,1,p_2096,s_265,2018-06-07 07:21:25,37.82,6.77
o_005938,1,p_3805,s_409,2017-06-21 07:51:43,65.07,22.17
o_005939,1,p_5396,s_935,2018-01-29 19:35:02,22.49,19.98
o_005940,1,p_7875,s_773,2018-07-13 17:43:46,297.11,11.59
o_005941,1,p_6537,s_435,2018-08-31 08:49:44,50.46,9.79
o_005942,1,p_5393,s_775,2018-03-08 21:48:29,138.22,13.12
o_005943,1,p_8752,s_723,2018-05-13 10:10:40,136.68,19.83
o_005944,1,p_5020,s_495,2018-01-07 08:06:03,70.7,6.28
o_005945,1,p_5753,s_603,2018-06-27 16:17:41,34.67,13.36
o_005946,1,p_8100,s_356,2017-02-20 12:30:10,945.93,8.21
o_005947,1,p_9516,s_968,2017-04-02 08:06:22,113.19,66.41
o_005948,1,p_4820,s_824,2018-01-15 19:28:16,96.16,16.25
o_005949,1,p_7787,s_764,2018-06-21 19:47:47,215.32,16.75
o_005950,1,p_3854,s_344,2018-03-28 13:25:38,523.7,25.04
o_005950,2,p_3655,s_891,2018-03-28 13:25:38,149.17,25.96
o_005951,1,p_6903,s_278,2018-03-22 11:18:38,227.98,9.74
o_005952,1,p_9331,s_211,2018-04-26 20:25:34,107.8,7.61
o_005952,2,p_2026,s_234,2018-04-26 20:25:34,83.25,6.73
o_005953,1,p_4152,s_347,2018-07-10 18:01:58,26.49,5.63
o_005954,1,p_2702,s_390,2018-05-21 08:11:58,424.21,12.88
o_005954,2,p_5461,s_411,2018-05-21 08:11:58,30.05,7.57
o_005954,3,p_8178,s_463,2018-05-21 08:11:58,167.46,12.27
o_005955,1,p_1961,s_867,2018-01-26 13:39:36,379.1,28.63
o_005956,1,p_7367,s_903,2018-05-09 09:26:26,235.55,25.62
o_005957,1,p_5319,s_864,2018-03-09 21:44:12,125.07,10.35
o_005958,1,p_3678,s_215,2018-02-25 14:04:34,19.22,14.52
o_005959,1,p_1844,s_864,2018-07-22 18:55:35,79.25,15.85
o_005960,1,p_3609,s_461,2018-02-20 14:49:21,162.46,12.24
o_005961,1,p_9440,s_169,2018-05-08 19:12:01,167.05,6.71
o_005962,1,p_4931,s_387,2018-07-09 11:41:20,517.93,17.53
o_005963,1,p_6416,s_118,2018-08-02 14:41:16,180.13,12.46
o_005964,1,p_3974,s_271,2017-04-10 08:40:28,132.05,11.35
o_005965,1,p_3423,s_621,2018-08-06 21:04:50,65.11,14.26
o_005966,1,p_1741,s_283,2018-08-21 08:25:02,488.04,12.66
o_005967,1,p_4211,s_255,2018-06-25 21:56:48,104.85,28.26
o_005968,1,p_1049,s_950,2017-03-16 10:03:57,66.65,28.21
o_005969,1,p_2374,s_989,2018-03-16 13:09:58,207.81,27.18
o_005970,1,p_5454,s_255,2017-04-21 15:17:25,83.84,26.35
o_005971,1,p_6942,s_282,2018-04-06 11:25:57,40.07,12.15
o_005972,1,p_6576,s_624,2018-01-31 10:16:25,117.49,12.14
o_005973,1,p_7490,s_234,2017-09-14 01:18:01,406.5,28.2
o_005974,1,p_3144,s_255,2018-08-06 18:23:30,35.41,12.68
o_005975,1,p_7750,s_695,2017-01-06 14:55:55,36.33,5.68
o_005976,1,p_7646,s_986,2018-05-12 09:07:25,176.15,14.81
o_005977,1,p_9222,s_157,2018-04-23 19:36:27,269.36,12.98
o_005978,1,p_4888,s_677,2018-01-11 10:04:26,139.03,9.75
o_005979,1,p_4166,s_786,2018-01-30 12:36:14,29.95,12.67
o_005980,1,p_2200,s_874,2017-03-15 11:10:25,40.11,18.76
o_005981,1,p_2761,s_364,2017-06-08 19:38:33,62.76,10.15
o_005982,1,p_7765,s_477,2018-03-18 15:08:18,67.07,7.11
o_005983,1,p_1140,s_650,2018-05-30 10:28:32,521.18,8.19
o_005984,1,p_3984,s_890,2018-07-09 20:27:42,28.92,24.04
o_005985,1,p_2839,s_559,2018-03-25 09:33:29,81.16,25.41
o_005986,1,p_9175,s_819,2018-07-11 12:22:27,36.11,28.12
o_005987,1,p_6170,s_369,2018-08-07 09:20:35,188.69,14.88
o_005988,1,p_2442,s_925,2017-10-07 15:28:25,47.42,24.06
o_005989,1,p_9382,s_292,2018-04-07 13:28:42,18.03,12.96
o_005990,1,p_5996,s_273,2018-04-28 09:16:25,100.21,13.5
o_005990,2,p_6352,s_184,2018-04-28 09:16:25,255.18,7.0
o_005991,1,p_4105,s_207,2018-07-06 11:15:20,285.57,6.32
o_005992,1,p_7487,s_964,2018-08-24 11:22:25,265.43,67.94
o_005993,1,p_3595,s_796,2018-02-17 19:58:38,51.22,10.08
o_005994,1,p_3158,s_589,2018-05-28 11:39:17,167.91,13.61
o_005995,1,p_2043,s_222,2017-09-17 11:42:23,176.08,25.88
o_005996,1,p_5709,s_907,2018-04-30 18:48:25,223.92,15.11
o_005997,1,p_5362,s_257,2018-06-21 13:59:07,72.37,9.36
o_005998,1,p_1564,s_378,2018-03-27 10:01:00,42.62,12.7
o_005999,1,p_3152,s_143,2018-01-13 15:01:43,32.07,23.68
o_006000,1,p_3777,s_277,2017-12-07 15:49:04,558.89,11.17
o_006001,1,p_7944,s_624,2017-07-28 10:29:54,179.62,8.94
o_006002,1,p_5609,s_572,2017-04-07 12:55:10,90.75,28.03
o_006003,1,p_6350,s_309,2017-02-28 12:33:29,40.34,6.34
o_006004,1,p_2950,s_540,2018-05-29 08:38:43,265.36,5.68
o_006005,1,p_5479,s_860,2017-12-16 10:47:18,63.84,15.1
o_006006,1,p_9617,s_497,2017-12-15 10:19:19,79.0,17.85
o_006007,1,p_8808,s_610,2017-04-25 12:45:04,175.66,12.54
o_006008,1,p_5786,s_892,2017-02-17 14:12:20,26.43,5.54
o_006009,1,p_5324,s_932,2017-09-02 22:11:40,88.68,12.81
o_006010,1,p_8479,s_528,2018-04-02 07:56:06,24.77,12.32
o_006011,1,p_4562,s_315,2018-03-19 19:23:27,156.21,7.0
o_006012,1,p_2880,s_948,2017-02-25 13:00:59,285.67,12.19
o_006013,1,p_2236,s_354,2018-05-15 11:41:07,46.23,12.37
o_006014,1,p_7422,s_590,2017-10-06 11:11:51,61.2,9.14
o_006015,1,p_2079,s_420,2018-07-30 13:23:43,105.18,5.76
o_006016,1,p_2135,s_837,2018-05-02 19:21:02,120.31,12.8
o_006016,2,p_1574,s_568,2018-05-02 19:21:02,182.53,9.68
o_006017,1,p_6688,s_303,2017-11-12 06:30:40,160.74,13.12
o_006018,1,p_3766,s_431,2017-10-31 21:29:42,51.41,26.14
o_006019,1,p_4947,s_760,2018-08-02 01:15:30,26.78,9.87
o_006020,1,p_7902,s_775,2017-11-02 16:27:17,33.01,24.07
o_006021,1,p_6663,s_232,2017-12-16 23:13:07,288.57,18.61
o_006022,1,p_8077,s_420,2017-03-15 14:39:12,207.53,27.31
o_006023,1,p_5211,s_339,2018-08-12 21:09:50,93.63,6.92
o_006024,1,p_3253,s_685,2017-06-25 13:54:28,112.9,7.18
o_006024,2,p_1956,s_544,2017-06-25 13:54:28,21.19,8.65
o_006024,3,p_3951,s_196,2017-06-25 13:54:28,60.56,10.89
o_006025,1,p_6169,s_626,2018-04-14 16:05:37,72.05,12.21
o_006025,2,p_9362,s_482,2018-04-14 16:05:37,60.76,13.03
o_006026,1,p_5746,s_476,2018-08-24 20:20:18,56.79,12.48
o_006026,2,p_3940,s_861,2018-08-24 20:20:18,28.41,12.57
o_006027,1,p_9779,s_413,2018-03-26 16:52:53,494.92,18.94
o_006028,1,p_4194,s_723,2017-06-30 15:58:22,91.12,14.88
o_006028,2,p_6498,s_381,2017-06-30 15:58:22,24.21,14.35
o_006029,1,p_4515,s_815,2017-05-28 20:23:11,45.28,11.49
o_006030,1,p_6646,s_521,2017-03-04 09:12:35,303.74,25.42
o_006031,1,p_1750,s_756,2018-06-23 20:32:41,129.14,12.26
o_006032,1,p_4748,s_237,2018-07-30 14:44:55,391.06,11.02
o_006033,1,p_1368,s_474,2018-04-15 07:33:08,33.21,15.71
o_006034,1,p_2028,s_405,2018-03-20 18:58:24,111.32,28.54
o_006035,1,p_6238,s_158,2018-02-28 17:44:40,122.69,12.68
o_006035,2,p_9721,s_769,2018-02-28 17:44:40,45.94,12.51
o_006036,1,p_1233,s_730,2018-03-28 17:45:55,297.11,28.12
o_006037,1,p_4387,s_440,2017-12-01 12:40:52,467.68,23.32
o_006038,1,p_6474,s_781,2018-03-29 14:23:10,45.6,12.14
o_006039,1,p_1836,s_464,2018-08-08 13:28:44,21.21,10.83
o_006040,1,p_9390,s_890,2018-06-25 12:08:51,186.17,27.93
o_006041,1,p_4112,s_355,2017-02-24 18:42:23,130.67,14.71
o_006042,1,p_8507,s_689,2017-11-20 15:26:26,63.3,15.89
o_006043,1,p_6908,s_372,2017-12-30 15:36:06,176.07,10.67
o_006044,1,p_9337,s_350,2018-03-19 12:13:39,110.32,13.19
o_006045,1,p_4161,s_738,2018-03-31 21:14:20,280.33,16.4
o_006046,1,p_7456,s_523,2017-09-20 18:55:38,195.31,24.64
o_006046,2,p_2904,s_658,2017-09-20 18:55:38,54.55,25.28
o_006046,3,p_9717,s_332,2017-09-20 18:55:38,27.33,22.69
o_006047,1,p_5490,s_324,2017-12-07 20:06:43,41.22,24.4
o_006048,1,p_1622,s_204,2018-03-21 09:16:48,181.04,29.48
o_006048,2,p_6040,s_214,2018-03-21 09:16:48,233.72,26.32
o_006049,1,p_7017,s_300,2018-08-01 15:27:44,108.79,6.34
o_006050,1,p_8502,s_425,2017-01-09 07:10:39,17.06,22.17
o_006051,1,p_3549,s_839,2018-06-16 20:10:49,247.77,14.58
o_006052,1,p_7295,s_354,2017-04-11 14:09:39,244.07,11.57
o_006053,1,p_5756,s_451,2017-06-22 09:32:37,25.3,6.68
o_006054,1,p_9283,s_661,2018-01-22 17:48:06,32.8,9.47
o_006055,1,p_8361,s_544,2018-06-18 10:21:25,244.83,12.72
o_006056,1,p_5245,s_129,2017-07-07 16:13:24,84.94,27.2
o_006057,1,p_4372,s_625,2017-07-31 09:43:04,124.67,12.18
o_006058,1,p_7928,s_650,2017-11-29 09:53:15,424.2,11.62
o_006058,2,p_6972,s_230,2017-11-29 09:53:15,125.58,12.49
o_006059,1,p_1191,s_608,2017-03-04 12:00:59,227.94,11.3
o_006060,1,p_8792,s_173,2017-06-24 11:58:56,142.41,19.85
o_006061,1,p_4685,s_171,2017-10-10 08:29:31,92.08,29.79
o_006062,1,p_4259,s_215,2018-04-15 07:29:36,29.12,16.29
o_006063,1,p_3548,s_665,2018-03-26 10:39:25,154.58,67.16
o_006064,1,p_4280,s_690,2018-08-11 14:04:15,43.93,13.27
o_006064,2,p_1385,s_336,2018-08-11 14:04:15,265.75,9.96
o_006065,1,p_7607,s_607,2018-07-22 09:51:48,111.57,11.15
o_006066,1,p_5370,s_108,2017-10-23 07:40:53,61.1,16.43
o_006067,1,p_1837,s_105,2017-10-31 15:17:33,146.37,23.56
o_006068,1,p_2026,s_380,2017-08-16 22:29:44,289.91,25.75
o_006069,1,p_4708,s_585,2017-04-09 12:09:53,37.99,18.01
o_006069,2,p_2244,s_998,2017-04-09 12:09:53,58.04,19.01
o_006069,3,p_7940,s_168,2017-04-09 12:09:53,170.11,15.33
o_006070,1,p_6438,s_236,2017-03-05 20:31:31,69.92,7.96
o_006071,1,p_6732,s_678,2018-03-30 19:20:31,30.69,29.61
o_006072,1,p_7206,s_342,2017-08-21 07:21:30,57.73,10.29
o_006072,2,p_3148,s_984,2017-08-21 07:21:30,109.99,12.49
o_006073,1,p_6602,s_930,2018-03-27 11:48:59,103.49,14.48
o_006073,2,p_4558,s_527,2018-03-27 11:48:59,73.64,19.98
o_006073,3,p_4802,s_397,2018-03-27 11:48:59,105.73,15.16
o_006074,1,p_4882,s_776,2017-04-01 12:16:56,212.25,28.87
o_006075,1,p_1075,s_898,2018-05-24 15:41:08,31.21,8.82
o_006076,1,p_9760,s_500,2017-01-27 10:38:47,26.96,7.65
o_006077,1,p_3016,s_596,2018-07-02 11:56:25,41.62,10.48
o_006078,1,p_4877,s_977,2018-08-13 11:27:19,129.98,26.24
o_006079,1,p_2987,s_505,2018-04-14 21:47:28,17.88,28.19
o_006080,1,p_4373,s_242,2017-06-13 12:30:03,72.66,18.11
o_006081,1,p_1916,s_795,2017-12-02 15:08:24,103.53,63.05
o_006082,1,p_8379,s_338,2018-07-10 18:51:12,375.02,18.74
o_006083,1,p_6973,s_699,2017-12-19 06:14:02,173.94,24.21
o_006084,1,p_7390,s_615,2018-01-10 11:57:25,52.98,16.71
o_006085,1,p_8661,s_151,2017-04-17 10:23:01,119.72,7.02
o_006086,1,p_3110,s_149,2017-05-15 21:16:11,51.17,62.44
o_006087,1,p_9094,s_485,2017-02-15 09:08:12,215.93,6.94
o_006088,1,p_2565,s_481,2018-08-07 13:12:07,116.74,16.34
o_006089,1,p_9911,s_191,2018-01-25 14:10:47,39.26,5.62
o_006090,1,p_6185,s_457,2017-01-28 21:14:17,72.45,16.96
o_006091,1,p_7097,s_611,2017-08-07 08:23:27,36.62,9.94
o_006092,1,p_8349,s_238,2017-12-27 11:16:21,94.76,25.25
o_006093,1,p_5623,s_944,2018-04-10 14:00:43,31.59,17.65
o_006094,1,p_4311,s_203,2018-08-27 07:44:41,219.06,25.74
o_006095,1,p_6429,s_465,2018-05-27 11:39:22,298.7,19.47
o_006096,1,p_8484,s_593,2017-09-18 06:43:26,37.75,10.37
o_006097,1,p_9391,s_461,2018-07-10 10:23:10,60.67,9.5
o_006098,1,p_3007,s_534,2018-08-29 19:58:09,104.06,14.78
o_006099,1,p_5599,s_897,2018-04-28 20:04:47,317.37,19.42
o_006100,1,p_5777,s_136,2017-05-15 19:28:47,380.91,6.01
o_006101,1,p_1403,s_216,2017-07-30 10:56:22,97.12,22.81
o_006102,1,p_9894,s_368,2018-09-01 18:24:44,45.77,17.86
o_006103,1,p_4019,s_724,2018-04-14 11:32:56,255.66,8.32
o_006104,1,p_6428,s_629,2018-01-21 19:14:36,89.58,15.32
o_006105,1,p_3300,s_130,2018-04-01 18:20:55,75.39,29.53
o_006106,1,p_6065,s_328,2018-07-03 07:52:15,68.8,14.98
o_006106,2,p_5859,s_393,2018-07-03 07:52:15,249.88,13.84
o_006107,1,p_1431,s_428,2018-07-06 12:14:18,172.77,7.93
o_006108,1,p_8467,s_607,2018-01-18 00:57:25,120.89,65.78
o_006108,2,p_8806,s_248,2018-01-18 00:57:25,69.47,63.51
o_006109,1,p_3923,s_740,2017-06-01 12:29:20,318.86,12.69
o_006109,2,p_3299,s_899,2017-06-01 12:29:20,277.31,10.61
o_006110,1,p_6869,s_174,2018-03-03 14:29:58,19.59,12.01
o_006111,1,p_1879,s_537,2017-02-17 08:26:25,144.85,14.11
o_006112,1,p_2286,s_420,2018-01-24 13:47:16,94.98,8.84
o_006113,1,p_2348,s_539,2017-07-23 07:43:48,49.74,15.07
o_006113,2,p_4163,s_873,2017-07-23 07:43:48,141.87,19.63
o_006114,1,p_3844,s_165,2018-03-24 14:32:33,347.06,5.65
o_006115,1,p_8198,s_429,2017-02-17 16:47:35,102.62,12.87
o_006116,1,p_2688,s_180,2018-02-13 13:01:43,166.37,66.81
o_006117,1,p_7764,s_677,2017-08-26 17:52:39,69.71,10.25
o_006118,1,p_9553,s_734,2017-04-23 10:56:11,174.46,24.9
o_006118,2,p_4396,s_109,2017-04-23 10:56:11,307.49,25.14
o_006118,3,p_8419,s_578,2017-04-23 10:56:11,28.6,27.42
o_006119,1,p_3376,s_941,2017-07-22 14:03:06,27.24,15.61
o_006120,1,p_7715,s_125,2017-07-27 05:18:52,39.27,17.7
o_006121,1,p_7367,s_949,2017-11-14 08:08:45,29.9,8.5
o_006122,1,p_8721,s_193,2018-08-26 18:31:08,28.21,11.61
o_006123,1,p_8275,s_565,2018-08-13 14:51:45,105.38,6.17
o_006124,1,p_9200,s_786,2018-07-21 15:04:04,143.42,27.92
o_006125,1,p_4975,s_208,2018-06-13 10:32:47,35.21,18.74
o_006126,1,p_6982,s_862,2017-09-08 12:38:06,37.92,6.2
o_006126,2,p_1817,s_888,2017-09-08 12:38:06,34.72,10.44
o_006126,3,p_9915,s_466,2017-09-08 12:38:06,273.01,8.05
o_006127,1,p_3538,s_224,2018-05-01 09:06:34,43.22,22.41
o_006127,2,p_1962,s_749,2018-05-01 09:06:34,40.02,24.68
o_006127,3,p_4976,s_623,2018-05-01 09:06:34,73.91,24.54
o_006128,1,p_6031,s_450,2018-06-13 03:37:15,537.03,6.84
o_006129,1,p_1206,s_909,2018-03-19 19:03:33,171.29,24.67
o_006130,1,p_7146,s_304,2018-07-29 13:17:31,53.37,29.37
o_006131,1,p_5847,s_413,2017-10-09 04:11:56,128.42,6.94
o_006132,1,p_7702,s_807,2018-05-03 09:36:09,60.88,17.45
o_006133,1,p_8157,s_698,2017-05-15 06:44:16,38.35,15.35
o_006134,1,p_7424,s_530,2018-05-03 11:49:30,116.49,12.36
o_006135,1,p_8443,s_846,2018-05-24 12:30:03,55.35,15.81
o_006136,1,p_8863,s_829,2018-03-23 14:47:13,204.07,13.18
o_006137,1,p_5453,s_684,2017-07-06 16:31:47,214.16,7.47
o_006138,1,p_5128,s_644,2017-11-30 14:49:51,18.13,9.17
o_006139,1,p_5908,s_902,2017-06-14 10:17:34,139.12,13.94
o_006140,1,p_8860,s_216,2017-02-09 23:17:02,91.0,17.28
o_006141,1,p_8110,s_227,2018-05-10 11:17:28,133.63,16.81
o_006141,2,p_9431,s_484,2018-05-10 11:17:28,70.01,15.17
o_006142,1,p_9266,s_598,2017-12-09 18:13:13,109.14,25.39
o_006143,1,p_6752,s_902,2017-06-14 06:16:23,164.16,10.6
o_006144,1,p_5244,s_911,2018-02-06 10:07:05,101.72,8.82
o_006145,1,p_9721,s_248,2018-06-26 09:35:54,197.48,5.56
o_006146,1,p_5099,s_648,2018-06-07 19:02:57,16.59,19.65
o_006147,1,p_7270,s_783,2018-05-18 13:29:07,15.12,7.93
o_006148,1,p_1725,s_309,2018-03-12 15:55:14,18.17,28.61
o_006148,2,p_8535,s_894,2018-03-12 15:55:14,120.14,25.27
o_006149,1,p_2844,s_546,2018-07-17 12:37:42,68.78,19.1
o_006150,1,p_9402,s_832,2017-03-23 19:19:01,33.93,62.38
o_006150,2,p_9164,s_465,2017-03-23 19:19:01,916.28,68.35
o_006151,1,p_1140,s_661,2017-12-31 09:42:10,124.28,6.77
o_006151,2,p_5580,s_114,2017-12-31 09:42:10,36.31,11.07
o_006152,1,p_1439,s_634,2018-03-08 11:46:37,137.3,9.89
o_006153,1,p_9089,s_101,2018-02-24 11:39:18,85.46,12.05
o_006154,1,p_8963,s_699,2018-05-02 15:40:17,166.5,23.41
o_006155,1,p_6303,s_177,2018-05-20 20:55:55,51.05,11.32
o_006156,1,p_2540,s_769,2017-10-22 13:40:27,212.26,16.96
o_006157,1,p_2089,s_179,2018-02-19 18:57:10,30.15,11.57
o_006158,1,p_6034,s_434,2017-02-12 11:20:37,46.2,24.28
o_006159,1,p_8818,s_215,2018-05-12 12:56:02,206.49,23.78
o_006160,1,p_9646,s_485,2017-10-08 11:14:59,158.21,26.79
o_006161,1,p_6212,s_287,2018-07-06 13:10:24,43.32,69.15
o_006162,1,p_6475,s_456,2018-03-27 16:09:58,124.28,17.42
o_006163,1,p_1566,s_627,2018-08-06 15:50:45,122.06,13.75
o_006163,2,p_2885,s_235,2018-08-06 15:50:45,24.95,18.91
o_006164,1,p_1838,s_447,2017-04-15 14:40:45,238.72,19.33
o_006165,1,p_5125,s_378,2018-02-06 11:32:18,153.78,19.22
o_006166,1,p_1720,s_981,2017-03-03 14:26:05,46.88,6.02
o_006167,1,p_8170,s_479,2018-01-11 15:02:21,126.21,28.8
o_006168,1,p_9738,s_647,2017-08-30 20:06:11,147.96,27.74
o_006169,1,p_2437,s_205,2017-12-21 22:42:51,345.74,17.81
o_006169,2,p_3359,s_483,2017-12-21 22:42:51,229.9,18.26
o_006170,1,p_3794,s_319,2018-05-17 07:28:27,85.42,16.53
o_006171,1,p_2748,s_524,2018-08-20 08:22:42,38.77,6.36
o_006172,1,p_3462,s_631,2018-08-22 10:31:33,65.9,19.73
o_006173,1,p_3947,s_495,2017-10-22 07:34:22,282.8,15.32
o_006174,1,p_1272,s_911,2018-06-28 11:59:37,97.74,15.55
o_006175,1,p_8017,s_995,2018-03-24 19:30:36,39.01,6.94
o_006176,1,p_8866,s_987,2018-05-27 10:11:36,52.06,66.45
o_006177,1,p_7110,s_220,2017-07-18 18:47:57,207.73,9.49
o_006178,1,p_5132,s_685,2018-05-15 18:03:43,90.22,25.07
o_006179,1,p_5473,s_366,2017-07-07 11:49:23,18.43,65.8
o_006180,1,p_9200,s_394,2018-07-08 02:32:49,53.13,18.8
o_006181,1,p_3877,s_282,2018-03-30 17:05:45,174.18,16.43
o_006182,1,p_5786,s_610,2017-05-23 20:11:18,49.34,29.3
o_006183,1,p_9841,s_336,2018-04-22 14:56:01,164.12,5.61
o_006183,2,p_4486,s_854,2018-04-22 14:56:01,71.81,13.42
o_006184,1,p_7921,s_419,2018-03-11 07:54:33,107.0,16.88
o_006185,1,p_7006,s_836,2018-04-22 06:22:35,28.87,12.58
o_006186,1,p_7720,s_800,2018-07-31 11:13:21,200.9,12.53
o_006187,1,p_9775,s_677,2017-07-01 17:57:26,162.41,29.76
o_006188,1,p_5211,s_326,2017-07-07 16:19:31,222.56,10.57
o_006189,1,p_2770,s_666,2017-09-16 15:44:25,42.65,12.73
o_006190,1,p_6731,s_236,2017-12-24 18:41:46,172.92,11.99
o_006191,1,p_5432,s_114,2018-01-21 08:02:02,246.7,18.28
o_006192,1,p_8500,s_802,2018-04-20 08:57:50,83.58,19.75
o_006192,2,p_6197,s_835,2018-04-20 08:57:50,210.2,12.63
o_006193,1,p_5826,s_847,2017-06-17 08:33:25,214.5,13.71
o_006194,1,p_7408,s_573,2018-08-09 11:29:48,173.02,15.21
o_006195,1,p_3367,s_498,2018-04-15 07:58:18,45.37,7.43
o_006196,1,p_9061,s_250,2018-04-21 20:21:42,33.96,13.83
o_006197,1,p_2825,s_324,2018-02-17 15:56:01,105.18,69.8
o_006197,2,p_7287,s_981,2018-02-17 15:56:01,61.04,62.82
o_006198,1,p_9981,s_230,2018-03-29 13:27:34,297.68,18.07
o_006199,1,p_1206,s_895,2017-03-16 10:19:41,26.46,18.51
o_006200,1,p_3547,s_121,2018-03-31 17:07:39,32.99,18.94
o_006201,1,p_6239,s_287,2018-05-27 18:14:22,95.75,29.89
o_006202,1,p_6161,s_858,2017-11-17 17:34:46,144.92,7.15
o_006203,1,p_9123,s_722,2018-02-13 17:12:05,22.71,24.22
o_006204,1,p_1499,s_716,2018-08-02 15:32:39,223.36,12.41
o_006205,1,p_1161,s_720,2017-10-02 21:58:47,111.24,18.56
o_006206,1,p_9828,s_758,2018-03-16 16:13:16,264.48,6.48
o_006207,1,p_8499,s_528,2018-05-03 09:50:21,48.79,7.72
o_006208,1,p_7794,s_881,2018-04-21 13:48:01,142.02,12.69
o_006209,1,p_6128,s_740,2018-02-21 13:53:13,111.98,7.6
o_006210,1,p_7760,s_657,2017-09-20 19:42:04,146.2,12.08
o_006211,1,p_3115,s_929,2018-07-11 15:38:50,63.65,6.68
o_006212,1,p_6473,s_548,2018-03-31 14:25:37,132.03,63.9
o_006212,2,p_1259,s_555,2018-03-31 14:25:37,121.53,66.21
o_006213,1,p_5555,s_134,2017-12-17 09:40:45,72.04,9.17
o_006214,1,p_6904,s_637,2018-06-28 23:38:46,305.67,28.4
o_006215,1,p_1058,s_130,2018-03-07 12:27:50,402.61,6.66
o_006216,1,p_7763,s_324,2018-08-12 08:18:12,222.82,18.34
o_006217,1,p_6591,s_620,2018-03-29 20:09:50,444.95,8.03
o_006218,1,p_8468,s_905,2017-12-09 16:27:15,28.93,8.45
o_006218,2,p_3883,s_739,2017-12-09 16:27:15,179.03,9.61
o_006219,1,p_7764,s_414,2018-04-21 17:42:05,146.86,10.54
o_006220,1,p_5885,s_303,2018-02-20 11:38:52,148.23,16.55
o_006221,1,p_4276,s_258,2018-06-06 12:36:52,33.87,12.71
o_006222,1,p_9233,s_220,2017-06-27 22:14:35,32.57,29.35
o_006223,1,p_5349,s_938,2018-01-21 11:52:26,60.39,11.75
o_006224,1,p_6044,s_763,2018-05-18 18:42:07,123.32,27.88
o_006225,1,p_6133,s_753,2018-02-24 16:56:53,78.04,12.42
o_006226,1,p_7233,s_318,2018-01-11 10:03:52,277.43,12.07
o_006226,2,p_9778,s_489,2018-01-11 10:03:52,48.14,9.43
o_006226,3,p_1007,s_118,2018-01-11 10:03:52,36.39,12.98
o_006227,1,p_6860,s_951,2018-03-30 04:21:17,96.7,24.57
o_006228,1,p_8357,s_575,2017-10-01 18:27:59,251.52,9.37
o_006229,1,p_2388,s_712,2018-08-18 11:46:09,377.14,7.12
o_006230,1,p_3943,s_230,2018-07-15 11:14:23,55.59,14.62
o_006231,1,p_9263,s_383,2017-10-25 14:58:47,334.89,28.76
o_006232,1,p_2496,s_606,2017-07-15 11:27:40,240.89,29.04
o_006233,1,p_8012,s_666,2017-10-01 12:42:48,43.97,6.87
o_006234,1,p_6107,s_547,2017-10-20 23:15:03,302.95,69.06
o_006235,1,p_5480,s_507,2018-02-11 16:00:15,193.24,26.37
o_006236,1,p_5032,s_772,2018-07-22 15:58:30,156.26,16.91
o_006237,1,p_8680,s_459,2018-02-18 18:52:14,57.22,27.86
o_006238,1,p_6112,s_516,2018-06-17 15:51:00,108.97,12.06
o_006239,1,p_6795,s_460,2017-01-29 11:17:24,79.63,19.34
o_006240,1,p_9277,s_441,2018-07-21 01:49:22,246.53,11.41
o_006241,1,p_7581,s_460,2018-06-02 22:09:19,48.9,19.91
o_006242,1,p_3797,s_707,2018-07-28 14:20:06,210.64,12.94
o_006243,1,p_9593,s_803,2018-07-29 18:01:36,24.92,9.74
o_006244,1,p_6162,s_740,2018-04-20 01:35:26,230.19,23.15
o_006245,1,p_9850,s_383,2017-03-07 20:44:39,87.63,18.51
o_006246,1,p_6341,s_478,2018-08-07 21:43:45,32.99,11.47
o_006247,1,p_6676,s_436,2018-05-15 11:53:01,335.71,7.06
o_006247,2,p_5411,s_780,2018-05-15 11:53:01,70.49,12.35
o_006248,1,p_6201,s_636,2018-06-14 12:48:06,61.22,28.24
o_006249,1,p_8692,s_644,2018-06-13 10:28:20,48.17,13.45
o_006250,1,p_7945,s_660,2017-06-30 17:10:05,210.65,25.24
o_006251,1,p_1207,s_690,2018-06-02 18:44:26,137.59,24.82
o_006252,1,p_1643,s_612,2017-01-10 07:51:12,102.03,14.81
o_006253,1,p_5817,s_296,2017-06-30 21:09:35,283.12,16.34
o_006254,1,p_7314,s_805,2018-05-21 18:16:01,396.19,10.99
o_006255,1,p_7609,s_781,2018-01-30 09:45:16,166.69,13.42
o_006256,1,p_7825,s_765,2018-06-12 19:08:08,130.17,22.76
o_006256,2,p_9932,s_946,2018-06-12 19:08:08,22.74,24.22
o_006257,1,p_5066,s_575,2018-05-07 20:15:01,175.19,7.13
o_006258,1,p_1162,s_353,2017-07-27 09:42:16,29.68,29.89
o_006259,1,p_7650,s_171,2018-05-28 14:00:26,676.14,19.95
o_006260,1,p_1918,s_449,2017-06-11 19:16:11,244.34,26.54
o_006261,1,p_7212,s_196,2017-08-02 17:38:58,111.42,25.51
o_006262,1,p_2328,s_595,2018-08-16 14:39:19,105.71,13.89
o_006263,1,p_8939,s_561,2018-04-09 04:05:01,78.34,28.47
o_006264,1,p_8132,s_436,2018-07-13 15:54:36,86.68,27.87
o_006265,1,p_3392,s_572,2017-09-13 13:24:33,386.26,10.19
o_006266,1,p_2513,s_334,2017-04-20 07:57:27,165.97,63.03
o_006266,2,p_5297,s_569,2017-04-20 07:57:27,33.45,63.4
o_006266,3,p_6553,s_873,2017-04-20 07:57:27,26.15,65.83
o_006267,1,p_9677,s_973,2018-03-15 21:19:04,78.35,12.79
o_006268,1,p_8297,s_259,2017-01-18 13:47:12,49.2,23.88
o_006269,1,p_5273,s_117,2018-03-07 16:17:55,292.09,24.54
o_006270,1,p_6230,s_192,2018-01-25 17:07:48,190.22,27.44
o_006271,1,p_6037,s_288,2018-03-11 12:58:16,190.52,13.6
o_006272,1,p_6458,s_231,2017-05-23 09:27:47,32.45,12.98
o_006273,1,p_5521,s_261,2017-11-16 10:58:25,450.09,18.11
o_006274,1,p_4117,s_759,2017-09-23 16:18:08,50.76,6.99
o_006274,2,p_9818,s_794,2017-09-23 16:18:08,69.02,5.83
o_006275,1,p_9486,s_977,2018-02-14 13:22:50,45.82,66.63
o_006276,1,p_5873,s_291,2018-06-27 19:25:17,231.88,11.88
o_006277,1,p_7876,s_198,2017-02-26 08:57:44,17.31,27.85
o_006278,1,p_3958,s_281,2017-10-22 13:50:43,519.45,15.89
o_006279,1,p_2137,s_268,2018-02-26 12:12:31,102.41,6.84
o_006280,1,p_9656,s_828,2017-04-21 16:18:21,22.79,24.26
o_006281,1,p_5100,s_590,2017-08-19 18:32:41,243.2,14.69
o_006282,1,p_9461,s_988,2018-01-10 23:36:04,38.2,16.11
o_006283,1,p_8869,s_696,2017-11-10 16:18:45,39.95,8.62
o_006283,2,p_6418,s_689,2017-11-10 16:18:45,344.48,7.24
o_006284,1,p_3903,s_914,2018-02-07 20:27:03,343.34,11.96
o_006285,1,p_5976,s_618,2018-06-21 12:18:33,73.63,19.49
o_006286,1,p_7287,s_365,2018-08-07 19:35:48,36.32,7.62
o_006287,1,p_3796,s_350,2017-07-01 13:16:08,76.29,8.45
o_006288,1,p_6694,s_677,2018-04-06 09:01:13,20.4,16.38
o_006289,1,p_9308,s_653,2017-01-06 09:29:26,340.17,66.34
o_006290,1,p_1144,s_412,2017-05-21 14:36:01,102.78,14.74
o_006291,1,p_5901,s_846,2017-11-24 12:34:10,233.53,9.04
o_006292,1,p_2854,s_470,2017-10-21 11:19:35,22.74,12.42
o_006293,1,p_8936,s_240,2018-03-21 15:03:04,104.44,18.09
o_006294,1,p_3722,s_392,2018-03-29 13:47:00,19.14,11.72
o_006295,1,p_1063,s_443,2017-11-01 17:37:19,17.87,18.12
o_006296,1,p_2668,s_745,2017-04-21 16:40:23,36.43,28.72
o_006297,1,p_8636,s_993,2017-08-10 18:23:26,89.48,11.34
o_006298,1,p_6312,s_732,2018-06-11 20:19:56,313.54,12.47
o_006299,1,p_7335,s_567,2018-08-23 06:44:46,34.28,7.78
o_006300,1,p_7892,s_275,2018-02-28 21:58:10,94.77,25.11
o_006300,2,p_4768,s_448,2018-02-28 21:58:10,399.71,27.96
o_006301,1,p_5242,s_762,2017-04-25 08:56:48,34.33,28.85
o_006302,1,p_1032,s_956,2017-03-30 13:26:49,82.43,23.93
o_006303,1,p_3073,s_631,2018-03-05 15:44:13,69.83,17.95
o_006304,1,p_4250,s_118,2017-08-28 12:32:37,71.52,8.64
o_006305,1,p_7288,s_125,2017-06-01 17:46:05,32.47,6.34
o_006306,1,p_1504,s_653,2018-08-27 11:54:10,152.79,15.84
o_006307,1,p_7385,s_704,2018-07-29 15:12:05,52.69,11.26
o_006308,1,p_4992,s_413,2018-06-07 22:29:26,222.43,10.4
o_006309,1,p_2565,s_513,2017-04-12 12:31:18,163.31,12.6
o_006310,1,p_7721,s_346,2017-10-24 21:36:21,100.39,25.95
o_006311,1,p_5566,s_581,2017-07-07 20:53:34,95.35,17.38
o_006312,1,p_6638,s_224,2018-05-23 11:43:49,104.68,13.36
o_006313,1,p_8725,s_969,2017-12-08 16:06:33,102.6,6.65
o_006313,2,p_2400,s_246,2017-12-08 16:06:33,71.06,9.9
o_006314,1,p_3345,s_930,2017-09-28 14:18:45,131.23,27.47
o_006315,1,p_8717,s_171,2018-07-28 10:15:50,379.79,19.96
o_006316,1,p_1156,s_170,2017-05-12 02:01:56,216.5,22.31
o_006317,1,p_7070,s_880,2017-03-17 02:28:00,49.44,13.49
o_006317,2,p_1955,s_986,2017-03-17 02:28:00,289.1,6.8
o_006318,1,p_1180,s_717,2017-10-08 18:09:02,53.0,8.82
o_006319,1,p_7615,s_583,2017-02-28 12:26:48,329.14,29.38
o_006320,1,p_2034,s_614,2018-07-16 11:38:09,22.39,28.24
o_006320,2,p_8384,s_101,2018-07-16 11:38:09,160.54,24.21
o_006321,1,p_8684,s_260,2017-04-13 10:57:02,78.65,13.22
o_006322,1,p_3146,s_193,2018-07-26 13:41:28,225.63,10.7
o_006323,1,p_5166,s_869,2018-04-01 13:56:14,91.4,13.05
o_006324,1,p_2958,s_939,2018-03-19 16:43:51,236.31,16.74
o_006325,1,p_9353,s_703,2018-03-20 17:01:50,166.93,12.16
o_006326,1,p_4621,s_500,2017-11-28 16:42:45,25.43,28.94
o_006327,1,p_4518,s_115,2018-03-29 21:05:04,360.19,7.34
o_006328,1,p_8412,s_952,2017-04-28 11:50:31,66.41,6.44
o_006329,1,p_9305,s_990,2018-03-24 09:25:42,77.97,10.62
o_006330,1,p_2897,s_195,2018-07-28 06:07:54,220.95,7.42
o_006331,1,p_7387,s_210,2017-09-09 11:43:40,156.6,11.99
o_006332,1,p_7786,s_208,2018-01-17 21:47:12,126.58,18.53
o_006333,1,p_8665,s_837,2017-06-19 13:20:30,53.52,18.23
o_006334,1,p_3056,s_809,2018-03-21 13:37:56,191.65,12.91
o_006335,1,p_5765,s_753,2017-04-11 11:02:39,41.27,25.19
o_006336,1,p_1092,s_421,2018-07-31 20:37:43,34.88,23.57
o_006337,1,p_1488,s_273,2018-06-30 16:57:15,151.77,18.34
o_006338,1,p_8404,s_549,2018-04-20 12:18:13,49.08,63.94
o_006339,1,p_4257,s_478,2018-08-17 15:51:36,56.44,7.62
o_006340,1,p_2817,s_809,2018-08-19 14:55:29,117.71,25.14
o_006341,1,p_4440,s_577,2017-10-18 15:01:29,41.98,7.15
o_006341,2,p_7058,s_477,2017-10-18 15:01:29,80.2,9.12
o_006341,3,p_8157,s_845,2017-10-18 15:01:29,53.25,8.95
o_006342,1,p_1196,s_146,2018-04-26 12:52:05,228.17,13.09
o_006343,1,p_2261,s_937,2018-03-12 12:57:09,21.54,64.97
o_006344,1,p_2223,s_971,2018-07-21 11:24:48,43.95,23.43
o_006345,1,p_8436,s_482,2018-08-01 20:05:58,201.99,14.56
o_006346,1,p_9020,s_287,2017-08-09 20:35:17,147.76,68.78
o_006347,1,p_7418,s_570,2018-01-10 10:55:00,48.08,10.88
o_006348,1,p_3074,s_190,2018-02-19 10:34:12,83.4,15.65
o_006348,2,p_8608,s_943,2018-02-19 10:34:12,206.84,15.19
o_006349,1,p_6949,s_750,2018-06-07 17:09:07,95.43,16.19
o_006350,1,p_9315,s_244,2018-06-12 17:22:07,133.91,13.09
o_006351,1,p_6295,s_102,2018-06-28 18:35:55,27.86,11.15
o_006352,1,p_4709,s_876,2018-04-29 15:11:35,85.43,28.11
o_006353,1,p_3414,s_896,2017-06-06 16:51:23,133.09,28.97
o_006354,1,p_4758,s_834,2018-05-30 18:58:23,158.63,9.67
o_006355,1,p_8302,s_769,2018-03-31 20:21:06,83.1,24.5
o_006356,1,p_3497,s_523,2018-02-27 07:30:25,244.5,65.37
o_006357,1,p_3546,s_331,2017-10-30 19:17:23,268.84,28.52
o_006358,1,p_5769,s_545,2017-08-16 13:23:45,419.16,14.36
o_006359,1,p_4870,s_635,2017-05-11 06:00:25,243.38,29.43
o_006360,1,p_1545,s_599,2017-02-13 13:56:38,406.8,6.38
o_006361,1,p_3522,s_451,2018-05-23 14:59:48,75.71,9.72
o_006362,1,p_5813,s_352,2018-05-26 09:53:15,101.48,15.96
o_006363,1,p_9798,s_462,2017-02-26 14:09:40,99.63,14.0
o_006364,1,p_4556,s_345,2017-04-20 19:54:41,189.55,8.42
o_006365,1,p_3029,s_856,2017-10-12 19:33:51,367.76,7.92
o_006366,1,p_3135,s_513,2017-05-02 19:47:37,369.52,22.08
o_006367,1,p_6377,s_897,2017-08-28 12:59:53,188.75,29.79
o_006368,1,p_8080,s_815,2017-10-27 15:52:29,22.32,14.82
o_006369,1,p_3426,s_806,2018-01-10 07:50:03,67.59,6.55
o_006370,1,p_5411,s_487,2017-05-15 14:16:15,228.89,14.26
o_006371,1,p_2875,s_944,2018-02-11 07:42:51,122.42,28.74
o_006372,1,p_9280,s_996,2017-05-21 16:35:01,76.35,66.96
o_006373,1,p_2586,s_815,2018-08-22 19:35:31,42.08,62.01
o_006374,1,p_1279,s_367,2017-09-18 22:59:24,121.18,8.48
o_006375,1,p_5750,s_844,2018-07-20 08:39:16,126.16,8.5
o_006376,1,p_1431,s_764,2018-07-01 21:37:16,128.03,12.8
o_006377,1,p_7871,s_225,2018-03-21 16:20:58,47.92,7.26
o_006378,1,p_8237,s_125,2018-06-18 14:56:31,24.09,19.03
o_006378,2,p_9440,s_237,2018-06-18 14:56:31,149.03,18.25
o_006379,1,p_2556,s_754,2018-06-30 20:36:43,175.11,8.38
o_006380,1,p_9918,s_312,2018-07-31 19:52:11,94.6,29.2
o_006381,1,p_2651,s_138,2018-06-24 20:42:54,15.21,14.44
o_006382,1,p_2516,s_940,2018-02-21 17:20:56,45.5,24.11
o_006383,1,p_1303,s_560,2018-03-09 17:40:08,109.03,10.72
o_006384,1,p_3481,s_262,2017-01-22 02:44:27,42.33,12.14
o_006385,1,p_9117,s_991,2017-07-13 17:41:31,164.43,16.53
o_006386,1,p_3854,s_256,2018-05-01 12:06:54,49.52,26.48
o_006387,1,p_4696,s_649,2017-02-08 09:00:28,159.66,7.74
o_006388,1,p_6040,s_300,2017-06-06 12:41:43,135.0,19.2
o_006389,1,p_9266,s_352,2018-04-13 10:13:19,276.77,11.43
o_006390,1,p_3880,s_343,2018-02-02 05:04:00,163.14,18.96
o_006390,2,p_6630,s_336,2018-02-02 05:04:00,72.13,12.23
o_006391,1,p_8348,s_166,2018-04-11 10:31:04,50.89,7.57
o_006392,1,p_4269,s_196,2018-05-23 10:10:46,210.73,68.27
o_006393,1,p_8293,s_296,2018-03-11 14:38:34,100.91,6.24
o_006394,1,p_4065,s_213,2017-05-30 15:02:23,169.28,11.73
o_006395,1,p_6883,s_133,2018-05-10 17:05:46,56.83,9.58
o_006396,1,p_6245,s_276,2018-07-23 14:20:05,227.28,23.77
o_006397,1,p_3621,s_268,2018-03-22 14:19:13,20.58,16.54
o_006398,1,p_4048,s_712,2017-04-14 19:47:54,208.21,28.14
o_006399,1,p_9950,s_906,2017-07-17 13:54:14,182.15,6.14
o_006400,1,p_1267,s_290,2017-04-29 14:21:51,17.61,9.57
o_006401,1,p_6236,s_849,2018-06-09 08:42:06,75.71,7.31
o_006402,1,p_4449,s_883,2017-09-12 14:43:25,279.85,26.73
o_006403,1,p_1092,s_891,2017-04-12 06:09:45,86.72,12.31
o_006404,1,p_9320,s_730,2018-08-23 09:00:29,167.73,17.51
o_006405,1,p_3896,s_210,2018-07-16 09:05:27,305.87,16.69
o_006406,1,p_6549,s_731,2018-01-28 11:47:09,45.08,22.45
o_006407,1,p_3212,s_850,2017-07-07 22:44:16,191.66,22.87
o_006408,1,p_5711,s_395,2018-07-18 08:21:27,144.43,8.75
o_006409,1,p_4356,s_817,2017-11-02 12:18:53,149.31,25.47
o_006409,2,p_2195,s_488,2017-11-02 12:18:53,26.31,27.49
o_006410,1,p_5203,s_671,2017-04-29 14:36:22,35.73,8.22
o_006411,1,p_8118,s_669,2017-06-19 22:43:57,39.73,25.84
o_006412,1,p_9137,s_502,2018-04-10 16:23:33,114.55,14.18
o_006413,1,p_7091,s_580,2018-05-24 12:21:44,195.77,11.33
o_006414,1,p_1025,s_139,2018-06-26 16:26:34,34.24,12.85
o_006415,1,p_2255,s_725,2017-07-18 04:41:55,19.91,12.58
o_006416,1,p_1545,s_193,2017-09-20 00:26:05,125.17,12.42
o_006417,1,p_3520,s_927,2018-02-18 18:32:51,95.02,14.26
o_006418,1,p_4855,s_853,2018-01-20 11:28:52,77.59,26.12
o_006419,1,p_5617,s_235,2018-07-27 17:41:18,54.56,63.77
o_006420,1,p_2058,s_795,2017-02-16 12:54:30,51.27,13.68
o_006421,1,p_8784,s_965,2018-06-07 05:27:42,102.84,9.74
o_006422,1,p_8489,s_889,2018-03-01 00:04:58,142.37,12.58
o_006423,1,p_1260,s_723,2017-04-14 20:02:14,199.01,8.4
o_006424,1,p_6277,s_314,2018-08-06 14:25:54,42.77,9.97
o_006424,2,p_1780,s_195,2018-08-06 14:25:54,38.29,12.3
o_006425,1,p_1829,s_889,2017-03-04 01:27:32,117.16,16.11
o_006426,1,p_3556,s_738,2018-01-22 14:36:27,422.01,23.1
o_006427,1,p_7323,s_610,2018-07-11 19:18:12,29.65,10.01
o_006428,1,p_8920,s_767,2018-01-07 08:27:36,47.29,68.17
o_006429,1,p_8221,s_269,2018-08-30 22:35:29,219.67,17.64
o_006430,1,p_5574,s_199,2018-02-06 12:32:20,141.77,10.95
o_006430,2,p_5429,s_512,2018-02-06 12:32:20,68.95,9.93
o_006430,3,p_1138,s_114,2018-02-06 12:32:20,97.23,10.34
o_006431,1,p_6143,s_681,2018-08-10 22:48:36,138.85,17.57
o_006432,1,p_4858,s_390,2018-04-27 22:12:52,513.28,8.4
o_006433,1,p_1602,s_717,2018-05-24 19:52:56,219.17,10.23
o_006434,1,p_3135,s_460,2018-01-19 20:42:03,358.04,17.89
o_006435,1,p_6648,s_101,2018-02-23 08:04:05,104.84,28.97
o_006435,2,p_2338,s_649,2018-02-23 08:04:05,149.29,22.16
o_006436,1,p_2638,s_899,2018-01-23 09:09:38,18.12,15.99
o_006437,1,p_4736,s_136,2017-11-27 07:58:56,239.34,5.95
o_006438,1,p_8593,s_796,2018-04-20 10:54:00,112.36,14.84
o_006438,2,p_4774,s_442,2018-04-20 10:54:00,61.83,13.09
o_006439,1,p_8754,s_769,2017-08-11 13:37:47,68.17,8.89
o_006440,1,p_3308,s_400,2017-02-16 13:57:23,221.53,19.66
o_006441,1,p_7815,s_918,2017-11-29 19:37:24,112.98,11.39
o_006442,1,p_8129,s_600,2017-01-17 05:16:06,72.84,26.9
o_006443,1,p_3388,s_741,2018-04-14 20:05:56,25.02,22.86
o_006444,1,p_9317,s_739,2017-05-18 18:42:17,38.17,12.24
o_006445,1,p_9509,s_107,2017-01-22 03:51:15,112.42,18.31
o_006446,1,p_4420,s_524,2017-12-27 21:07:07,26.95,18.55
o_006447,1,p_9706,s_893,2018-04-20 21:58:03,21.62,5.88
o_006448,1,p_9222,s_415,2017-09-20 21:09:55,55.53,10.61
o_006449,1,p_4300,s_450,2017-04-29 18:50:14,135.2,13.1
o_006450,1,p_2651,s_252,2017-06-14 12:59:24,44.32,8.26
o_006451,1,p_8352,s_642,2018-01-13 04:54:06,294.1,11.03
o_006452,1,p_5345,s_637,2018-08-21 13:54:39,115.5,12.86
o_006453,1,p_8574,s_187,2018-01-30 20:54:18,70.18,22.33
o_006454,1,p_6951,s_780,2017-07-18 03:07:21,322.21,28.41
o_006455,1,p_5020,s_386,2018-01-13 21:11:26,58.7,18.78
o_006455,2,p_9970,s_299,2018-01-13 21:11:26,104.78,18.67
o_006456,1,p_6113,s_436,2018-04-25 08:41:06,82.2,10.34
o_006457,1,p_2121,s_552,2018-07-21 16:26:31,53.5,19.09
o_006458,1,p_6045,s_312,2018-09-01 07:39:04,118.4,13.07
o_006459,1,p_1159,s_151,2017-12-16 10:32:04,96.49,7.01
o_006460,1,p_5937,s_403,2018-01-30 09:11:02,124.17,10.15
o_006461,1,p_9929,s_397,2017-11-29 14:46:48,144.31,15.55
o_006461,2,p_7676,s_168,2017-11-29 14:46:48,40.72,16.0
o_006462,1,p_8910,s_640,2018-07-16 13:54:21,57.06,11.84
o_006463,1,p_1011,s_429,2018-01-23 14:25:05,130.73,25.11
o_006463,2,p_5291,s_994,2018-01-23 14:25:05,249.66,22.18
o_006464,1,p_9232,s_159,2018-04-08 09:02:17,84.41,7.15
o_006465,1,p_4979,s_594,2017-10-09 06:29:30,99.9,23.52
o_006465,2,p_4330,s_321,2017-10-09 06:29:30,201.21,26.66
o_006466,1,p_9232,s_950,2017-09-29 19:48:28,36.81,27.41
o_006467,1,p_5957,s_449,2018-02-27 17:31:36,21.86,10.31
o_006468,1,p_9709,s_643,2017-08-13 17:07:38,62.93,15.58
o_006469,1,p_4868,s_370,2018-03-16 14:51:12,58.16,64.96
o_006470,1,p_2483,s_210,2017-08-15 11:27:09,170.4,15.56
o_006471,1,p_9273,s_888,2017-12-09 13:55:31,43.12,15.59
o_006472,1,p_7226,s_247,2017-01-21 23:14:09,232.51,16.98
o_006473,1,p_1014,s_305,2018-01-29 13:58:05,96.73,8.48
o_006474,1,p_8743,s_237,2017-06-26 18:25:49,80.99,13.17
o_006475,1,p_6270,s_598,2018-08-11 19:13:41,36.45,64.28
o_006475,2,p_2306,s_619,2018-08-11 19:13:41,198.09,62.54
o_006476,1,p_7850,s_667,2018-07-19 15:09:34,97.96,23.27
o_006476,2,p_9883,s_651,2018-07-19 15:09:34,513.34,24.42
o_006477,1,p_6011,s_940,2018-03-21 04:59:24,125.57,5.89
o_006478,1,p_4230,s_325,2018-01-12 19:24:42,52.05,23.93
o_006478,2,p_4115,s_335,2018-01-12 19:24:42,58.55,26.09
o_006479,1,p_3286,s_820,2018-07-27 14:34:33,282.21,13.81
o_006480,1,p_3523,s_174,2018-03-23 19:55:46,141.83,9.51
o_006481,1,p_3898,s_954,2018-08-31 18:12:05,236.06,13.91
o_006482,1,p_7023,s_375,2018-03-19 13:36:56,458.01,9.95
o_006483,1,p_3214,s_372,2018-07-24 10:24:37,178.85,63.29
o_006484,1,p_6838,s_165,2018-09-01 16:16:00,173.49,7.99
o_006485,1,p_8226,s_278,2017-07-23 14:59:15,373.53,9.09
o_006486,1,p_8857,s_219,2017-09-19 14:56:56,132.31,10.71
o_006487,1,p_3983,s_713,2017-05-15 16:10:40,32.61,15.92
o_006488,1,p_9300,s_461,2018-03-09 13:58:43,191.77,22.9
o_006489,1,p_4035,s_346,2017-01-23 21:09:19,108.46,16.3
o_006490,1,p_8647,s_994,2018-01-23 21:39:30,56.96,16.8
o_006491,1,p_2222,s_219,2017-04-14 00:13:45,145.69,13.28
o_006492,1,p_5673,s_720,2018-04-30 21:29:08,110.34,19.34
o_006492,2,p_6306,s_120,2018-04-30 21:29:08,94.55,19.78
o_006493,1,p_1654,s_247,2018-02-16 21:39:20,161.06,11.69
o_006493,2,p_6626,s_215,2018-02-16 21:39:20,55.93,7.87
o_006493,3,p_7111,s_571,2018-02-16 21:39:20,22.72,12.69
o_006494,1,p_9223,s_101,2017-07-08 16:01:14,281.38,24.64
o_006495,1,p_3660,s_142,2017-04-13 13:45:20,167.55,12.13
o_006496,1,p_2782,s_711,2018-08-01 08:39:25,216.07,29.77
o_006496,2,p_2674,s_362,2018-08-01 08:39:25,626.5,24.99
o_006497,1,p_4356,s_142,2017-02-18 06:15:19,70.85,14.23
o_006498,1,p_4361,s_964,2018-03-20 15:49:31,25.17,7.28
o_006499,1,p_9350,s_927,2018-08-07 13:59:15,180.2,7.18
o_006500,1,p_6073,s_478,2017-05-01 14:15:28,134.43,66.26
o_006501,1,p_8345,s_656,2018-07-28 14:00:51,57.24,22.8
o_006502,1,p_8903,s_456,2018-02-25 07:54:28,106.89,16.55
o_006503,1,p_6169,s_887,2017-11-23 16:52:29,103.26,16.42
o_006504,1,p_2767,s_367,2018-03-27 07:05:04,79.09,12.59
o_006505,1,p_6069,s_446,2018-02-06 20:09:20,188.81,26.44
o_006505,2,p_2213,s_251,2018-02-06 20:09:20,87.89,28.19
o_006506,1,p_8345,s_844,2017-03-23 20:45:49,216.02,26.52
o_006507,1,p_4235,s_106,2018-08-29 10:11:02,75.85,17.8
o_006508,1,p_3158,s_784,2017-01-21 13:12:23,56.98,6.91
o_006509,1,p_9667,s_507,2018-03-03 10:18:54,30.22,8.17
o_006510,1,p_2157,s_874,2018-02-10 15:33:37,662.68,25.42
o_006511,1,p_2659,s_485,2018-05-02 07:58:20,46.19,9.05
o_006512,1,p_9097,s_605,2017-03-20 10:08:56,150.95,10.25
o_006513,1,p_3923,s_541,2017-07-19 10:45:56,47.39,12.68
o_006514,1,p_8833,s_844,2017-11-23 08:17:03,45.03,10.75
o_006515,1,p_6839,s_243,2017-08-15 08:23:55,256.91,19.94
o_006516,1,p_5694,s_662,2018-02-09 19:16:59,17.57,12.55
o_006517,1,p_6207,s_330,2017-04-17 18:10:02,69.44,10.77
o_006517,2,p_8398,s_188,2017-04-17 18:10:02,150.07,11.81
o_006518,1,p_4244,s_620,2018-03-29 15:24:11,29.38,28.95
o_006519,1,p_3480,s_163,2018-08-26 16:39:09,28.89,17.79
o_006520,1,p_3944,s_575,2017-06-16 13:23:38,21.14,14.62
o_006521,1,p_5850,s_383,2017-02-24 11:02:24,39.4,10.14
o_006522,1,p_1427,s_823,2018-01-06 19:19:42,174.03,22.76
o_006522,2,p_2319,s_149,2018-01-06 19:19:42,201.59,26.41
o_006523,1,p_1254,s_659,2018-08-08 15:58:05,114.04,6.39
o_006523,2,p_6770,s_639,2018-08-08 15:58:05,343.36,8.69
o_006523,3,p_9650,s_636,2018-08-08 15:58:05,111.81,7.72
o_006524,1,p_6133,s_320,2017-04-24 12:47:24,118.27,16.17
o_006525,1,p_7620,s_581,2018-03-15 07:04:41,68.0,16.73
o_006526,1,p_6541,s_800,2018-03-10 19:02:40,73.96,16.11
o_006527,1,p_6132,s_728,2018-06-25 10:38:28,32.42,13.87
o_006528,1,p_7227,s_606,2018-02-02 20:17:53,340.16,19.87
o_006529,1,p_5067,s_311,2017-05-29 09:08:31,109.88,15.02
o_006530,1,p_7491,s_982,2017-12-28 17:40:30,29.7,11.18
o_006531,1,p_1417,s_190,2018-03-21 06:46:29,113.49,14.54
o_006532,1,p_7078,s_622,2018-08-15 12:35:35,42.15,10.26
o_006533,1,p_7874,s_911,2017-08-01 13:53:19,103.32,19.67
o_006533,2,p_3387,s_602,2017-08-01 13:53:19,55.54,14.68
o_006534,1,p_1387,s_152,2018-05-01 14:00:02,22.0,19.52
o_006535,1,p_5492,s_352,2018-04-01 14:12:21,59.3,18.03
o_006536,1,p_5836,s_900,2017-01-16 13:54:26,399.46,7.18
o_006537,1,p_7775,s_525,2017-10-14 18:56:09,79.53,11.02
o_006538,1,p_2753,s_453,2017-02-13 14:54:27,238.83,28.94
o_006539,1,p_5847,s_546,2017-01-09 07:25:01,167.35,8.8
o_006539,2,p_2619,s_732,2017-01-09 07:25:01,76.06,10.33
o_006540,1,p_9200,s_684,2018-03-04 18:25:46,510.2,6.06
o_006540,2,p_2647,s_251,2018-03-04 18:25:46,68.45,13.33
o_006541,1,p_4008,s_454,2017-05-21 16:48:10,263.85,12.9
o_006541,2,p_1426,s_272,2017-05-21 16:48:10,45.03,7.1
o_006542,1,p_1521,s_377,2018-06-28 13:11:24,199.19,6.47
o_006543,1,p_3118,s_381,2018-01-22 13:24:17,140.7,69.92
o_006544,1,p_6263,s_298,2017-04-19 12:11:07,30.94,15.59
o_006545,1,p_4007,s_515,2018-02-26 09:14:59,269.12,17.35
o_006546,1,p_4020,s_478,2017-06-28 17:20:45,359.2,6.02
o_006547,1,p_9840,s_812,2018-03-22 13:19:31,90.74,25.98
o_006548,1,p_2639,s_444,2018-06-09 21:42:11,99.48,11.39
o_006549,1,p_3647,s_518,2018-07-30 11:15:49,260.73,13.19
o_006550,1,p_3169,s_576,2017-08-06 15:20:37,158.87,14.04
o_006551,1,p_2944,s_250,2018-02-24 08:23:21,133.85,16.82
o_006552,1,p_9456,s_116,2017-09-29 14:50:54,68.16,12.36
o_006553,1,p_9971,s_305,2018-06-09 16:34:54,254.91,17.51
o_006554,1,p_4379,s_192,2017-06-19 20:50:35,194.49,10.97
o_006555,1,p_7834,s_622,2018-07-27 02:52:07,195.05,7.19
o_006556,1,p_3188,s_692,2018-07-21 14:03:41,307.87,9.72
o_006557,1,p_7374,s_717,2017-04-07 15:46:03,189.42,13.06
o_006558,1,p_7276,s_323,2018-02-02 17:27:12,200.92,27.32
o_006559,1,p_8406,s_349,2017-06-25 16:21:50,19.16,6.41
o_006560,1,p_7034,s_413,2017-08-10 12:58:55,121.19,22.92
o_006561,1,p_5683,s_727,2018-05-19 21:32:06,160.43,22.22
o_006562,1,p_3970,s_992,2018-03-04 13:44:02,29.45,27.39
o_006563,1,p_1717,s_324,2017-12-09 15:22:07,106.88,8.51
o_006564,1,p_4801,s_209,2017-03-20 12:27:11,223.48,17.44
o_006565,1,p_2042,s_775,2018-03-10 16:44:34,204.73,29.39
o_006566,1,p_7486,s_529,2018-07-26 14:02:24,38.74,19.87
o_006567,1,p_6018,s_330,2017-12-07 08:20:14,23.75,18.14
o_006568,1,p_8549,s_145,2018-08-27 08:12:25,33.19,22.26
o_006569,1,p_6450,s_617,2017-09-16 09:10:23,67.97,13.7
o_006570,1,p_9866,s_879,2018-08-06 18:20:48,410.73,13.23
o_006571,1,p_9014,s_183,2018-06-10 13:41:29,182.4,6.17
o_006572,1,p_1992,s_848,2018-08-26 19:38:21,153.5,19.65
o_006573,1,p_2959,s_240,2018-06-10 14:06:30,115.28,7.32
o_006574,1,p_6771,s_399,2018-06-29 16:51:26,196.77,24.09
o_006575,1,p_8072,s_978,2017-05-15 21:40:53,46.12,7.34
o_006576,1,p_8859,s_959,2017-06-15 12:32:31,316.2,7.7
o_006577,1,p_6141,s_275,2018-04-20 16:22:58,543.22,7.18
o_006578,1,p_5308,s_117,2018-03-31 09:12:39,236.63,14.27
o_006579,1,p_9075,s_761,2017-10-12 19:17:34,20.23,19.92
o_006580,1,p_5036,s_477,2018-01-29 15:52:46,166.27,8.19
o_006581,1,p_8944,s_381,2018-06-09 07:34:50,15.05,11.02
o_006582,1,p_9976,s_954,2018-04-18 15:17:53,79.94,5.82
o_006583,1,p_8453,s_551,2017-04-26 14:57:31,622.51,64.93
o_006584,1,p_9657,s_256,2018-02-14 15:21:25,226.65,13.54
o_006585,1,p_1236,s_823,2018-02-12 11:11:40,273.07,10.36
o_006586,1,p_5913,s_652,2017-03-01 12:09:22,84.2,12.72
o_006587,1,p_3676,s_118,2017-05-15 20:29:18,31.31,13.19
o_006588,1,p_9735,s_821,2017-02-02 20:37:31,499.26,23.42
o_006589,1,p_4638,s_123,2018-08-14 16:36:00,90.2,6.46
o_006590,1,p_3824,s_797,2018-04-19 11:28:20,255.07,16.02
o_006591,1,p_3480,s_620,2017-10-18 14:13:54,40.65,26.16
o_006592,1,p_7372,s_931,2018-05-14 16:34:58,215.75,9.48
o_006593,1,p_4655,s_372,2018-01-23 17:50:06,56.88,8.12
o_006594,1,p_5291,s_228,2018-07-20 13:02:16,263.43,63.63
o_006595,1,p_5278,s_437,2018-06-28 08:04:06,72.48,19.12
o_006596,1,p_4998,s_137,2018-01-26 19:20:57,119.16,9.55
o_006597,1,p_6554,s_777,2017-08-01 13:39:39,20.02,24.71
o_006598,1,p_5730,s_214,2018-01-07 06:47:21,149.52,9.51
o_006599,1,p_3149,s_798,2017-11-16 11:00:37,153.14,7.81
o_006600,1,p_3184,s_311,2018-05-21 08:23:35,240.43,29.31
o_006601,1,p_8403,s_763,2018-05-30 19:34:42,122.99,16.18
o_006602,1,p_7044,s_437,2017-01-24 15:49:05,162.46,16.95
o_006603,1,p_8961,s_226,2018-02-14 18:36:18,184.88,6.38
o_006604,1,p_8246,s_911,2017-10-02 14:27:14,123.6,7.17
o_006605,1,p_6972,s_111,2018-05-15 11:26:18,75.26,67.02
o_006606,1,p_4331,s_588,2017-02-23 09:57:52,49.36,20.0
o_006607,1,p_2971,s_658,2018-01-18 13:27:43,314.36,25.8
o_006608,1,p_1218,s_461,2018-01-26 17:12:44,89.18,9.18
o_006609,1,p_1554,s_750,2017-02-10 17:46:33,211.5,22.4
o_006610,1,p_7916,s_310,2018-08-28 12:54:21,23.94,29.9
o_006610,2,p_5238,s_341,2018-08-28 12:54:21,48.41,28.06
o_006611,1,p_7397,s_606,2018-06-13 09:53:42,30.73,6.37
o_006612,1,p_7704,s_432,2017-08-28 20:57:39,561.5,17.13
o_006613,1,p_6415,s_454,2018-06-25 14:25:02,219.21,17.35
o_006614,1,p_9137,s_246,2017-01-24 12:32:29,101.73,17.0
o_006615,1,p_8365,s_350,2018-02-24 17:52:59,65.31,6.93
o_006616,1,p_4127,s_482,2017-03-24 15:07:19,61.68,10.26
o_006617,1,p_9044,s_458,2017-02-11 11:46:35,98.99,8.41
o_006618,1,p_6511,s_290,2017-06-25 11:19:28,141.68,23.06
o_006618,2,p_8531,s_853,2017-06-25 11:19:28,202.95,27.84
o_006619,1,p_7957,s_613,2017-04-29 11:13:34,60.59,9.5
o_006620,1,p_5590,s_458,2018-04-25 17:19:25,34.16,9.45
o_006621,1,p_6879,s_512,2017-09-19 13:25:43,517.53,23.51
o_006622,1,p_5723,s_820,2018-08-16 14:45:23,192.34,12.05
o_006623,1,p_7651,s_568,2017-09-23 10:45:29,298.83,28.35
o_006624,1,p_3107,s_128,2017-06-12 13:42:05,94.88,24.72
o_006625,1,p_2098,s_429,2018-09-01 21:20:57,16.96,28.8
o_006626,1,p_7296,s_453,2017-12-17 16:48:14,67.9,8.44
o_006627,1,p_4996,s_151,2017-08-26 04:34:56,50.6,19.52
o_006628,1,p_2246,s_200,2017-06-16 07:57:58,204.89,16.92
o_006629,1,p_8457,s_133,2017-07-12 12:11:02,104.95,6.47
o_006630,1,p_1653,s_680,2018-08-14 14:04:58,101.45,24.6
o_006631,1,p_8542,s_306,2017-03-08 22:30:23,252.51,28.23
o_006632,1,p_9281,s_225,2017-07-06 10:15:32,59.51,15.85
o_006633,1,p_6129,s_890,2017-03-05 14:05:14,110.81,8.28
o_006633,2,p_7391,s_330,2017-03-05 14:05:14,73.06,5.86
o_006634,1,p_8969,s_459,2017-12-26 20:13:48,146.3,10.45
o_006634,2,p_2898,s_621,2017-12-26 20:13:48,85.33,13.13
o_006635,1,p_5448,s_124,2018-08-25 23:02:57,39.97,15.49
o_006636,1,p_3933,s_346,2017-11-12 14:08:39,267.47,10.36
o_006637,1,p_1885,s_947,2018-04-11 20:29:56,180.89,9.42
o_006638,1,p_5037,s_918,2018-04-25 13:40:21,268.49,12.86
o_006639,1,p_8668,s_626,2018-08-09 16:16:56,23.92,10.08
o_006640,1,p_5382,s_452,2018-08-06 13:25:31,36.64,10.83
o_006641,1,p_7915,s_834,2018-01-16 07:00:53,26.14,27.41
o_006641,2,p_2930,s_566,2018-01-16 07:00:53,63.14,24.43
o_006642,1,p_6104,s_617,2018-04-22 16:32:17,109.51,24.62
o_006643,1,p_6998,s_155,2017-08-18 15:48:08,82.0,11.17
o_006644,1,p_8107,s_108,2018-01-28 09:35:49,252.65,12.95
o_006645,1,p_6040,s_375,2017-06-26 07:20:27,79.28,12.18
o_006646,1,p_7733,s_128,2018-08-17 08:25:15,231.11,12.49
o_006647,1,p_5999,s_258,2017-04-23 21:22:47,85.19,11.59
o_006647,2,p_5764,s_872,2017-04-23 21:22:47,304.27,8.43
o_006647,3,p_1118,s_989,2017-04-23 21:22:47,105.99,12.04
o_006648,1,p_1741,s_355,2018-05-06 20:20:06,38.78,12.47
o_006649,1,p_7359,s_810,2017-12-03 14:33:56,26.4,6.11
o_006650,1,p_4975,s_631,2018-02-25 09:24:03,175.96,23.6
o_006651,1,p_5617,s_887,2017-12-13 13:16:46,98.37,62.2
o_006652,1,p_5939,s_529,2018-04-01 14:55:15,141.37,24.87
o_006653,1,p_3745,s_828,2018-07-11 12:23:50,731.75,7.37
o_006654,1,p_4958,s_639,2018-07-27 14:30:34,128.85,14.38
o_006655,1,p_5635,s_111,2018-03-07 13:17:00,147.75,9.89
o_006656,1,p_8720,s_525,2017-05-21 17:39:54,113.51,18.34
o_006657,1,p_1428,s_991,2018-03-21 14:25:09,74.04,11.34
o_006658,1,p_8812,s_623,2017-07-06 16:08:13,134.31,10.26
o_006659,1,p_8110,s_933,2017-09-07 15:10:51,55.95,19.35
o_006660,1,p_7753,s_235,2017-03-15 14:32:08,201.23,13.84
o_006661,1,p_1149,s_795,2018-03-02 15:08:53,83.04,12.16
o_006662,1,p_5609,s_235,2018-08-13 19:55:59,86.82,10.38
o_006663,1,p_4142,s_960,2018-08-01 14:43:56,411.3,18.85
o_006664,1,p_9739,s_828,2018-03-01 06:47:04,122.5,25.9
o_006665,1,p_3371,s_120,2018-08-01 14:30:02,44.73,26.27
o_006666,1,p_3143,s_575,2017-11-13 21:48:47,83.13,17.86
o_006667,1,p_8729,s_319,2018-07-07 22:08:56,51.81,6.35
o_006668,1,p_8033,s_154,2017-03-27 15:06:43,24.88,23.51
o_006669,1,p_2078,s_579,2017-07-12 06:00:02,64.78,6.41
o_006670,1,p_7622,s_172,2017-04-17 16:44:19,107.96,9.51
o_006671,1,p_5830,s_769,2017-02-26 09:06:15,195.14,16.37
o_006672,1,p_9821,s_667,2018-02-16 09:28:41,31.26,19.16
o_006673,1,p_2668,s_145,2017-07-29 17:21:31,317.28,17.48
o_006674,1,p_7340,s_499,2018-04-07 11:40:24,42.41,11.14
o_006675,1,p_3825,s_397,2018-02-08 12:14:41,103.67,14.32
o_006676,1,p_3568,s_911,2018-02-17 16:45:32,271.35,17.73
o_006677,1,p_4313,s_226,2017-09-13 20:44:15,55.01,5.81
o_006678,1,p_6100,s_870,2017-07-29 12:18:26,44.65,22.71
o_006679,1,p_7791,s_396,2018-03-06 17:03:54,174.28,65.7
o_006680,1,p_4792,s_405,2018-07-31 01:13:31,66.07,10.94
o_006681,1,p_2852,s_818,2017-01-21 16:24:51,50.58,26.7
o_006682,1,p_6008,s_372,2018-05-28 20:04:39,194.52,67.69
o_006683,1,p_8397,s_330,2018-04-19 16:03:23,160.31,22.19
o_006684,1,p_5870,s_236,2017-04-01 06:41:44,179.45,10.03
o_006685,1,p_4610,s_660,2018-08-15 13:09:44,82.37,25.45
o_006685,2,p_8080,s_786,2018-08-15 13:09:44,17.83,24.04
o_006686,1,p_3174,s_350,2018-03-02 02:29:38,114.78,5.82
o_006686,2,p_4763,s_845,2018-03-02 02:29:38,26.77,7.86
o_006687,1,p_4788,s_680,2018-08-12 14:56:40,681.09,7.98
o_006688,1,p_1244,s_544,2018-01-31 12:26:40,117.26,6.79
o_006689,1,p_8211,s_875,2018-05-11 11:22:01,23.36,12.21
o_006690,1,p_2029,s_484,2018-02-18 20:24:42,401.41,5.91
o_006690,2,p_6433,s_732,2018-02-18 20:24:42,56.01,8.73
o_006691,1,p_6245,s_474,2017-03-29 08:32:58,429.17,10.54
o_006692,1,p_3123,s_224,2017-06-13 10:18:31,116.79,17.58
o_006693,1,p_5941,s_185,2017-06-22 23:58:36,310.05,6.21
o_006694,1,p_6063,s_387,2017-06-07 16:18:00,73.86,11.08
o_006694,2,p_8305,s_229,2017-06-07 16:18:00,36.66,8.82
o_006695,1,p_9182,s_955,2017-10-13 19:58:20,330.8,22.01
o_006695,2,p_2599,s_953,2017-10-13 19:58:20,368.6,22.02
o_006696,1,p_8572,s_784,2017-07-20 13:50:50,22.17,26.96
o_006697,1,p_5744,s_414,2018-08-25 14:27:30,202.81,13.37
o_006698,1,p_9365,s_333,2018-06-18 03:08:18,119.53,12.1
o_006698,2,p_7183,s_861,2018-06-18 03:08:18,58.58,11.02
o_006699,1,p_7479,s_358,2017-09-28 11:22:32,313.43,19.6
o_006700,1,p_3649,s_255,2018-07-24 16:02:44,179.18,6.7
o_006700,2,p_3807,s_818,2018-07-24 16:02:44,86.37,8.57
o_006701,1,p_5871,s_733,2018-03-22 13:35:00,391.74,28.9
o_006702,1,p_9597,s_853,2018-02-22 10:09:43,30.09,9.25
o_006703,1,p_3323,s_905,2018-01-18 13:19:53,124.72,9.25
o_006704,1,p_6603,s_816,2017-09-27 14:37:40,71.81,18.73
o_006705,1,p_1613,s_596,2017-08-26 14:06:43,152.52,6.23
o_006706,1,p_3267,s_359,2018-08-13 14:26:53,207.25,22.12
o_006707,1,p_5263,s_153,2018-04-06 13:14:38,166.68,27.4
o_006708,1,p_1728,s_445,2018-05-09 15:35:11,230.77,23.91
o_006709,1,p_2394,s_953,2018-09-01 20:39:16,245.9,12.55
o_006710,1,p_1642,s_396,2017-02-21 12:32:43,334.35,22.67
o_006711,1,p_2458,s_760,2017-06-12 17:02:21,122.69,11.8
o_006712,1,p_8301,s_548,2018-06-15 10:42:54,29.69,16.82
o_006713,1,p_5188,s_274,2018-07-29 16:25:00,371.34,29.17
o_006714,1,p_4837,s_118,2017-07-17 17:16:45,18.63,7.6
o_006715,1,p_9910,s_713,2018-01-24 19:04:01,84.01,13.52
o_006715,2,p_5720,s_105,2018-01-24 19:04:01,105.68,19.69
o_006716,1,p_1845,s_409,2018-06-13 05:38:24,36.19,11.35
o_006717,1,p_2978,s_668,2018-07-13 12:45:32,91.29,6.27
o_006718,1,p_6307,s_272,2017-04-19 07:12:06,227.94,17.0
o_006718,2,p_9279,s_693,2017-04-19 07:12:06,102.72,17.89
o_006719,1,p_3219,s_829,2017-04-12 16:30:01,118.16,19.13
o_006720,1,p_2745,s_768,2018-01-12 22:55:22,280.75,17.81
o_006721,1,p_5468,s_450,2017-11-26 13:57:54,81.84,15.18
o_006722,1,p_6840,s_942,2018-08-08 10:14:56,515.09,29.31
o_006723,1,p_6135,s_245,2017-10-26 06:07:38,78.62,25.98
o_006724,1,p_8686,s_567,2018-04-15 20:58:58,42.31,16.32
o_006725,1,p_3833,s_678,2017-09-17 12:24:23,173.75,13.59
o_006726,1,p_1516,s_480,2017-09-30 17:16:51,116.79,16.79
o_006727,1,p_2477,s_304,2017-04-14 11:39:49,144.58,23.63
o_006727,2,p_8207,s_454,2017-04-14 11:39:49,22.32,24.05
o_006728,1,p_9480,s_352,2018-08-27 07:21:23,39.52,8.31
o_006729,1,p_5745,s_559,2018-01-29 05:12:36,35.34,18.56
o_006730,1,p_5116,s_784,2018-02-12 14:23:08,55.42,25.24
o_006731,1,p_9893,s_190,2018-08-11 07:19:40,83.61,8.86
o_006732,1,p_6264,s_313,2017-11-17 09:41:48,54.63,10.4
o_006733,1,p_3695,s_389,2017-07-28 10:30:53,160.89,8.57
o_006733,2,p_6500,s_537,2017-07-28 10:30:53,62.88,12.7
o_006734,1,p_5920,s_204,2017-05-13 11:45:15,34.97,7.93
o_006734,2,p_1044,s_935,2017-05-13 11:45:15,32.76,12.69
o_006735,1,p_9744,s_823,2017-02-10 13:50:37,111.8,6.29
o_006736,1,p_6115,s_564,2018-03-23 12:19:22,178.7,9.55
o_006737,1,p_3842,s_803,2018-06-15 11:40:44,76.07,11.2
o_006738,1,p_9289,s_177,2018-01-21 20:52:39,316.38,8.13
o_006739,1,p_9278,s_667,2018-04-23 01:31:22,84.82,27.09
o_006740,1,p_4079,s_601,2017-04-10 15:00:49,233.88,12.97
o_006741,1,p_3853,s_872,2018-07-31 12:08:32,52.3,8.07
o_006742,1,p_4092,s_113,2017-10-07 18:05:36,76.76,13.21
o_006743,1,p_9986,s_373,2018-04-26 14:53:56,58.62,19.81
o_006744,1,p_3971,s_612,2018-05-21 10:48:19,831.68,14.63
o_006745,1,p_6976,s_128,2018-03-23 10:59:10,134.52,26.22
o_006746,1,p_4410,s_774,2018-04-12 08:42:59,64.59,8.9
o_006747,1,p_6952,s_166,2018-01-20 22:16:54,73.6,11.61
o_006748,1,p_7709,s_517,2018-04-24 12:27:36,66.82,19.74
o_006749,1,p_2209,s_223,2018-03-21 10:53:08,803.41,11.01
o_006750,1,p_1064,s_176,2018-06-25 10:43:22,16.65,12.82
o_006751,1,p_4851,s_141,2018-06-09 21:37:49,82.41,12.56
o_006752,1,p_2348,s_313,2017-06-06 15:09:11,69.6,10.98
o_006753,1,p_1573,s_446,2018-04-16 19:55:27,83.98,28.24
o_006754,1,p_2032,s_513,2018-08-09 06:38:43,172.93,25.44
o_006755,1,p_8325,s_828,2017-10-07 18:09:32,60.09,7.62
o_006756,1,p_7455,s_335,2018-05-22 09:29:23,110.8,12.71
o_006757,1,p_7737,s_908,2017-05-24 22:21:31,48.1,18.01
o_006758,1,p_4108,s_102,2017-08-20 09:43:15,463.27,7.96
o_006759,1,p_4349,s_264,2017-08-27 11:32:07,66.14,11.85
o_006760,1,p_1987,s_727,2017-12-22 07:55:57,90.77,17.37
o_006761,1,p_4347,s_240,2018-08-13 16:26:11,316.54,9.05
o_006761,2,p_1869,s_522,2018-08-13 16:26:11,44.31,10.35
o_006762,1,p_4421,s_856,2017-02-12 16:58:30,90.28,9.74
o_006763,1,p_4800,s_602,2018-01-25 18:28:02,210.15,10.08
o_006764,1,p_8897,s_829,2017-03-19 11:26:00,49.46,16.45
o_006765,1,p_6599,s_435,2018-04-09 22:10:32,117.55,8.7
o_006766,1,p_1460,s_679,2018-07-30 22:46:25,111.03,8.95
o_006767,1,p_2161,s_683,2018-03-09 20:53:01,107.02,12.01
o_006768,1,p_2731,s_153,2018-08-24 14:41:48,46.36,5.94
o_006769,1,p_2856,s_124,2018-05-31 12:24:38,128.83,16.3
o_006770,1,p_5932,s_129,2018-07-17 13:51:18,39.92,29.74
o_006771,1,p_3579,s_312,2018-08-24 20:58:42,197.35,19.01
o_006772,1,p_7615,s_628,2018-05-30 07:41:33,43.89,5.64
o_006773,1,p_3247,s_244,2017-12-15 14:46:11,325.91,13.37
o_006774,1,p_6034,s_249,2017-04-20 14:18:06,67.62,14.14
o_006775,1,p_5550,s_893,2018-06-20 15:16:32,162.07,8.86
o_006776,1,p_2915,s_437,2018-07-19 13:44:09,94.52,13.12
o_006777,1,p_3188,s_671,2018-08-17 15:10:49,171.53,64.56
o_006778,1,p_8197,s_179,2018-01-26 10:13:32,107.49,13.43
o_006779,1,p_7053,s_749,2018-01-10 17:03:23,75.8,17.49
o_006780,1,p_1574,s_362,2018-06-30 05:19:25,32.75,22.45
o_006781,1,p_2609,s_661,2018-01-17 18:03:16,98.53,9.31
o_006781,2,p_7633,s_628,2018-01-17 18:03:16,295.81,12.97
o_006782,1,p_4600,s_956,2018-03-06 14:27:45,33.1,6.26
o_006783,1,p_1208,s_473,2018-04-19 22:20:22,202.96,19.43
o_006784,1,p_8795,s_499,2017-04-16 16:03:05,27.87,8.45
o_006785,1,p_3482,s_221,2017-09-25 23:36:14,21.14,9.62
o_006786,1,p_4735,s_448,2017-01-28 11:33:42,167.81,12.7
o_006787,1,p_9421,s_460,2018-08-09 16:40:11,59.49,14.88
o_006788,1,p_9689,s_443,2017-06-12 13:13:13,79.44,14.03
o_006789,1,p_1868,s_841,2018-05-20 13:22:09,47.09,19.33
o_006790,1,p_2057,s_423,2017-02-07 14:43:46,92.54,12.82
o_006791,1,p_7306,s_929,2018-04-25 21:18:58,115.18,14.32
o_006792,1,p_1199,s_814,2018-05-20 07:16:28,273.51,12.16
o_006793,1,p_9849,s_230,2018-07-26 15:20:52,80.87,9.14
o_006794,1,p_2336,s_972,2018-08-15 14:23:11,17.27,23.55
o_006795,1,p_2344,s_710,2017-05-31 16:32:38,166.43,8.7
o_006796,1,p_5895,s_601,2018-04-26 12:16:42,172.31,12.99
o_006797,1,p_7823,s_519,2018-05-14 17:51:04,204.44,12.95
o_006798,1,p_6263,s_456,2018-01-10 18:48:31,22.82,12.79
o_006799,1,p_1395,s_116,2018-02-22 08:13:40,29.95,12.25
o_006800,1,p_2438,s_511,2017-05-28 15:19:07,261.84,5.53
o_006801,1,p_8322,s_883,2017-09-21 10:54:33,152.36,12.03
o_006802,1,p_4799,s_591,2017-05-15 14:12:25,112.82,8.38
o_006803,1,p_5624,s_102,2018-06-21 14:44:59,27.05,16.3
o_006804,1,p_9185,s_707,2018-04-06 07:35:47,119.46,11.1
o_006805,1,p_2377,s_511,2018-05-03 13:58:48,19.5,12.01
o_006806,1,p_7270,s_742,2018-03-27 12:18:28,32.41,17.83
o_006807,1,p_5228,s_553,2017-07-03 20:38:56,406.74,8.04
o_006808,1,p_8486,s_971,2018-06-27 16:53:22,51.08,67.69
o_006809,1,p_5908,s_247,2018-01-27 09:07:31,65.18,6.61
o_006810,1,p_5620,s_460,2017-08-27 16:39:50,19.24,19.62
o_006811,1,p_9606,s_655,2018-03-11 13:58:06,64.85,12.52
o_006812,1,p_2904,s_826,2017-11-07 18:40:28,339.23,7.23
o_006813,1,p_4382,s_246,2018-05-29 18:59:50,58.12,22.06
o_006814,1,p_1893,s_130,2018-08-11 21:23:10,127.16,13.4
o_006815,1,p_2523,s_180,2017-03-02 21:32:32,15.65,13.29
o_006815,2,p_4973,s_215,2017-03-02 21:32:32,39.13,14.88
o_006816,1,p_3252,s_329,2018-04-06 11:32:43,187.4,67.29
o_006817,1,p_9792,s_565,2018-04-29 10:49:50,35.96,9.03
o_006818,1,p_6741,s_966,2017-06-02 10:08:54,100.96,26.34
o_006819,1,p_7626,s_289,2017-08-01 19:28:10,181.95,23.12
o_006820,1,p_1814,s_787,2017-12-12 15:02:54,81.37,9.53
o_006821,1,p_4185,s_916,2017-07-31 12:35:22,170.82,6.25
o_006822,1,p_4026,s_160,2017-08-28 09:36:45,41.22,7.2
o_006823,1,p_2482,s_218,2017-04-30 14:58:20,118.92,17.48
o_006824,1,p_6517,s_170,2018-07-14 17:40:59,52.02,7.94
o_006825,1,p_4811,s_702,2017-11-27 14:23:36,165.62,14.9
o_006826,1,p_1009,s_408,2017-08-17 21:43:26,94.87,6.03
o_006827,1,p_7553,s_623,2017-03-06 19:44:49,19.31,12.4
o_006828,1,p_3304,s_906,2018-04-24 20:38:59,112.24,12.13
o_006829,1,p_3462,s_225,2018-09-01 09:40:44,117.27,17.58
o_006830,1,p_6561,s_274,2017-06-01 18:24:23,88.22,10.38
o_006831,1,p_8478,s_330,2018-02-17 18:48:43,35.43,8.67
o_006832,1,p_4020,s_149,2017-06-16 21:45:37,169.25,12.02
o_006833,1,p_1415,s_526,2018-01-22 13:29:41,35.55,11.95
o_006834,1,p_7615,s_502,2018-02-23 18:02:35,48.28,16.88
o_006835,1,p_6444,s_673,2017-03-08 16:38:35,75.52,9.2
o_006836,1,p_5710,s_402,2017-06-10 19:48:15,216.23,8.64
o_006837,1,p_4510,s_449,2017-10-15 13:40:30,101.33,68.46
o_006838,1,p_7470,s_615,2018-07-14 12:07:59,472.88,16.48
o_006839,1,p_9304,s_226,2018-01-31 22:24:30,339.41,26.38
o_006840,1,p_1345,s_542,2018-05-16 13:56:43,45.15,11.75
o_006841,1,p_9084,s_163,2017-01-28 20:03:35,52.38,6.12
o_006841,2,p_4793,s_887,2017-01-28 20:03:35,173.67,12.29
o_006841,3,p_6431,s_854,2017-01-28 20:03:35,91.19,10.4
o_006842,1,p_9758,s_916,2018-02-11 14:20:41,20.74,28.79
o_006843,1,p_5642,s_758,2017-04-11 08:17:54,66.81,12.28
o_006844,1,p_2346,s_918,2018-07-16 16:54:33,49.76,9.33
o_006845,1,p_3181,s_254,2018-08-17 08:35:12,34.27,7.01
o_006846,1,p_9470,s_889,2017-02-22 14:33:25,280.12,13.09
o_006847,1,p_7588,s_351,2018-04-06 13:27:41,177.38,16.91
o_006848,1,p_1375,s_944,2017-06-13 15:13:20,57.8,10.57
o_006849,1,p_3373,s_389,2018-05-18 12:29:41,77.0,15.33
o_006850,1,p_3836,s_309,2018-06-01 14:04:04,18.52,8.45
o_006851,1,p_4510,s_215,2018-01-13 12:08:46,50.59,22.49
o_006851,2,p_4379,s_991,2018-01-13 12:08:46,31.34,23.43
o_006852,1,p_3766,s_606,2017-07-28 12:46:30,189.15,13.8
o_006852,2,p_6892,s_552,2017-07-28 12:46:30,139.3,14.62
o_006853,1,p_4397,s_277,2017-10-11 23:43:16,93.65,13.04
o_006853,2,p_5243,s_613,2017-10-11 23:43:16,19.55,9.44
o_006854,1,p_1038,s_351,2017-10-13 19:58:17,60.5,12.99
o_006855,1,p_9344,s_541,2018-09-01 21:11:44,17.67,10.19
o_006856,1,p_4447,s_254,2017-01-29 21:12:44,18.78,10.31
o_006856,2,p_5894,s_525,2017-01-29 21:12:44,173.11,12.1
o_006857,1,p_6672,s_474,2017-08-29 07:40:32,68.34,19.14
o_006858,1,p_4790,s_290,2017-03-01 18:55:36,29.94,29.09
o_006859,1,p_3715,s_552,2018-01-26 19:40:46,150.96,23.54
o_006860,1,p_9250,s_170,2018-01-18 12:11:31,114.48,9.05
o_006861,1,p_6907,s_991,2018-03-28 12:19:03,126.13,5.94
o_006862,1,p_5186,s_475,2018-06-30 12:01:19,55.11,9.64
o_006863,1,p_9258,s_945,2018-06-19 17:04:51,157.64,28.25
o_006864,1,p_6434,s_863,2018-02-12 09:19:08,20.63,12.99
o_006865,1,p_6369,s_414,2018-03-12 16:27:52,80.02,7.26
o_006866,1,p_2457,s_601,2017-04-17 15:36:13,43.96,29.27
o_006867,1,p_1504,s_488,2017-04-27 09:35:29,167.53,8.29
o_006868,1,p_4742,s_268,2018-04-11 08:03:55,137.43,8.97
o_006869,1,p_1509,s_620,2018-05-20 14:18:13,140.54,25.21
o_006870,1,p_7799,s_433,2017-09-06 17:51:41,209.11,18.9
o_006871,1,p_7085,s_197,2017-12-06 16:39:23,31.01,12.23
o_006872,1,p_6869,s_564,2018-01-09 12:33:24,31.02,10.94
o_006873,1,p_7291,s_298,2018-02-10 22:31:20,557.17,7.84
o_006874,1,p_6005,s_455,2018-02-28 08:58:49,164.01,22.11
o_006875,1,p_2185,s_863,2017-11-12 11:34:10,134.3,23.72
o_006876,1,p_2612,s_945,2017-06-24 04:40:11,24.75,29.09
o_006877,1,p_6027,s_265,2018-02-15 13:58:22,45.98,64.34
o_006877,2,p_3207,s_181,2018-02-15 13:58:22,151.73,64.41
o_006878,1,p_7616,s_714,2018-01-30 20:41:28,91.99,25.34
o_006879,1,p_6965,s_398,2017-05-18 08:54:46,91.93,16.76
o_006880,1,p_5138,s_960,2017-05-03 17:00:28,61.03,13.41
o_006881,1,p_9674,s_212,2018-07-23 18:43:06,43.9,9.19
o_006882,1,p_4565,s_841,2018-02-01 05:14:21,264.47,24.61
o_006883,1,p_9110,s_836,2018-06-27 07:08:43,24.58,27.32
o_006884,1,p_1618,s_682,2017-03-23 10:12:46,17.52,6.09
o_006885,1,p_3314,s_361,2017-12-20 11:01:49,73.6,10.53
o_006886,1,p_2074,s_493,2018-06-27 18:38:31,365.57,23.56
o_006887,1,p_9576,s_749,2018-02-25 15:31:16,318.83,17.04
o_006888,1,p_4531,s_555,2018-08-26 13:50:26,41.27,25.49
o_006889,1,p_8401,s_894,2017-04-13 16:32:00,61.35,18.78
o_006890,1,p_1329,s_893,2018-08-28 12:01:43,137.31,26.33
o_006891,1,p_3170,s_614,2018-05-10 05:36:29,68.05,13.3
o_006892,1,p_9359,s_208,2018-04-23 12:52:58,124.62,67.61
o_006893,1,p_5974,s_884,2018-08-19 21:57:39,20.91,11.93
o_006894,1,p_9172,s_611,2018-01-11 07:29:59,53.14,17.66
o_006894,2,p_3522,s_776,2018-01-11 07:29:59,31.86,12.03
o_006895,1,p_3014,s_443,2018-08-24 13:43:19,273.77,27.07
o_006896,1,p_1591,s_418,2017-08-19 05:02:54,23.43,13.27
o_006896,2,p_9470,s_548,2017-08-19 05:02:54,105.65,7.45
o_006897,1,p_1335,s_629,2018-04-02 13:48:42,314.97,8.39
o_006898,1,p_4735,s_272,2018-01-02 14:38:09,140.71,17.35
o_006899,1,p_7425,s_314,2018-04-20 21:10:20,23.21,9.67
o_006900,1,p_1635,s_858,2018-05-20 14:34:19,42.34,19.76
o_006901,1,p_7646,s_790,2017-04-16 10:59:38,257.16,9.06
o_006902,1,p_5100,s_281,2018-08-31 22:35:12,76.42,11.89
o_006903,1,p_2666,s_364,2018-03-04 11:07:17,110.23,5.81
o_006904,1,p_6751,s_107,2018-07-01 08:56:59,44.38,25.04
o_006905,1,p_6541,s_650,2017-08-01 22:08:21,22.81,8.78
o_006906,1,p_3349,s_479,2017-04-25 22:16:02,221.82,12.98
o_006906,2,p_4760,s_115,2017-04-25 22:16:02,104.2,7.59
o_006907,1,p_9341,s_632,2018-01-14 14:03:08,62.17,8.89
o_006907,2,p_3702,s_424,2018-01-14 14:03:08,304.81,12.11
o_006908,1,p_5026,s_827,2017-10-23 21:30:19,175.41,14.33
o_006909,1,p_4690,s_394,2018-05-03 15:57:50,29.15,12.41
o_006910,1,p_2162,s_761,2018-04-26 07:57:46,39.97,16.59
o_006911,1,p_2296,s_120,2017-01-19 19:37:39,136.42,11.12
o_006912,1,p_1844,s_158,2017-04-22 19:18:07,341.01,12.63
o_006913,1,p_3485,s_896,2017-12-18 13:49:49,75.33,15.49
o_006914,1,p_6868,s_389,2018-04-06 13:19:11,129.55,27.3
o_006915,1,p_6878,s_883,2017-07-31 11:22:12,131.36,63.81
o_006916,1,p_6016,s_382,2018-01-25 18:46:26,427.83,13.02
o_006917,1,p_9729,s_757,2017-07-14 13:57:08,113.72,14.29
o_006918,1,p_5730,s_369,2018-01-23 06:00:27,400.46,29.31
o_006919,1,p_2080,s_423,2017-10-19 11:15:59,39.9,17.14
o_006919,2,p_5375,s_437,2017-10-19 11:15:59,49.12,15.41
o_006920,1,p_7063,s_383,2017-06-22 04:22:18,251.01,27.68
o_006921,1,p_8003,s_203,2018-04-07 17:40:52,66.36,6.29
o_006922,1,p_6499,s_412,2018-04-13 10:32:42,93.43,18.61
o_006923,1,p_4615,s_810,2018-06-07 20:19:22,39.77,17.26
o_006923,2,p_7949,s_171,2018-06-07 20:19:22,59.57,16.53
o_006924,1,p_4908,s_641,2017-03-01 19:30:15,44.79,5.65
o_006925,1,p_6933,s_634,2017-02-20 15:47:43,15.41,12.68
o_006926,1,p_9277,s_219,2018-07-12 15:28:14,24.79,14.55
o_006927,1,p_9114,s_330,2017-07-31 17:09:56,111.73,17.09
o_006927,2,p_4391,s_499,2017-07-31 17:09:56,45.1,14.99
o_006928,1,p_7552,s_472,2018-03-11 07:33:20,178.81,15.79
o_006929,1,p_1090,s_199,2017-11-01 07:31:30,32.74,6.11
o_006930,1,p_7868,s_275,2017-03-27 14:22:56,257.53,12.91
o_006931,1,p_1300,s_462,2018-06-26 12:56:32,55.57,15.32
o_006932,1,p_8855,s_993,2018-05-10 09:40:24,75.45,12.09
o_006933,1,p_2525,s_204,2018-01-08 20:06:20,142.44,18.18
o_006934,1,p_8730,s_586,2018-04-20 18:51:05,357.63,9.92
o_006935,1,p_8632,s_366,2018-06-09 09:20:36,141.86,12.07
o_006936,1,p_4993,s_712,2018-02-15 08:50:54,71.75,10.46
o_006937,1,p_7971,s_119,2017-07-02 20:01:41,26.6,6.58
o_006938,1,p_8054,s_121,2018-07-11 13:57:14,270.22,24.66
o_006939,1,p_9996,s_597,2018-02-26 11:10:45,237.38,13.65
o_006940,1,p_2753,s_722,2018-02-15 13:16:10,59.31,9.67
o_006941,1,p_2036,s_220,2017-12-08 19:55:58,151.23,23.92
o_006942,1,p_6428,s_548,2018-03-23 14:15:54,63.23,10.15
o_006943,1,p_2578,s_877,2017-10-18 12:04:06,432.6,16.84
o_006944,1,p_7686,s_873,2018-04-01 23:54:48,28.11,12.89
o_006945,1,p_2761,s_627,2018-02-23 16:30:10,85.88,8.9
o_006946,1,p_1745,s_693,2017-07-02 06:25:07,215.01,65.85
o_006947,1,p_7358,s_841,2018-05-21 20:15:14,32.48,6.67
o_006948,1,p_1051,s_420,2018-08-08 19:40:04,75.52,29.9
o_006949,1,p_6674,s_336,2018-08-21 23:11:15,73.36,16.78
o_006950,1,p_8464,s_519,2017-03-12 01:30:13,35.92,16.38
o_006951,1,p_3083,s_861,2018-01-10 09:53:38,46.69,17.48
o_006952,1,p_4613,s_175,2018-03-11 11:50:59,65.7,13.31
o_006953,1,p_2521,s_853,2018-04-02 08:22:03,184.25,29.84
o_006954,1,p_6840,s_621,2018-06-08 14:09:02,37.57,25.04
o_006955,1,p_3214,s_950,2018-02-10 09:57:47,309.98,8.22
o_006956,1,p_8497,s_588,2018-04-28 09:55:33,163.9,17.92
o_006957,1,p_4170,s_640,2018-05-02 15:45:46,95.03,7.31
o_006957,2,p_1753,s_822,2018-05-02 15:45:46,33.03,6.87
o_006958,1,p_7550,s_197,2018-01-10 14:02:38,84.21,9.47
o_006959,1,p_2639,s_991,2017-02-01 18:00:50,47.51,28.72
o_006960,1,p_6075,s_566,2018-02-25 14:42:32,250.57,8.17
o_006961,1,p_9993,s_181,2018-03-16 09:19:21,222.48,18.61
o_006962,1,p_8534,s_552,2017-08-27 05:15:51,231.33,10.84
o_006963,1,p_6941,s_685,2017-02-25 06:12:55,394.73,12.33
o_006964,1,p_2866,s_864,2018-07-26 10:56:47,172.05,10.46
o_006965,1,p_7522,s_560,2018-02-12 08:21:56,160.88,62.7
o_006966,1,p_2068,s_697,2018-04-06 06:22:22,39.75,14.74
o_006966,2,p_3360,s_321,2018-04-06 06:22:22,306.78,13.53
o_006967,1,p_8104,s_205,2018-05-28 06:04:59,50.28,27.08
o_006968,1,p_6968,s_154,2018-03-26 15:09:01,430.01,15.89
o_006969,1,p_1648,s_974,2018-06-26 08:30:07,99.81,16.26
o_006970,1,p_8479,s_713,2017-08-21 12:25:59,75.12,19.67
o_006971,1,p_7617,s_669,2018-02-07 09:01:51,88.26,18.43
o_006972,1,p_2112,s_412,2017-08-14 09:59:13,236.63,16.96
o_006973,1,p_3411,s_452,2017-06-25 09:49:42,134.31,11.26
o_006974,1,p_9092,s_692,2018-06-24 12:12:33,29.85,24.36
o_006974,2,p_7072,s_644,2018-06-24 12:12:33,74.36,27.94
o_006974,3,p_6475,s_373,2018-06-24 12:12:33,23.87,22.25
o_006975,1,p_5281,s_487,2017-07-16 12:25:04,438.95,17.31
o_006976,1,p_5850,s_872,2017-12-06 14:25:06,29.43,65.55
o_006977,1,p_4959,s_811,2018-08-20 12:29:22,62.64,27.16
o_006977,2,p_9989,s_678,2018-08-20 12:29:22,46.06,26.35
o_006978,1,p_5793,s_817,2017-01-07 13:38:55,128.0,18.28
o_006979,1,p_6277,s_651,2017-05-26 12:42:33,99.38,16.46
o_006980,1,p_1225,s_349,2018-06-20 19:26:01,134.3,22.56
o_006980,2,p_8209,s_225,2018-06-20 19:26:01,316.53,22.14
o_006981,1,p_6993,s_568,2017-08-30 18:06:12,309.37,19.34
o_006982,1,p_9964,s_235,2017-06-27 12:10:05,71.49,18.38
o_006982,2,p_6283,s_643,2017-06-27 12:10:05,27.35,19.88
o_006983,1,p_8468,s_259,2018-05-25 13:02:16,26.98,27.17
o_006984,1,p_7637,s_633,2017-03-02 19:48:10,163.16,16.53
o_006985,1,p_6560,s_112,2017-12-13 23:44:56,130.38,29.34
o_006985,2,p_9530,s_731,2017-12-13 23:44:56,15.41,23.32
o_006986,1,p_1248,s_208,2018-07-17 16:20:03,66.77,29.59
o_006986,2,p_2095,s_335,2018-07-17 16:20:03,61.17,29.01
o_006987,1,p_1424,s_490,2017-09-11 16:35:01,224.94,19.83
o_006988,1,p_4675,s_464,2018-03-12 10:51:49,65.73,7.51
o_006989,1,p_2956,s_586,2018-08-23 11:45:39,464.71,6.53
o_006990,1,p_7637,s_495,2018-01-11 10:35:15,128.86,23.18
o_006991,1,p_8678,s_152,2018-02-23 22:36:38,38.86,7.7
o_006992,1,p_9132,s_860,2018-04-01 10:57:06,61.52,13.23
o_006993,1,p_6791,s_233,2018-04-02 10:08:04,75.12,12.6
o_006994,1,p_3670,s_994,2018-05-16 22:56:17,29.67,15.67
o_006995,1,p_2724,s_179,2017-05-13 13:36:27,42.73,17.09
o_006996,1,p_1100,s_345,2018-02-27 19:07:59,104.94,10.35
o_006997,1,p_4521,s_393,2017-11-26 19:32:37,69.34,15.59
o_006998,1,p_9185,s_837,2017-05-18 18:14:29,48.83,7.22
o_006999,1,p_9903,s_397,2018-07-09 07:43:59,64.87,19.14
o_007000,1,p_5327,s_984,2017-06-24 13:54:48,175.67,13.31
o_007001,1,p_3776,s_107,2017-07-01 20:54:43,44.76,6.27
o_007002,1,p_4703,s_678,2017-04-23 09:25:01,28.88,10.35
o_007003,1,p_6916,s_714,2017-10-18 15:07:44,266.08,18.12
o_007004,1,p_3302,s_996,2018-07-31 13:46:36,25.28,5.75
o_007005,1,p_8535,s_871,2018-01-24 12:24:52,103.89,18.47
o_007006,1,p_4808,s_724,2017-05-16 20:30:35,271.74,18.66
o_007007,1,p_2289,s_556,2018-07-24 15:26:25,93.65,9.38
o_007008,1,p_3745,s_179,2018-04-14 13:32:37,93.4,68.35
o_007009,1,p_3968,s_249,2018-02-08 15:13:05,33.09,17.18
o_007010,1,p_4910,s_419,2017-08-30 19:04:25,155.8,13.32
o_007011,1,p_6235,s_995,2018-07-29 22:49:34,162.96,13.25
o_007012,1,p_1428,s_394,2017-12-20 08:39:52,95.13,13.31
o_007013,1,p_8680,s_265,2018-05-19 15:09:37,42.24,6.53
o_007014,1,p_5985,s_315,2018-05-03 09:19:23,90.58,27.38
o_007015,1,p_9991,s_786,2018-01-21 11:10:29,38.3,24.25
o_007016,1,p_8216,s_590,2018-01-27 15:18:57,408.3,27.11
o_007017,1,p_8905,s_540,2017-09-12 19:01:21,311.01,13.52
o_007018,1,p_5220,s_112,2018-05-01 19:03:38,124.36,12.45
o_007019,1,p_8949,s_872,2018-07-21 17:08:52,252.48,14.2
o_007020,1,p_5712,s_975,2018-01-19 18:50:46,71.75,9.58
o_007021,1,p_9954,s_535,2017-04-26 14:28:03,232.8,19.63
o_007022,1,p_1589,s_983,2018-08-21 12:59:15,137.17,19.87
o_007022,2,p_6185,s_372,2018-08-21 12:59:15,128.34,16.04
o_007023,1,p_5349,s_351,2017-10-07 20:03:54,62.97,7.03
o_007024,1,p_7859,s_960,2018-06-22 20:08:04,54.09,18.88
o_007025,1,p_3284,s_940,2017-11-29 19:34:09,380.5,12.59
o_007026,1,p_4204,s_574,2018-08-02 13:32:44,350.73,13.46
o_007027,1,p_6596,s_958,2018-02-08 16:50:52,27.25,25.79
o_007028,1,p_8915,s_598,2018-08-21 11:07:44,64.64,27.08
o_007029,1,p_9147,s_272,2018-02-18 11:44:58,106.28,9.25
o_007030,1,p_4567,s_852,2017-12-14 13:55:11,438.6,24.24
o_007031,1,p_7860,s_754,2017-04-18 08:12:45,91.61,8.19
o_007032,1,p_3940,s_379,2018-03-13 19:11:10,181.37,6.22
o_007033,1,p_5827,s_384,2018-05-09 14:21:45,48.08,6.34
o_007033,2,p_4111,s_250,2018-05-09 14:21:45,432.17,10.77
o_007034,1,p_5228,s_934,2018-08-18 06:42:55,47.75,10.54
o_007035,1,p_3783,s_629,2017-06-12 14:55:29,77.24,11.51
o_007036,1,p_8746,s_544,2018-08-14 22:30:50,133.95,18.11
o_007037,1,p_4882,s_823,2018-03-03 07:29:38,122.09,5.81
o_007038,1,p_5828,s_547,2018-03-15 14:29:28,131.09,25.85
o_007039,1,p_6653,s_613,2018-03-02 12:25:01,185.28,28.66
o_007040,1,p_7823,s_514,2017-04-12 14:39:13,138.58,6.29
o_007040,2,p_8761,s_810,2017-04-12 14:39:13,47.29,9.17
o_007041,1,p_1456,s_960,2018-04-08 12:56:34,558.73,7.59
o_007042,1,p_8231,s_863,2017-11-06 12:04:19,391.17,27.77
o_007043,1,p_6250,s_783,2018-02-15 11:31:23,20.41,6.1
o_007044,1,p_9934,s_725,2018-03-12 18:42:25,344.58,7.53
o_007045,1,p_2920,s_984,2017-10-30 20:32:26,114.88,13.34
o_007046,1,p_1518,s_648,2017-10-17 16:41:51,68.61,7.99
o_007047,1,p_3959,s_619,2018-03-15 19:57:42,20.87,10.29
o_007048,1,p_3023,s_807,2017-12-07 17:28:17,417.85,11.78
o_007049,1,p_3527,s_489,2018-07-30 19:21:15,123.65,26.46
o_007050,1,p_9887,s_585,2017-08-31 03:18:41,42.34,27.4
o_007051,1,p_3870,s_313,2018-07-22 09:59:34,26.54,9.48
o_007051,2,p_7260,s_428,2018-07-22 09:59:34,26.73,9.23
o_007052,1,p_7225,s_248,2018-05-27 15:25:21,90.67,10.0
o_007053,1,p_6491,s_575,2017-07-28 21:47:37,168.66,12.28
o_007053,2,p_4987,s_438,2017-07-28 21:47:37,269.73,9.43
o_007054,1,p_1878,s_801,2018-08-31 15:16:41,134.29,17.53
o_007055,1,p_9316,s_898,2017-03-11 12:45:37,31.67,5.83
o_007056,1,p_6453,s_483,2018-06-01 12:36:48,75.23,8.61
o_007057,1,p_3785,s_791,2017-05-19 05:59:45,382.13,14.32
o_007058,1,p_7174,s_403,2018-04-02 16:40:01,170.16,26.53
o_007058,2,p_9680,s_729,2018-04-02 16:40:01,109.93,29.22
o_007059,1,p_5648,s_591,2017-02-11 13:22:09,58.54,6.76
o_007060,1,p_6112,s_839,2017-12-24 11:30:01,147.16,15.79
o_007061,1,p_1079,s_842,2018-05-19 13:58:43,458.37,13.19
o_007062,1,p_9695,s_667,2018-08-10 18:13:42,20.89,6.29
o_007063,1,p_3486,s_112,2018-07-21 21:59:48,306.4,28.34
o_007064,1,p_9074,s_363,2018-05-02 11:53:05,46.61,24.23
o_007064,2,p_5998,s_546,2018-05-02 11:53:05,322.53,25.46
o_007064,3,p_6480,s_447,2018-05-02 11:53:05,72.86,26.58
o_007065,1,p_4805,s_692,2017-06-27 07:26:06,139.77,28.58
o_007066,1,p_8125,s_151,2017-12-21 18:41:48,24.23,15.73
o_007066,2,p_5114,s_765,2017-12-21 18:41:48,44.56,18.87
o_007067,1,p_4773,s_314,2017-10-02 07:09:24,113.26,7.24
o_007068,1,p_3493,s_621,2018-05-11 10:42:51,119.01,13.95
o_007069,1,p_7128,s_114,2017-12-28 13:05:12,101.92,5.65
o_007070,1,p_7750,s_610,2018-05-02 18:29:22,147.08,9.9
o_007071,1,p_5516,s_709,2018-03-10 11:37:46,186.29,13.93
o_007072,1,p_4456,s_403,2017-08-17 00:05:29,123.6,10.57
o_007073,1,p_5154,s_924,2018-07-20 09:30:04,383.28,9.68
o_007074,1,p_4632,s_332,2018-01-22 16:30:25,123.43,7.5
o_007075,1,p_2975,s_742,2017-09-21 06:31:28,136.4,13.42
o_007076,1,p_8930,s_117,2018-06-20 09:20:02,239.05,6.46
o_007077,1,p_6056,s_572,2017-02-13 20:53:10,18.3,5.7
o_007078,1,p_3439,s_245,2017-01-13 16:17:49,156.61,23.6
o_007079,1,p_2497,s_273,2017-11-23 19:08:51,243.91,13.37
o_007080,1,p_7191,s_756,2017-05-24 16:54:07,24.48,7.71
o_007081,1,p_3839,s_837,2017-12-21 16:39:26,255.73,12.65
o_007082,1,p_7704,s_812,2018-04-16 17:49:44,212.35,8.09
o_007083,1,p_5646,s_329,2018-07-06 11:41:37,168.08,23.13
o_007084,1,p_1043,s_195,2018-02-17 11:27:37,198.36,8.36
o_007085,1,p_8308,s_314,2018-06-09 10:25:38,118.67,22.15
o_007086,1,p_8591,s_716,2018-03-12 14:53:55,74.07,12.65
o_007087,1,p_6922,s_777,2017-11-15 12:25:04,103.21,68.19
o_007087,2,p_8924,s_228,2017-11-15 12:25:04,135.01,66.69
o_007088,1,p_8016,s_893,2018-04-23 15:04:03,31.09,7.88
o_007089,1,p_8503,s_927,2017-05-21 20:56:37,103.02,29.73
o_007090,1,p_2902,s_640,2018-01-06 13:04:17,38.95,22.75
o_007091,1,p_8395,s_908,2018-04-27 16:18:27,224.52,26.9
o_007092,1,p_1392,s_319,2017-07-20 13:59:38,170.27,15.51
o_007093,1,p_8562,s_611,2018-05-09 14:36:56,174.3,8.35
o_007094,1,p_2388,s_874,2017-12-01 17:19:01,158.21,6.31
o_007095,1,p_9147,s_191,2018-08-28 16:49:37,147.19,13.15
o_007096,1,p_8853,s_891,2018-05-09 09:57:42,141.23,18.04
o_007097,1,p_7871,s_261,2017-11-06 08:05:31,371.05,23.17
o_007098,1,p_1680,s_564,2018-04-28 22:32:38,232.62,8.08
o_007099,1,p_6908,s_130,2017-12-27 13:57:51,334.04,26.57
o_007100,1,p_6378,s_869,2018-01-09 16:33:35,64.77,11.87
o_007101,1,p_8403,s_924,2018-01-21 10:13:10,458.3,13.7
o_007102,1,p_3240,s_736,2018-06-13 14:15:58,735.28,7.17
o_007103,1,p_2828,s_727,2018-07-15 15:06:03,30.82,16.38
o_007104,1,p_7940,s_224,2018-02-23 09:44:30,528.96,14.17
o_007105,1,p_1352,s_534,2018-06-19 08:09:45,198.99,11.37
o_007106,1,p_2366,s_867,2018-07-31 12:20:30,621.24,12.47
o_007107,1,p_8733,s_753,2017-10-13 04:21:39,391.03,28.95
o_007108,1,p_1604,s_292,2018-05-13 23:49:18,40.86,8.7
o_007109,1,p_9345,s_904,2018-08-09 18:43:06,60.66,17.75
o_007110,1,p_7684,s_253,2018-04-26 18:20:35,98.89,5.8
o_007111,1,p_8655,s_619,2018-02-22 16:09:20,80.91,5.98
o_007112,1,p_5083,s_337,2018-07-30 16:54:49,249.33,17.33
o_007113,1,p_6925,s_215,2018-09-01 13:17:22,335.94,7.01
o_007113,2,p_3748,s_509,2018-09-01 13:17:22,226.32,9.97
o_007114,1,p_5673,s_206,2018-05-29 22:54:29,117.81,26.41
o_007114,2,p_3290,s_750,2018-05-29 22:54:29,216.56,24.02
o_007115,1,p_8547,s_574,2017-10-12 15:31:04,218.27,6.4
o_007116,1,p_9242,s_683,2017-04-20 17:48:06,233.13,10.31
o_007117,1,p_5911,s_584,2018-05-03 21:45:34,134.9,17.02
o_007117,2,p_1510,s_529,2018-05-03 21:45:34,184.77,13.61
o_007118,1,p_3413,s_571,2017-07-07 20:03:01,247.81,6.8
o_007118,2,p_3802,s_645,2017-07-07 20:03:01,145.18,6.61
o_007119,1,p_7451,s_293,2017-04-26 12:19:53,30.75,23.19
o_007120,1,p_9779,s_260,2018-07-11 17:35:04,16.85,8.06
o_007121,1,p_6861,s_920,2017-05-07 19:46:57,77.94,17.51
o_007122,1,p_5681,s_392,2018-08-31 20:24:54,205.9,10.16
o_007122,2,p_8143,s_348,2018-08-31 20:24:54,226.33,13.08
o_007122,3,p_8652,s_249,2018-08-31 20:24:54,19.28,9.32
o_007123,1,p_7749,s_126,2018-05-01 09:18:58,246.62,11.61
o_007123,2,p_8271,s_334,2018-05-01 09:18:58,102.93,11.69
o_007124,1,p_2841,s_544,2018-06-12 16:00:58,176.43,14.74
o_007125,1,p_8541,s_947,2018-05-08 09:26:13,127.3,19.78
o_007126,1,p_4589,s_510,2017-03-29 07:33:23,104.52,5.56
o_007127,1,p_3348,s_217,2018-06-29 09:35:28,145.29,19.38
o_007128,1,p_8088,s_719,2018-07-06 16:15:20,509.56,14.75
o_007129,1,p_5581,s_453,2018-05-22 03:33:42,121.67,10.96
o_007129,2,p_1582,s_790,2018-05-22 03:33:42,156.67,7.56
o_007130,1,p_7191,s_428,2017-09-27 15:48:46,136.08,29.17
o_007131,1,p_1644,s_745,2017-08-06 20:16:16,37.16,22.58
o_007132,1,p_3550,s_263,2017-06-27 16:01:47,89.9,7.43
o_007133,1,p_8863,s_646,2018-01-27 13:05:42,139.57,29.12
o_007133,2,p_7563,s_856,2018-01-27 13:05:42,188.09,26.31
o_007134,1,p_4125,s_591,2017-05-18 21:50:10,182.85,12.46
o_007135,1,p_2563,s_133,2018-01-18 11:48:57,315.48,10.92
o_007136,1,p_7852,s_137,2017-01-18 13:57:35,615.08,15.69
o_007136,2,p_7496,s_163,2017-01-18 13:57:35,79.87,14.23
o_007136,3,p_4851,s_913,2017-01-18 13:57:35,145.23,12.78
o_007137,1,p_8578,s_283,2018-04-29 09:45:14,29.37,27.67
o_007138,1,p_8675,s_867,2018-03-01 15:22:44,32.68,12.98
o_007139,1,p_2316,s_484,2017-11-20 20:01:43,51.08,16.84
o_007140,1,p_1234,s_638,2018-05-13 20:16:29,32.98,16.25
o_007141,1,p_2860,s_588,2018-03-25 00:58:12,25.62,15.76
o_007142,1,p_6619,s_721,2018-07-31 13:34:15,253.15,29.69
o_007143,1,p_2328,s_378,2018-08-13 07:44:02,74.2,25.42
o_007144,1,p_6087,s_817,2018-08-11 15:26:43,114.08,11.9
o_007145,1,p_2482,s_599,2018-06-28 15:13:40,160.53,9.62
o_007146,1,p_3307,s_506,2017-01-24 14:18:26,89.54,15.2
o_007147,1,p_7481,s_881,2017-05-06 22:10:55,163.46,8.16
o_007148,1,p_2556,s_829,2017-06-25 14:27:01,43.25,12.05
o_007149,1,p_2205,s_914,2018-02-23 17:48:54,82.02,24.82
o_007150,1,p_1694,s_264,2018-07-25 15:59:24,258.9,15.98
o_007151,1,p_3287,s_498,2018-05-20 19:18:17,220.44,9.63
o_007152,1,p_9041,s_685,2018-02-27 12:47:40,30.41,9.31
o_007153,1,p_5578,s_522,2017-01-27 14:37:18,58.07,5.76
o_007154,1,p_2565,s_590,2018-05-23 14:46:57,125.06,12.97
o_007155,1,p_2236,s_544,2018-02-21 20:22:27,70.48,8.33
o_007156,1,p_1739,s_389,2018-04-10 08:23:36,216.8,10.76
o_007157,1,p_3537,s_639,2017-09-11 13:00:39,121.98,23.7
o_007158,1,p_6336,s_728,2017-07-12 21:32:11,28.17,29.26
o_007159,1,p_6376,s_952,2017-07-16 22:27:32,357.64,19.94
o_007160,1,p_1829,s_688,2018-08-10 12:16:44,305.44,19.88
o_007161,1,p_9880,s_796,2018-02-07 14:15:43,138.01,11.59
o_007162,1,p_4957,s_640,2018-07-31 17:58:11,182.44,13.45
o_007163,1,p_9927,s_579,2017-08-16 16:24:57,107.42,12.81
o_007164,1,p_9433,s_788,2018-05-28 18:25:41,112.89,69.12
o_007165,1,p_4261,s_228,2017-02-18 18:24:51,133.05,18.12
o_007166,1,p_2353,s_730,2018-06-09 13:53:39,94.31,69.48
o_007167,1,p_7718,s_669,2017-12-11 12:08:14,146.52,69.5
o_007168,1,p_9652,s_841,2017-09-08 16:18:20,101.92,8.13
o_007169,1,p_7535,s_743,2017-05-29 15:55:30,160.14,12.66
o_007170,1,p_5731,s_222,2018-08-30 07:17:40,69.32,18.96
o_007171,1,p_8440,s_636,2018-04-17 16:27:59,105.25,27.69
o_007172,1,p_6216,s_541,2017-08-01 11:33:27,133.75,14.03
o_007172,2,p_5043,s_328,2017-08-01 11:33:27,29.87,16.06
o_007173,1,p_2208,s_376,2018-04-07 16:30:03,106.14,66.69
o_007174,1,p_6214,s_668,2018-06-12 21:23:24,243.2,15.96
o_007175,1,p_8282,s_837,2018-06-15 15:10:48,135.73,26.15
o_007176,1,p_5584,s_367,2017-05-11 18:59:13,180.2,9.15
o_007177,1,p_3581,s_723,2018-05-10 22:39:08,161.39,9.87
o_007178,1,p_8686,s_867,2017-03-15 19:33:00,67.76,5.66
o_007178,2,p_6145,s_109,2017-03-15 19:33:00,77.25,8.13
o_007179,1,p_2172,s_834,2017-05-11 16:30:05,51.58,9.65
o_007180,1,p_9226,s_606,2018-08-26 11:21:11,106.38,19.65
o_007181,1,p_7577,s_264,2018-07-28 15:58:54,193.46,9.34
o_007182,1,p_3957,s_679,2018-05-19 14:06:12,104.45,7.77
o_007183,1,p_4572,s_579,2018-01-06 15:50:38,51.55,12.69
o_007184,1,p_2058,s_589,2017-08-01 18:42:50,180.14,19.7
o_007185,1,p_8340,s_214,2017-10-19 14:14:17,33.98,19.82
o_007186,1,p_7187,s_358,2018-08-31 23:09:08,182.62,24.15
o_007187,1,p_3791,s_414,2018-01-30 21:45:35,181.84,11.91
o_007188,1,p_5497,s_104,2017-05-12 11:53:59,72.13,10.63
o_007188,2,p_6636,s_760,2017-05-12 11:53:59,51.56,7.97
o_007189,1,p_7112,s_346,2018-07-18 09:46:20,36.84,10.65
o_007190,1,p_1486,s_219,2018-01-21 19:35:37,53.03,9.33
o_007191,1,p_6719,s_289,2017-10-21 18:42:45,156.7,11.48
o_007192,1,p_9117,s_132,2017-01-09 11:09:32,246.46,7.66
o_007193,1,p_4222,s_952,2018-06-19 07:18:05,51.38,27.25
o_007194,1,p_1609,s_948,2017-04-11 11:31:28,86.05,13.48
o_007195,1,p_8827,s_729,2018-06-16 11:40:13,71.57,28.47
o_007196,1,p_2362,s_275,2018-02-11 10:06:29,73.2,10.11
o_007197,1,p_3790,s_976,2018-05-09 20:14:38,23.97,24.78
o_007197,2,p_3318,s_206,2018-05-09 20:14:38,102.98,29.68
o_007198,1,p_9232,s_943,2017-03-07 04:54:33,305.72,27.68
o_007199,1,p_3874,s_335,2018-01-19 02:53:08,16.06,24.43
o_007200,1,p_6223,s_771,2018-03-27 10:36:13,81.9,12.32
o_007201,1,p_3236,s_245,2017-05-18 08:46:30,400.89,5.75
o_007202,1,p_7201,s_750,2018-08-28 11:16:06,225.39,65.74
o_007203,1,p_2971,s_725,2018-04-14 09:15:59,429.4,13.85
o_007203,2,p_9428,s_128,2018-04-14 09:15:59,456.89,17.77
o_007204,1,p_7887,s_493,2018-04-10 13:21:23,162.59,28.26
o_007205,1,p_7886,s_512,2018-03-04 10:34:45,292.24,7.41
o_007206,1,p_3592,s_179,2018-06-08 14:06:18,38.33,17.64
o_007207,1,p_1408,s_879,2017-08-28 07:05:14,359.25,6.05
o_007207,2,p_1086,s_229,2017-08-28 07:05:14,71.99,11.96
o_007207,3,p_2043,s_762,2017-08-28 07:05:14,125.31,8.62
o_007208,1,p_8126,s_370,2017-10-01 00:30:05,106.85,8.47
o_007209,1,p_3458,s_401,2017-02-24 11:17:23,114.01,11.35
o_007210,1,p_8663,s_647,2018-01-16 19:17:43,108.26,9.65
o_007210,2,p_4922,s_257,2018-01-16 19:17:43,267.3,5.73
o_007211,1,p_2385,s_596,2018-05-06 13:38:00,67.72,12.02
o_007212,1,p_5852,s_492,2017-03-28 11:12:57,90.31,19.87
o_007213,1,p_9633,s_731,2017-05-03 09:20:39,43.67,8.01
o_007213,2,p_3024,s_834,2017-05-03 09:20:39,159.09,12.09
o_007214,1,p_2092,s_878,2018-07-28 09:46:16,24.28,14.23
o_007215,1,p_5098,s_242,2017-08-06 08:44:43,21.54,6.6
o_007216,1,p_4719,s_408,2017-10-07 15:30:14,54.7,16.11
o_007217,1,p_4240,s_794,2018-07-07 13:31:48,317.08,16.09
o_007217,2,p_7541,s_765,2018-07-07 13:31:48,35.35,17.64
o_007218,1,p_7093,s_474,2018-01-17 14:11:56,67.72,8.64
o_007219,1,p_8965,s_627,2017-03-27 19:15:09,246.65,9.32
o_007220,1,p_7280,s_105,2018-04-07 12:29:32,62.43,15.17
o_007221,1,p_9628,s_608,2018-07-31 11:14:05,76.41,9.15
o_007222,1,p_3775,s_811,2018-01-23 13:34:59,35.06,7.59
o_007223,1,p_8783,s_259,2017-01-30 10:46:40,62.6,11.33
o_007224,1,p_9667,s_785,2018-03-04 10:41:06,86.21,25.38
o_007225,1,p_7462,s_550,2017-11-29 13:24:36,56.39,5.62
o_007226,1,p_3506,s_373,2018-04-30 17:29:14,43.95,9.11
o_007227,1,p_6404,s_689,2018-05-23 19:20:34,20.45,8.38
o_007228,1,p_6340,s_592,2018-02-09 12:41:51,119.65,26.86
o_007228,2,p_2897,s_886,2018-02-09 12:41:51,81.03,26.92
o_007229,1,p_1914,s_757,2017-01-26 15:16:11,73.99,11.27
o_007230,1,p_2600,s_368,2017-07-12 10:43:52,96.56,24.76
o_007231,1,p_3942,s_785,2017-02-07 20:16:09,41.0,10.09
o_007232,1,p_6692,s_834,2018-01-10 10:45:57,76.91,16.91
o_007233,1,p_8440,s_611,2018-05-09 12:34:34,223.53,11.4
o_007234,1,p_2601,s_507,2018-01-18 08:43:39,35.94,19.19
o_007235,1,p_3163,s_231,2017-06-15 11:26:34,289.11,11.44
o_007236,1,p_4854,s_462,2018-02-18 22:07:25,42.82,10.68
o_007237,1,p_2862,s_165,2018-05-24 19:01:05,176.67,11.81
o_007238,1,p_4605,s_895,2018-07-16 14:05:36,136.43,7.22
o_007238,2,p_1428,s_884,2018-07-16 14:05:36,257.45,12.9
o_007239,1,p_1909,s_652,2018-05-26 19:16:37,139.06,15.99
o_007240,1,p_4512,s_122,2018-07-16 21:01:52,156.35,7.92
o_007241,1,p_5771,s_234,2017-03-22 09:01:03,71.24,16.12
o_007242,1,p_5995,s_669,2017-08-09 18:10:06,83.96,6.43
o_007242,2,p_5237,s_399,2017-08-09 18:10:06,166.6,11.82
o_007243,1,p_8038,s_488,2018-06-20 07:45:58,42.35,8.07
o_007244,1,p_3290,s_771,2018-03-20 11:33:48,30.04,27.04
o_007245,1,p_4702,s_863,2018-01-30 09:52:54,80.93,68.65
o_007246,1,p_5208,s_679,2018-08-17 16:46:26,114.94,12.13
o_007247,1,p_8365,s_133,2018-03-28 09:56:02,94.92,8.07
o_007248,1,p_9733,s_642,2018-06-26 21:12:39,122.79,64.16
o_007249,1,p_1385,s_776,2017-07-16 13:03:36,80.33,5.58
o_007249,2,p_9738,s_570,2017-07-16 13:03:36,553.92,12.41
o_007250,1,p_9095,s_358,2018-01-17 00:30:46,18.3,11.32
o_007251,1,p_8693,s_901,2017-07-21 20:28:26,43.53,24.89
o_007252,1,p_4494,s_919,2018-01-12 19:19:27,38.76,14.12
o_007253,1,p_9682,s_700,2018-05-10 19:25:22,90.31,8.0
o_007254,1,p_8585,s_641,2018-03-09 14:36:42,92.29,18.03
o_007255,1,p_2148,s_480,2018-08-15 22:05:12,50.97,8.35
o_007256,1,p_2171,s_327,2017-12-03 07:57:19,224.49,17.03
o_007257,1,p_6768,s_772,2018-05-11 14:17:35,73.24,13.0
o_007258,1,p_5239,s_771,2017-02-16 09:59:55,104.79,19.09
o_007259,1,p_4483,s_423,2018-02-21 20:27:41,179.24,6.2
o_007260,1,p_7337,s_865,2018-03-02 13:44:25,109.49,29.6
o_007261,1,p_8643,s_866,2018-05-17 14:53:36,169.24,25.15
o_007262,1,p_4888,s_241,2018-05-02 19:13:34,134.47,26.36
o_007263,1,p_9604,s_926,2017-07-27 08:25:16,136.83,27.61
o_007263,2,p_2041,s_641,2017-07-27 08:25:16,83.46,28.03
o_007264,1,p_1030,s_460,2017-10-23 09:48:28,24.65,7.98
o_007265,1,p_1809,s_721,2017-10-09 16:13:09,155.43,12.83
o_007266,1,p_2658,s_730,2017-09-28 11:08:08,36.67,19.11
o_007267,1,p_5448,s_197,2017-05-21 16:03:20,392.76,29.24
o_007268,1,p_6625,s_300,2017-05-13 14:26:48,182.76,26.86
o_007269,1,p_6381,s_859,2017-08-07 11:43:50,236.15,12.81
o_007270,1,p_2735,s_831,2017-10-07 16:18:25,55.24,8.83
o_007271,1,p_3323,s_915,2017-02-25 16:19:44,165.57,29.56
o_007272,1,p_8241,s_706,2018-07-30 10:35:14,133.89,12.98
o_007273,1,p_7131,s_186,2017-01-28 11:03:30,49.9,16.49
o_007274,1,p_1950,s_989,2017-04-23 22:37:44,87.91,28.34
o_007275,1,p_4946,s_383,2017-02-27 12:15:39,77.57,69.99
o_007276,1,p_2392,s_613,2018-06-20 12:04:41,368.05,23.32
o_007277,1,p_6630,s_609,2018-07-02 16:13:30,130.81,11.6
o_007278,1,p_9936,s_279,2017-02-11 16:16:09,83.1,19.3
o_007279,1,p_5061,s_282,2018-03-12 16:20:27,138.44,11.32
o_007280,1,p_7367,s_442,2018-07-19 21:53:12,109.3,7.15
o_007281,1,p_9153,s_334,2017-08-13 16:36:24,95.02,28.95
o_007282,1,p_8759,s_901,2018-06-15 14:43:02,279.36,17.58
o_007283,1,p_3937,s_563,2017-11-14 10:02:13,85.36,13.45
o_007283,2,p_7851,s_467,2017-11-14 10:02:13,280.59,19.39
o_007284,1,p_6439,s_644,2017-05-03 10:41:26,44.07,28.75
o_007285,1,p_5710,s_441,2017-06-25 09:01:42,38.87,10.73
o_007286,1,p_1263,s_633,2017-10-01 19:59:30,245.6,17.61
o_007287,1,p_4574,s_798,2017-01-30 09:58:15,252.32,15.92
o_007288,1,p_3132,s_190,2017-10-27 23:51:17,45.5,17.7
o_007289,1,p_4863,s_498,2017-06-30 13:17:48,195.43,5.85
o_007290,1,p_9893,s_394,2018-07-06 13:26:34,24.2,10.52
o_007291,1,p_9012,s_111,2018-01-19 17:19:14,174.65,29.24
o_007292,1,p_3993,s_634,2018-04-13 17:33:12,242.12,18.19
o_007293,1,p_7539,s_421,2017-12-18 13:32:22,127.74,8.72
o_007294,1,p_6209,s_165,2018-07-08 14:55:03,38.21,10.89
o_007294,2,p_6764,s_798,2018-07-08 14:55:03,19.54,13.41
o_007294,3,p_8475,s_690,2018-07-08 14:55:03,115.08,11.65
o_007295,1,p_9396,s_524,2017-01-25 11:20:02,106.86,25.47
o_007296,1,p_6636,s_931,2017-03-10 16:32:53,64.13,28.33
o_007297,1,p_1120,s_962,2018-02-08 14:04:08,137.35,15.43
o_007298,1,p_5818,s_112,2017-11-14 11:53:56,272.93,14.61
o_007299,1,p_7397,s_803,2018-06-22 09:02:04,191.57,8.35
o_007300,1,p_2512,s_393,2017-01-09 21:54:31,271.73,25.93
o_007301,1,p_4929,s_170,2017-04-10 03:35:39,27.65,23.38
o_007302,1,p_8185,s_258,2017-04-16 11:01:46,183.43,5.56
o_007303,1,p_9141,s_217,2017-05-22 01:51:20,99.71,25.16
o_007304,1,p_2697,s_122,2018-01-15 07:56:15,300.95,24.62
o_007305,1,p_3432,s_934,2017-09-11 14:41:41,237.22,23.1
o_007306,1,p_2025,s_791,2017-01-21 18:19:34,113.24,9.08
o_007307,1,p_8059,s_763,2018-03-10 15:40:40,78.73,15.28
o_007308,1,p_7118,s_831,2017-10-27 05:29:49,309.36,17.04
o_007309,1,p_3899,s_203,2017-10-08 11:16:47,112.37,14.14
o_007309,2,p_1946,s_129,2017-10-08 11:16:47,81.17,15.88
o_007310,1,p_5716,s_798,2018-06-23 15:45:56,42.35,69.74
o_007310,2,p_1905,s_420,2018-06-23 15:45:56,458.58,69.42
o_007311,1,p_5067,s_532,2018-04-06 19:52:18,146.48,9.42
o_007312,1,p_4824,s_650,2018-04-20 07:27:45,219.91,13.08
o_007313,1,p_4745,s_524,2018-08-29 19:48:29,80.8,26.44
o_007314,1,p_1315,s_624,2018-07-31 09:55:05,42.32,11.51
o_007315,1,p_5006,s_937,2018-07-20 13:55:47,24.45,22.59
o_007315,2,p_9957,s_447,2018-07-20 13:55:47,146.4,22.84
o_007316,1,p_4458,s_189,2018-07-14 14:01:07,144.73,26.97
o_007317,1,p_4906,s_702,2018-04-23 08:04:45,44.41,13.22
o_007318,1,p_3012,s_709,2017-09-16 16:46:37,96.69,25.66
o_007319,1,p_3001,s_237,2018-01-31 07:02:49,431.72,6.75
o_007320,1,p_9608,s_801,2018-05-25 07:45:40,352.61,26.35
o_007321,1,p_8934,s_881,2018-03-23 10:09:08,20.16,19.7
o_007322,1,p_2486,s_755,2018-05-16 21:24:39,272.69,11.87
o_007323,1,p_3610,s_381,2018-05-14 07:04:05,90.6,6.34
o_007324,1,p_4859,s_880,2017-08-19 09:23:44,171.45,12.69
o_007325,1,p_8670,s_957,2017-07-12 08:40:20,399.94,24.98
o_007326,1,p_1003,s_211,2018-06-14 08:39:45,51.55,22.1
o_007327,1,p_5338,s_172,2018-08-15 12:34:40,533.08,14.47
o_007328,1,p_2082,s_107,2017-03-06 07:25:14,88.72,22.27
o_007328,2,p_9903,s_412,2017-03-06 07:25:14,38.05,28.26
o_007329,1,p_5225,s_488,2018-07-29 09:15:39,56.97,12.63
o_007330,1,p_1368,s_365,2017-08-11 12:04:35,246.12,23.87
o_007331,1,p_4624,s_708,2018-08-02 07:13:31,46.13,19.36
o_007332,1,p_1914,s_185,2018-03-06 19:08:15,245.32,28.86
o_007333,1,p_5826,s_787,2017-01-21 12:50:14,239.14,13.26
o_007333,2,p_6147,s_305,2017-01-21 12:50:14,203.98,8.63
o_007334,1,p_4511,s_133,2017-07-13 22:01:06,111.95,10.84
o_007335,1,p_1970,s_256,2018-06-07 16:24:58,127.48,17.37
o_007336,1,p_7148,s_133,2017-04-21 09:54:45,33.67,17.93
o_007337,1,p_5577,s_494,2017-10-16 13:42:03,405.91,29.63
o_007338,1,p_7990,s_237,2017-06-19 09:13:21,225.74,11.33
o_007339,1,p_9457,s_436,2017-04-23 20:22:58,35.36,5.83
o_007339,2,p_5112,s_966,2017-04-23 20:22:58,71.0,10.33
o_007339,3,p_6720,s_815,2017-04-23 20:22:58,209.79,9.63
o_007340,1,p_7923,s_145,2018-07-26 11:24:02,266.29,13.77
o_007341,1,p_8075,s_237,2017-05-23 12:53:02,104.43,9.06
o_007341,2,p_9466,s_525,2017-05-23 12:53:02,139.65,13.22
o_007342,1,p_4649,s_929,2018-07-07 11:28:34,55.11,24.81
o_007343,1,p_5069,s_743,2018-03-23 18:28:24,43.09,23.03
o_007344,1,p_2702,s_382,2017-09-21 17:03:59,64.57,10.33
o_007345,1,p_5405,s_247,2017-10-17 12:41:41,32.5,15.14
o_007346,1,p_6888,s_811,2018-05-30 09:35:57,116.9,17.85
o_007347,1,p_9917,s_609,2018-05-09 19:27:59,148.21,8.6
o_007348,1,p_4362,s_540,2018-08-17 09:36:55,259.07,19.73
o_007349,1,p_2629,s_735,2017-04-08 14:01:14,33.46,5.99
o_007350,1,p_9476,s_164,2017-08-17 23:14:20,80.13,12.21
o_007351,1,p_4596,s_169,2018-06-30 16:34:46,82.29,7.67
o_007352,1,p_3150,s_480,2018-02-11 09:56:11,335.9,9.52
o_007353,1,p_2772,s_457,2017-10-22 15:12:35,52.44,19.02
o_007354,1,p_7939,s_756,2017-03-25 12:52:02,189.11,27.63
o_007355,1,p_1513,s_615,2018-03-05 10:48:56,315.73,14.88
o_007356,1,p_7609,s_691,2017-01-25 12:03:54,179.63,64.52
o_007357,1,p_5665,s_618,2018-04-08 00:59:09,91.1,10.78
o_007358,1,p_6319,s_165,2017-10-31 19:50:52,38.38,12.08
o_007359,1,p_3956,s_521,2018-03-06 10:51:44,87.14,8.97
o_007360,1,p_4784,s_891,2018-08-28 12:35:39,21.36,11.07
o_007360,2,p_7398,s_136,2018-08-28 12:35:39,33.67,11.43
o_007360,3,p_9693,s_573,2018-08-28 12:35:39,298.35,6.97
o_007361,1,p_8544,s_327,2018-05-31 16:02:52,63.55,27.4
o_007362,1,p_8799,s_402,2017-06-27 00:12:01,306.79,7.32
o_007363,1,p_1489,s_205,2017-08-13 20:00:01,73.67,22.06
o_007364,1,p_9477,s_789,2017-12-17 17:42:47,57.32,67.88
o_007365,1,p_4519,s_819,2017-11-14 12:27:41,156.84,10.11
o_007366,1,p_3631,s_708,2017-05-01 22:23:10,77.36,17.4
o_007367,1,p_7073,s_285,2017-04-11 18:31:37,281.01,13.13
o_007367,2,p_6761,s_283,2017-04-11 18:31:37,33.53,5.82
o_007368,1,p_8956,s_430,2018-05-02 09:42:46,557.36,11.08
o_007369,1,p_1343,s_375,2017-09-26 19:46:31,28.04,14.25
o_007370,1,p_4656,s_881,2017-11-28 11:13:47,280.34,27.02
o_007371,1,p_1070,s_446,2017-09-21 20:38:43,89.87,28.12
o_007371,2,p_6571,s_698,2017-09-21 20:38:43,104.49,25.47
o_007372,1,p_9257,s_523,2017-02-19 22:36:21,130.45,65.38
o_007373,1,p_3811,s_492,2017-01-23 21:02:11,108.29,10.98
o_007374,1,p_2596,s_487,2017-11-14 17:30:50,94.46,17.9
o_007375,1,p_3607,s_526,2017-02-28 13:55:13,15.8,12.71
o_007375,2,p_1014,s_871,2017-02-28 13:55:13,108.74,7.13
o_007376,1,p_8230,s_959,2017-03-07 10:05:42,173.0,10.65
o_007377,1,p_4791,s_198,2017-11-15 17:33:50,73.39,26.85
o_007378,1,p_4164,s_484,2018-03-20 13:35:21,138.65,22.81
o_007379,1,p_3490,s_132,2018-04-19 06:43:24,263.99,23.57
o_007380,1,p_8287,s_116,2018-05-23 16:57:18,87.31,11.2
o_007381,1,p_7199,s_641,2018-04-22 10:28:06,199.5,16.26
o_007382,1,p_3583,s_516,2018-06-19 10:45:20,146.9,22.38
o_007383,1,p_2929,s_821,2018-03-14 10:42:55,75.68,14.27
o_007384,1,p_6770,s_122,2018-06-22 15:30:31,64.81,13.07
o_007385,1,p_9128,s_714,2018-08-13 12:04:30,75.61,26.13
o_007386,1,p_5157,s_188,2018-05-20 13:20:46,482.15,7.74
o_007387,1,p_6778,s_232,2017-04-09 09:45:28,229.11,13.31
o_007388,1,p_6237,s_496,2018-08-06 11:19:58,284.75,22.56
o_007388,2,p_1309,s_532,2018-08-06 11:19:58,157.19,29.88
o_007389,1,p_3577,s_969,2018-05-19 15:55:54,154.06,18.38
o_007390,1,p_8741,s_945,2018-08-07 18:11:17,77.96,22.09
o_007391,1,p_6074,s_878,2018-08-14 17:41:11,49.23,12.02
o_007392,1,p_6068,s_653,2017-09-02 06:21:51,23.27,7.67
o_007393,1,p_8364,s_328,2017-01-22 11:06:19,25.05,67.05
o_007394,1,p_2150,s_353,2018-06-14 09:12:40,85.2,11.49
o_007395,1,p_9143,s_474,2018-06-01 09:19:43,184.16,8.89
o_007396,1,p_6504,s_830,2018-02-20 20:55:55,315.28,15.75
o_007396,2,p_3386,s_265,2018-02-20 20:55:55,74.26,12.78
o_007397,1,p_9712,s_936,2017-10-13 06:36:25,33.19,19.27
o_007398,1,p_7976,s_454,2018-01-18 23:12:33,80.91,28.26
o_007399,1,p_8849,s_630,2018-02-07 17:23:55,18.49,15.79
o_007400,1,p_5975,s_519,2018-04-15 15:03:24,38.7,26.56
o_007401,1,p_7502,s_908,2018-02-23 22:26:27,452.17,6.59
o_007401,2,p_4423,s_583,2018-02-23 22:26:27,118.14,10.2
o_007402,1,p_4554,s_495,2018-07-15 00:07:53,28.07,26.2
o_007403,1,p_3513,s_987,2018-05-31 11:41:10,375.96,11.55
o_007404,1,p_3172,s_319,2018-02-10 16:47:31,125.74,16.05
o_007405,1,p_6558,s_947,2018-02-20 15:54:24,38.27,16.35
o_007406,1,p_4571,s_998,2018-05-16 11:25:24,80.47,16.49
o_007407,1,p_2352,s_607,2018-04-19 12:35:08,371.81,13.0
o_007408,1,p_3595,s_110,2017-03-01 09:44:32,361.29,9.04
o_007409,1,p_7338,s_854,2017-06-21 17:17:58,18.39,8.68
o_007410,1,p_2907,s_807,2017-03-20 16:01:24,31.75,7.38
o_007411,1,p_3605,s_961,2018-06-30 19:59:13,356.77,22.23
o_007412,1,p_4708,s_463,2018-08-07 11:01:16,71.38,14.94
o_007412,2,p_2582,s_796,2018-08-07 11:01:16,21.43,12.28
o_007413,1,p_2732,s_852,2018-08-07 13:27:37,21.06,66.94
o_007414,1,p_6945,s_977,2017-09-11 16:07:00,21.55,15.41
o_007415,1,p_1453,s_439,2018-03-23 00:32:58,75.75,17.7
o_007416,1,p_9444,s_148,2018-08-16 16:47:35,185.8,15.85
o_007417,1,p_9797,s_866,2018-08-02 12:21:00,74.17,24.46
o_007418,1,p_1115,s_836,2017-03-06 20:41:28,34.47,12.62
o_007419,1,p_9792,s_121,2017-12-14 12:39:02,51.32,19.48
o_007419,2,p_6701,s_800,2017-12-14 12:39:02,387.92,15.63
o_007420,1,p_7371,s_189,2017-07-31 05:33:03,159.77,19.36
o_007421,1,p_3388,s_704,2018-07-21 16:21:09,19.83,13.15
o_007422,1,p_6581,s_682,2017-03-27 08:34:45,71.3,19.94
o_007423,1,p_9918,s_705,2017-02-08 17:05:03,87.33,6.91
o_007424,1,p_8466,s_103,2017-10-16 21:03:21,214.66,26.75
o_007425,1,p_9048,s_342,2018-07-15 10:58:27,112.27,27.49
o_007426,1,p_1850,s_874,2018-04-07 21:46:25,82.62,12.43
o_007427,1,p_6390,s_538,2017-02-01 17:01:09,312.13,19.58
o_007428,1,p_7535,s_422,2018-06-27 13:23:57,165.8,10.17
o_007428,2,p_6883,s_877,2018-06-27 13:23:57,181.56,11.58
o_007429,1,p_5194,s_153,2017-10-07 14:20:53,209.37,11.66
o_007430,1,p_2158,s_664,2018-05-07 12:59:00,173.16,8.8
o_007431,1,p_9136,s_465,2017-06-16 17:04:17,70.4,29.62
o_007432,1,p_1943,s_417,2017-06-01 21:40:33,386.62,14.07
o_007433,1,p_3604,s_954,2017-02-26 13:00:27,53.55,9.91
o_007434,1,p_8698,s_643,2018-06-27 11:00:32,42.23,17.54
o_007435,1,p_1738,s_636,2017-09-22 11:04:47,104.77,8.32
o_007436,1,p_1670,s_395,2017-05-01 15:25:02,225.32,14.27
o_007437,1,p_4847,s_195,2018-01-19 22:43:08,52.78,26.67
o_007437,2,p_5820,s_391,2018-01-19 22:43:08,87.45,24.0
o_007437,3,p_6232,s_176,2018-01-19 22:43:08,189.44,23.97
o_007438,1,p_8208,s_800,2018-06-11 23:40:42,108.28,22.43
o_007439,1,p_7506,s_758,2017-12-10 16:14:44,38.79,12.64
o_007440,1,p_1630,s_898,2017-10-07 05:25:29,199.41,16.64
o_007441,1,p_9135,s_682,2018-06-30 18:46:27,35.96,16.68
o_007442,1,p_1021,s_315,2018-02-14 14:35:00,39.47,16.97
o_007442,2,p_5070,s_495,2018-02-14 14:35:00,129.64,15.4
o_007443,1,p_2944,s_575,2018-01-16 18:04:26,88.06,9.54
o_007444,1,p_7381,s_794,2017-03-26 16:47:58,166.91,24.76
o_007444,2,p_6623,s_122,2017-03-26 16:47:58,41.85,24.93
o_007444,3,p_6347,s_773,2017-03-26 16:47:58,423.78,29.49
o_007445,1,p_7427,s_530,2017-07-20 19:40:09,245.76,12.21
o_007446,1,p_8460,s_572,2018-06-30 10:54:51,31.86,7.09
o_007446,2,p_7219,s_509,2018-06-30 10:54:51,122.91,6.91
o_007447,1,p_3411,s_350,2018-04-13 17:54:32,52.48,10.36
o_007448,1,p_4844,s_286,2017-04-23 05:17:22,134.69,6.85
o_007449,1,p_5879,s_757,2017-10-24 04:13:31,117.74,9.79
o_007450,1,p_5907,s_681,2017-03-10 15:31:57,191.33,12.31
o_007451,1,p_3605,s_566,2018-06-12 21:18:10,166.03,29.27
o_007452,1,p_3558,s_739,2017-06-27 14:44:45,50.59,17.21
o_007453,1,p_3146,s_382,2017-02-16 16:42:18,28.74,22.45
o_007454,1,p_7992,s_793,2017-12-08 19:46:44,244.93,11.35
o_007455,1,p_2796,s_583,2018-03-03 19:40:17,20.21,24.77
o_007455,2,p_9814,s_869,2018-03-03 19:40:17,200.24,26.47
o_007455,3,p_1452,s_808,2018-03-03 19:40:17,191.54,23.72
o_007456,1,p_8569,s_575,2017-07-01 13:55:28,169.37,14.59
o_007457,1,p_3478,s_449,2018-05-03 18:22:55,33.55,11.12
o_007458,1,p_2313,s_445,2017-05-08 01:41:53,214.15,25.91
o_007459,1,p_5828,s_839,2017-04-08 11:33:05,38.64,11.68
o_007460,1,p_4321,s_227,2017-08-21 21:15:52,61.4,67.58
o_007461,1,p_5596,s_318,2017-09-18 10:29:08,154.61,14.16
o_007462,1,p_5159,s_941,2017-07-21 22:59:28,58.84,27.08
o_007463,1,p_2347,s_799,2018-08-24 15:08:15,286.24,28.25
o_007464,1,p_6021,s_831,2018-05-15 22:56:19,26.3,26.07
o_007465,1,p_2122,s_707,2017-02-06 18:30:47,109.75,23.48
o_007466,1,p_2241,s_948,2017-12-01 06:18:49,185.56,11.58
o_007467,1,p_3597,s_994,2017-05-15 17:35:32,134.2,27.09
o_007468,1,p_5655,s_146,2018-05-08 08:04:32,79.67,10.51
o_007469,1,p_5426,s_128,2017-06-07 16:26:39,49.38,10.41
o_007470,1,p_4827,s_193,2018-07-08 18:33:20,47.28,25.51
o_007471,1,p_4440,s_470,2018-07-25 12:08:51,72.0,18.55
o_007472,1,p_4772,s_515,2017-10-26 21:58:15,82.6,29.28
o_007473,1,p_6200,s_626,2017-04-25 11:20:07,471.32,17.78
o_007474,1,p_2839,s_377,2018-06-29 21:41:31,76.9,17.66
o_007475,1,p_6848,s_913,2018-02-24 14:22:56,674.29,13.33
o_007476,1,p_8996,s_375,2018-04-27 07:09:23,37.45,11.57
o_007477,1,p_7204,s_563,2017-04-19 08:54:13,143.69,9.68
o_007478,1,p_9541,s_409,2018-02-07 12:11:50,27.12,8.59
o_007479,1,p_2289,s_637,2018-04-15 10:39:30,116.41,12.77
o_007480,1,p_9302,s_741,2018-01-24 14:08:15,20.52,17.93
o_007481,1,p_8225,s_472,2017-05-14 10:51:46,47.17,5.71
o_007482,1,p_6135,s_942,2017-12-03 12:37:31,259.74,17.84
o_007483,1,p_7464,s_761,2017-08-14 14:35:12,249.14,18.63
o_007484,1,p_1267,s_382,2018-06-21 11:15:37,98.3,19.46
o_007485,1,p_1695,s_604,2017-08-27 16:29:01,31.51,12.59
o_007486,1,p_5631,s_730,2018-06-25 14:00:01,31.44,13.4
o_007487,1,p_4947,s_712,2018-08-14 13:55:19,92.25,16.35
o_007488,1,p_4380,s_858,2017-10-18 10:56:57,60.54,22.16
o_007489,1,p_3800,s_195,2017-12-16 21:02:26,39.09,26.67
o_007490,1,p_7561,s_919,2017-03-09 09:04:40,142.85,17.19
o_007491,1,p_9853,s_497,2018-07-18 19:54:49,132.95,29.8
o_007491,2,p_1039,s_660,2018-07-18 19:54:49,121.15,22.57
o_007492,1,p_8282,s_372,2018-04-15 16:27:42,110.83,12.64
o_007493,1,p_7827,s_932,2018-06-29 17:02:01,69.33,7.12
o_007494,1,p_1180,s_638,2018-03-18 08:22:16,118.04,9.58
o_007495,1,p_1280,s_487,2018-09-01 17:35:32,98.98,9.89
o_007496,1,p_1721,s_250,2018-05-07 17:32:04,48.39,14.76
o_007497,1,p_5938,s_318,2018-08-23 00:35:25,83.14,7.35
o_007498,1,p_8298,s_994,2017-07-13 15:19:44,74.14,11.74
o_007499,1,p_4535,s_620,2018-07-30 11:44:45,267.12,18.13
o_007500,1,p_9134,s_228,2017-10-02 16:06:32,36.22,12.9
o_007501,1,p_1796,s_201,2018-07-13 12:34:28,88.05,64.88
o_007502,1,p_4530,s_988,2018-05-25 13:43:38,51.44,17.93
o_007503,1,p_5425,s_341,2018-07-08 16:07:40,281.71,10.58
o_007504,1,p_2492,s_263,2017-12-01 10:04:31,197.57,9.62
o_007505,1,p_5348,s_584,2017-11-25 20:27:18,27.98,24.54
o_007506,1,p_1202,s_734,2018-01-20 10:17:22,50.51,11.23
o_007507,1,p_9896,s_787,2017-04-30 08:00:27,111.6,17.43
o_007508,1,p_1973,s_799,2018-03-18 12:14:19,214.83,29.97
o_007509,1,p_5855,s_350,2018-03-31 08:36:42,46.11,24.83
o_007510,1,p_4065,s_708,2018-05-01 22:50:30,61.33,8.47
o_007511,1,p_5733,s_409,2018-02-13 13:10:26,70.12,11.52
o_007512,1,p_4188,s_319,2017-02-02 14:05:43,127.99,17.69
o_007513,1,p_2726,s_169,2018-07-09 02:38:04,57.03,23.87
o_007513,2,p_1872,s_162,2018-07-09 02:38:04,16.79,26.19
o_007513,3,p_5858,s_636,2018-07-09 02:38:04,27.05,24.96
o_007514,1,p_7659,s_678,2018-07-08 08:16:37,562.9,23.73
o_007515,1,p_6561,s_222,2018-03-20 20:29:32,60.69,16.59
o_007516,1,p_3273,s_355,2017-03-12 18:41:27,22.69,12.04
o_007517,1,p_2657,s_424,2017-06-13 19:32:23,299.74,15.87
o_007518,1,p_5373,s_191,2017-03-11 20:29:13,95.43,12.46
o_007519,1,p_2115,s_295,2018-03-15 15:56:37,272.18,8.63
o_007520,1,p_1585,s_434,2017-02-09 09:03:09,372.7,12.53
o_007520,2,p_8518,s_236,2017-02-09 09:03:09,292.53,9.41
o_007521,1,p_3659,s_227,2017-06-09 17:08:27,92.59,12.43
o_007522,1,p_4055,s_713,2017-03-29 15:46:50,48.37,9.91
o_007523,1,p_3161,s_152,2017-02-16 18:28:38,143.99,63.5
o_007524,1,p_2421,s_205,2017-11-06 15:03:15,16.73,5.53
o_007525,1,p_2266,s_562,2017-03-20 15:09:06,58.43,16.41
o_007526,1,p_8772,s_529,2018-01-06 07:18:06,79.27,25.27
o_007527,1,p_2243,s_175,2018-01-19 15:45:42,123.99,23.5
o_007528,1,p_1080,s_951,2018-08-31 11:28:11,204.77,67.92
o_007529,1,p_8072,s_248,2017-11-12 20:47:57,139.4,10.39
o_007530,1,p_9246,s_634,2017-09-09 16:49:57,50.23,14.88
o_007531,1,p_2698,s_126,2017-10-08 18:10:36,148.07,6.41
o_007532,1,p_9101,s_331,2018-05-22 07:50:30,166.31,12.63
o_007533,1,p_3720,s_724,2018-04-15 21:26:27,71.97,28.05
o_007533,2,p_1651,s_729,2018-04-15 21:26:27,327.7,22.98
o_007534,1,p_2773,s_579,2018-01-21 10:03:35,77.07,26.21
o_007534,2,p_2859,s_823,2018-01-21 10:03:35,34.58,23.02
o_007535,1,p_6042,s_249,2017-07-10 09:55:18,200.73,12.02
o_007536,1,p_5965,s_797,2018-03-16 19:45:24,148.35,29.25
o_007537,1,p_1507,s_610,2018-07-18 11:08:39,207.65,7.36
o_007538,1,p_1991,s_906,2017-02-08 07:01:03,168.72,16.68
o_007539,1,p_5651,s_640,2017-02-22 14:29:22,192.59,16.81
o_007540,1,p_8730,s_720,2018-01-11 21:58:55,64.43,14.77
o_007541,1,p_1118,s_190,2018-01-09 09:57:37,36.2,27.65
o_007542,1,p_6456,s_565,2018-08-02 17:32:50,335.36,19.78
o_007542,2,p_2429,s_711,2018-08-02 17:32:50,39.87,17.3
o_007542,3,p_7383,s_874,2018-08-02 17:32:50,214.58,16.22
o_007543,1,p_4780,s_216,2018-04-20 09:54:29,189.78,62.25
o_007544,1,p_1294,s_775,2018-02-20 14:12:22,168.77,28.83
o_007545,1,p_1522,s_320,2018-01-31 22:17:08,43.43,14.27
o_007545,2,p_9350,s_832,2018-01-31 22:17:08,24.32,14.01
o_007546,1,p_7820,s_298,2018-08-22 05:03:54,376.43,6.77
o_007547,1,p_8902,s_414,2018-01-13 10:07:59,32.35,26.09
o_007548,1,p_6673,s_902,2018-02-22 12:41:01,57.43,14.6
o_007548,2,p_6610,s_455,2018-02-22 12:41:01,50.12,14.09
o_007549,1,p_9001,s_649,2018-03-30 08:36:00,22.01,7.17
o_007549,2,p_8923,s_126,2018-03-30 08:36:00,16.14,13.34
o_007550,1,p_3014,s_513,2017-12-07 11:06:12,26.76,6.05
o_007550,2,p_7787,s_853,2017-12-07 11:06:12,300.71,13.32
o_007550,3,p_8034,s_443,2017-12-07 11:06:12,21.86,8.03
o_007551,1,p_7263,s_704,2018-07-15 14:27:04,86.09,6.08
o_007551,2,p_8496,s_157,2018-07-15 14:27:04,58.92,11.55
o_007552,1,p_7415,s_445,2017-11-07 14:04:47,85.57,26.15
o_007553,1,p_8103,s_460,2017-08-12 13:39:04,209.17,6.48
o_007554,1,p_9439,s_410,2018-02-23 10:48:55,72.56,17.57
o_007555,1,p_1706,s_890,2018-08-27 17:15:29,19.14,24.64
o_007556,1,p_3794,s_135,2018-05-17 17:39:41,197.35,10.98
o_007557,1,p_7803,s_564,2018-06-18 17:29:49,107.92,26.52
o_007558,1,p_4393,s_905,2018-03-29 15:06:15,283.71,17.72
o_007558,2,p_7018,s_476,2018-03-29 15:06:15,96.51,15.46
o_007558,3,p_6469,s_746,2018-03-29 15:06:15,239.67,13.46
o_007559,1,p_2960,s_925,2018-06-25 09:07:33,84.21,18.68
o_007560,1,p_5024,s_879,2018-07-30 13:57:13,120.5,24.88
o_007561,1,p_9118,s_954,2017-01-31 07:25:50,174.44,12.77
o_007561,2,p_8173,s_466,2017-01-31 07:25:50,88.74,7.19
o_007562,1,p_2733,s_402,2018-08-17 20:59:43,49.65,8.36
o_007563,1,p_1557,s_659,2018-02-07 22:41:09,34.54,25.16
o_007564,1,p_3802,s_901,2018-06-07 12:37:21,35.44,5.96
o_007565,1,p_9406,s_792,2017-06-06 20:48:12,31.51,18.06
o_007566,1,p_4156,s_426,2017-04-02 13:58:58,162.71,7.94
o_007567,1,p_6199,s_831,2018-02-27 17:08:02,39.6,6.96
o_007568,1,p_6036,s_839,2017-02-10 20:53:04,257.47,8.34
o_007569,1,p_8440,s_108,2018-05-10 12:02:25,54.6,15.75
o_007569,2,p_7208,s_300,2018-05-10 12:02:25,40.81,16.8
o_007570,1,p_6619,s_474,2018-05-25 14:05:26,142.6,8.72
o_007570,2,p_2712,s_689,2018-05-25 14:05:26,241.75,10.83
o_007571,1,p_8663,s_469,2017-06-11 18:42:26,45.84,16.77
o_007571,2,p_4905,s_568,2017-06-11 18:42:26,28.5,12.02
o_007572,1,p_2759,s_964,2017-01-06 01:30:27,84.61,13.62
o_007573,1,p_3666,s_293,2018-05-22 11:34:35,117.05,13.15
o_007574,1,p_5203,s_696,2018-05-31 06:13:08,152.8,10.05
o_007575,1,p_3026,s_685,2018-06-30 22:21:06,104.41,19.38
o_007576,1,p_2179,s_292,2018-01-19 11:31:28,62.11,12.21
o_007577,1,p_5234,s_303,2017-07-30 08:02:31,187.01,13.57
o_007578,1,p_2342,s_333,2017-09-22 23:27:44,332.9,18.5
o_007579,1,p_2898,s_288,2017-05-23 18:04:06,39.59,23.63
o_007580,1,p_6888,s_855,2017-03-14 13:42:02,270.47,9.88
o_007581,1,p_6362,s_639,2018-03-11 12:07:50,29.2,12.59
o_007581,2,p_6681,s_119,2018-03-11 12:07:50,220.24,9.63
o_007582,1,p_2306,s_773,2017-08-15 16:47:21,103.31,11.1
o_007583,1,p_7705,s_847,2018-02-09 10:52:59,364.51,10.13
o_007584,1,p_3407,s_517,2017-03-16 19:45:59,222.74,13.04
o_007585,1,p_6629,s_673,2017-01-06 15:04:17,48.35,6.13
o_007585,2,p_2076,s_696,2017-01-06 15:04:17,46.33,10.83
o_007586,1,p_6047,s_836,2018-02-14 10:18:30,329.83,26.7
o_007587,1,p_9606,s_677,2017-03-26 18:04:30,111.02,9.47
o_007588,1,p_2779,s_673,2018-02-23 22:30:13,28.59,15.36
o_007589,1,p_5115,s_178,2018-03-12 18:56:13,366.4,23.89
o_007589,2,p_8042,s_603,2018-03-12 18:56:13,147.37,28.78
o_007590,1,p_6402,s_645,2017-11-27 11:32:42,43.75,16.41
o_007590,2,p_1502,s_267,2017-11-27 11:32:42,248.58,12.98
o_007591,1,p_4824,s_499,2018-08-31 18:30:26,187.23,10.4
o_007592,1,p_3196,s_389,2018-07-28 10:44:58,241.27,22.37
o_007592,2,p_3169,s_812,2018-07-28 10:44:58,112.57,23.15
o_007593,1,p_9088,s_259,2017-07-13 00:26:08,114.25,5.79
o_007594,1,p_5561,s_553,2018-06-16 18:48:13,88.76,25.08
o_007594,2,p_4262,s_916,2018-06-16 18:48:13,93.75,29.31
o_007594,3,p_6106,s_664,2018-06-16 18:48:13,58.84,23.06
o_007595,1,p_2163,s_818,2018-07-23 17:53:32,104.57,18.58
o_007595,2,p_6731,s_252,2018-07-23 17:53:32,118.89,19.31
o_007596,1,p_8283,s_677,2018-06-19 22:13:46,33.94,19.67
o_007597,1,p_2816,s_734,2018-01-14 19:30:11,74.12,6.59
o_007598,1,p_6983,s_950,2018-02-27 12:36:52,63.02,28.13
o_007598,2,p_1422,s_679,2018-02-27 12:36:52,65.45,24.32
o_007599,1,p_6758,s_844,2017-04-13 18:16:21,201.72,9.94
o_007600,1,p_7264,s_901,2017-08-27 18:21:39,64.81,11.97
o_007601,1,p_7790,s_129,2018-04-25 16:33:34,27.16,13.26
o_007602,1,p_2395,s_998,2018-04-12 13:02:31,166.05,22.02
o_007602,2,p_5681,s_273,2018-04-12 13:02:31,141.37,29.66
o_007603,1,p_6254,s_153,2018-07-18 11:32:46,64.36,14.22
o_007604,1,p_8764,s_226,2017-12-02 13:57:20,188.31,10.13
o_007605,1,p_1414,s_906,2018-01-06 22:03:46,76.79,14.21
o_007606,1,p_8586,s_429,2018-08-18 13:58:31,77.52,17.37
o_007607,1,p_6327,s_398,2017-11-15 11:51:42,40.09,29.68
o_007608,1,p_4464,s_671,2017-07-08 12:40:54,68.56,9.12
o_007609,1,p_3262,s_216,2018-04-20 19:55:15,23.4,10.64
o_007609,2,p_9524,s_805,2018-04-20 19:55:15,147.39,12.75
o_007610,1,p_6000,s_438,2018-06-28 19:47:26,190.93,27.4
o_007611,1,p_6223,s_174,2018-07-02 11:14:34,20.08,10.44
o_007612,1,p_1825,s_712,2017-01-18 13:00:19,19.96,9.83
o_007613,1,p_6833,s_287,2017-06-23 07:32:44,17.33,16.12
o_007614,1,p_4653,s_659,2017-12-15 16:27:28,263.7,27.51
o_007615,1,p_9608,s_172,2017-09-19 07:09:45,842.13,8.71
o_007616,1,p_6723,s_418,2018-02-21 17:29:31,19.42,15.07
o_007617,1,p_5157,s_543,2017-04-07 21:55:29,73.35,19.29
o_007618,1,p_8528,s_567,2018-03-02 19:05:07,45.1,24.54
o_007619,1,p_6680,s_658,2018-03-29 03:55:15,155.34,29.4
o_007619,2,p_9602,s_695,2018-03-29 03:55:15,58.71,24.59
o_007620,1,p_5640,s_477,2018-07-13 11:57:26,141.43,8.43
o_007620,2,p_7913,s_330,2018-07-13 11:57:26,86.33,9.85
o_007621,1,p_2013,s_300,2018-01-24 18:29:08,96.02,12.66
o_007622,1,p_4072,s_957,2018-07-01 07:34:26,177.09,22.6
o_007623,1,p_1672,s_157,2017-11-14 07:49:42,208.1,18.97
o_007624,1,p_7810,s_312,2018-08-23 16:35:37,19.3,14.11
o_007625,1,p_2400,s_692,2018-05-18 10:25:54,154.48,27.29
o_007626,1,p_7398,s_298,2017-04-23 09:32:05,113.52,15.9
o_007627,1,p_1315,s_918,2018-02-13 20:21:24,19.97,11.8
o_007628,1,p_6020,s_989,2018-05-08 11:04:21,93.14,68.9
o_007629,1,p_3804,s_402,2018-01-23 20:28:53,33.22,27.14
o_007630,1,p_4431,s_242,2018-08-13 13:07:47,175.83,5.94
o_007631,1,p_2241,s_769,2018-02-14 19:53:02,222.8,26.14
o_007631,2,p_5909,s_219,2018-02-14 19:53:02,173.48,27.9
o_007632,1,p_8518,s_896,2018-04-26 18:28:51,98.45,12.26
o_007633,1,p_1578,s_358,2018-06-13 17:16:22,128.9,12.28
o_007634,1,p_4735,s_672,2017-09-21 08:17:31,156.22,11.09
o_007635,1,p_7900,s_436,2017-04-26 18:57:48,108.23,18.84
o_007636,1,p_8982,s_362,2018-07-24 23:36:57,304.91,7.92
o_007637,1,p_7163,s_614,2017-07-18 17:54:35,91.61,8.62
o_007637,2,p_3908,s_436,2017-07-18 17:54:35,100.65,8.13
o_007638,1,p_2837,s_636,2018-03-21 16:41:13,17.99,64.59
o_007639,1,p_7353,s_990,2018-06-02 15:51:04,203.42,28.91
o_007640,1,p_1617,s_567,2018-03-18 13:13:48,54.63,8.46
o_007641,1,p_4160,s_551,2017-09-12 19:23:42,187.42,9.33
o_007642,1,p_8318,s_670,2018-08-13 10:58:21,164.72,13.45
o_007643,1,p_4758,s_440,2018-02-09 16:42:17,122.02,63.63
o_007643,2,p_7516,s_330,2018-02-09 16:42:17,195.2,67.05
o_007644,1,p_6981,s_820,2017-05-10 07:48:35,40.21,10.05
o_007645,1,p_9923,s_145,2018-08-14 20:47:51,104.79,13.52
o_007646,1,p_1174,s_236,2017-05-17 20:09:28,551.77,29.84
o_007647,1,p_9557,s_585,2017-06-10 17:27:23,49.98,25.82
o_007648,1,p_4964,s_580,2018-02-13 18:09:25,124.02,17.95
o_007649,1,p_8088,s_451,2017-07-17 10:56:50,30.29,26.85
o_007650,1,p_9753,s_929,2018-06-19 11:02:44,94.86,69.61
o_007651,1,p_2201,s_665,2017-07-07 11:46:02,26.79,12.89
o_007652,1,p_9056,s_361,2018-07-30 17:46:04,330.58,12.74
o_007653,1,p_7851,s_102,2018-03-23 15:35:11,104.9,13.27
o_007654,1,p_4001,s_786,2018-06-29 18:01:57,31.55,28.24
o_007655,1,p_8001,s_220,2018-05-25 21:22:34,200.56,12.66
o_007656,1,p_3159,s_894,2017-06-19 20:50:29,205.14,22.15
o_007657,1,p_5399,s_845,2018-04-25 08:45:22,19.03,6.51
o_007657,2,p_2441,s_163,2018-04-25 08:45:22,33.59,5.7
o_007658,1,p_7376,s_124,2017-10-13 14:17:56,408.06,12.66
o_007658,2,p_9860,s_246,2017-10-13 14:17:56,19.08,18.31
o_007659,1,p_3700,s_908,2017-01-10 11:58:20,79.48,64.51
o_007660,1,p_2894,s_729,2018-07-10 21:32:46,25.94,11.6
o_007661,1,p_6637,s_130,2018-03-03 19:10:48,70.73,22.74
o_007661,2,p_1683,s_582,2018-03-03 19:10:48,55.5,23.56
o_007662,1,p_2467,s_388,2017-09-22 07:19:44,159.68,12.98
o_007663,1,p_1800,s_298,2017-03-05 20:33:21,463.45,66.86
o_007664,1,p_1074,s_527,2017-05-08 19:34:44,155.07,6.74
o_007665,1,p_2679,s_369,2017-03-01 13:35:57,72.65,10.26
o_007666,1,p_9189,s_755,2017-07-07 07:30:45,61.2,26.48
o_007666,2,p_8462,s_776,2017-07-07 07:30:45,35.65,27.25
o_007666,3,p_6099,s_608,2017-07-07 07:30:45,48.92,25.83
o_007667,1,p_1311,s_716,2018-05-19 10:03:45,92.68,15.48
o_007668,1,p_4385,s_253,2018-03-30 11:11:59,202.41,12.61
o_007669,1,p_2753,s_113,2018-04-28 18:53:28,48.63,9.47
o_007670,1,p_8020,s_333,2017-09-20 13:46:43,22.38,8.81
o_007671,1,p_7747,s_741,2017-10-15 20:09:35,148.64,29.48
o_007672,1,p_3089,s_936,2018-01-08 16:48:36,232.69,15.16
o_007673,1,p_2483,s_781,2017-02-27 15:15:41,101.01,12.54
o_007674,1,p_7436,s_228,2018-02-02 10:58:07,101.46,26.73
o_007675,1,p_2136,s_656,2018-05-17 10:46:24,31.79,16.01
o_007676,1,p_4584,s_611,2017-03-13 00:48:59,18.79,28.33
o_007677,1,p_5442,s_208,2018-07-09 11:33:55,164.55,66.24
o_007678,1,p_7385,s_565,2017-06-24 15:37:29,153.33,25.55
o_007678,2,p_6100,s_699,2017-06-24 15:37:29,26.48,24.97
o_007679,1,p_9928,s_454,2018-04-30 17:44:22,25.79,19.19
o_007680,1,p_8930,s_523,2018-05-10 11:34:50,33.47,9.19
o_007680,2,p_3049,s_464,2018-05-10 11:34:50,176.47,12.35
o_007680,3,p_5823,s_635,2018-05-10 11:34:50,100.98,11.55
o_007681,1,p_6004,s_376,2017-09-30 10:40:03,252.26,23.3
o_007681,2,p_9948,s_434,2017-09-30 10:40:03,520.68,26.93
o_007682,1,p_8773,s_933,2018-01-16 13:51:39,23.71,11.13
o_007682,2,p_9912,s_145,2018-01-16 13:51:39,331.28,11.71
o_007683,1,p_9417,s_302,2017-07-07 16:20:19,204.96,14.65
o_007684,1,p_7890,s_248,2018-01-30 16:08:42,85.53,13.19
o_007685,1,p_4328,s_901,2017-10-12 05:58:46,76.96,68.34
o_007686,1,p_3165,s_747,2018-05-03 16:48:50,217.7,12.1
o_007686,2,p_6881,s_419,2018-05-03 16:48:50,298.99,14.27
o_007687,1,p_3063,s_773,2017-09-07 23:11:54,166.77,11.63
o_007688,1,p_6141,s_858,2018-08-31 11:28:31,155.16,17.91
o_007689,1,p_3536,s_532,2017-07-31 15:00:10,16.1,16.73
o_007690,1,p_5618,s_595,2017-01-20 17:09:15,497.15,25.18
o_007691,1,p_4761,s_771,2018-02-12 13:58:10,28.65,6.16
o_007692,1,p_8889,s_915,2018-08-16 14:18:38,407.72,25.34
o_007693,1,p_8630,s_384,2017-12-15 12:55:06,267.88,25.93
o_007694,1,p_4483,s_267,2018-03-11 22:10:51,180.37,64.76
o_007695,1,p_1197,s_216,2017-12-14 21:05:49,101.35,69.81
o_007695,2,p_1590,s_361,2017-12-14 21:05:49,33.97,63.66
o_007696,1,p_4558,s_129,2017-04-23 22:28:08,97.15,17.25
o_007697,1,p_5604,s_533,2018-02-23 13:38:10,20.07,9.04
o_007698,1,p_9940,s_826,2017-11-01 07:45:12,72.94,26.14
o_007699,1,p_3997,s_860,2017-06-17 11:17:35,342.06,18.06
o_007700,1,p_8930,s_673,2018-05-12 10:18:03,133.62,14.56
o_007701,1,p_9910,s_912,2018-08-17 09:10:52,92.65,27.61
o_007702,1,p_9638,s_305,2018-06-22 08:30:27,341.43,68.92
o_007703,1,p_7143,s_590,2018-05-14 00:48:28,102.31,12.47
o_007704,1,p_4423,s_480,2018-08-01 14:39:57,208.37,5.75
o_007705,1,p_5824,s_641,2017-05-10 07:28:57,216.49,16.17
o_007706,1,p_4934,s_238,2018-07-02 17:18:27,16.45,26.67
o_007707,1,p_5941,s_381,2018-02-12 12:03:10,46.92,28.83
o_007707,2,p_8477,s_954,2018-02-12 12:03:10,217.42,23.99
o_007708,1,p_5044,s_318,2018-04-26 12:41:25,90.71,66.16
o_007709,1,p_6327,s_553,2018-07-09 13:47:20,37.24,16.69
o_007710,1,p_8349,s_974,2018-01-24 23:31:57,384.98,14.44
o_007710,2,p_3184,s_958,2018-01-24 23:31:57,143.08,16.62
o_007711,1,p_9415,s_900,2018-07-31 08:37:45,85.1,11.67
o_007712,1,p_7402,s_644,2017-04-13 09:01:38,56.72,12.09
o_007713,1,p_7058,s_556,2017-05-11 21:22:46,327.71,12.56
o_007714,1,p_7574,s_480,2017-07-31 14:54:20,214.58,25.03
o_007715,1,p_9518,s_430,2018-03-28 12:09:24,84.53,17.43
o_007716,1,p_9746,s_694,2018-08-14 14:52:11,225.66,25.91
o_007717,1,p_5406,s_292,2017-12-17 19:07:50,79.27,12.62
o_007718,1,p_9041,s_949,2017-01-21 11:17:43,39.43,14.82
o_007719,1,p_2029,s_467,2018-02-12 06:44:35,62.56,67.73
o_007720,1,p_2132,s_333,2018-02-17 16:02:10,29.25,19.58
o_007720,2,p_3075,s_224,2018-02-17 16:02:10,38.6,19.39
o_007721,1,p_3942,s_470,2017-07-02 11:20:07,133.63,17.46
o_007722,1,p_8711,s_752,2017-07-23 08:43:47,108.85,17.13
o_007723,1,p_3458,s_307,2018-08-28 11:26:44,80.51,13.41
o_007724,1,p_3951,s_749,2018-02-17 19:22:59,253.06,24.01
o_007725,1,p_8189,s_244,2018-03-30 12:27:56,63.88,12.83
o_007726,1,p_9748,s_785,2017-10-21 15:03:53,31.79,12.33
o_007727,1,p_8810,s_806,2018-06-11 23:03:14,50.2,17.96
o_007727,2,p_3364,s_642,2018-06-11 23:03:14,144.46,18.55
o_007727,3,p_2614,s_225,2018-06-11 23:03:14,901.42,13.64
o_007728,1,p_5969,s_858,2017-05-22 21:36:30,208.86,18.42
o_007729,1,p_3974,s_767,2018-03-24 18:12:20,51.38,6.67
o_007730,1,p_3377,s_447,2017-12-30 11:09:07,227.68,10.68
o_007731,1,p_9596,s_631,2017-03-08 09:02:26,33.67,25.66
o_007732,1,p_8934,s_582,2017-12-07 15:59:20,41.26,11.09
o_007733,1,p_7045,s_587,2018-03-21 20:29:55,145.31,15.47
o_007734,1,p_9441,s_967,2018-06-30 07:22:11,23.04,25.86
o_007735,1,p_5384,s_931,2018-04-12 22:47:26,116.82,27.33
o_007735,2,p_5468,s_160,2018-04-12 22:47:26,208.77,22.9
o_007736,1,p_9202,s_394,2018-06-08 22:36:39,78.39,22.41
o_007737,1,p_3717,s_889,2018-08-23 03:31:11,75.72,14.38
o_007738,1,p_6430,s_490,2018-05-31 15:34:32,132.86,24.86
o_007739,1,p_3659,s_993,2017-09-09 22:03:30,48.99,5.9
o_007739,2,p_9356,s_229,2017-09-09 22:03:30,42.47,8.87
o_007740,1,p_1734,s_711,2018-07-09 18:02:51,229.1,9.64
o_007740,2,p_5064,s_162,2018-07-09 18:02:51,123.83,9.27
o_007741,1,p_4540,s_115,2018-03-11 09:57:08,215.98,8.65
o_007741,2,p_9377,s_514,2018-03-11 09:57:08,18.01,8.63
o_007742,1,p_9877,s_280,2018-07-30 13:31:04,163.47,14.9
o_007743,1,p_8291,s_685,2018-07-07 10:52:55,99.15,24.8
o_007744,1,p_2692,s_132,2017-07-26 09:27:28,89.35,12.75
o_007745,1,p_3922,s_235,2017-03-04 10:34:38,119.98,7.37
o_007746,1,p_2743,s_677,2017-12-11 18:04:21,272.2,8.66
o_007746,2,p_5948,s_781,2017-12-11 18:04:21,26.34,9.49
o_007747,1,p_3936,s_623,2018-05-16 06:43:35,87.14,12.13
o_007747,2,p_1020,s_455,2018-05-16 06:43:35,58.13,10.9
o_007748,1,p_2666,s_698,2017-12-15 08:02:26,46.48,29.42
o_007749,1,p_9537,s_990,2018-01-18 13:53:29,123.81,23.87
o_007750,1,p_5356,s_127,2018-01-22 13:09:40,139.42,7.44
o_007751,1,p_4071,s_846,2017-10-13 16:13:28,65.33,7.74
o_007752,1,p_7507,s_367,2018-03-01 20:46:46,93.76,9.73
o_007753,1,p_7717,s_909,2017-08-15 06:56:14,101.31,29.19
o_007754,1,p_8924,s_281,2018-08-29 20:46:52,58.81,18.52
o_007755,1,p_6045,s_807,2018-06-20 14:29:08,51.7,24.3
o_007756,1,p_2883,s_306,2018-08-07 07:12:05,67.69,29.94
o_007757,1,p_3961,s_555,2018-03-04 07:07:40,239.47,12.2
o_007758,1,p_8414,s_906,2018-02-02 12:06:50,86.97,12.63
o_007759,1,p_2383,s_985,2018-01-17 14:25:45,51.05,10.7
o_007760,1,p_3816,s_816,2018-06-21 16:26:51,176.88,9.04
o_007761,1,p_5897,s_971,2017-03-12 19:45:23,34.93,12.67
o_007762,1,p_7878,s_837,2018-07-10 09:47:25,28.5,5.96
o_007763,1,p_8043,s_711,2018-08-22 19:35:04,129.78,23.36
o_007764,1,p_3759,s_866,2017-11-19 16:20:29,392.45,9.86
o_007765,1,p_6299,s_808,2018-01-18 19:41:28,119.29,14.06
o_007766,1,p_3234,s_864,2018-06-30 13:06:14,61.2,27.17
o_007767,1,p_3269,s_662,2017-10-25 17:08:05,20.72,6.69
o_007768,1,p_5229,s_409,2018-05-29 18:47:33,49.22,11.6
o_007769,1,p_8038,s_759,2017-03-18 08:42:01,88.48,24.76
o_007770,1,p_3109,s_976,2017-12-18 21:11:26,72.28,17.68
o_007770,2,p_1471,s_280,2017-12-18 21:11:26,248.56,15.97
o_007771,1,p_2931,s_276,2017-03-13 18:35:59,62.93,29.15
o_007772,1,p_2272,s_109,2018-04-21 14:59:36,65.43,14.24
o_007773,1,p_6281,s_645,2017-04-14 18:54:08,86.82,64.04
o_007773,2,p_3709,s_450,2017-04-14 18:54:08,55.88,66.66
o_007774,1,p_5910,s_101,2017-04-09 08:32:00,51.83,7.92
o_007775,1,p_5962,s_633,2017-06-16 17:04:09,33.61,23.59
o_007776,1,p_5551,s_734,2017-12-01 21:27:13,137.39,7.03
o_007777,1,p_8537,s_804,2017-03-20 11:11:04,139.63,29.55
o_007778,1,p_7831,s_430,2017-10-10 00:20:15,225.27,10.66
o_007779,1,p_2753,s_543,2018-07-11 16:17:50,81.18,17.85
o_007779,2,p_6247,s_456,2018-07-11 16:17:50,206.03,17.74
o_007780,1,p_5140,s_367,2018-06-14 11:24:40,22.76,12.26
o_007781,1,p_7604,s_922,2017-08-26 14:54:33,99.45,24.62
o_007782,1,p_6879,s_638,2017-07-12 16:34:57,263.45,10.75
o_007783,1,p_8958,s_805,2017-03-05 18:51:49,428.82,11.19
o_007784,1,p_1998,s_545,2018-06-14 16:03:00,367.02,12.14
o_007785,1,p_9640,s_836,2018-08-16 22:26:32,126.9,68.24
o_007786,1,p_5988,s_308,2017-09-14 08:42:23,55.47,6.86
o_007787,1,p_7011,s_289,2017-05-09 18:59:59,127.29,15.51
o_007788,1,p_5392,s_468,2017-10-10 11:03:44,104.48,23.15
o_007789,1,p_2988,s_620,2017-01-23 17:33:03,150.15,7.29
o_007790,1,p_9082,s_668,2017-04-15 10:39:41,97.14,25.82
o_007791,1,p_2078,s_493,2017-09-14 23:00:11,23.49,6.55
o_007792,1,p_8581,s_450,2018-03-13 15:24:10,23.69,6.87
o_007793,1,p_3302,s_294,2018-08-16 19:05:12,344.88,8.24
o_007794,1,p_5993,s_162,2018-03-26 16:13:42,49.42,5.64
o_007795,1,p_4404,s_877,2017-07-03 05:01:55,132.0,14.41
o_007796,1,p_3884,s_844,2018-02-21 16:55:23,17.79,10.24
o_007797,1,p_4955,s_327,2018-08-31 16:49:21,126.72,29.13
o_007797,2,p_9087,s_851,2018-08-31 16:49:21,54.79,22.58
o_007797,3,p_5197,s_671,2018-08-31 16:49:21,56.3,25.54
o_007798,1,p_3906,s_354,2017-05-09 08:38:54,101.19,12.84
o_007799,1,p_4592,s_775,2017-12-17 13:30:14,194.12,8.33
o_007800,1,p_2087,s_847,2018-08-27 13:55:05,191.02,11.12
o_007801,1,p_2570,s_555,2018-02-22 16:01:15,155.89,15.5
o_007802,1,p_5106,s_292,2018-03-17 10:11:50,41.24,17.52
o_007803,1,p_7693,s_477,2018-01-15 20:54:40,48.27,19.26
o_007804,1,p_5941,s_882,2018-08-19 15:58:46,42.55,7.42
o_007804,2,p_4185,s_815,2018-08-19 15:58:46,150.2,10.76
o_007804,3,p_4840,s_622,2018-08-19 15:58:46,121.42,7.51
o_007805,1,p_5546,s_128,2018-08-12 12:48:25,252.75,18.84
o_007806,1,p_9430,s_755,2018-03-25 07:12:07,93.29,14.18
o_007806,2,p_7810,s_210,2018-03-25 07:12:07,48.68,16.07
o_007807,1,p_8050,s_131,2017-09-16 10:42:46,367.75,12.69
o_007808,1,p_6220,s_829,2017-08-23 13:40:22,313.41,13.09
o_007808,2,p_8862,s_885,2017-08-23 13:40:22,123.75,8.53
o_007809,1,p_8656,s_534,2018-07-20 21:36:38,181.5,10.79
o_007810,1,p_3070,s_413,2018-04-11 09:53:23,174.84,16.19
o_007811,1,p_3707,s_788,2018-02-08 13:51:36,63.71,24.29
o_007812,1,p_7173,s_300,2017-09-02 11:22:08,19.02,18.46
o_007813,1,p_8412,s_736,2017-03-13 13:28:08,49.73,13.61
o_007814,1,p_9605,s_260,2018-03-05 21:09:53,97.8,25.05
o_007814,2,p_3403,s_898,2018-03-05 21:09:53,154.05,25.64
o_007815,1,p_4227,s_456,2017-12-09 16:05:11,58.87,29.62
o_007816,1,p_5593,s_268,2018-01-13 14:42:08,227.42,12.05
o_007816,2,p_6725,s_581,2018-01-13 14:42:08,104.58,8.25
o_007817,1,p_3460,s_302,2018-02-14 11:03:09,37.49,9.43
o_007818,1,p_1948,s_727,2018-02-23 19:22:35,56.79,29.99
o_007819,1,p_2235,s_310,2018-02-24 09:50:35,510.07,28.72
o_007820,1,p_5731,s_981,2017-12-23 14:08:29,118.79,64.47
o_007821,1,p_9081,s_588,2017-10-01 12:45:23,17.03,7.49
o_007822,1,p_2720,s_975,2017-05-09 19:05:06,16.82,14.74
o_007823,1,p_4595,s_940,2018-07-03 21:41:39,162.52,8.69
o_007824,1,p_9625,s_120,2018-06-02 23:15:51,269.93,18.19
o_007825,1,p_2715,s_689,2018-01-07 17:37:50,17.49,16.58
o_007825,2,p_3904,s_264,2018-01-07 17:37:50,61.05,15.71
o_007826,1,p_2322,s_854,2018-01-23 14:48:07,22.77,25.96
o_007827,1,p_8015,s_287,2017-10-21 18:39:24,139.06,24.67
o_007828,1,p_5360,s_162,2018-08-21 22:31:54,82.61,6.81
o_007828,2,p_8116,s_480,2018-08-21 22:31:54,65.52,9.69
o_007829,1,p_5270,s_440,2017-09-23 18:31:23,34.23,11.12
o_007830,1,p_5553,s_246,2018-05-31 11:43:17,78.19,13.54
o_007831,1,p_2208,s_211,2018-04-26 16:25:12,23.62,10.71
o_007832,1,p_5982,s_503,2017-11-30 21:09:04,107.13,66.75
o_007833,1,p_8096,s_213,2018-04-21 16:38:32,230.81,19.9
o_007834,1,p_6540,s_143,2017-04-28 18:00:59,82.12,19.31
o_007835,1,p_2774,s_949,2017-12-08 22:44:58,161.05,8.58
o_007836,1,p_1783,s_508,2018-05-29 08:51:09,446.74,11.61
o_007837,1,p_8054,s_770,2018-01-31 19:43:09,158.87,23.86
o_007838,1,p_5766,s_458,2017-05-20 12:23:09,55.98,17.89
o_007839,1,p_1495,s_671,2018-06-25 11:01:01,200.23,26.04
o_007839,2,p_8812,s_124,2018-06-25 11:01:01,170.16,26.47
o_007840,1,p_3403,s_432,2018-06-30 23:16:29,28.01,15.72
o_007841,1,p_6020,s_194,2018-06-24 11:36:23,78.23,9.49
o_007841,2,p_5876,s_410,2018-06-24 11:36:23,87.19,9.69
o_007842,1,p_1556,s_577,2017-09-23 13:53:43,66.07,14.31
o_007843,1,p_6821,s_470,2018-07-28 08:06:19,44.08,23.5
o_007844,1,p_2600,s_574,2018-03-12 12:26:49,48.0,15.69
o_007844,2,p_1481,s_561,2018-03-12 12:26:49,34.0,13.98
o_007845,1,p_5705,s_900,2017-04-12 14:58:01,21.78,14.98
o_007846,1,p_3072,s_709,2017-11-25 14:19:18,111.37,11.13
o_007847,1,p_9473,s_246,2018-05-16 20:54:19,70.02,14.11
o_007847,2,p_8674,s_510,2018-05-16 20:54:19,207.56,14.0
o_007848,1,p_3127,s_537,2018-05-15 07:21:37,29.96,10.1
o_007849,1,p_6746,s_207,2018-07-15 09:34:47,112.82,19.11
o_007850,1,p_6453,s_324,2017-05-22 13:51:45,142.57,18.4
o_007851,1,p_2830,s_704,2018-02-14 16:11:42,22.84,10.64
o_007852,1,p_9557,s_621,2017-12-02 12:19:20,99.52,64.34
o_007853,1,p_4534,s_328,2017-11-24 12:24:22,119.38,15.86
o_007854,1,p_7273,s_913,2017-09-16 12:49:19,26.03,25.48
o_007855,1,p_6696,s_820,2018-07-22 09:57:01,108.81,18.8
o_007856,1,p_3122,s_415,2018-03-04 13:32:04,74.28,12.0
o_007857,1,p_5703,s_940,2017-03-04 11:13:14,40.01,10.99
o_007858,1,p_7388,s_685,2017-08-31 00:07:20,135.53,11.09
o_007859,1,p_3986,s_105,2017-12-29 23:56:51,120.44,25.3
o_007860,1,p_1889,s_996,2018-06-24 14:25:04,444.0,13.03
o_007861,1,p_3760,s_579,2017-04-22 13:21:47,233.71,23.76
o_007862,1,p_9271,s_359,2017-01-30 16:54:26,67.56,12.18
o_007863,1,p_5010,s_262,2018-01-31 17:51:01,34.89,11.0
o_007863,2,p_3125,s_357,2018-01-31 17:51:01,38.91,11.08
o_007864,1,p_1239,s_843,2017-04-11 11:27:18,95.13,24.52
o_007864,2,p_8063,s_873,2017-04-11 11:27:18,36.89,24.53
o_007865,1,p_5578,s_996,2018-04-26 21:22:27,131.91,13.29
o_007866,1,p_5762,s_244,2017-06-17 14:02:02,342.31,24.01
o_007867,1,p_6959,s_167,2017-01-09 11:25:36,137.66,29.12
o_007868,1,p_3362,s_905,2018-02-17 18:04:23,73.77,16.94
o_007869,1,p_9710,s_530,2018-06-24 20:48:54,81.48,15.98
o_007870,1,p_9964,s_671,2018-03-24 11:57:43,177.28,17.19
o_007871,1,p_8115,s_892,2017-01-22 17:05:31,66.88,29.0
o_007872,1,p_8927,s_741,2017-10-18 08:48:17,231.09,69.75
o_007873,1,p_1884,s_556,2018-07-21 07:39:19,17.15,7.73
o_007874,1,p_5460,s_721,2018-08-06 22:01:58,29.82,5.91
o_007875,1,p_9544,s_967,2018-05-11 08:47:23,162.83,12.0
o_007876,1,p_6348,s_975,2017-05-31 14:01:08,89.28,17.73
o_007877,1,p_2660,s_445,2017-01-30 10:52:55,177.88,13.43
o_007878,1,p_6450,s_122,2018-06-12 12:12:17,71.6,8.46
o_007879,1,p_9410,s_641,2018-07-03 12:31:59,56.76,13.49
o_007880,1,p_5344,s_421,2017-09-08 12:14:03,33.88,12.67
o_007881,1,p_1625,s_763,2018-06-01 10:10:31,94.0,29.6
o_007881,2,p_9228,s_460,2018-06-01 10:10:31,83.32,29.21
o_007882,1,p_2447,s_718,2018-02-06 14:40:16,54.83,23.92
o_007883,1,p_8243,s_400,2017-01-31 21:59:48,97.7,13.27
o_007883,2,p_3847,s_994,2017-01-31 21:59:48,39.69,6.42
o_007884,1,p_8023,s_992,2017-02-17 10:01:59,101.23,10.34
o_007885,1,p_7376,s_138,2018-02-21 17:32:57,49.13,11.01
o_007886,1,p_7132,s_713,2018-04-12 15:04:01,41.04,12.66
o_007887,1,p_7007,s_413,2018-08-23 08:40:09,58.49,19.49
o_007888,1,p_4282,s_949,2017-07-19 14:16:20,177.88,6.21
o_007889,1,p_4374,s_885,2017-01-27 16:47:44,42.49,19.39
o_007890,1,p_6170,s_267,2017-02-21 18:39:00,216.76,9.81
o_007891,1,p_4407,s_259,2017-03-18 14:59:00,213.22,23.41
o_007891,2,p_6568,s_305,2017-03-18 14:59:00,67.07,25.97
o_007892,1,p_9990,s_475,2018-05-06 19:29:04,152.68,19.67
o_007893,1,p_1236,s_651,2018-05-01 13:56:07,24.18,17.73
o_007894,1,p_8284,s_205,2018-01-16 09:04:23,70.42,10.89
o_007895,1,p_7160,s_297,2017-08-09 19:31:13,61.31,29.82
o_007896,1,p_6728,s_610,2017-02-09 22:36:47,60.67,6.43
o_007897,1,p_3560,s_199,2017-09-15 15:46:26,36.3,14.95
o_007897,2,p_4046,s_394,2017-09-15 15:46:26,127.86,13.02
o_007898,1,p_2908,s_158,2018-03-31 18:50:44,239.74,7.5
o_007899,1,p_1978,s_319,2017-06-29 20:42:53,133.17,6.22
o_007900,1,p_9544,s_150,2017-03-25 13:58:11,333.66,22.7
o_007901,1,p_2442,s_342,2018-05-22 13:50:42,496.06,28.33
o_007902,1,p_1505,s_374,2018-05-08 20:48:46,266.05,22.47
o_007903,1,p_2261,s_641,2018-05-14 10:41:58,558.79,9.67
o_007904,1,p_8938,s_657,2018-08-17 13:02:16,282.73,62.87
o_007905,1,p_4958,s_347,2018-08-15 17:38:06,187.25,18.3
o_007906,1,p_3175,s_647,2018-08-16 14:43:34,130.88,12.8
o_007907,1,p_1060,s_874,2018-08-12 11:19:04,374.66,67.46
o_007908,1,p_3987,s_433,2017-04-10 09:06:00,86.0,15.19
o_007909,1,p_5957,s_725,2018-02-17 13:59:31,140.18,8.23
o_007910,1,p_6458,s_518,2018-03-23 09:57:43,65.55,10.78
o_007911,1,p_8767,s_352,2018-06-12 20:19:12,91.14,10.1
o_007912,1,p_7900,s_220,2017-05-30 16:44:25,84.78,23.43
o_007913,1,p_7857,s_373,2018-08-13 13:26:14,337.26,12.21
o_007914,1,p_3869,s_836,2018-08-01 08:55:17,133.86,13.88
o_007915,1,p_6020,s_738,2017-07-27 20:46:07,30.69,9.74
o_007916,1,p_7337,s_512,2018-05-10 13:29:14,33.88,10.2
o_007917,1,p_5087,s_274,2018-04-14 08:46:30,16.36,28.8
o_007918,1,p_6444,s_262,2017-06-10 02:24:11,70.1,27.41
o_007919,1,p_1914,s_494,2017-10-10 16:54:45,233.87,16.57
o_007920,1,p_5744,s_621,2018-07-17 21:04:51,74.35,9.43
o_007921,1,p_3068,s_535,2018-03-10 22:26:00,32.59,9.12
o_007922,1,p_4128,s_331,2018-06-26 16:40:00,72.39,14.72
o_007923,1,p_5887,s_152,2018-01-20 03:25:35,32.82,15.48
o_007924,1,p_7651,s_841,2018-05-22 17:01:57,218.45,12.17
o_007925,1,p_4787,s_168,2018-04-23 12:34:00,140.02,6.22
o_007925,2,p_2752,s_469,2018-04-23 12:34:00,341.58,6.39
o_007926,1,p_3347,s_158,2018-08-01 13:21:48,166.17,28.01
o_007927,1,p_5028,s_108,2018-08-21 21:47:14,90.25,64.64
o_007928,1,p_6539,s_670,2018-09-01 22:56:41,220.66,64.94
o_007929,1,p_6107,s_939,2018-03-05 10:33:38,274.54,13.14
o_007930,1,p_4948,s_802,2018-06-18 16:30:48,31.14,28.95
o_007931,1,p_8726,s_165,2018-08-25 16:31:19,356.67,9.5
o_007932,1,p_3940,s_121,2018-01-24 14:54:19,103.8,25.96
o_007933,1,p_3395,s_657,2017-01-20 11:40:09,52.85,11.34
o_007934,1,p_9069,s_176,2018-08-14 10:30:53,107.63,27.96
o_007935,1,p_8085,s_943,2018-04-18 19:21:39,83.4,25.26
o_007936,1,p_6542,s_713,2018-04-21 09:14:17,121.72,18.84
o_007937,1,p_6719,s_104,2018-05-24 20:58:28,74.71,9.25
o_007937,2,p_2250,s_195,2018-05-24 20:58:28,77.61,10.91
o_007938,1,p_6688,s_946,2018-02-20 11:47:26,115.19,26.13
o_007938,2,p_6309,s_753,2018-02-20 11:47:26,28.83,22.1
o_007938,3,p_4828,s_722,2018-02-20 11:47:26,175.82,26.64
o_007939,1,p_3523,s_692,2018-08-27 13:04:02,322.99,12.43
o_007940,1,p_8080,s_722,2018-04-11 21:05:22,607.85,12.35
o_007940,2,p_9466,s_206,2018-04-11 21:05:22,103.17,9.58
o_007941,1,p_5998,s_478,2018-07-13 08:44:36,142.91,18.38
o_007942,1,p_8463,s_526,2018-02-19 18:49:14,65.91,29.59
o_007943,1,p_7253,s_923,2017-07-16 16:04:31,443.58,16.59
o_007944,1,p_2926,s_911,2018-01-30 20:04:20,547.72,12.98
o_007944,2,p_2637,s_402,2018-01-30 20:04:20,203.04,13.39
o_007944,3,p_1864,s_903,2018-01-30 20:04:20,36.62,6.59
o_007945,1,p_7908,s_998,2018-08-09 22:55:03,331.04,9.46
o_007946,1,p_4680,s_904,2018-05-15 15:17:26,45.36,12.9
o_007947,1,p_8169,s_987,2017-09-15 12:30:58,129.83,12.49
o_007948,1,p_4916,s_240,2017-09-01 19:52:27,52.24,15.62
o_007949,1,p_9277,s_538,2018-01-27 11:48:59,23.28,5.96
o_007950,1,p_9507,s_378,2017-10-26 13:24:52,17.18,25.86
o_007951,1,p_7515,s_125,2017-05-03 11:58:31,161.01,22.62
o_007951,2,p_2301,s_628,2017-05-03 11:58:31,269.58,27.12
o_007952,1,p_6606,s_508,2017-09-23 19:23:00,94.27,18.98
o_007953,1,p_1263,s_483,2017-08-15 12:49:32,78.88,24.39
o_007954,1,p_1673,s_279,2018-06-27 08:57:44,109.38,25.31
o_007955,1,p_6698,s_878,2018-06-30 12:16:15,113.88,8.1
o_007955,2,p_8037,s_288,2018-06-30 12:16:15,75.35,6.0
o_007956,1,p_8963,s_545,2017-04-20 06:48:59,51.31,65.51
o_007957,1,p_1564,s_543,2017-05-01 16:06:54,34.57,15.7
o_007958,1,p_6594,s_317,2018-04-13 17:56:21,55.75,24.21
o_007959,1,p_8362,s_118,2017-04-26 13:23:17,174.84,17.81
o_007960,1,p_1447,s_142,2017-05-20 06:03:03,186.47,23.48
o_007961,1,p_9256,s_858,2018-05-24 13:32:03,185.45,18.28
o_007962,1,p_7418,s_766,2018-06-11 07:33:33,43.6,27.35
o_007963,1,p_9751,s_235,2017-08-22 00:35:58,144.13,15.41
o_007964,1,p_9158,s_896,2017-10-12 18:05:59,65.66,12.48
o_007965,1,p_9038,s_623,2018-05-18 23:27:33,69.13,10.07
o_007965,2,p_7255,s_385,2018-05-18 23:27:33,185.21,12.7
o_007966,1,p_4887,s_627,2018-01-12 21:09:01,173.26,15.66
o_007967,1,p_8786,s_182,2018-08-13 09:55:22,86.81,11.49
o_007968,1,p_9485,s_152,2018-08-06 18:50:55,179.27,9.07
o_007969,1,p_3202,s_541,2017-09-10 11:05:11,75.96,9.09
o_007970,1,p_8285,s_659,2018-06-11 20:01:02,154.11,5.83
o_007971,1,p_7828,s_602,2018-02-17 11:44:00,373.65,25.37
o_007972,1,p_5293,s_278,2018-06-27 12:59:52,69.1,25.93
o_007973,1,p_6222,s_743,2017-09-17 12:54:49,29.72,63.41
o_007974,1,p_9082,s_171,2017-04-10 12:38:37,365.61,22.83
o_007975,1,p_7149,s_533,2018-01-12 23:29:01,734.92,11.52
o_007976,1,p_7811,s_741,2018-08-29 14:04:58,300.99,16.66
o_007977,1,p_1516,s_148,2018-04-17 17:35:30,135.67,25.51
o_007978,1,p_1060,s_273,2017-08-01 18:19:33,42.63,11.54
o_007979,1,p_7690,s_171,2017-01-16 11:58:21,38.87,6.62
o_007979,2,p_9395,s_679,2017-01-16 11:58:21,25.04,11.84
o_007979,3,p_6273,s_395,2017-01-16 11:58:21,25.76,12.09
o_007980,1,p_3833,s_808,2017-01-25 21:40:25,75.77,18.72
o_007981,1,p_2574,s_889,2018-05-13 20:06:28,143.02,8.42
o_007982,1,p_3955,s_912,2018-07-18 11:43:12,31.16,9.21
o_007983,1,p_6277,s_359,2018-06-08 15:38:33,247.45,9.9
o_007984,1,p_4511,s_625,2018-03-10 10:26:06,38.68,7.07
o_007985,1,p_1492,s_307,2018-02-26 16:19:28,53.15,10.6
o_007986,1,p_1631,s_472,2018-07-24 08:47:51,189.11,18.96
o_007987,1,p_4795,s_736,2017-06-01 15:07:42,53.55,22.14
o_007988,1,p_5292,s_311,2017-04-29 11:33:47,111.26,28.8
o_007989,1,p_3509,s_444,2018-01-15 06:44:21,128.86,6.89
o_007990,1,p_4101,s_201,2018-04-14 18:41:50,314.22,11.2
o_007991,1,p_2369,s_968,2017-07-19 13:52:01,24.32,14.43
o_007992,1,p_3243,s_478,2017-01-11 09:00:54,252.62,9.02
o_007992,2,p_7735,s_339,2017-01-11 09:00:54,348.72,10.81
o_007993,1,p_6753,s_958,2017-04-28 17:23:07,28.14,27.69
o_007994,1,p_1344,s_282,2017-12-24 13:07:28,25.24,11.05
o_007995,1,p_3824,s_578,2017-11-20 07:48:27,205.67,26.66
o_007996,1,p_3102,s_908,2017-10-13 09:38:38,216.99,13.47
o_007997,1,p_7704,s_791,2018-05-15 20:36:22,207.87,27.94
o_007998,1,p_1376,s_842,2017-04-26 15:14:10,39.14,13.41
o_007999,1,p_1949,s_254,2017-06-12 09:36:35,199.54,9.07
o_008000,1,p_5500,s_112,2018-04-25 17:33:44,31.91,24.03
o_008000,2,p_1692,s_172,2018-04-25 17:33:44,40.77,29.29
o_008001,1,p_7126,s_924,2017-04-18 13:52:56,100.62,28.38
o_008002,1,p_1285,s_291,2017-10-18 03:31:47,141.25,11.17
o_008003,1,p_1154,s_348,2017-12-21 14:45:33,25.65,23.59
o_008004,1,p_1287,s_120,2017-11-14 16:23:09,164.56,14.79
o_008005,1,p_6849,s_638,2017-02-24 14:55:41,16.74,9.94
o_008006,1,p_5176,s_322,2018-04-07 18:46:24,107.29,6.4
o_008007,1,p_9843,s_930,2018-07-11 21:08:51,15.76,13.85
o_008008,1,p_5056,s_928,2017-06-09 06:53:58,88.99,22.36
o_008009,1,p_1286,s_639,2018-07-06 16:33:37,300.71,24.99
o_008010,1,p_5590,s_467,2018-07-22 11:31:28,87.27,5.92
o_008011,1,p_4263,s_363,2017-12-14 10:20:36,239.6,15.57
o_008012,1,p_8092,s_633,2018-01-14 13:04:39,94.71,19.76
o_008013,1,p_3589,s_620,2017-12-24 13:50:11,62.49,7.65
o_008014,1,p_4677,s_928,2017-11-20 05:34:28,39.99,22.13
o_008015,1,p_8579,s_195,2017-04-26 12:31:49,261.43,63.23
o_008016,1,p_4902,s_295,2018-01-31 13:44:26,120.61,14.83
o_008017,1,p_1607,s_612,2017-04-13 15:04:10,91.34,17.62
o_008018,1,p_3220,s_960,2018-03-03 11:11:42,176.37,13.53
o_008019,1,p_3147,s_627,2018-04-13 09:37:00,20.41,7.57
o_008020,1,p_4130,s_523,2018-01-28 17:20:58,76.99,24.16
o_008021,1,p_1238,s_916,2017-09-30 13:25:56,154.56,18.49
o_008022,1,p_9276,s_138,2018-01-11 19:46:44,16.48,7.8
o_008023,1,p_5979,s_819,2018-08-20 16:34:32,115.21,25.19
o_008024,1,p_9108,s_428,2018-08-24 14:39:58,117.81,24.41
o_008025,1,p_5182,s_671,2017-09-27 07:11:48,62.27,11.48
o_008026,1,p_4940,s_256,2018-04-20 10:30:59,188.52,6.99
o_008027,1,p_2336,s_519,2018-03-12 20:19:16,43.77,6.26
o_008028,1,p_4333,s_799,2018-02-21 02:21:14,70.97,16.35
o_008029,1,p_3453,s_211,2018-05-03 22:02:59,118.91,14.23
o_008030,1,p_4107,s_666,2018-07-07 13:58:56,141.56,19.05
o_008031,1,p_5236,s_696,2018-02-17 09:10:44,24.26,18.97
o_008032,1,p_1839,s_207,2018-03-27 11:14:06,110.97,63.11
o_008033,1,p_8920,s_878,2017-06-25 11:35:37,23.05,5.61
o_008034,1,p_6580,s_960,2018-04-02 14:15:43,279.67,10.72
o_008035,1,p_2220,s_845,2018-07-26 15:47:05,118.33,14.83
o_008036,1,p_3621,s_910,2018-07-08 12:22:56,68.41,12.42
o_008037,1,p_4249,s_432,2017-08-23 20:15:28,194.58,5.62
o_008038,1,p_8606,s_313,2018-04-15 10:02:41,49.63,27.42
o_008039,1,p_2062,s_355,2017-01-22 07:24:35,187.97,63.55
o_008040,1,p_7595,s_433,2018-07-23 08:10:40,269.49,8.76
o_008041,1,p_7339,s_295,2018-03-18 08:47:42,91.39,29.98
o_008042,1,p_4518,s_595,2018-08-19 16:48:25,140.84,10.26
o_008043,1,p_5027,s_884,2017-07-09 16:33:43,47.5,23.9
o_008043,2,p_9783,s_209,2017-07-09 16:33:43,92.88,28.06
o_008044,1,p_1838,s_893,2018-03-26 21:39:37,155.39,8.55
o_008045,1,p_3858,s_566,2018-06-08 19:18:24,64.4,18.26
o_008046,1,p_1397,s_756,2018-01-08 17:44:11,131.95,26.5
o_008047,1,p_4340,s_348,2018-07-03 13:09:49,72.63,9.05
o_008048,1,p_4828,s_490,2018-05-09 13:03:20,280.64,6.22
o_008049,1,p_1752,s_668,2018-01-25 10:13:09,73.46,28.96
o_008049,2,p_5106,s_828,2018-01-25 10:13:09,137.84,27.92
o_008050,1,p_8491,s_851,2017-03-20 11:14:18,22.16,19.04
o_008051,1,p_9307,s_826,2018-08-26 19:04:08,96.98,26.56
o_008052,1,p_6780,s_424,2018-06-09 11:33:42,38.99,14.4
o_008053,1,p_6313,s_280,2017-04-26 11:14:29,53.12,9.58
o_008054,1,p_9318,s_388,2018-02-02 14:23:50,51.77,6.73
o_008055,1,p_2489,s_386,2018-05-27 14:56:21,271.02,6.78
o_008055,2,p_6209,s_349,2018-05-27 14:56:21,60.94,6.69
o_008055,3,p_4149,s_115,2018-05-27 14:56:21,523.94,8.53
o_008056,1,p_9392,s_842,2017-05-14 16:52:21,169.5,15.57
o_008057,1,p_2452,s_802,2018-03-05 12:22:28,223.85,7.74
o_008058,1,p_6822,s_718,2018-06-28 19:51:58,193.58,26.84
o_008059,1,p_2658,s_362,2018-07-17 12:53:57,327.58,24.63
o_008059,2,p_3927,s_854,2018-07-17 12:53:57,347.15,22.59
o_008060,1,p_5433,s_514,2018-02-28 19:45:32,19.14,8.24
o_008061,1,p_1692,s_716,2018-02-23 23:57:35,48.17,18.19
o_008061,2,p_7009,s_793,2018-02-23 23:57:35,60.96,14.54
o_008062,1,p_6062,s_992,2017-10-20 14:20:41,452.69,26.12
o_008063,1,p_4356,s_636,2018-05-23 09:17:42,70.65,28.94
o_008064,1,p_2181,s_280,2018-05-18 19:23:11,63.49,28.47
o_008065,1,p_7828,s_889,2018-06-27 17:09:25,108.69,5.78
o_008066,1,p_6743,s_188,2017-01-23 07:18:00,15.4,5.55
o_008067,1,p_9175,s_949,2018-02-11 21:48:11,61.57,10.8
o_008068,1,p_7047,s_179,2018-08-15 08:24:07,217.39,16.17
o_008069,1,p_3221,s_723,2018-04-01 22:31:59,104.77,11.48
o_008070,1,p_9406,s_607,2017-04-29 13:31:14,158.74,12.24
o_008071,1,p_9781,s_135,2018-08-27 21:19:09,39.98,8.46
o_008072,1,p_6620,s_987,2017-10-23 11:56:58,622.21,13.2
o_008073,1,p_6621,s_718,2018-08-18 15:21:05,57.52,22.13
o_008074,1,p_9888,s_449,2018-03-10 20:11:32,52.11,66.6
o_008075,1,p_8954,s_555,2018-01-18 16:10:10,165.49,11.59
o_008076,1,p_1856,s_842,2018-02-23 14:03:43,47.24,13.05
o_008077,1,p_9006,s_827,2017-12-11 12:42:57,336.78,15.05
o_008077,2,p_1898,s_719,2017-12-11 12:42:57,91.37,19.76
o_008078,1,p_7200,s_983,2018-03-10 14:10:14,18.22,5.77
o_008079,1,p_5735,s_874,2018-02-26 21:38:55,148.19,6.6
o_008080,1,p_8206,s_613,2017-10-02 15:52:15,55.44,17.41
o_008081,1,p_3698,s_184,2018-07-01 19:38:51,17.07,22.51
o_008081,2,p_3190,s_362,2018-07-01 19:38:51,90.25,26.45
o_008082,1,p_4977,s_663,2017-10-06 16:16:24,53.87,7.64
o_008083,1,p_5599,s_437,2017-11-02 14:09:10,112.12,10.53
o_008084,1,p_3051,s_797,2018-04-22 10:59:27,27.13,8.3
o_008085,1,p_6820,s_520,2017-11-17 12:32:09,117.67,26.61
o_008085,2,p_6221,s_227,2017-11-17 12:32:09,29.78,23.07
o_008086,1,p_6342,s_332,2018-04-07 22:40:04,72.51,15.75
o_008087,1,p_2386,s_875,2018-06-24 19:07:30,79.08,13.33
o_008088,1,p_9329,s_667,2017-04-02 13:28:39,182.6,19.13
o_008089,1,p_6752,s_518,2018-03-14 19:18:06,37.43,16.21
o_008090,1,p_6075,s_550,2018-08-24 20:06:24,27.18,13.26
o_008091,1,p_1669,s_211,2017-09-16 14:42:02,152.92,6.94
o_008092,1,p_6694,s_880,2018-06-26 04:48:56,205.6,19.68
o_008093,1,p_2968,s_140,2018-03-19 15:00:31,134.53,23.36
o_008094,1,p_6879,s_424,2018-06-26 17:24:40,237.47,22.69
o_008095,1,p_2237,s_557,2017-05-03 00:35:54,20.0,13.9
o_008096,1,p_6972,s_118,2017-03-24 20:42:37,212.44,24.8
o_008096,2,p_9670,s_282,2017-03-24 20:42:37,41.62,24.16
o_008096,3,p_4535,s_797,2017-03-24 20:42:37,76.97,29.2
o_008097,1,p_4089,s_804,2018-07-01 13:44:05,86.89,9.83
o_008098,1,p_6590,s_146,2017-02-16 07:41:47,142.01,15.91
o_008099,1,p_7159,s_366,2018-08-15 13:03:43,54.7,15.63
o_008100,1,p_1450,s_848,2018-06-15 10:26:43,257.22,23.64
o_008101,1,p_2831,s_763,2017-06-08 08:26:06,142.43,18.22
o_008102,1,p_6909,s_328,2018-07-16 13:38:50,39.57,12.48
o_008103,1,p_5075,s_869,2017-10-30 20:50:44,30.81,66.22
o_008104,1,p_5894,s_790,2017-07-07 14:21:41,392.92,7.43
o_008105,1,p_6586,s_315,2017-07-24 14:41:19,67.76,12.53
o_008105,2,p_1926,s_602,2017-07-24 14:41:19,50.96,15.92
o_008106,1,p_9200,s_674,2018-07-17 06:08:49,158.84,22.2
o_008107,1,p_6868,s_101,2018-08-15 12:04:12,360.68,7.77
o_008108,1,p_4146,s_349,2018-02-06 14:09:27,64.4,7.96
o_008109,1,p_6379,s_823,2017-07-07 09:47:51,94.47,28.37
o_008110,1,p_1558,s_150,2018-08-06 14:27:58,183.85,9.71
o_008111,1,p_2515,s_622,2018-03-03 13:34:17,136.38,26.44
o_008112,1,p_6126,s_459,2018-03-15 23:08:41,118.38,10.87
o_008112,2,p_3561,s_235,2018-03-15 23:08:41,179.32,11.7
o_008113,1,p_6872,s_885,2017-01-21 13:04:54,217.04,16.61
o_008114,1,p_7785,s_391,2017-09-12 14:13:32,298.28,18.4
o_008115,1,p_6528,s_294,2018-06-24 14:49:34,19.3,12.55
o_008116,1,p_7096,s_592,2018-04-18 14:37:52,47.15,26.44
o_008117,1,p_7230,s_520,2017-05-14 15:56:06,135.98,8.95
o_008118,1,p_9586,s_795,2017-10-14 16:55:23,17.92,12.65
o_008118,2,p_9704,s_201,2017-10-14 16:55:23,302.2,19.24
o_008119,1,p_3050,s_432,2017-09-29 11:56:22,97.15,26.39
o_008120,1,p_4232,s_635,2018-08-07 03:21:54,23.23,11.38
o_008121,1,p_4452,s_334,2017-02-01 23:29:58,262.17,12.89
o_008122,1,p_9068,s_838,2018-04-02 12:47:27,20.6,65.07
o_008123,1,p_9821,s_350,2018-08-30 10:35:17,94.34,14.44
o_008124,1,p_6230,s_123,2017-08-31 07:38:19,56.0,17.86
o_008124,2,p_7955,s_957,2017-08-31 07:38:19,63.35,15.89
o_008124,3,p_5593,s_468,2017-08-31 07:38:19,135.88,14.39
o_008125,1,p_2642,s_773,2017-11-23 09:18:41,316.47,7.06
o_008126,1,p_7261,s_461,2017-05-12 19:32:03,406.87,9.59
o_008127,1,p_3529,s_745,2018-08-23 14:48:45,70.94,11.35
o_008128,1,p_6492,s_323,2018-02-15 14:49:51,183.51,9.55
o_008129,1,p_8638,s_543,2018-08-15 17:16:50,52.96,24.22
o_008130,1,p_5477,s_657,2018-02-23 18:16:27,60.53,26.16
o_008131,1,p_2153,s_659,2018-04-15 12:06:59,143.45,10.3
o_008132,1,p_2811,s_765,2017-05-31 12:06:37,17.17,25.01
o_008133,1,p_8985,s_963,2017-08-21 18:44:26,206.04,19.4
o_008134,1,p_3383,s_746,2017-12-31 23:09:56,85.06,18.21
o_008135,1,p_4041,s_387,2017-10-22 12:55:10,68.42,12.13
o_008136,1,p_2880,s_816,2018-07-09 11:52:46,320.85,7.8
o_008137,1,p_1873,s_876,2018-05-14 14:00:02,32.3,27.63
o_008138,1,p_8943,s_336,2017-09-27 17:24:57,46.53,13.86
o_008139,1,p_5707,s_608,2018-05-24 19:49:49,25.51,23.09
o_008140,1,p_3218,s_459,2018-05-20 11:02:32,15.94,27.87
o_008141,1,p_9692,s_632,2018-07-02 20:40:53,82.99,14.5
o_008142,1,p_6430,s_870,2017-11-22 16:13:11,303.52,23.6
o_008143,1,p_7457,s_629,2018-06-13 14:39:16,172.33,12.61
o_008144,1,p_9805,s_883,2018-07-12 15:12:46,203.07,27.72
o_008145,1,p_9411,s_846,2018-03-29 15:11:30,30.64,10.3
o_008146,1,p_5481,s_541,2018-05-03 13:02:47,152.73,67.14
o_008147,1,p_7467,s_353,2018-04-12 09:44:45,32.15,12.85
o_008148,1,p_5955,s_155,2018-01-11 11:37:33,93.39,29.52
o_008149,1,p_5274,s_458,2018-02-21 06:17:47,338.5,62.98
o_008150,1,p_2869,s_797,2018-07-31 12:23:41,18.85,6.95
o_008151,1,p_2238,s_168,2018-05-12 14:48:43,269.78,9.24
o_008152,1,p_4435,s_936,2017-10-03 13:04:36,76.5,6.66
o_008153,1,p_6370,s_355,2017-10-10 09:52:35,108.99,7.21
o_008154,1,p_1990,s_325,2018-04-24 12:21:15,236.04,16.69
o_008155,1,p_2361,s_930,2018-02-23 19:41:46,156.54,6.78
o_008156,1,p_7108,s_761,2017-07-30 10:39:44,198.3,67.47
o_008157,1,p_9973,s_113,2018-02-01 21:47:34,276.86,23.98
o_008158,1,p_7468,s_136,2018-02-17 17:04:47,381.39,14.38
o_008159,1,p_8661,s_848,2018-07-30 20:46:56,133.96,17.59
o_008160,1,p_1163,s_172,2018-01-09 07:20:33,74.56,7.24
o_008161,1,p_4668,s_925,2017-12-14 08:22:12,105.98,15.49
o_008162,1,p_6864,s_463,2018-06-12 19:19:45,266.82,27.57
o_008163,1,p_9344,s_228,2018-01-12 21:15:44,177.02,7.29
o_008164,1,p_5739,s_228,2018-05-01 10:15:00,25.84,19.05
o_008165,1,p_2194,s_910,2018-06-24 19:56:28,80.66,6.09
o_008166,1,p_2212,s_831,2018-04-26 20:23:25,67.36,13.64
o_008167,1,p_8539,s_186,2018-08-21 19:31:01,104.45,15.24
o_008168,1,p_1080,s_531,2018-01-22 22:18:57,54.22,6.36
o_008169,1,p_5591,s_254,2017-12-18 17:47:52,199.7,17.87
o_008170,1,p_9683,s_100,2017-10-23 22:15:35,55.43,7.51
o_008171,1,p_3495,s_823,2018-03-22 19:11:02,102.24,13.11
o_008171,2,p_5286,s_159,2018-03-22 19:11:02,217.69,9.44
o_008172,1,p_4099,s_912,2017-03-24 14:19:10,28.94,16.38
o_008173,1,p_1029,s_130,2018-01-26 05:42:09,194.14,28.5
o_008173,2,p_4005,s_582,2018-01-26 05:42:09,47.69,29.51
o_008174,1,p_3988,s_779,2017-01-11 11:30:36,162.92,24.83
o_008175,1,p_5868,s_508,2018-06-12 15:35:34,410.59,11.47
o_008176,1,p_3934,s_508,2018-04-26 07:00:08,83.68,22.76
o_008177,1,p_9056,s_392,2018-07-31 12:51:28,79.1,7.19
o_008178,1,p_7979,s_648,2017-02-08 12:23:19,36.94,24.61
o_008178,2,p_5668,s_796,2017-02-08 12:23:19,54.58,27.0
o_008179,1,p_1429,s_526,2018-03-11 13:45:42,95.68,14.79
o_008180,1,p_1682,s_723,2017-08-10 10:38:00,190.3,17.7
o_008181,1,p_3275,s_603,2017-03-18 15:32:18,67.72,14.06
o_008182,1,p_3269,s_453,2017-03-23 17:25:40,25.41,23.22
o_008183,1,p_2919,s_263,2018-03-21 18:52:29,35.19,8.36
o_008184,1,p_2606,s_684,2018-06-22 08:56:06,50.67,23.1
o_008185,1,p_8468,s_175,2018-06-10 15:46:30,56.14,27.9
o_008186,1,p_4205,s_185,2017-09-12 14:09:38,113.92,11.09
o_008187,1,p_6381,s_351,2017-03-25 10:23:12,106.64,13.02
o_008188,1,p_9353,s_262,2018-02-22 10:51:48,168.48,7.48
o_008189,1,p_2734,s_681,2018-04-02 14:29:41,102.9,12.87
o_008190,1,p_7808,s_750,2017-06-21 13:27:51,86.6,15.25
o_008191,1,p_3766,s_881,2017-05-20 20:39:31,130.71,8.59
o_008192,1,p_3715,s_837,2018-01-20 11:10:18,122.22,11.68
o_008193,1,p_1836,s_767,2018-06-23 12:47:12,18.06,13.57
o_008194,1,p_1176,s_528,2017-08-31 22:53:40,69.16,10.58
o_008195,1,p_7121,s_476,2018-03-07 08:35:11,117.82,10.81
o_008195,2,p_5787,s_203,2018-03-07 08:35:11,293.29,7.77
o_008196,1,p_5643,s_655,2018-08-22 15:55:15,74.85,10.15
o_008197,1,p_7643,s_813,2017-11-17 12:42:05,36.2,7.81
o_008198,1,p_6641,s_783,2017-08-15 19:02:18,250.06,12.46
o_008199,1,p_6696,s_301,2017-09-26 15:22:59,96.17,18.59
o_008200,1,p_5917,s_356,2018-01-23 14:50:36,39.92,13.61
o_008201,1,p_2415,s_286,2017-10-02 22:25:23,55.11,23.47
o_008202,1,p_7823,s_641,2018-05-26 17:23:00,20.85,8.59
o_008203,1,p_1269,s_311,2017-07-29 15:24:11,82.33,25.06
o_008203,2,p_9204,s_572,2017-07-29 15:24:11,529.15,26.82
o_008203,3,p_8096,s_127,2017-07-29 15:24:11,121.59,24.06
o_008204,1,p_8257,s_338,2017-10-20 13:41:20,241.29,10.94
o_008205,1,p_3352,s_264,2017-07-26 14:24:11,79.89,12.86
o_008206,1,p_4500,s_303,2018-02-15 14:28:28,21.77,9.1
o_008207,1,p_7779,s_289,2017-10-03 02:12:45,32.73,16.29
o_008208,1,p_4767,s_379,2017-02-27 21:51:28,124.86,12.19
o_008209,1,p_5305,s_303,2017-01-14 09:42:11,31.27,6.24
o_008210,1,p_5323,s_722,2017-06-09 13:09:51,32.49,9.13
o_008211,1,p_8597,s_868,2018-06-21 11:14:57,47.17,10.94
o_008212,1,p_9970,s_527,2018-05-31 12:40:12,244.17,16.01
o_008213,1,p_2191,s_802,2018-06-17 12:12:53,71.8,15.75
o_008214,1,p_2946,s_668,2017-04-27 18:05:12,75.42,12.02
o_008215,1,p_7070,s_975,2018-08-10 10:26:48,219.76,18.17
o_008216,1,p_1732,s_581,2017-01-09 14:25:32,29.5,22.74
o_008217,1,p_2556,s_940,2018-06-12 08:04:08,295.25,10.35
o_008218,1,p_9876,s_992,2017-08-21 15:28:17,124.91,15.96
o_008219,1,p_6938,s_102,2017-03-21 14:00:40,66.22,24.95
o_008220,1,p_7032,s_663,2018-06-12 09:55:42,80.38,24.89
o_008221,1,p_9850,s_157,2018-08-29 19:50:01,86.15,9.43
o_008222,1,p_4203,s_856,2017-09-21 11:25:09,380.17,22.88
o_008223,1,p_5844,s_420,2017-09-09 18:22:36,225.98,69.36
o_008224,1,p_9550,s_836,2017-04-06 12:02:47,51.29,69.64
o_008225,1,p_3814,s_336,2018-08-20 17:53:17,59.7,7.45
o_008226,1,p_8612,s_574,2018-04-13 06:55:05,192.37,16.95
o_008227,1,p_2811,s_568,2017-04-22 07:34:18,219.54,18.57
o_008228,1,p_5494,s_660,2017-01-08 17:47:45,67.13,17.43
o_008229,1,p_8881,s_392,2018-07-16 23:57:04,40.74,7.19
o_008230,1,p_1410,s_308,2017-12-22 13:51:59,62.33,16.41
o_008231,1,p_7934,s_198,2018-04-22 23:22:53,47.13,17.83
o_008231,2,p_7539,s_251,2018-04-22 23:22:53,196.98,12.8
o_008232,1,p_1940,s_363,2017-11-22 21:36:29,51.96,10.13
o_008233,1,p_4775,s_374,2018-06-13 13:05:06,52.04,12.6
o_008234,1,p_4910,s_344,2017-10-22 20:18:18,591.62,6.72
o_008234,2,p_7724,s_345,2017-10-22 20:18:18,71.81,11.59
o_008235,1,p_6556,s_343,2018-04-08 10:37:05,288.59,11.33
o_008235,2,p_6017,s_883,2018-04-08 10:37:05,121.68,8.31
o_008236,1,p_3988,s_520,2018-07-18 08:36:31,36.84,7.57
o_008237,1,p_1632,s_468,2018-02-17 18:06:36,446.71,14.0
o_008238,1,p_4119,s_924,2017-07-17 17:19:52,391.25,17.01
o_008239,1,p_5063,s_372,2018-01-26 11:50:58,313.84,12.18
o_008240,1,p_1361,s_134,2018-04-17 14:03:33,66.92,26.85
o_008241,1,p_9368,s_976,2017-11-08 13:57:18,179.55,7.38
o_008242,1,p_6870,s_887,2018-01-29 15:12:31,267.37,63.31
o_008243,1,p_3298,s_329,2018-01-27 12:07:51,177.02,22.29
o_008244,1,p_9543,s_371,2018-05-09 11:15:23,114.67,66.69
o_008245,1,p_6807,s_276,2017-07-25 14:07:55,213.35,18.09
o_008246,1,p_9254,s_320,2017-05-11 12:19:22,192.04,10.44
o_008247,1,p_8134,s_883,2017-11-27 18:54:15,198.28,6.02
o_008248,1,p_9472,s_937,2018-03-06 09:55:59,168.93,9.5
o_008249,1,p_1652,s_698,2018-08-09 13:16:43,73.77,13.16
o_008249,2,p_1684,s_233,2018-08-09 13:16:43,29.61,10.13
o_008250,1,p_7604,s_852,2018-02-15 20:23:36,51.41,26.82
o_008251,1,p_7866,s_285,2018-06-15 16:57:45,86.24,14.58
o_008252,1,p_4979,s_495,2018-06-29 16:34:35,195.79,12.72
o_008253,1,p_9508,s_779,2017-09-07 14:26:08,24.4,10.59
o_008254,1,p_7354,s_950,2018-04-20 08:08:38,68.98,24.1
o_008255,1,p_9544,s_415,2018-07-21 19:29:45,236.04,10.13
o_008256,1,p_6532,s_693,2018-09-02 06:13:44,65.74,22.57
o_008257,1,p_3837,s_597,2018-06-10 16:00:28,101.24,14.64
o_008258,1,p_5502,s_191,2018-08-29 07:09:35,35.25,24.67
o_008259,1,p_3207,s_952,2018-06-22 08:50:51,16.61,63.76
o_008260,1,p_2201,s_252,2018-06-28 09:01:39,356.65,7.38
o_008261,1,p_8868,s_719,2018-02-24 21:44:32,17.11,7.31
o_008262,1,p_2574,s_141,2018-04-12 13:18:42,668.37,12.51
o_008262,2,p_7319,s_944,2018-04-12 13:18:42,19.87,12.45
o_008263,1,p_4377,s_682,2017-10-26 17:37:38,290.03,5.52
o_008264,1,p_2148,s_979,2018-03-10 13:37:16,121.49,9.13
o_008265,1,p_9301,s_575,2017-03-17 18:16:14,162.29,27.64
o_008265,2,p_6268,s_445,2017-03-17 18:16:14,103.75,26.13
o_008265,3,p_8004,s_258,2017-03-17 18:16:14,223.49,27.48
o_008266,1,p_1326,s_720,2017-11-06 22:27:19,269.76,11.85
o_008266,2,p_1181,s_933,2017-11-06 22:27:19,26.16,5.99
o_008267,1,p_7462,s_368,2018-08-22 20:23:36,83.77,16.68
o_008268,1,p_7270,s_561,2018-08-02 19:56:16,161.03,8.54
o_008269,1,p_4864,s_176,2017-04-23 13:00:00,56.75,8.42
o_008270,1,p_3631,s_756,2018-07-02 17:38:09,299.72,12.52
o_008270,2,p_8289,s_644,2018-07-02 17:38:09,39.56,17.35
o_008270,3,p_4309,s_292,2018-07-02 17:38:09,83.2,18.1
o_008271,1,p_5930,s_380,2017-08-06 07:52:33,108.87,14.6
o_008272,1,p_1675,s_895,2018-02-09 04:04:41,52.12,18.09
o_008273,1,p_6172,s_257,2018-01-18 20:32:13,60.01,10.53
o_008274,1,p_5589,s_127,2017-11-06 11:17:04,138.08,11.8
o_008275,1,p_3935,s_948,2017-03-27 15:26:20,99.86,25.8
o_008276,1,p_5100,s_287,2018-01-07 18:35:54,91.04,11.85
o_008277,1,p_1818,s_915,2018-01-21 21:22:39,61.72,11.63
o_008278,1,p_2425,s_188,2018-03-19 21:38:15,120.44,13.69
o_008279,1,p_4004,s_680,2017-05-28 17:27:46,43.26,13.04
o_008280,1,p_2711,s_819,2018-06-28 08:21:44,73.88,9.08
o_008281,1,p_3315,s_926,2017-11-19 10:08:03,478.26,12.77
o_008281,2,p_5626,s_496,2017-11-19 10:08:03,353.46,8.41
o_008281,3,p_6908,s_296,2017-11-19 10:08:03,97.73,8.03
o_008282,1,p_3941,s_590,2017-11-01 14:47:36,65.83,15.49
o_008283,1,p_2119,s_541,2017-02-19 20:09:27,156.47,12.77
o_008284,1,p_2010,s_339,2017-10-31 22:52:13,167.23,6.75
o_008285,1,p_4806,s_458,2018-05-24 18:36:45,145.39,19.23
o_008286,1,p_7386,s_329,2018-07-26 23:56:23,182.07,12.27
o_008287,1,p_2160,s_165,2018-01-10 18:39:16,158.37,13.06
o_008288,1,p_3422,s_176,2018-06-06 13:41:14,65.03,14.12
o_008289,1,p_5911,s_479,2018-08-16 15:33:01,84.56,6.39
o_008290,1,p_5377,s_182,2017-05-25 03:03:40,130.8,12.44
o_008291,1,p_5247,s_456,2018-02-12 13:46:25,302.03,13.37
o_008292,1,p_8752,s_364,2017-09-09 07:44:44,38.2,29.53
o_008293,1,p_2862,s_341,2017-12-06 15:24:50,232.83,22.46
o_008294,1,p_4731,s_807,2017-03-20 06:22:39,194.33,29.28
o_008295,1,p_5813,s_375,2018-01-27 14:23:59,401.08,16.83
o_008296,1,p_3475,s_976,2017-04-20 13:41:52,28.88,22.17
o_008297,1,p_4031,s_927,2017-12-15 14:50:56,161.19,11.25
o_008298,1,p_4159,s_778,2018-06-27 10:23:29,55.46,11.81
o_008299,1,p_2787,s_615,2017-07-15 07:04:33,202.19,13.33
o_008300,1,p_8940,s_465,2018-06-30 15:54:55,211.27,6.92
o_008300,2,p_4289,s_812,2018-06-30 15:54:55,228.2,7.97
o_008301,1,p_7691,s_403,2017-10-31 14:37:45,144.25,10.79
o_008302,1,p_5601,s_145,2018-08-01 16:34:22,97.87,69.09
o_008303,1,p_8062,s_531,2017-06-21 13:44:51,30.86,12.05
o_008304,1,p_6276,s_735,2017-10-14 08:47:24,134.91,7.13
o_008305,1,p_7320,s_914,2018-07-10 14:33:19,209.67,19.98
o_008306,1,p_8384,s_855,2017-05-02 19:19:10,35.48,28.61
o_008307,1,p_9806,s_652,2017-04-11 11:22:04,57.66,13.51
o_008308,1,p_4358,s_695,2018-05-02 12:26:57,209.28,19.26
o_008309,1,p_6539,s_693,2017-04-25 15:08:51,52.32,12.37
o_008310,1,p_1290,s_489,2018-06-22 20:55:28,99.74,24.97
o_008311,1,p_6082,s_705,2017-08-12 08:07:31,163.31,15.56
o_008312,1,p_7787,s_823,2017-05-23 20:04:01,595.56,12.55
o_008313,1,p_5474,s_167,2018-06-02 13:39:26,379.33,69.1
o_008314,1,p_2257,s_370,2018-07-06 22:49:06,168.56,23.03
o_008315,1,p_8980,s_395,2018-08-16 19:13:22,20.96,15.82
o_008316,1,p_4656,s_128,2017-12-15 07:23:50,55.53,11.68
o_008316,2,p_4613,s_427,2017-12-15 07:23:50,413.5,11.45
o_008317,1,p_2837,s_706,2018-04-28 11:10:34,93.95,22.21
o_008318,1,p_4714,s_925,2018-01-28 01:46:48,23.13,12.79
o_008319,1,p_7052,s_803,2018-01-29 10:14:54,270.53,7.34
o_008320,1,p_4508,s_115,2018-02-14 16:18:00,30.07,15.33
o_008321,1,p_3560,s_793,2017-06-29 16:17:00,238.59,12.69
o_008322,1,p_5886,s_519,2017-04-19 00:25:37,111.89,10.39
o_008323,1,p_4971,s_920,2017-08-15 06:31:08,79.63,8.09
o_008324,1,p_7781,s_827,2018-07-23 12:34:50,93.68,17.03
o_008324,2,p_7606,s_259,2018-07-23 12:34:50,122.3,19.55
o_008325,1,p_2706,s_341,2018-06-21 16:19:36,94.64,62.47
o_008326,1,p_7025,s_576,2017-02-08 08:33:47,55.47,14.98
o_008327,1,p_5005,s_851,2018-08-21 10:16:23,19.93,13.04
o_008328,1,p_9849,s_178,2017-06-17 14:38:38,99.48,17.74
o_008328,2,p_1236,s_872,2017-06-17 14:38:38,321.14,15.08
o_008329,1,p_3277,s_707,2017-08-11 22:18:29,493.18,8.07
o_008330,1,p_7974,s_466,2018-08-07 03:23:55,172.85,8.17
o_008331,1,p_1901,s_312,2017-09-08 14:21:31,149.69,11.18
o_008332,1,p_9346,s_160,2018-06-10 21:25:39,44.4,9.87
o_008333,1,p_4103,s_400,2018-05-01 23:06:33,171.41,8.16
o_008333,2,p_2457,s_605,2018-05-01 23:06:33,365.25,8.54
o_008334,1,p_7007,s_942,2017-06-25 14:04:05,52.66,16.87
o_008335,1,p_1724,s_421,2018-02-20 12:14:53,206.91,29.78
o_008336,1,p_1192,s_781,2018-05-03 09:10:02,330.23,65.9
o_008336,2,p_5035,s_777,2018-05-03 09:10:02,32.82,64.91
o_008337,1,p_5894,s_547,2017-06-27 12:49:42,207.22,14.27
o_008338,1,p_5763,s_279,2017-06-14 11:07:23,24.77,11.28
o_008339,1,p_3385,s_224,2017-11-11 15:42:13,49.48,15.49
o_008340,1,p_8487,s_776,2018-05-20 11:15:28,224.34,12.58
o_008341,1,p_2580,s_214,2018-04-21 19:45:16,337.74,22.01
o_008342,1,p_6879,s_422,2018-05-29 19:32:47,119.73,25.47
o_008343,1,p_6006,s_760,2017-11-07 10:00:01,32.08,26.82
o_008344,1,p_4991,s_673,2017-10-03 07:19:54,114.53,15.56
o_008345,1,p_3371,s_482,2018-06-28 17:44:25,16.5,19.52
o_008346,1,p_4745,s_865,2018-03-20 23:34:14,66.43,27.33
o_008347,1,p_4946,s_232,2017-09-01 04:47:21,21.0,16.33
o_008348,1,p_2061,s_713,2018-06-19 21:49:16,313.34,13.29
o_008349,1,p_7516,s_877,2018-08-16 19:53:58,130.04,29.37
o_008350,1,p_4094,s_409,2017-09-25 10:40:34,113.5,10.52
o_008350,2,p_8600,s_464,2017-09-25 10:40:34,48.93,5.64
o_008351,1,p_3289,s_493,2017-09-16 09:58:59,158.01,15.41
o_008352,1,p_7199,s_166,2017-10-09 13:28:43,164.71,18.08
o_008353,1,p_5966,s_270,2018-06-12 18:37:38,47.9,12.25
o_008354,1,p_4087,s_111,2018-01-21 10:44:14,60.74,22.8
o_008355,1,p_9096,s_761,2018-05-13 08:16:16,81.96,8.54
o_008356,1,p_6699,s_281,2018-08-24 14:42:00,256.05,24.98
o_008357,1,p_3293,s_286,2018-08-02 07:34:08,160.18,27.21
o_008358,1,p_3638,s_704,2017-09-12 17:23:20,389.17,19.45
o_008359,1,p_8501,s_207,2017-10-22 09:01:16,197.69,17.92
o_008360,1,p_8929,s_347,2018-01-18 09:54:20,114.23,13.62
o_008361,1,p_4577,s_890,2018-01-08 06:47:47,132.9,7.14
o_008362,1,p_4353,s_570,2018-03-03 12:25:55,90.97,29.68
o_008363,1,p_4697,s_570,2017-09-01 19:29:42,77.56,12.87
o_008364,1,p_6594,s_207,2017-06-22 17:28:20,138.17,6.4
o_008365,1,p_2897,s_301,2017-02-07 15:05:24,265.99,15.51
o_008366,1,p_9135,s_314,2017-07-16 07:19:36,250.43,8.29
o_008367,1,p_9902,s_337,2017-10-30 23:29:48,199.45,18.52
o_008368,1,p_2795,s_728,2018-06-02 19:23:33,99.48,62.2
o_008369,1,p_1320,s_211,2018-05-29 21:38:23,69.23,12.44
o_008370,1,p_3723,s_993,2018-06-15 15:30:56,218.65,7.5
o_008371,1,p_3498,s_886,2017-02-14 12:59:21,352.86,14.04
o_008372,1,p_6656,s_647,2018-02-23 03:16:13,74.86,6.93
o_008373,1,p_3170,s_974,2017-03-08 15:14:15,38.92,29.57
o_008374,1,p_7520,s_458,2018-04-18 21:07:22,76.51,5.84
o_008375,1,p_8508,s_832,2018-03-10 10:17:47,167.57,13.08
o_008376,1,p_2892,s_599,2017-03-29 11:10:13,290.77,9.5
o_008377,1,p_4185,s_894,2018-08-10 11:10:27,254.46,26.44
o_008377,2,p_2830,s_708,2018-08-10 11:10:27,230.78,26.01
o_008378,1,p_7583,s_427,2018-05-24 13:03:43,48.28,12.89
o_008379,1,p_5614,s_725,2018-07-29 11:50:22,105.58,25.88
o_008380,1,p_1145,s_723,2018-01-31 16:09:31,40.4,24.62
o_008381,1,p_3538,s_799,2017-07-13 20:23:20,539.22,8.36
o_008382,1,p_6322,s_942,2018-05-18 16:33:25,15.48,11.9
o_008383,1,p_2737,s_189,2018-06-30 06:01:57,171.44,29.36
o_008384,1,p_9880,s_380,2018-01-27 10:01:41,118.52,27.03
o_008385,1,p_5142,s_338,2018-04-28 18:36:58,243.12,16.66
o_008386,1,p_1713,s_509,2017-09-11 12:28:33,27.42,15.54
o_008387,1,p_8113,s_693,2017-11-21 08:16:19,24.04,11.7
o_008388,1,p_4987,s_942,2018-02-12 15:31:54,251.04,29.99
o_008388,2,p_8133,s_240,2018-02-12 15:31:54,83.0,22.94
o_008389,1,p_6113,s_733,2018-05-16 14:42:39,185.47,29.29
o_008390,1,p_1572,s_944,2018-07-11 10:19:11,49.05,63.02
o_008391,1,p_7215,s_309,2018-07-20 22:28:29,257.42,7.06
o_008392,1,p_2744,s_886,2018-06-16 20:40:16,293.83,18.79
o_008393,1,p_8243,s_271,2018-05-11 12:25:56,78.54,13.16
o_008394,1,p_8319,s_285,2017-06-27 13:03:57,105.15,13.56
o_008395,1,p_8988,s_554,2018-01-11 13:18:21,101.72,6.21
o_008396,1,p_1657,s_157,2017-12-24 08:17:57,212.32,13.03
o_008397,1,p_6443,s_965,2018-03-03 13:27:24,23.14,10.12
o_008398,1,p_4674,s_325,2018-01-11 17:32:10,40.21,22.89
o_008399,1,p_8815,s_980,2017-06-10 18:17:36,34.64,11.59
o_008400,1,p_6762,s_425,2018-05-23 08:20:39,201.31,63.49
o_008401,1,p_6648,s_582,2017-09-20 08:27:03,109.79,18.59
o_008402,1,p_7257,s_474,2018-08-30 13:49:26,127.19,9.53
o_008403,1,p_4092,s_824,2018-04-17 12:14:18,33.09,25.27
o_008404,1,p_1286,s_261,2018-04-02 11:14:47,50.55,24.77
o_008405,1,p_4190,s_388,2018-05-18 10:14:16,101.46,27.41
o_008405,2,p_7294,s_321,2018-05-18 10:14:16,104.09,26.48
o_008405,3,p_4173,s_472,2018-05-18 10:14:16,208.21,22.62
o_008406,1,p_1867,s_263,2017-11-18 17:43:03,36.83,13.08
o_008407,1,p_4546,s_353,2017-08-16 13:57:49,234.99,6.52
o_008408,1,p_2819,s_754,2018-04-11 09:21:14,164.66,24.65
o_008408,2,p_7535,s_778,2018-04-11 09:21:14,28.8,26.61
o_008409,1,p_1327,s_340,2017-01-22 18:30:34,229.29,66.47
o_008410,1,p_9015,s_725,2018-07-11 08:01:58,122.32,5.6
o_008411,1,p_5088,s_689,2017-07-19 20:13:10,17.16,26.63
o_008412,1,p_1201,s_649,2017-03-06 17:30:54,147.47,26.0
o_008413,1,p_2045,s_971,2018-05-16 22:27:15,73.1,17.81
o_008414,1,p_6116,s_390,2018-03-01 14:17:54,373.83,10.41
o_008415,1,p_3585,s_733,2018-05-17 19:52:41,150.47,23.89
o_008416,1,p_1200,s_182,2018-04-16 18:40:00,387.04,6.12
o_008417,1,p_5329,s_349,2018-06-13 18:23:40,20.05,8.92
o_008418,1,p_1995,s_698,2017-05-17 19:53:32,45.77,15.27
o_008419,1,p_2461,s_431,2017-04-30 14:20:22,60.83,18.41
o_008420,1,p_5351,s_789,2018-05-27 19:14:43,130.66,22.87
o_008421,1,p_7403,s_847,2018-02-25 16:15:35,18.25,6.02
o_008422,1,p_8159,s_977,2017-01-11 08:26:04,66.54,13.08
o_008423,1,p_4240,s_118,2018-05-16 15:08:44,268.19,6.68
o_008424,1,p_6653,s_858,2018-06-20 07:03:59,76.52,12.1
o_008425,1,p_6252,s_860,2018-08-29 22:19:46,90.5,11.88
o_008426,1,p_5518,s_949,2018-04-12 19:49:07,191.73,25.52
o_008426,2,p_2479,s_567,2018-04-12 19:49:07,202.23,28.13
o_008427,1,p_8913,s_570,2018-04-27 16:32:38,297.35,13.09
o_008428,1,p_9608,s_246,2018-06-14 20:03:45,140.1,13.89
o_008429,1,p_8462,s_584,2017-08-26 10:21:53,53.04,26.72
o_008430,1,p_9062,s_216,2017-01-26 12:06:31,163.38,13.92
o_008430,2,p_7664,s_117,2017-01-26 12:06:31,93.2,17.26
o_008431,1,p_4952,s_353,2018-04-23 14:30:09,79.15,6.22
o_008432,1,p_2960,s_882,2017-03-22 16:55:39,274.78,18.52
o_008433,1,p_6996,s_567,2018-02-22 16:32:36,291.72,6.19
o_008434,1,p_5477,s_829,2017-12-11 22:09:07,24.38,18.31
o_008435,1,p_2504,s_570,2018-04-02 12:52:57,102.95,15.26
o_008436,1,p_1038,s_482,2017-03-02 15:17:33,114.66,11.65
o_008437,1,p_4392,s_498,2018-02-11 13:02:54,15.88,8.69
o_008438,1,p_3672,s_828,2018-01-16 21:23:30,158.94,25.66
o_008439,1,p_1679,s_184,2017-10-28 21:38:15,64.59,12.45
o_008440,1,p_9002,s_944,2017-12-24 19:34:19,30.8,25.37
o_008441,1,p_8998,s_475,2018-05-20 11:15:15,102.33,12.41
o_008442,1,p_1985,s_416,2017-04-10 16:07:43,40.15,13.21
o_008442,2,p_2528,s_791,2017-04-10 16:07:43,22.02,6.79
o_008443,1,p_6648,s_491,2018-05-24 20:49:43,200.45,22.96
o_008444,1,p_1221,s_259,2017-10-25 19:26:52,299.16,14.13
o_008445,1,p_4431,s_134,2018-03-14 10:39:11,440.25,17.23
o_008445,2,p_2367,s_909,2018-03-14 10:39:11,16.38,12.78
o_008446,1,p_9741,s_992,2018-03-24 07:53:25,86.56,62.34
o_008447,1,p_2956,s_903,2017-11-27 19:53:00,163.67,9.59
o_008448,1,p_7896,s_662,2018-05-12 19:12:41,16.0,23.92
o_008448,2,p_4949,s_609,2018-05-12 19:12:41,159.87,26.54
o_008449,1,p_2750,s_123,2018-04-23 13:48:43,124.46,17.03
o_008450,1,p_5462,s_702,2018-07-06 15:59:34,46.27,26.6
o_008451,1,p_1707,s_319,2017-10-14 10:40:54,128.47,27.2
o_008452,1,p_2104,s_194,2017-10-09 03:56:33,66.06,28.56
o_008453,1,p_4797,s_111,2018-04-01 09:58:44,132.99,16.56
o_008454,1,p_5576,s_501,2018-04-16 21:15:27,152.8,17.37
o_008455,1,p_2980,s_347,2018-02-24 12:19:57,26.54,7.85
o_008456,1,p_4716,s_672,2017-07-02 12:44:50,201.57,8.48
o_008457,1,p_3071,s_481,2017-10-21 15:52:55,422.85,10.74
o_008458,1,p_6440,s_205,2018-08-23 14:41:00,374.46,19.4
o_008459,1,p_4418,s_288,2018-02-01 12:56:37,158.01,10.58
o_008460,1,p_5138,s_307,2018-08-17 13:06:39,52.81,13.59
o_008461,1,p_5178,s_645,2017-07-14 11:19:47,29.95,24.46
o_008462,1,p_5954,s_930,2017-01-17 14:06:58,287.84,12.06
o_008463,1,p_1751,s_319,2017-07-09 15:06:53,40.97,22.79
o_008463,2,p_5802,s_464,2017-07-09 15:06:53,25.78,25.44
o_008464,1,p_3554,s_882,2018-01-07 16:38:22,45.41,7.16
o_008465,1,p_5569,s_763,2018-05-01 19:33:31,219.77,16.46
o_008466,1,p_8461,s_219,2017-05-15 13:08:45,223.78,22.56
o_008467,1,p_6583,s_585,2018-05-15 11:25:22,175.43,19.37
o_008467,2,p_1760,s_402,2018-05-15 11:25:22,240.35,15.23
o_008468,1,p_4602,s_845,2018-07-13 16:55:54,16.98,29.08
o_008469,1,p_9361,s_976,2017-11-16 16:17:30,22.48,18.0
o_008470,1,p_9621,s_264,2017-04-24 11:01:10,69.46,9.82
o_008470,2,p_4841,s_793,2017-04-24 11:01:10,119.59,7.4
o_008470,3,p_8455,s_944,2017-04-24 11:01:10,88.08,5.61
o_008471,1,p_7322,s_793,2017-10-26 10:58:38,49.04,64.38
o_008472,1,p_2231,s_825,2017-02-23 20:51:57,62.33,19.04
o_008473,1,p_4741,s_462,2017-10-02 16:12:38,22.12,6.49
o_008474,1,p_2820,s_284,2018-04-12 18:17:33,90.95,29.2
o_008475,1,p_4448,s_668,2018-05-22 15:30:08,176.89,6.74
o_008476,1,p_8595,s_378,2017-07-10 19:06:41,30.23,19.78
o_008477,1,p_3921,s_194,2018-02-15 15:18:59,180.64,12.27
o_008478,1,p_9105,s_660,2017-02-26 17:44:19,122.59,22.65
o_008479,1,p_2681,s_847,2018-06-27 13:54:33,15.0,25.5
o_008480,1,p_2171,s_295,2018-06-10 14:38:14,30.24,29.42
o_008480,2,p_6057,s_169,2018-06-10 14:38:14,106.72,24.95
o_008481,1,p_3450,s_367,2017-03-15 07:42:16,157.06,12.48
o_008482,1,p_7125,s_718,2018-01-19 22:11:17,200.65,18.23
o_008483,1,p_7111,s_343,2017-03-10 04:39:40,56.98,6.0
o_008484,1,p_7256,s_627,2018-03-09 18:27:43,76.62,12.62
o_008485,1,p_8525,s_218,2017-03-22 09:26:45,31.73,13.0
o_008486,1,p_2649,s_736,2018-06-01 20:40:16,344.98,12.48
o_008487,1,p_7275,s_741,2018-07-24 11:08:58,253.14,62.46
o_008488,1,p_3132,s_745,2018-02-19 16:34:41,87.24,7.6
o_008489,1,p_4587,s_883,2018-04-16 12:20:40,27.46,5.72
o_008489,2,p_4800,s_210,2018-04-16 12:20:40,145.86,11.68
o_008490,1,p_8240,s_467,2017-04-22 08:42:20,68.06,19.22
o_008491,1,p_9472,s_131,2018-07-28 18:25:18,143.55,7.55
o_008492,1,p_9514,s_188,2018-05-14 21:12:06,49.46,6.83
o_008493,1,p_6755,s_484,2018-03-12 16:35:52,85.72,12.75
o_008493,2,p_4797,s_685,2018-03-12 16:35:52,29.8,7.61
o_008494,1,p_6869,s_548,2018-02-28 18:45:05,209.9,13.89
o_008495,1,p_8396,s_466,2017-05-06 10:25:24,25.75,19.85
o_008496,1,p_1197,s_193,2017-11-10 08:19:52,38.02,12.86
o_008497,1,p_5060,s_621,2018-05-24 19:57:13,40.04,23.17
o_008498,1,p_7217,s_252,2018-07-06 07:10:46,162.01,18.51
o_008499,1,p_7816,s_755,2018-01-27 15:33:48,29.14,27.04
o_008500,1,p_9162,s_142,2018-05-20 07:52:26,21.71,17.72
o_008501,1,p_8653,s_752,2017-09-09 10:42:38,126.3,7.98
o_008502,1,p_5861,s_935,2018-07-29 14:30:06,306.37,5.51
o_008503,1,p_9734,s_963,2017-11-30 20:24:33,66.27,7.24
o_008503,2,p_7038,s_815,2017-11-30 20:24:33,109.76,13.37
o_008504,1,p_7094,s_962,2018-03-03 11:25:37,258.47,27.17
o_008504,2,p_2087,s_391,2018-03-03 11:25:37,147.1,23.99
o_008504,3,p_5048,s_710,2018-03-03 11:25:37,214.68,22.81
o_008505,1,p_7322,s_952,2018-01-24 10:58:58,286.17,26.91
o_008506,1,p_3053,s_168,2018-07-17 06:46:58,24.31,29.29
o_008507,1,p_8204,s_910,2018-07-08 14:55:39,72.79,7.21
o_008508,1,p_6038,s_777,2017-03-27 13:58:33,143.82,24.99
o_008509,1,p_7051,s_830,2018-05-27 17:57:27,228.59,13.62
o_008510,1,p_6802,s_141,2018-04-24 21:46:20,96.27,16.88
o_008510,2,p_5409,s_216,2018-04-24 21:46:20,281.48,17.24
o_008510,3,p_7990,s_117,2018-04-24 21:46:20,163.68,15.64
o_008511,1,p_6170,s_141,2018-07-15 14:17:19,68.05,18.56
o_008512,1,p_1681,s_167,2018-06-06 14:51:29,233.92,10.53
o_008513,1,p_6640,s_650,2017-06-15 16:47:54,226.38,12.77
o_008514,1,p_3404,s_165,2018-05-08 12:30:53,109.03,9.98
o_008515,1,p_1689,s_241,2017-09-23 20:42:21,34.31,8.62
o_008516,1,p_9225,s_803,2018-02-11 18:38:44,116.66,6.17
o_008517,1,p_2603,s_673,2018-07-17 19:21:44,118.69,10.62
o_008518,1,p_8347,s_240,2018-05-03 18:15:54,242.33,8.21
o_008519,1,p_2147,s_503,2018-01-16 21:16:00,100.48,11.84
o_008519,2,p_1925,s_687,2018-01-16 21:16:00,79.59,8.23
o_008520,1,p_8551,s_786,2018-08-07 08:28:53,202.97,13.28
o_008521,1,p_3247,s_673,2018-03-18 15:36:10,140.91,10.94
o_008522,1,p_8842,s_435,2018-01-19 00:52:23,40.12,23.49
o_008523,1,p_6021,s_237,2018-08-21 22:31:38,19.25,22.29
o_008524,1,p_2958,s_954,2018-01-23 12:26:43,109.46,13.12
o_008525,1,p_7654,s_445,2017-01-20 09:12:55,167.73,19.56
o_008526,1,p_2962,s_378,2018-07-26 13:05:19,59.21,19.2
o_008526,2,p_1133,s_723,2018-07-26 13:05:19,67.5,13.93
o_008526,3,p_8489,s_740,2018-07-26 13:05:19,78.17,17.07
o_008527,1,p_2578,s_560,2017-03-16 07:09:04,266.76,9.89
o_008528,1,p_1860,s_718,2017-12-26 00:05:42,29.18,5.68
o_008529,1,p_9576,s_535,2018-02-12 17:52:03,106.4,9.26
o_008529,2,p_4472,s_485,2018-02-12 17:52:03,76.37,7.05
o_008530,1,p_5313,s_228,2017-09-09 11:22:56,281.54,11.4
o_008531,1,p_9040,s_131,2018-09-02 08:29:59,25.52,8.71
o_008532,1,p_6574,s_877,2017-02-11 05:38:04,28.52,19.51
o_008533,1,p_2694,s_659,2017-11-08 19:53:00,53.8,17.3
o_008534,1,p_3180,s_238,2017-08-12 07:02:29,354.07,5.69
o_008535,1,p_9522,s_173,2017-10-16 19:15:53,269.34,17.41
o_008536,1,p_7181,s_775,2018-06-17 13:16:39,17.93,13.21
o_008536,2,p_5180,s_248,2018-06-17 13:16:39,52.15,8.5
o_008537,1,p_1721,s_751,2018-05-08 15:36:49,216.77,7.24
o_008538,1,p_3043,s_369,2018-01-16 16:15:25,57.2,12.19
o_008539,1,p_6215,s_178,2017-05-10 11:47:39,126.85,13.27
o_008540,1,p_3944,s_540,2018-06-17 16:47:42,250.99,8.26
o_008541,1,p_8420,s_467,2018-07-26 11:01:43,206.27,13.03
o_008542,1,p_6877,s_983,2018-07-08 08:24:35,15.53,28.32
o_008543,1,p_7140,s_371,2017-07-23 15:45:17,464.44,13.01
o_008544,1,p_4423,s_262,2017-07-29 07:48:29,88.48,25.94
o_008545,1,p_4982,s_448,2017-07-15 05:39:31,33.5,9.23
o_008546,1,p_1647,s_879,2018-05-08 18:40:50,59.76,24.69
o_008547,1,p_4298,s_601,2018-03-04 13:20:56,25.68,14.07
o_008548,1,p_6358,s_864,2017-06-16 10:29:27,133.19,15.11
o_008549,1,p_6747,s_280,2018-07-24 10:04:49,238.14,12.16
o_008550,1,p_9554,s_918,2017-08-20 20:23:53,459.88,14.34
o_008550,2,p_7570,s_884,2017-08-20 20:23:53,136.83,15.25
o_008551,1,p_5782,s_326,2018-03-14 15:53:20,238.59,27.28
o_008552,1,p_6408,s_598,2018-05-31 16:37:25,26.37,26.11
o_008553,1,p_4992,s_597,2018-08-16 16:21:12,41.53,62.49
o_008554,1,p_6069,s_544,2018-01-08 17:38:32,331.14,18.08
o_008554,2,p_9787,s_627,2018-01-08 17:38:32,92.62,18.8
o_008555,1,p_1417,s_190,2018-04-16 12:51:55,69.8,25.02
o_008555,2,p_3361,s_994,2018-04-16 12:51:55,183.98,25.27
o_008556,1,p_5659,s_647,2018-02-24 09:17:59,64.68,13.43
o_008556,2,p_2464,s_666,2018-02-24 09:17:59,225.22,9.44
o_008557,1,p_4292,s_752,2018-03-16 13:55:00,132.64,26.17
o_008558,1,p_3514,s_270,2017-11-06 14:44:39,81.17,17.61
o_008558,2,p_2894,s_396,2017-11-06 14:44:39,143.29,13.32
o_008559,1,p_4441,s_227,2017-04-17 21:01:40,93.34,27.97
o_008560,1,p_7481,s_935,2018-07-23 13:40:04,52.69,26.21
o_008561,1,p_6776,s_395,2017-10-18 18:54:29,218.35,10.04
o_008562,1,p_2260,s_759,2018-02-17 12:37:12,87.91,16.14
o_008563,1,p_9872,s_636,2017-09-13 19:46:36,39.87,29.31
o_008564,1,p_7863,s_143,2017-05-24 12:24:15,77.43,16.77
o_008565,1,p_8890,s_301,2018-08-02 07:21:43,89.89,6.36
o_008566,1,p_1198,s_655,2017-11-02 23:22:38,68.63,19.04
o_008567,1,p_8893,s_518,2018-06-28 08:30:45,134.0,10.41
o_008568,1,p_1490,s_354,2018-03-09 14:24:43,457.23,15.6
o_008569,1,p_2949,s_818,2017-08-23 18:23:48,73.47,18.5
o_008569,2,p_2849,s_915,2017-08-23 18:23:48,34.59,18.78
o_008570,1,p_5416,s_130,2018-05-18 22:01:52,155.41,8.77
o_008570,2,p_5690,s_441,2018-05-18 22:01:52,150.84,8.43
o_008571,1,p_5792,s_169,2018-08-29 10:44:00,61.32,12.74
o_008572,1,p_9701,s_824,2018-07-28 20:30:04,123.85,11.12
o_008573,1,p_5845,s_112,2017-03-24 11:38:26,216.08,9.05
o_008573,2,p_3047,s_441,2017-03-24 11:38:26,42.72,8.54
o_008574,1,p_6191,s_868,2017-11-01 18:41:14,210.15,13.47
o_008575,1,p_8587,s_242,2017-04-29 18:54:51,89.34,8.62
o_008576,1,p_4607,s_810,2018-06-10 18:33:31,79.05,6.0
o_008577,1,p_7607,s_404,2018-06-10 08:43:22,62.41,9.1
o_008578,1,p_5317,s_556,2017-01-18 16:07:00,19.23,18.1
o_008579,1,p_6337,s_495,2018-01-19 08:41:36,71.71,5.89
o_008580,1,p_3205,s_351,2017-05-06 08:50:51,30.94,5.72
o_008581,1,p_7609,s_280,2018-02-09 13:37:34,143.61,12.11
o_008582,1,p_1879,s_627,2017-02-08 22:26:56,236.95,12.96
o_008582,2,p_6331,s_513,2017-02-08 22:26:56,117.97,18.9
o_008583,1,p_8160,s_694,2017-07-14 22:40:33,538.89,22.0
o_008584,1,p_8912,s_717,2018-05-30 13:02:39,277.95,29.73
o_008585,1,p_4946,s_241,2018-04-15 13:52:11,42.45,8.33
o_008586,1,p_9004,s_837,2017-06-11 02:25:07,160.19,10.0
o_008587,1,p_8390,s_174,2017-06-07 12:21:21,70.58,67.02
o_008588,1,p_7239,s_553,2018-04-16 10:33:02,85.83,6.15
o_008589,1,p_6631,s_369,2018-03-23 18:35:16,18.7,29.67
o_008590,1,p_8895,s_485,2018-06-24 15:49:30,118.06,22.39
o_008591,1,p_7388,s_184,2017-03-14 07:37:18,91.36,28.67
o_008592,1,p_1704,s_819,2017-11-25 13:40:20,214.97,15.28
o_008593,1,p_7499,s_763,2018-02-15 21:31:32,18.34,12.57
o_008594,1,p_7179,s_479,2017-03-01 18:16:18,156.09,17.13
o_008595,1,p_1555,s_286,2017-02-14 02:31:32,69.15,13.16
o_008596,1,p_2906,s_352,2017-05-30 19:41:50,152.84,24.21
o_008597,1,p_2341,s_619,2017-09-28 18:11:07,132.79,13.63
o_008598,1,p_7064,s_461,2018-03-30 13:31:35,41.36,5.8
o_008599,1,p_6222,s_889,2018-01-31 15:42:01,351.53,10.45
o_008600,1,p_2963,s_430,2017-12-12 02:54:07,50.8,24.62
o_008601,1,p_6103,s_225,2017-06-06 23:53:19,55.4,69.43
o_008602,1,p_8723,s_974,2018-01-19 15:02:51,479.41,65.05
o_008603,1,p_2297,s_840,2017-09-29 13:27:01,315.01,6.22
o_008604,1,p_5859,s_171,2018-07-16 14:04:38,143.07,10.8
o_008605,1,p_9286,s_825,2017-12-02 16:32:26,145.87,16.22
o_008606,1,p_6405,s_735,2018-08-25 19:27:53,32.34,19.53
o_008606,2,p_7545,s_554,2018-08-25 19:27:53,86.98,13.09
o_008606,3,p_9575,s_393,2018-08-25 19:27:53,44.84,16.1
o_008607,1,p_9885,s_346,2017-02-28 19:13:13,236.69,5.73
o_008608,1,p_9779,s_448,2017-04-23 13:35:05,134.15,6.74
o_008609,1,p_8515,s_662,2018-05-29 15:45:49,189.31,23.65
o_008610,1,p_2322,s_556,2017-02-08 10:49:14,131.0,10.93
o_008611,1,p_4097,s_847,2017-08-11 19:11:04,22.15,9.35
o_008612,1,p_6362,s_213,2018-08-23 19:32:40,82.26,19.53
o_008613,1,p_1472,s_564,2018-05-14 12:29:45,64.72,15.59
o_008614,1,p_5411,s_924,2018-08-13 09:46:01,16.5,7.44
o_008615,1,p_9568,s_332,2017-05-18 15:10:08,42.54,18.03
o_008616,1,p_6714,s_398,2017-03-25 10:31:47,43.7,12.27
o_008617,1,p_9787,s_619,2017-02-10 22:43:40,656.35,15.06
o_008618,1,p_1792,s_418,2017-09-15 10:00:32,151.3,12.44
o_008619,1,p_1233,s_941,2018-04-20 11:37:18,44.12,12.67
o_008620,1,p_7112,s_427,2018-04-07 16:59:12,278.88,22.66
o_008621,1,p_9038,s_928,2018-03-07 11:17:20,27.12,10.15
o_008622,1,p_7437,s_219,2018-07-10 10:44:17,298.6,16.28
o_008623,1,p_8776,s_693,2018-01-09 23:07:52,86.54,6.93
o_008624,1,p_1925,s_598,2018-07-12 18:40:37,155.66,10.93
o_008625,1,p_7463,s_740,2018-03-20 20:34:16,112.4,9.75
o_008626,1,p_2793,s_754,2017-08-27 07:25:43,187.67,13.19
o_008627,1,p_2658,s_226,2018-04-22 14:20:07,99.27,13.07
o_008628,1,p_9797,s_439,2017-05-19 21:43:56,86.62,7.35
o_008629,1,p_4588,s_947,2018-06-10 16:49:56,60.79,22.36
o_008630,1,p_7382,s_534,2017-05-07 09:57:34,62.46,5.94
o_008631,1,p_2500,s_184,2018-02-02 07:57:17,40.49,9.92
o_008632,1,p_6565,s_376,2018-07-23 11:33:54,138.17,6.76
o_008633,1,p_8224,s_111,2017-12-27 10:55:24,107.94,26.56
o_008634,1,p_4043,s_764,2018-01-15 11:04:16,81.34,9.58
o_008634,2,p_3075,s_424,2018-01-15 11:04:16,142.75,5.65
o_008635,1,p_5653,s_178,2018-05-11 21:58:19,56.01,14.79
o_008636,1,p_8529,s_568,2017-06-29 22:25:02,133.69,19.64
o_008637,1,p_3387,s_246,2018-07-03 16:23:39,71.37,9.51
o_008638,1,p_3512,s_877,2018-07-28 12:30:49,18.35,12.43
o_008638,2,p_6115,s_337,2018-07-28 12:30:49,71.33,8.18
o_008639,1,p_5824,s_426,2017-07-02 19:17:07,93.02,12.28
o_008640,1,p_9208,s_741,2017-01-22 12:38:21,148.82,12.75
o_008641,1,p_3782,s_493,2017-12-11 19:04:01,16.91,7.61
o_008642,1,p_9539,s_119,2018-05-22 14:30:50,298.59,15.26
o_008643,1,p_3226,s_457,2018-06-23 19:56:07,43.36,19.23
o_008644,1,p_1043,s_967,2018-04-09 13:06:20,230.41,7.55
o_008645,1,p_2687,s_600,2017-12-20 13:00:05,90.55,12.52
o_008646,1,p_8941,s_301,2018-09-01 21:54:13,41.31,7.69
o_008647,1,p_1459,s_219,2018-08-08 06:15:38,20.51,7.18
o_008648,1,p_8521,s_255,2017-10-08 16:25:45,31.01,10.57
o_008649,1,p_5455,s_993,2017-09-12 14:29:19,247.3,26.6
o_008650,1,p_4074,s_680,2017-06-23 13:48:56,166.04,12.23
o_008651,1,p_7542,s_710,2018-06-16 18:45:16,46.27,25.74
o_008652,1,p_2967,s_463,2018-04-10 13:02:47,104.93,13.32
o_008653,1,p_1597,s_997,2018-01-16 13:15:31,307.1,16.27
o_008653,2,p_7897,s_800,2018-01-16 13:15:31,110.16,16.48
o_008654,1,p_4648,s_754,2018-07-21 16:33:46,25.84,8.55
o_008655,1,p_2318,s_939,2018-01-09 12:09:48,170.08,12.49
o_008655,2,p_9337,s_785,2018-01-09 12:09:48,26.54,10.28
o_008656,1,p_5533,s_879,2017-10-31 14:56:58,78.81,24.39
o_008656,2,p_1847,s_108,2017-10-31 14:56:58,264.25,26.98
o_008657,1,p_4506,s_575,2018-05-22 06:51:57,195.78,10.31
o_008657,2,p_8033,s_120,2018-05-22 06:51:57,68.58,5.9
o_008658,1,p_6800,s_882,2018-02-19 11:32:08,34.97,16.99
o_008658,2,p_9018,s_898,2018-02-19 11:32:08,24.93,19.75
o_008659,1,p_9958,s_493,2017-04-10 13:05:18,426.75,5.6
o_008659,2,p_3921,s_881,2017-04-10 13:05:18,148.32,7.34
o_008660,1,p_4730,s_744,2018-08-06 09:21:00,25.53,14.1
o_008661,1,p_7622,s_912,2017-04-30 19:27:04,69.07,9.16
o_008661,2,p_8833,s_502,2017-04-30 19:27:04,101.16,7.21
o_008662,1,p_5675,s_962,2018-06-14 18:29:31,101.49,8.71
o_008663,1,p_3214,s_907,2018-01-23 15:27:11,53.07,10.18
o_008664,1,p_3935,s_560,2018-06-15 16:45:38,34.51,67.65
o_008665,1,p_8633,s_728,2017-10-15 16:50:08,78.79,10.95
o_008666,1,p_9445,s_256,2017-02-20 18:28:28,48.19,29.08
o_008667,1,p_5449,s_109,2018-01-29 13:43:57,203.05,7.09
o_008667,2,p_3500,s_579,2018-01-29 13:43:57,440.94,7.67
o_008668,1,p_3882,s_916,2017-06-07 13:49:38,102.1,18.02
o_008669,1,p_9059,s_704,2017-08-27 16:11:56,55.22,25.47
o_008670,1,p_9394,s_258,2018-01-20 18:41:17,271.19,19.29
o_008671,1,p_9951,s_613,2018-07-20 14:04:32,48.11,13.05
o_008672,1,p_1460,s_807,2017-08-09 16:41:25,67.23,26.46
o_008673,1,p_9697,s_158,2018-08-23 18:57:00,117.38,14.55
o_008674,1,p_9244,s_280,2018-05-06 10:20:42,219.3,13.58
o_008675,1,p_5753,s_475,2017-05-20 07:28:34,316.49,14.72
o_008676,1,p_6895,s_401,2017-02-28 15:18:14,180.08,12.66
o_008677,1,p_6172,s_907,2018-05-01 10:56:16,170.85,6.37
o_008678,1,p_6350,s_360,2017-12-07 09:40:10,67.76,23.67
o_008679,1,p_9158,s_177,2017-09-10 17:44:33,74.95,9.74
o_008680,1,p_8025,s_539,2017-02-13 19:01:37,66.19,17.77
o_008681,1,p_7749,s_766,2017-08-17 19:50:23,152.49,29.54
o_008682,1,p_2707,s_515,2018-06-22 23:48:34,67.68,16.4
o_008682,2,p_3665,s_748,2018-06-22 23:48:34,127.35,15.57
o_008683,1,p_4664,s_788,2017-10-27 09:36:23,21.79,23.92
o_008684,1,p_9632,s_976,2018-02-02 20:13:52,66.54,29.79
o_008685,1,p_3615,s_471,2017-12-30 10:10:17,19.93,10.27
o_008686,1,p_7575,s_407,2018-08-08 06:48:53,70.38,17.89
o_008687,1,p_7307,s_365,2017-07-08 11:12:25,95.06,13.42
o_008688,1,p_5045,s_412,2018-01-11 15:51:39,76.98,27.07
o_008688,2,p_1644,s_895,2018-01-11 15:51:39,109.09,27.76
o_008689,1,p_4769,s_272,2018-07-13 11:15:28,31.51,12.1
o_008690,1,p_4600,s_739,2018-06-08 10:51:00,90.31,8.35
o_008691,1,p_6035,s_554,2017-07-23 18:26:45,86.16,10.71
o_008692,1,p_8816,s_903,2018-02-08 12:53:23,105.45,10.04
o_008693,1,p_4340,s_828,2018-07-25 14:02:50,129.28,25.13
o_008694,1,p_8484,s_467,2017-02-06 14:55:20,135.61,18.68
o_008695,1,p_2176,s_162,2017-07-25 10:18:25,161.55,12.86
o_008696,1,p_4435,s_283,2017-08-27 19:32:23,40.04,15.25
o_008696,2,p_8236,s_984,2017-08-27 19:32:23,271.79,14.21
o_008697,1,p_5158,s_306,2018-01-14 09:36:10,266.32,12.32
o_008698,1,p_1087,s_971,2017-01-21 15:45:09,106.03,13.91
o_008699,1,p_1232,s_696,2017-10-11 19:15:05,246.9,16.83
o_008700,1,p_3423,s_845,2018-04-30 10:28:20,43.35,67.06
o_008701,1,p_2626,s_710,2018-02-14 15:10:37,68.96,8.16
o_008702,1,p_9072,s_142,2017-09-13 16:36:48,80.89,6.52
o_008703,1,p_3859,s_938,2017-03-17 15:47:45,30.11,10.96
o_008704,1,p_2193,s_990,2018-04-08 07:29:36,112.43,12.37
o_008705,1,p_9750,s_804,2017-07-30 08:16:52,51.6,10.04
o_008706,1,p_6327,s_583,2017-07-08 19:26:29,26.26,9.06
o_008707,1,p_5393,s_488,2017-03-21 12:55:07,65.1,63.92
o_008708,1,p_1625,s_843,2017-04-14 08:12:25,101.67,25.3
o_008709,1,p_2864,s_611,2017-09-18 18:12:50,18.0,14.13
o_008710,1,p_1005,s_325,2018-08-07 19:24:13,23.99,6.02
o_008711,1,p_8295,s_979,2017-07-26 16:48:03,106.9,63.83
o_008711,2,p_2841,s_612,2017-07-26 16:48:03,323.69,68.88
o_008712,1,p_6048,s_600,2018-08-07 19:18:30,252.12,24.71
o_008713,1,p_2362,s_464,2018-01-28 16:37:09,51.11,12.2
o_008714,1,p_3643,s_464,2017-02-20 12:02:08,230.75,22.59
o_008715,1,p_6257,s_224,2017-04-11 20:56:20,79.07,9.97
o_008716,1,p_8732,s_413,2017-11-12 07:02:27,87.75,23.84
o_008717,1,p_6743,s_780,2017-03-22 12:30:04,188.3,6.5
o_008717,2,p_7805,s_233,2017-03-22 12:30:04,21.19,12.99
o_008718,1,p_9919,s_960,2017-02-23 09:39:39,112.34,10.18
o_008719,1,p_2058,s_706,2018-04-26 17:55:55,15.87,7.8
o_008720,1,p_9667,s_688,2018-01-09 09:08:48,35.45,15.55
o_008721,1,p_7104,s_801,2018-02-22 19:31:54,150.49,22.73
o_008722,1,p_8269,s_994,2018-07-01 07:24:27,131.49,18.57
o_008722,2,p_3480,s_295,2018-07-01 07:24:27,79.99,14.78
o_008723,1,p_9824,s_630,2017-08-21 21:14:50,132.88,23.69
o_008724,1,p_7988,s_447,2017-05-08 14:12:29,277.51,23.24
o_008725,1,p_9360,s_920,2018-04-08 08:11:49,159.06,11.16
o_008726,1,p_7347,s_797,2018-06-22 11:21:59,236.42,8.29
o_008727,1,p_1926,s_403,2018-07-19 16:53:56,49.32,12.36
o_008728,1,p_5595,s_791,2018-06-13 20:34:48,100.67,10.94
o_008728,2,p_2770,s_961,2018-06-13 20:34:48,36.77,7.74
o_008729,1,p_8625,s_428,2017-07-14 11:53:33,34.99,16.91
o_008729,2,p_8147,s_445,2017-07-14 11:53:33,28.56,17.99
o_008730,1,p_6412,s_650,2017-01-26 12:37:21,156.21,12.87
o_008731,1,p_4418,s_432,2018-02-06 19:03:40,57.08,6.74
o_008732,1,p_3627,s_286,2017-06-21 15:23:59,29.29,6.2
o_008733,1,p_6416,s_902,2018-07-06 13:09:24,180.52,11.61
o_008734,1,p_9832,s_931,2017-08-31 14:26:08,34.52,6.89
o_008735,1,p_5911,s_302,2017-11-26 10:58:29,73.62,23.59
o_008736,1,p_8260,s_571,2018-03-28 09:10:56,53.13,25.04
o_008737,1,p_2920,s_640,2017-10-14 15:24:59,549.26,14.96
o_008738,1,p_4406,s_234,2017-01-07 16:41:11,352.5,14.72
o_008739,1,p_2362,s_713,2018-01-19 20:29:11,39.94,24.78
o_008740,1,p_5130,s_715,2017-02-17 17:34:12,231.5,29.59
o_008741,1,p_2349,s_283,2017-08-27 08:00:07,381.93,28.51
o_008742,1,p_9621,s_556,2017-05-26 07:43:48,210.58,29.18
o_008743,1,p_7898,s_194,2018-02-08 13:20:10,127.45,5.93
o_008744,1,p_2953,s_287,2018-07-28 17:09:27,159.83,6.09
o_008745,1,p_9273,s_902,2018-03-25 18:41:21,100.21,22.52
o_008746,1,p_3982,s_332,2018-07-23 19:23:46,204.02,7.34
o_008747,1,p_1080,s_719,2017-09-25 08:47:42,134.57,17.57
o_008748,1,p_6404,s_884,2018-07-09 13:39:49,54.53,27.57
o_008749,1,p_8777,s_886,2018-05-02 16:40:47,319.99,13.08
o_008749,2,p_5808,s_110,2018-05-02 16:40:47,81.25,16.99
o_008749,3,p_1640,s_699,2018-05-02 16:40:47,129.53,18.52
o_008750,1,p_1260,s_335,2018-05-10 07:38:05,175.42,14.82
o_008751,1,p_4642,s_276,2018-02-02 08:37:18,269.07,6.16
o_008752,1,p_9012,s_497,2018-04-18 11:32:44,62.62,12.09
o_008753,1,p_3659,s_350,2018-03-08 19:30:53,48.19,27.66
o_008754,1,p_7587,s_144,2018-03-13 05:54:17,55.09,5.81
o_008755,1,p_6038,s_996,2018-06-13 18:38:21,78.6,6.04
o_008756,1,p_8066,s_938,2017-09-20 16:53:15,120.59,27.75
o_008757,1,p_8765,s_595,2017-08-29 07:15:57,46.98,26.99
o_008757,2,p_8716,s_732,2017-08-29 07:15:57,285.67,28.78
o_008758,1,p_6546,s_205,2018-06-28 20:49:58,81.81,28.13
o_008759,1,p_4573,s_764,2018-01-25 15:44:27,25.61,15.02
o_008760,1,p_1612,s_699,2017-08-13 19:27:59,62.94,22.01
o_008761,1,p_6225,s_366,2018-07-11 13:13:44,101.42,13.45
o_008762,1,p_7734,s_417,2018-03-19 11:36:17,149.35,14.24
o_008763,1,p_4621,s_547,2018-01-06 18:18:32,93.19,6.74
o_008764,1,p_2080,s_421,2018-07-12 06:01:12,39.44,13.57
o_008765,1,p_4553,s_553,2018-07-17 15:28:50,27.17,15.01
o_008766,1,p_6595,s_595,2017-12-26 08:51:49,35.45,14.69
o_008767,1,p_6962,s_773,2018-04-14 11:56:55,125.27,18.46
o_008768,1,p_8052,s_647,2018-07-09 19:41:35,69.03,10.44
o_008769,1,p_4257,s_444,2017-09-06 15:09:10,130.63,24.93
o_008770,1,p_6987,s_100,2017-08-06 12:05:50,125.89,26.75
o_008771,1,p_1859,s_883,2018-01-19 10:19:52,145.8,24.89
o_008772,1,p_1664,s_831,2017-07-20 14:41:36,116.91,22.91
o_008773,1,p_1103,s_733,2018-03-30 08:50:11,68.34,68.35
o_008774,1,p_6662,s_667,2018-08-23 03:30:31,183.87,17.97
o_008775,1,p_5409,s_761,2017-01-24 12:01:38,21.39,12.13
o_008776,1,p_7169,s_346,2017-08-23 10:45:55,68.01,12.04
o_008777,1,p_9314,s_635,2018-08-26 11:19:36,128.13,13.63
o_008778,1,p_7095,s_776,2018-06-25 09:59:48,272.16,7.94
o_008779,1,p_9554,s_768,2018-07-01 14:49:14,317.51,6.82
o_008780,1,p_6182,s_207,2018-01-27 18:42:04,219.52,29.29
o_008781,1,p_2480,s_119,2017-10-27 20:34:44,158.72,27.34
o_008782,1,p_9770,s_183,2018-07-21 08:34:47,197.32,6.02
o_008783,1,p_3439,s_876,2017-05-16 14:47:45,70.28,23.96
o_008784,1,p_4301,s_448,2017-09-23 17:00:11,45.61,25.83
o_008785,1,p_4807,s_203,2017-06-17 16:38:37,198.67,6.85
o_008786,1,p_5709,s_829,2017-06-02 18:48:48,772.96,28.65
o_008787,1,p_4407,s_513,2018-08-19 19:53:06,108.32,15.58
o_008788,1,p_6834,s_726,2018-07-23 12:59:08,67.73,10.87
o_008789,1,p_6241,s_514,2018-04-26 10:20:11,68.67,13.04
o_008790,1,p_8349,s_790,2018-02-18 08:26:27,367.39,26.57
o_008791,1,p_7297,s_569,2017-05-26 20:13:54,138.26,25.92
o_008792,1,p_9361,s_659,2018-07-16 18:26:48,172.83,9.53
o_008793,1,p_9297,s_198,2017-07-26 15:30:17,205.5,12.28
o_008794,1,p_9085,s_909,2018-05-09 12:02:12,102.27,24.44
o_008795,1,p_6800,s_990,2017-02-24 21:34:11,100.01,12.72
o_008796,1,p_5195,s_836,2017-03-28 16:17:39,26.61,22.13
o_008796,2,p_9616,s_283,2017-03-28 16:17:39,27.68,28.57
o_008797,1,p_1647,s_114,2018-08-07 14:06:10,99.74,13.3
o_008798,1,p_4716,s_327,2017-03-18 07:30:24,146.11,19.6
o_008799,1,p_6034,s_306,2018-05-10 05:41:05,49.93,24.54
o_008800,1,p_4208,s_815,2017-01-14 14:21:30,100.25,6.74
o_008801,1,p_9923,s_697,2017-06-24 11:51:37,33.36,9.28
o_008802,1,p_2452,s_637,2018-06-18 22:15:40,297.9,11.54
o_008803,1,p_4978,s_617,2018-04-10 19:01:40,235.71,25.79
o_008803,2,p_4050,s_169,2018-04-10 19:01:40,26.74,26.19
o_008804,1,p_6344,s_525,2017-12-02 11:13:34,106.13,17.02
o_008805,1,p_4525,s_546,2017-07-02 16:33:53,223.76,10.15
o_008806,1,p_2198,s_891,2018-03-26 09:24:46,324.33,6.53
o_008806,2,p_1084,s_127,2018-03-26 09:24:46,67.62,6.01
o_008807,1,p_9663,s_166,2018-07-08 12:02:51,56.82,29.3
o_008808,1,p_8614,s_400,2018-05-14 18:39:07,28.42,23.31
o_008809,1,p_9044,s_563,2018-06-11 08:38:58,363.29,28.9
o_008810,1,p_8466,s_677,2018-04-10 10:04:57,199.86,25.14
o_008811,1,p_1003,s_411,2018-05-31 21:09:37,444.03,29.45
o_008812,1,p_2273,s_663,2018-07-18 09:20:01,95.43,12.56
o_008813,1,p_5674,s_805,2018-04-07 10:48:18,119.1,11.95
o_008814,1,p_8684,s_825,2018-01-10 16:19:58,64.57,27.33
o_008815,1,p_8700,s_171,2017-05-28 07:41:26,87.71,25.1
o_008816,1,p_6058,s_815,2018-01-14 11:50:25,44.4,5.99
o_008817,1,p_4050,s_309,2018-05-11 14:36:56,88.19,17.12
o_008818,1,p_8613,s_765,2018-08-22 10:01:30,119.05,13.41
o_008819,1,p_4044,s_702,2017-10-06 15:54:39,87.33,16.02
o_008820,1,p_2849,s_849,2018-02-25 07:04:31,100.71,63.19
o_008821,1,p_4646,s_810,2017-09-15 06:35:48,94.38,6.0
o_008821,2,p_3780,s_257,2017-09-15 06:35:48,215.13,11.6
o_008822,1,p_7882,s_649,2018-03-09 14:38:58,23.78,10.42
o_008823,1,p_7253,s_862,2017-11-09 22:59:37,236.45,29.67
o_008824,1,p_7798,s_207,2017-06-06 14:37:23,22.49,9.43
o_008825,1,p_6178,s_593,2018-06-22 20:29:17,107.91,26.72
o_008826,1,p_2643,s_234,2018-02-25 00:56:15,196.2,9.53
o_008827,1,p_1242,s_244,2017-01-12 13:37:22,165.8,22.91
o_008828,1,p_6712,s_968,2017-01-11 18:42:18,171.8,8.41
o_008829,1,p_1602,s_137,2018-03-07 13:14:40,178.64,11.13
o_008830,1,p_6188,s_401,2018-06-28 18:00:04,77.63,12.51
o_008831,1,p_2636,s_757,2018-07-01 13:05:22,112.36,7.06
o_008831,2,p_1747,s_908,2018-07-01 13:05:22,31.91,5.92
o_008831,3,p_2263,s_429,2018-07-01 13:05:22,69.15,10.86
o_008832,1,p_9095,s_622,2018-06-14 17:38:29,132.39,7.02
o_008833,1,p_5883,s_571,2018-05-02 14:59:49,27.29,11.5
o_008834,1,p_5152,s_879,2017-04-15 10:38:38,18.19,6.26
o_008835,1,p_1905,s_155,2018-04-14 13:26:22,16.96,7.0
o_008836,1,p_4886,s_335,2017-03-10 07:28:05,85.53,12.05
o_008837,1,p_6080,s_569,2018-06-17 17:36:28,29.57,19.08
o_008838,1,p_8281,s_958,2018-02-01 06:39:47,184.42,14.64
o_008839,1,p_7282,s_694,2017-10-27 08:06:06,76.0,27.54
o_008840,1,p_7023,s_904,2018-02-02 14:46:56,29.06,16.54
o_008841,1,p_6026,s_426,2018-05-25 11:22:45,205.58,11.36
o_008842,1,p_8305,s_323,2017-06-09 18:50:26,117.93,14.75
o_008843,1,p_7031,s_849,2018-05-03 14:02:12,150.61,6.66
o_008844,1,p_4751,s_987,2017-11-21 12:01:14,169.39,6.97
o_008845,1,p_2313,s_601,2017-03-24 11:48:55,123.13,9.56
o_008846,1,p_2656,s_570,2018-06-01 19:52:42,106.93,11.05
o_008847,1,p_6785,s_853,2018-03-25 18:12:33,49.59,5.94
o_008848,1,p_8755,s_587,2018-03-24 16:26:01,68.0,11.72
o_008848,2,p_6627,s_844,2018-03-24 16:26:01,231.73,11.46
o_008849,1,p_9404,s_111,2017-01-19 12:32:30,207.09,12.8
o_008850,1,p_3119,s_369,2017-01-26 14:37:00,260.01,9.05
o_008851,1,p_9306,s_890,2018-04-26 09:08:28,196.56,13.16
o_008852,1,p_3249,s_377,2017-06-29 18:39:02,199.96,12.56
o_008853,1,p_6439,s_458,2017-12-25 10:25:58,25.75,8.17
o_008854,1,p_7466,s_554,2017-08-27 09:12:45,368.46,27.29
o_008855,1,p_7636,s_812,2018-08-08 02:40:43,349.73,18.26
o_008856,1,p_4970,s_131,2018-04-01 13:09:08,146.62,25.7
o_008857,1,p_2617,s_579,2018-04-17 14:28:46,45.96,6.16
o_008857,2,p_4793,s_924,2018-04-17 14:28:46,87.58,12.76
o_008858,1,p_3218,s_280,2018-06-02 21:13:08,125.19,15.39
o_008859,1,p_3131,s_901,2017-06-24 12:52:07,125.17,12.49
o_008860,1,p_7183,s_654,2018-04-14 11:50:14,23.38,6.79
o_008861,1,p_2417,s_820,2017-12-21 15:24:15,101.26,6.58
o_008862,1,p_3164,s_515,2018-02-21 16:59:54,104.31,14.98
o_008863,1,p_5807,s_511,2018-08-11 17:43:32,61.53,68.55
o_008864,1,p_2997,s_405,2018-03-03 12:41:29,54.14,18.01
o_008864,2,p_1444,s_323,2018-03-03 12:41:29,233.74,13.86
o_008865,1,p_3054,s_500,2017-09-26 10:50:36,263.41,23.94
o_008866,1,p_7767,s_190,2018-06-10 15:25:05,69.69,18.68
o_008866,2,p_3107,s_713,2018-06-10 15:25:05,304.51,17.96
o_008867,1,p_8307,s_164,2018-08-30 16:15:45,177.23,11.58
o_008868,1,p_6008,s_417,2017-06-07 23:45:22,27.47,12.32
o_008869,1,p_7822,s_190,2017-01-26 08:16:53,53.54,11.6
o_008870,1,p_2641,s_946,2018-05-20 14:37:13,245.18,13.82
o_008871,1,p_3559,s_320,2018-04-08 00:05:25,129.2,18.01
o_008872,1,p_1186,s_910,2017-12-22 18:05:46,151.8,7.03
o_008872,2,p_1848,s_894,2017-12-22 18:05:46,87.66,11.29
o_008873,1,p_5169,s_692,2018-06-20 19:03:02,62.2,17.19
o_008874,1,p_3045,s_212,2018-06-06 12:01:21,54.03,69.12
o_008875,1,p_5022,s_941,2018-08-14 19:06:20,44.64,11.12
o_008875,2,p_8370,s_678,2018-08-14 19:06:20,179.77,12.45
o_008876,1,p_1737,s_439,2018-04-06 20:31:19,42.21,22.88
o_008877,1,p_8244,s_532,2018-06-14 13:24:23,139.25,9.03
o_008878,1,p_9859,s_833,2017-12-16 05:41:49,31.24,28.38
o_008879,1,p_8819,s_808,2017-03-09 13:05:01,47.22,26.44
o_008880,1,p_7395,s_489,2018-05-06 11:42:01,33.06,29.95
o_008881,1,p_5065,s_510,2018-07-10 15:15:16,233.12,13.86
o_008882,1,p_4306,s_896,2017-07-31 16:01:30,27.22,12.55
o_008883,1,p_1108,s_514,2017-11-06 05:50:32,147.17,11.29
o_008884,1,p_1151,s_776,2018-04-24 21:39:31,60.81,26.8
o_008884,2,p_8305,s_838,2018-04-24 21:39:31,123.14,25.97
o_008885,1,p_6358,s_146,2018-03-20 19:59:35,109.97,17.94
o_008886,1,p_5308,s_876,2018-06-17 21:36:27,42.41,11.72
o_008887,1,p_8203,s_396,2017-06-14 14:17:03,135.03,6.09
o_008888,1,p_2268,s_429,2018-02-28 17:12:10,70.16,14.45
o_008889,1,p_2154,s_368,2017-01-19 10:32:31,264.69,8.11
o_008889,2,p_7126,s_475,2017-01-19 10:32:31,111.11,12.42
o_008890,1,p_3030,s_723,2018-05-13 15:18:35,49.21,7.31
o_008891,1,p_8398,s_571,2018-07-11 19:54:53,121.45,11.13
o_008892,1,p_5443,s_708,2017-01-18 18:08:54,162.0,13.9
o_008893,1,p_1308,s_935,2018-03-07 10:54:03,96.77,18.1
o_008894,1,p_9096,s_376,2018-05-14 22:51:48,204.19,18.31
o_008895,1,p_1743,s_132,2018-03-21 13:19:19,150.32,64.53
o_008896,1,p_7790,s_789,2018-01-17 15:55:55,74.03,12.38
o_008897,1,p_6773,s_802,2017-07-22 05:44:54,146.0,10.34
o_008897,2,p_3276,s_243,2017-07-22 05:44:54,74.63,10.19
o_008898,1,p_6728,s_843,2018-08-29 21:15:46,277.32,67.77
o_008899,1,p_5745,s_890,2018-05-12 08:28:55,102.01,12.85
o_008900,1,p_7229,s_196,2017-04-21 14:26:22,63.22,6.11
o_008900,2,p_9819,s_339,2017-04-21 14:26:22,34.44,12.38
o_008901,1,p_6849,s_805,2017-11-29 07:06:22,31.02,14.0
o_008902,1,p_7474,s_772,2018-06-15 17:46:57,156.32,12.37
o_008903,1,p_5487,s_489,2017-07-03 13:59:26,33.86,68.24
o_008904,1,p_5450,s_689,2017-06-17 07:59:27,90.81,26.32
o_008905,1,p_2660,s_136,2018-06-22 15:53:03,116.16,12.64
o_008906,1,p_9379,s_758,2017-01-17 10:51:36,308.19,12.52
o_008906,2,p_3389,s_431,2017-01-17 10:51:36,100.12,14.8
o_008907,1,p_8479,s_698,2018-03-24 19:12:23,75.89,18.74
o_008908,1,p_4972,s_382,2018-08-13 12:29:02,108.25,10.9
o_008909,1,p_9793,s_776,2018-01-11 19:32:29,99.85,26.84
o_008910,1,p_4736,s_941,2018-06-28 20:58:47,359.72,9.42
o_008911,1,p_8070,s_871,2018-08-11 11:32:44,67.35,11.25
o_008912,1,p_7776,s_236,2017-11-24 06:24:14,20.22,12.4
o_008913,1,p_8049,s_471,2018-08-08 10:20:56,80.78,8.05
o_008914,1,p_8505,s_462,2018-04-29 16:24:55,293.52,15.93
o_008915,1,p_1211,s_822,2017-03-13 13:43:17,131.3,9.54
o_008915,2,p_5482,s_476,2017-03-13 13:43:17,33.57,10.31
o_008916,1,p_8152,s_772,2018-07-06 14:33:03,91.76,11.94
o_008917,1,p_1619,s_649,2017-07-30 17:41:44,211.11,9.15
o_008918,1,p_8153,s_950,2017-11-12 10:45:17,57.76,12.87
o_008918,2,p_4154,s_897,2017-11-12 10:45:17,228.96,12.44
o_008919,1,p_7639,s_734,2017-11-02 17:20:20,45.12,6.56
o_008920,1,p_1176,s_265,2017-05-07 14:11:48,283.94,15.3
o_008921,1,p_5882,s_194,2018-07-08 20:58:54,235.48,66.9
o_008922,1,p_7624,s_286,2018-03-23 08:02:49,268.54,13.4
o_008923,1,p_5188,s_322,2017-09-30 12:00:34,366.88,19.64
o_008924,1,p_9186,s_698,2018-07-14 10:18:25,182.23,6.11
o_008925,1,p_6211,s_834,2018-03-01 15:39:35,46.37,18.5
o_008926,1,p_3010,s_151,2018-07-13 12:12:36,66.41,18.82
o_008927,1,p_4741,s_568,2018-07-30 08:28:23,25.43,16.95
o_008928,1,p_6593,s_867,2018-01-07 14:17:54,600.83,7.82
o_008929,1,p_6038,s_397,2018-03-06 22:29:26,172.0,15.5
o_008930,1,p_7844,s_380,2017-01-14 13:26:53,72.96,6.18
o_008931,1,p_5919,s_159,2017-03-14 14:12:32,146.31,12.32
o_008932,1,p_7253,s_377,2018-03-11 10:58:46,170.32,12.95
o_008933,1,p_8761,s_772,2017-01-11 16:40:13,56.1,12.72
o_008934,1,p_1200,s_703,2018-07-11 17:36:21,126.14,17.79
o_008935,1,p_7436,s_460,2018-08-18 15:50:52,278.25,19.39
o_008936,1,p_2997,s_633,2018-04-10 07:49:44,100.06,9.5
o_008936,2,p_5144,s_486,2018-04-10 07:49:44,115.09,5.95
o_008937,1,p_6484,s_718,2017-01-19 13:28:49,192.38,24.13
o_008938,1,p_1457,s_625,2018-07-22 17:29:33,16.13,16.46
o_008939,1,p_1755,s_171,2017-03-04 12:41:17,193.53,8.97
o_008940,1,p_8600,s_634,2017-03-18 09:02:21,76.76,68.6
o_008941,1,p_9582,s_663,2017-08-28 13:24:34,137.26,29.2
o_008942,1,p_3422,s_595,2018-03-14 18:41:41,23.39,6.6
o_008943,1,p_1842,s_131,2018-01-09 18:32:17,166.62,6.41
o_008943,2,p_9849,s_328,2018-01-09 18:32:17,219.71,7.52
o_008944,1,p_9209,s_660,2018-05-21 13:09:28,199.28,15.77
o_008945,1,p_9475,s_461,2018-04-06 09:00:57,174.65,18.86
o_008946,1,p_8239,s_592,2017-02-07 11:36:10,76.22,12.78
o_008946,2,p_5665,s_240,2017-02-07 11:36:10,407.21,12.92
o_008947,1,p_8102,s_101,2017-10-12 09:56:19,165.94,10.56
o_008948,1,p_8573,s_850,2018-07-21 10:35:59,31.27,17.33
o_008949,1,p_9718,s_877,2017-07-08 13:15:27,84.54,24.21
o_008950,1,p_6972,s_286,2018-07-08 07:28:28,62.1,27.94
o_008951,1,p_6376,s_507,2018-04-26 22:50:43,46.08,14.28
o_008952,1,p_9829,s_986,2017-03-24 15:25:11,71.35,15.39
o_008953,1,p_3278,s_148,2017-12-09 22:37:02,815.22,5.8
o_008954,1,p_7664,s_923,2017-05-26 19:46:21,278.06,5.67
o_008955,1,p_3341,s_348,2018-02-20 19:06:39,66.08,5.89
o_008956,1,p_5051,s_627,2017-05-27 14:20:44,40.4,8.23
o_008957,1,p_1443,s_987,2017-06-01 20:43:50,90.7,24.22
o_008957,2,p_6793,s_998,2017-06-01 20:43:50,102.06,29.27
o_008957,3,p_5828,s_368,2017-06-01 20:43:50,338.63,28.91
o_008958,1,p_3488,s_721,2018-05-08 12:35:59,78.8,28.66
o_008959,1,p_9759,s_216,2018-02-15 21:09:10,116.54,9.4
o_008960,1,p_1188,s_336,2017-09-18 09:17:46,202.43,12.91
o_008961,1,p_8309,s_998,2018-07-16 19:32:13,140.49,26.74
o_008962,1,p_2734,s_109,2018-07-20 14:04:21,125.39,5.78
o_008963,1,p_6608,s_435,2017-03-24 16:05:08,85.35,5.67
o_008964,1,p_3119,s_213,2017-03-22 09:32:03,21.29,9.67
o_008965,1,p_1101,s_724,2017-01-31 10:35:10,162.56,15.86
o_008966,1,p_6643,s_595,2018-04-24 15:20:12,56.95,11.87
o_008967,1,p_5118,s_949,2017-02-08 15:18:36,23.64,9.03
o_008968,1,p_6367,s_907,2017-02-16 09:15:57,169.09,14.3
o_008969,1,p_9889,s_581,2017-06-29 13:47:21,21.69,17.24
o_008970,1,p_9483,s_530,2018-04-16 16:43:30,440.54,12.06
o_008971,1,p_2964,s_667,2018-05-16 14:40:37,33.26,69.78
o_008972,1,p_8024,s_476,2017-06-29 17:16:12,130.23,15.96
o_008972,2,p_1632,s_778,2017-06-29 17:16:12,52.34,14.28
o_008973,1,p_2331,s_658,2018-08-26 12:52:44,35.23,17.54
o_008974,1,p_4011,s_912,2018-06-13 11:52:09,404.97,13.5
o_008975,1,p_6564,s_916,2017-08-13 17:38:38,20.12,12.11
o_008976,1,p_1274,s_431,2018-04-21 22:33:45,88.11,8.21
o_008977,1,p_2837,s_311,2017-06-28 12:49:09,56.49,10.01
o_008978,1,p_1604,s_401,2018-07-23 10:15:01,24.33,29.77
o_008979,1,p_7284,s_832,2018-07-24 21:21:28,52.56,13.32
o_008980,1,p_3841,s_416,2017-08-15 15:50:34,242.68,13.19
o_008981,1,p_2201,s_855,2017-10-26 18:04:23,313.83,26.17
o_008982,1,p_9791,s_960,2018-04-07 12:54:43,369.51,12.67
o_008982,2,p_9654,s_946,2018-04-07 12:54:43,24.28,15.29
o_008983,1,p_4363,s_861,2017-06-08 11:49:10,109.01,13.95
o_008984,1,p_3362,s_156,2018-01-26 13:25:08,17.48,6.6
o_008985,1,p_8649,s_116,2018-01-11 15:27:22,141.41,26.05
o_008986,1,p_6160,s_542,2018-05-23 07:41:16,107.15,67.51
o_008987,1,p_6221,s_853,2018-07-08 15:58:23,69.3,13.58
o_008987,2,p_7496,s_789,2018-07-08 15:58:23,191.07,12.54
o_008988,1,p_1490,s_540,2017-01-23 07:19:40,87.67,13.14
o_008989,1,p_4026,s_104,2017-05-14 15:32:47,25.03,9.51
o_008990,1,p_7704,s_965,2018-08-18 08:42:32,19.62,8.75
o_008991,1,p_8139,s_659,2017-05-31 14:49:00,212.32,12.73
o_008992,1,p_2195,s_586,2018-01-22 10:30:58,19.26,29.46
o_008993,1,p_9082,s_832,2018-06-21 11:55:06,130.88,62.66
o_008994,1,p_3881,s_825,2017-01-23 06:25:10,131.18,26.11
o_008995,1,p_9166,s_913,2017-09-11 17:12:16,47.75,6.3
o_008996,1,p_2695,s_793,2018-06-12 13:22:47,28.34,7.74
o_008997,1,p_5138,s_232,2017-08-20 15:08:44,31.95,13.01
o_008998,1,p_8144,s_617,2018-04-19 19:55:55,35.43,7.29
o_008999,1,p_8012,s_214,2018-02-25 16:05:33,160.94,14.9
o_009000,1,p_2063,s_367,2017-07-06 14:40:25,170.61,13.96
o_009001,1,p_1943,s_350,2017-07-14 12:32:24,32.53,12.43
o_009002,1,p_7815,s_497,2017-01-13 18:10:07,46.37,13.43
o_009003,1,p_9248,s_270,2017-08-30 16:54:18,52.19,15.31
o_009004,1,p_8979,s_635,2018-02-01 21:37:04,44.97,8.48
o_009005,1,p_3268,s_344,2018-01-15 19:51:18,454.19,25.08
o_009006,1,p_4518,s_205,2018-01-26 18:52:27,35.57,7.8
o_009007,1,p_3812,s_564,2017-05-07 19:37:11,228.32,26.34
o_009008,1,p_6979,s_792,2018-02-28 16:26:56,66.52,12.62
o_009009,1,p_8248,s_680,2018-07-03 14:33:24,76.64,13.33
o_009010,1,p_5511,s_136,2017-01-11 17:25:09,102.66,27.41
o_009011,1,p_7126,s_120,2017-12-14 07:41:08,45.74,29.47
o_009012,1,p_5282,s_321,2017-08-13 08:03:37,129.34,23.24
o_009013,1,p_1163,s_817,2018-07-18 12:04:03,23.76,10.62
o_009014,1,p_1568,s_424,2018-05-27 17:04:06,235.27,6.08
o_009015,1,p_1235,s_650,2018-05-02 11:53:01,114.53,14.2
o_009016,1,p_4119,s_860,2018-07-22 11:39:50,27.66,27.11
o_009017,1,p_3864,s_913,2018-06-02 13:49:44,39.29,9.63
o_009018,1,p_5240,s_991,2017-07-28 10:48:16,97.33,17.94
o_009019,1,p_1507,s_483,2018-03-24 16:43:43,131.59,15.83
o_009020,1,p_4846,s_773,2017-04-30 05:22:32,82.02,9.67
o_009021,1,p_6376,s_758,2017-06-12 09:00:50,90.19,8.72
o_009021,2,p_8970,s_427,2017-06-12 09:00:50,68.94,11.78
o_009022,1,p_3982,s_796,2018-07-28 14:43:14,298.73,29.04
o_009023,1,p_1107,s_812,2018-03-15 18:32:22,22.87,66.54
o_009024,1,p_9659,s_334,2017-05-10 14:11:20,94.47,17.33
o_009025,1,p_5862,s_762,2018-01-26 12:39:24,179.73,27.67
o_009025,2,p_6575,s_579,2018-01-26 12:39:24,18.42,22.54
o_009026,1,p_1191,s_181,2018-02-26 06:19:01,176.85,6.72
o_009027,1,p_9123,s_755,2017-03-17 14:32:47,27.76,19.79
o_009027,2,p_2783,s_837,2017-03-17 14:32:47,164.91,19.76
o_009028,1,p_1043,s_698,2018-06-29 12:40:36,172.5,27.38
o_009028,2,p_7645,s_324,2018-06-29 12:40:36,71.42,24.88
o_009028,3,p_5771,s_899,2018-06-29 12:40:36,29.05,24.42
o_009029,1,p_3021,s_573,2018-07-29 14:11:25,194.81,63.78
o_009030,1,p_9022,s_450,2017-07-27 11:36:22,158.91,22.37
o_009031,1,p_4168,s_642,2018-08-17 10:11:55,387.33,16.19
o_009032,1,p_4006,s_670,2017-07-15 09:22:00,99.53,6.52
o_009033,1,p_6801,s_409,2017-08-02 08:52:02,272.02,26.78
o_009034,1,p_7664,s_602,2018-01-31 13:16:36,75.45,16.55
o_009035,1,p_6667,s_721,2017-08-26 15:11:28,227.92,27.76
o_009036,1,p_6607,s_172,2018-05-31 19:33:19,53.35,13.33
o_009037,1,p_3348,s_185,2018-02-06 13:28:53,136.96,12.17
o_009038,1,p_5087,s_155,2017-02-06 14:56:08,72.73,19.35
o_009038,2,p_3416,s_460,2017-02-06 14:56:08,205.97,13.97
o_009039,1,p_8002,s_983,2018-04-07 07:21:45,96.88,26.81
o_009039,2,p_1893,s_151,2018-04-07 07:21:45,67.65,25.7
o_009040,1,p_9807,s_510,2018-07-06 20:48:22,130.41,10.05
o_009041,1,p_7043,s_718,2018-08-23 09:39:01,24.98,13.89
o_009041,2,p_2892,s_846,2018-08-23 09:39:01,33.29,16.77
o_009042,1,p_8403,s_823,2018-04-01 09:02:20,270.98,24.08
o_009042,2,p_8145,s_419,2018-04-01 09:02:20,91.21,26.22
o_009043,1,p_8888,s_397,2018-01-22 19:07:37,230.86,27.31
o_009043,2,p_6740,s_712,2018-01-22 19:07:37,499.49,24.14
o_009043,3,p_9628,s_386,2018-01-22 19:07:37,312.48,24.32
o_009044,1,p_9879,s_379,2018-08-13 21:41:53,21.78,12.52
o_009045,1,p_4291,s_437,2018-06-01 16:56:48,230.65,6.42
o_009046,1,p_4410,s_849,2018-07-11 16:32:34,137.7,22.38
o_009047,1,p_6311,s_169,2018-08-16 14:32:10,265.16,17.73
o_009048,1,p_9701,s_813,2018-05-29 11:23:52,240.97,65.01
o_009048,2,p_1298,s_522,2018-05-29 11:23:52,42.81,66.09
o_009049,1,p_5437,s_309,2018-07-11 00:26:34,200.54,25.0
o_009049,2,p_6120,s_649,2018-07-11 00:26:34,151.84,24.08
o_009050,1,p_4039,s_503,2017-07-31 06:22:45,197.34,5.83
o_009051,1,p_9561,s_432,2018-06-01 23:45:53,64.53,6.61
o_009052,1,p_2306,s_705,2017-02-18 13:41:53,261.63,28.26
o_009053,1,p_7618,s_450,2017-01-19 20:44:48,29.82,26.39
o_009054,1,p_1841,s_887,2018-01-16 20:02:01,138.66,23.99
o_009055,1,p_8934,s_732,2017-02-21 10:36:49,51.85,11.79
o_009056,1,p_5056,s_658,2018-06-13 12:05:53,217.02,26.06
o_009057,1,p_2655,s_421,2017-06-27 19:05:53,45.82,11.74
o_009058,1,p_9904,s_556,2017-06-15 17:47:43,260.04,5.7
o_009059,1,p_5212,s_319,2017-12-29 14:29:22,122.28,14.48
o_009060,1,p_8126,s_611,2018-05-02 22:29:03,119.6,67.25
o_009061,1,p_3543,s_651,2018-02-02 12:14:25,89.41,27.54
o_009062,1,p_5548,s_186,2018-01-20 13:36:58,37.86,17.94
o_009062,2,p_8588,s_323,2018-01-20 13:36:58,18.52,19.62
o_009063,1,p_1321,s_195,2018-01-07 09:02:19,156.47,9.76
o_009064,1,p_7183,s_139,2017-01-07 18:28:01,97.5,13.14
o_009065,1,p_5097,s_470,2017-11-13 18:51:38,301.64,5.67
o_009066,1,p_5270,s_312,2018-07-22 11:20:06,31.09,14.89
o_009067,1,p_1262,s_899,2018-01-24 13:04:30,218.48,6.93
o_009068,1,p_2873,s_649,2017-08-29 23:25:03,63.99,29.91
o_009069,1,p_8090,s_731,2018-05-25 11:34:14,195.96,6.51
o_009069,2,p_4243,s_772,2018-05-25 11:34:14,22.43,11.51
o_009070,1,p_6618,s_844,2018-06-28 18:52:53,61.5,25.64
o_009071,1,p_1721,s_271,2018-06-17 20:01:20,29.41,18.99
o_009072,1,p_4694,s_876,2017-11-26 17:47:07,225.29,27.55
o_009073,1,p_9186,s_749,2018-09-02 14:32:08,106.99,6.25
o_009074,1,p_7915,s_631,2018-02-22 17:22:09,47.61,29.2
o_009074,2,p_5546,s_740,2018-02-22 17:22:09,119.69,24.18
o_009075,1,p_1535,s_604,2018-02-08 21:58:59,348.62,69.65
o_009076,1,p_2416,s_904,2017-05-25 09:16:26,137.77,10.6
o_009077,1,p_8704,s_670,2017-07-02 17:54:40,74.38,8.51
o_009078,1,p_1808,s_226,2017-03-29 12:55:07,22.27,8.97
o_009079,1,p_9616,s_349,2017-04-14 10:17:48,47.37,5.8
o_009080,1,p_7604,s_387,2018-06-15 12:33:46,49.97,9.75
o_009081,1,p_2380,s_102,2018-04-28 01:40:23,57.35,18.14
o_009082,1,p_8585,s_895,2018-02-23 15:52:05,386.32,12.53
o_009083,1,p_4625,s_403,2018-05-25 21:51:35,157.97,11.72
o_009084,1,p_4361,s_886,2017-06-07 11:39:16,227.25,11.55
o_009085,1,p_1189,s_424,2017-03-30 17:10:32,470.27,12.9
o_009085,2,p_5608,s_901,2017-03-30 17:10:32,25.03,11.01
o_009086,1,p_1805,s_315,2018-06-17 12:25:00,142.01,10.06
o_009087,1,p_7325,s_980,2018-03-02 23:29:59,139.69,7.64
o_009087,2,p_8678,s_723,2018-03-02 23:29:59,43.54,5.57
o_009088,1,p_4362,s_973,2018-08-07 13:14:38,89.09,5.74
o_009089,1,p_5159,s_895,2018-03-27 09:13:18,73.59,5.73
o_009090,1,p_4405,s_764,2017-07-06 18:29:04,33.59,9.53
o_009091,1,p_6642,s_317,2017-07-27 10:24:12,139.72,6.99
o_009092,1,p_8036,s_451,2018-01-20 13:06:04,34.19,11.4
o_009093,1,p_9512,s_188,2018-07-21 11:55:20,66.03,28.42
o_009094,1,p_7674,s_763,2018-04-26 23:29:37,340.16,24.09
o_009095,1,p_4120,s_401,2018-07-15 16:29:26,318.13,16.87
o_009096,1,p_1291,s_389,2018-05-10 10:59:19,116.48,5.51
o_009097,1,p_6347,s_171,2018-06-10 10:43:24,40.5,19.07
o_009098,1,p_4580,s_358,2017-01-31 16:16:01,92.28,6.87
o_009098,2,p_5138,s_420,2017-01-31 16:16:01,261.01,8.07
o_009099,1,p_2507,s_693,2018-07-02 16:57:11,366.63,10.71
o_009100,1,p_3383,s_564,2018-08-29 21:24:24,181.3,27.84
o_009101,1,p_9260,s_610,2017-12-28 09:57:39,90.7,8.6
o_009101,2,p_8951,s_903,2017-12-28 09:57:39,98.26,8.51
o_009101,3,p_5203,s_243,2017-12-28 09:57:39,367.39,10.9
o_009102,1,p_6332,s_478,2018-05-07 11:47:23,273.9,27.5
o_009103,1,p_1718,s_941,2018-05-12 11:58:22,81.4,26.83
o_009104,1,p_4966,s_838,2018-05-20 09:01:05,183.93,12.17
o_009105,1,p_5312,s_545,2018-07-18 23:04:39,499.01,13.56
o_009105,2,p_7655,s_452,2018-07-18 23:04:39,39.93,18.97
o_009106,1,p_5190,s_673,2018-07-08 08:44:33,28.82,10.5
o_009107,1,p_8778,s_763,2017-10-15 04:48:34,61.75,7.76
o_009108,1,p_7366,s_971,2018-05-11 20:42:22,112.43,13.47
o_009108,2,p_7451,s_700,2018-05-11 20:42:22,37.82,12.62
o_009109,1,p_4593,s_315,2018-03-26 11:02:32,23.63,12.68
o_009110,1,p_8291,s_663,2018-03-23 11:43:26,39.63,18.1
o_009111,1,p_7355,s_526,2017-08-02 17:31:22,252.74,28.63
o_009112,1,p_4471,s_601,2017-11-09 08:50:47,250.48,8.23
o_009113,1,p_6206,s_929,2018-01-10 07:40:17,160.88,17.04
o_009114,1,p_3481,s_543,2017-06-19 10:47:34,122.14,9.33
o_009115,1,p_2949,s_648,2018-06-06 10:26:04,28.62,6.34
o_009116,1,p_8987,s_429,2017-12-11 10:50:04,155.15,7.16
o_009117,1,p_1654,s_662,2017-06-22 12:32:17,116.43,12.87
o_009118,1,p_4846,s_585,2018-03-30 17:19:35,823.27,29.24
o_009119,1,p_8822,s_991,2017-05-10 13:56:36,20.61,11.86
o_009119,2,p_6320,s_280,2017-05-10 13:56:36,86.25,6.48
o_009120,1,p_5157,s_267,2017-07-28 09:48:10,126.93,23.12
o_009121,1,p_7929,s_335,2017-04-10 10:01:58,192.3,24.17
o_009122,1,p_1280,s_683,2017-08-12 10:08:57,55.79,23.98
o_009123,1,p_7779,s_751,2017-03-26 00:22:11,220.53,8.84
o_009124,1,p_4650,s_436,2018-03-15 15:02:03,61.38,9.39
o_009125,1,p_8559,s_766,2018-07-03 06:40:40,230.03,14.62
o_009126,1,p_5752,s_664,2018-05-10 11:13:46,101.29,26.64
o_009127,1,p_6716,s_784,2018-03-09 15:13:40,52.66,13.25
o_009128,1,p_3092,s_312,2017-08-16 01:18:11,163.68,9.25
o_009129,1,p_7013,s_845,2018-04-08 16:46:45,63.4,19.56
o_009130,1,p_1895,s_328,2017-11-27 09:28:38,253.28,25.29
o_009131,1,p_9608,s_408,2017-01-09 08:06:01,57.91,8.38
o_009132,1,p_1600,s_326,2018-02-23 18:45:34,39.99,13.37
o_009132,2,p_2834,s_820,2018-02-23 18:45:34,259.81,10.87
o_009133,1,p_9658,s_209,2018-06-26 16:12:06,393.77,11.01
o_009134,1,p_2423,s_772,2017-05-11 12:24:17,309.75,14.64
o_009135,1,p_5612,s_560,2017-08-18 11:51:59,39.75,9.83
o_009135,2,p_9885,s_861,2017-08-18 11:51:59,89.48,8.98
o_009136,1,p_9100,s_445,2018-05-25 08:21:24,46.32,12.01
o_009136,2,p_2810,s_361,2018-05-25 08:21:24,69.05,6.74
o_009137,1,p_6493,s_476,2018-08-06 15:52:31,63.38,11.64
o_009138,1,p_2514,s_802,2017-04-20 14:26:13,65.23,5.56
o_009138,2,p_1208,s_394,2017-04-20 14:26:13,348.02,5.89
o_009139,1,p_5719,s_816,2018-01-27 14:20:47,298.31,7.62
o_009140,1,p_4792,s_213,2018-06-08 19:14:04,25.12,11.97
o_009141,1,p_8381,s_412,2017-09-30 13:43:19,190.49,11.55
o_009142,1,p_2488,s_695,2017-02-28 19:28:47,16.93,10.3
o_009143,1,p_6795,s_607,2018-01-13 14:33:03,54.81,15.75
o_009143,2,p_6876,s_428,2018-01-13 14:33:03,155.8,15.79
o_009144,1,p_6667,s_620,2018-06-20 21:34:51,51.41,13.79
o_009145,1,p_5189,s_942,2018-04-15 14:22:03,47.27,12.4
o_009146,1,p_4769,s_519,2018-04-14 17:47:39,184.24,29.73
o_009147,1,p_9402,s_640,2018-02-06 11:06:13,45.86,13.48
o_009148,1,p_4572,s_100,2017-10-14 17:38:36,30.82,10.53
o_009149,1,p_2592,s_836,2018-03-13 06:36:46,43.35,6.68
o_009150,1,p_2856,s_147,2018-07-12 13:52:51,28.93,18.71
o_009151,1,p_2892,s_730,2017-07-02 09:09:51,189.66,12.74
o_009152,1,p_2771,s_617,2017-12-09 08:54:47,40.46,6.94
o_009153,1,p_8820,s_590,2017-01-06 15:36:58,293.38,26.77
o_009154,1,p_8741,s_598,2017-07-12 07:01:03,138.6,63.83
o_009155,1,p_9572,s_113,2018-01-13 15:33:26,43.78,29.23
o_009156,1,p_6967,s_660,2017-07-12 13:39:02,54.75,8.89
o_009157,1,p_6128,s_713,2018-04-21 21:51:21,55.2,25.84
o_009158,1,p_2526,s_685,2017-02-02 22:59:01,208.01,7.22
o_009159,1,p_8905,s_406,2018-04-08 22:31:56,39.36,29.4
o_009160,1,p_6990,s_927,2018-08-06 10:07:44,145.9,14.37
o_009161,1,p_1046,s_448,2017-11-30 23:07:09,20.74,7.19
o_009162,1,p_1735,s_716,2018-06-26 10:17:57,67.68,16.96
o_009163,1,p_4300,s_680,2017-04-30 11:15:52,32.58,12.98
o_009164,1,p_2669,s_477,2017-10-16 14:13:06,204.71,10.3
o_009165,1,p_6139,s_490,2018-01-28 08:56:48,34.44,29.82
o_009166,1,p_7256,s_266,2018-01-18 13:01:28,33.81,12.18
o_009166,2,p_1071,s_292,2018-01-18 13:01:28,138.73,6.09
o_009167,1,p_7346,s_970,2017-07-15 06:55:20,128.11,16.83
o_009167,2,p_9315,s_896,2017-07-15 06:55:20,109.45,19.65
o_009167,3,p_9373,s_775,2017-07-15 06:55:20,227.01,15.21
o_009168,1,p_6689,s_115,2018-02-15 13:11:02,59.58,5.71
o_009169,1,p_8374,s_237,2018-01-19 13:30:36,39.45,7.31
o_009170,1,p_8266,s_493,2018-03-19 17:29:42,73.93,9.94
o_009170,2,p_1791,s_923,2018-03-19 17:29:42,31.21,10.38
o_009171,1,p_9671,s_795,2018-02-23 12:12:37,76.13,8.03
o_009172,1,p_4245,s_782,2017-09-08 22:38:55,151.33,27.42
o_009173,1,p_1647,s_691,2018-04-01 10:51:59,301.3,26.17
o_009174,1,p_1764,s_176,2017-05-06 12:50:20,197.94,8.41
o_009175,1,p_8679,s_260,2018-03-01 18:11:54,74.41,9.75
o_009176,1,p_5533,s_205,2018-03-12 06:39:18,17.9,22.58
o_009177,1,p_1978,s_211,2018-02-07 09:37:39,63.66,63.47
o_009178,1,p_8102,s_274,2018-03-14 09:22:39,206.19,9.68
o_009179,1,p_5187,s_276,2018-05-11 15:20:26,42.17,18.47
o_009180,1,p_1779,s_499,2018-07-03 15:44:46,195.76,6.3
o_009181,1,p_1260,s_852,2018-04-23 20:28:35,451.29,12.98
o_009182,1,p_5417,s_572,2017-01-08 13:51:05,243.86,16.89
o_009183,1,p_5047,s_689,2017-05-17 12:44:30,94.45,17.43
o_009184,1,p_5021,s_695,2018-04-15 18:07:26,61.44,5.97
o_009184,2,p_8445,s_683,2018-04-15 18:07:26,139.44,10.64
o_009185,1,p_3805,s_336,2018-06-28 16:33:40,127.9,26.33
o_009186,1,p_4342,s_913,2017-11-24 15:28:12,43.57,14.37
o_009187,1,p_3187,s_268,2018-04-19 09:36:56,105.34,66.66
o_009188,1,p_4580,s_639,2018-07-02 09:51:12,28.79,8.49
o_009189,1,p_8598,s_313,2018-05-07 09:43:11,73.01,12.76
o_009190,1,p_3555,s_133,2018-01-13 21:30:56,152.33,7.3
o_009191,1,p_4433,s_644,2018-03-11 11:53:29,96.15,26.04
o_009192,1,p_3977,s_533,2017-03-23 07:55:16,105.52,5.66
o_009192,2,p_9149,s_549,2017-03-23 07:55:16,151.91,6.07
o_009193,1,p_3355,s_556,2017-04-01 20:32:53,209.65,5.86
o_009193,2,p_2222,s_327,2017-04-01 20:32:53,138.01,10.44
o_009193,3,p_4081,s_845,2017-04-01 20:32:53,195.69,10.37
o_009194,1,p_9369,s_510,2017-03-03 08:04:53,43.47,15.49
o_009195,1,p_1608,s_323,2017-10-14 16:28:23,112.85,11.25
o_009195,2,p_2417,s_692,2017-10-14 16:28:23,246.76,10.77
o_009196,1,p_8017,s_579,2017-10-01 21:46:47,61.67,69.75
o_009197,1,p_8159,s_905,2018-08-19 12:02:11,398.54,67.89
o_009198,1,p_6564,s_775,2017-03-09 22:34:53,99.98,23.05
o_009199,1,p_7249,s_788,2018-08-08 15:38:41,179.14,7.98
o_009200,1,p_4879,s_694,2017-04-02 21:55:08,79.48,13.14
o_009201,1,p_7339,s_943,2017-01-12 19:51:54,25.05,25.15
o_009201,2,p_9009,s_613,2017-01-12 19:51:54,20.2,25.8
o_009201,3,p_7777,s_522,2017-01-12 19:51:54,37.33,24.33
o_009202,1,p_4036,s_413,2018-04-07 02:27:24,79.15,14.84
o_009203,1,p_6075,s_334,2018-03-20 22:59:34,94.79,28.75
o_009204,1,p_7767,s_404,2017-01-17 14:26:37,38.69,8.01
o_009205,1,p_1993,s_690,2018-06-25 20:03:53,63.22,13.39
o_009205,2,p_8716,s_586,2018-06-25 20:03:53,66.87,7.78
o_009206,1,p_3661,s_341,2018-08-23 13:44:17,110.33,15.54
o_009206,2,p_4709,s_983,2018-08-23 13:44:17,230.92,12.94
o_009207,1,p_2436,s_190,2018-05-12 20:46:01,155.86,16.45
o_009208,1,p_8920,s_156,2017-12-21 14:16:51,218.7,17.2
o_009209,1,p_2996,s_512,2017-03-19 11:56:35,226.14,11.73
o_009210,1,p_6367,s_198,2018-04-13 17:42:58,443.01,29.86
o_009210,2,p_9042,s_110,2018-04-13 17:42:58,137.59,29.8
o_009211,1,p_2413,s_271,2017-10-01 13:59:28,86.3,11.08
o_009212,1,p_2243,s_725,2018-01-28 11:32:03,89.23,19.54
o_009213,1,p_2332,s_445,2018-06-21 19:24:06,89.4,25.46
o_009214,1,p_9247,s_373,2017-05-19 15:01:57,22.51,12.83
o_009215,1,p_8213,s_582,2018-04-26 13:33:20,296.66,27.66
o_009216,1,p_2909,s_827,2018-02-11 20:38:43,81.74,19.99
o_009217,1,p_1236,s_678,2017-03-25 12:45:46,76.12,9.05
o_009218,1,p_2374,s_369,2018-07-30 22:57:30,102.35,28.17
o_009219,1,p_1598,s_103,2017-02-15 14:18:29,33.93,15.64
o_009220,1,p_9207,s_932,2017-06-27 22:44:42,100.4,64.22
o_009220,2,p_8870,s_906,2017-06-27 22:44:42,62.08,65.61
o_009221,1,p_4908,s_365,2018-03-10 21:19:14,40.47,19.99
o_009222,1,p_9575,s_125,2017-01-27 09:53:20,101.69,17.05
o_009223,1,p_9931,s_502,2018-01-17 14:38:47,71.26,16.97
o_009224,1,p_2518,s_962,2018-05-07 13:53:16,49.08,8.35
o_009225,1,p_7555,s_691,2017-05-07 19:54:25,27.54,22.98
o_009226,1,p_4643,s_672,2018-01-13 04:35:55,65.79,26.08
o_009227,1,p_6909,s_241,2018-05-12 21:11:20,40.27,8.46
o_009228,1,p_2517,s_307,2018-05-24 08:47:56,42.04,14.14
o_009229,1,p_5742,s_492,2018-06-29 14:45:21,625.94,22.86
o_009230,1,p_3115,s_799,2018-05-12 13:39:52,15.82,29.32
o_009230,2,p_7888,s_988,2018-05-12 13:39:52,33.93,22.53
o_009231,1,p_2961,s_194,2017-02-23 14:50:53,182.8,15.75
o_009232,1,p_4266,s_931,2018-03-31 14:02:12,70.03,69.75
o_009233,1,p_7826,s_327,2018-01-06 16:23:53,51.23,11.49
o_009233,2,p_3478,s_542,2018-01-06 16:23:53,117.02,6.83
o_009234,1,p_8092,s_809,2017-11-08 06:21:40,49.92,13.84
o_009235,1,p_7195,s_830,2018-03-30 11:24:38,148.02,17.17
o_009236,1,p_9205,s_734,2017-02-28 20:21:53,158.77,10.8
o_009236,2,p_4869,s_399,2017-02-28 20:21:53,186.81,8.38
o_009237,1,p_2586,s_155,2017-07-23 14:09:30,68.45,9.23
o_009238,1,p_7031,s_242,2018-04-18 08:41:55,132.59,6.05
o_009239,1,p_6965,s_286,2018-05-13 21:55:53,145.73,14.63
o_009240,1,p_8635,s_285,2018-06-13 13:39:45,126.81,22.27
o_009241,1,p_5809,s_710,2018-04-25 13:50:58,33.11,26.91
o_009242,1,p_4800,s_983,2017-10-14 20:09:59,168.26,19.0
o_009242,2,p_9454,s_326,2017-10-14 20:09:59,182.2,16.83
o_009243,1,p_9473,s_283,2017-11-28 17:57:21,108.76,22.33
o_009244,1,p_4337,s_997,2017-07-08 19:26:04,38.94,8.79
o_009245,1,p_1977,s_644,2018-05-19 12:59:01,53.63,27.58
o_009246,1,p_2095,s_432,2018-06-12 20:15:54,225.32,25.22
o_009247,1,p_2648,s_919,2018-05-01 13:45:38,67.12,25.52
o_009248,1,p_6438,s_709,2018-08-19 10:13:26,190.01,7.72
o_009249,1,p_8204,s_968,2017-03-17 21:10:02,43.28,10.14
o_009250,1,p_9180,s_895,2018-07-24 20:22:15,148.15,9.53
o_009251,1,p_3247,s_385,2018-01-09 09:26:58,47.46,12.69
o_009252,1,p_2016,s_146,2017-06-06 09:19:30,89.07,6.35
o_009253,1,p_1651,s_161,2018-08-27 09:24:01,26.06,64.41
o_009254,1,p_2567,s_338,2018-07-25 14:45:36,111.19,16.07
o_009255,1,p_9284,s_824,2018-08-26 21:10:20,35.03,28.98
o_009256,1,p_5346,s_404,2018-02-25 00:37:46,19.2,13.0
o_009257,1,p_4567,s_668,2018-08-22 23:49:10,88.48,6.94
o_009258,1,p_2017,s_245,2018-02-08 12:06:34,277.72,27.35
o_009259,1,p_9729,s_391,2018-06-07 10:59:07,71.62,6.19
o_009260,1,p_9225,s_252,2018-07-22 15:21:22,17.3,27.22
o_009261,1,p_6787,s_327,2017-12-08 13:50:08,125.23,13.53
o_009262,1,p_5109,s_440,2018-02-21 16:22:18,160.34,65.82
o_009263,1,p_6842,s_808,2018-03-17 10:18:20,29.79,6.35
o_009263,2,p_8391,s_764,2018-03-17 10:18:20,193.65,13.25
o_009264,1,p_9844,s_440,2017-10-09 19:59:44,29.43,12.34
o_009265,1,p_5710,s_640,2017-05-25 20:47:31,56.42,28.74
o_009266,1,p_9986,s_660,2017-09-25 17:23:28,51.41,15.62
o_009267,1,p_8579,s_643,2018-06-12 07:46:55,200.38,12.19
o_009268,1,p_6153,s_977,2018-03-17 18:08:16,31.01,6.8
o_009269,1,p_2422,s_281,2018-03-11 14:34:14,136.16,28.06
o_009269,2,p_1773,s_216,2018-03-11 14:34:14,175.42,26.66
o_009270,1,p_7478,s_109,2018-02-16 20:28:09,143.35,17.61
o_009271,1,p_4853,s_660,2018-01-01 11:18:40,168.17,9.53
o_009272,1,p_7856,s_439,2018-05-02 14:04:21,44.36,13.17
o_009273,1,p_3678,s_511,2018-04-10 08:13:39,146.81,8.46
o_009274,1,p_3938,s_769,2018-02-14 16:03:42,60.6,29.0
o_009275,1,p_8150,s_721,2018-05-23 02:55:32,209.65,27.8
o_009276,1,p_9618,s_958,2017-07-20 21:19:28,30.98,5.78
o_009277,1,p_2513,s_310,2017-12-06 05:42:36,44.17,7.99
o_009278,1,p_4566,s_888,2017-05-25 12:59:55,76.79,5.95
o_009278,2,p_1453,s_122,2017-05-25 12:59:55,29.31,8.66
o_009278,3,p_1838,s_481,2017-05-25 12:59:55,140.55,12.15
o_009279,1,p_6121,s_309,2018-03-21 09:35:09,115.04,8.11
o_009280,1,p_2783,s_852,2017-09-20 19:01:39,29.93,5.62
o_009281,1,p_1512,s_189,2018-07-30 12:15:41,64.78,12.16
o_009282,1,p_9147,s_417,2017-10-10 09:13:21,62.43,7.18
o_009282,2,p_5876,s_632,2017-10-10 09:13:21,368.13,8.53
o_009283,1,p_6906,s_732,2017-10-19 18:45:35,84.34,7.52
o_009284,1,p_3194,s_750,2017-07-11 09:22:42,105.39,14.53
o_009285,1,p_1055,s_221,2018-05-06 13:10:29,49.1,10.02
o_009285,2,p_5865,s_765,2018-05-06 13:10:29,146.18,8.12
o_009286,1,p_1286,s_573,2018-07-03 07:54:01,143.67,12.79
o_009287,1,p_9412,s_615,2018-03-20 13:40:13,264.49,10.82
o_009288,1,p_5905,s_492,2018-03-16 09:00:58,109.09,25.88
o_009288,2,p_6437,s_463,2018-03-16 09:00:58,184.94,26.06
o_009289,1,p_9076,s_542,2018-01-25 05:32:52,45.02,12.26
o_009290,1,p_6008,s_190,2017-03-24 12:34:24,81.13,19.48
o_009291,1,p_7720,s_690,2017-03-13 20:57:23,61.0,11.97
o_009292,1,p_9988,s_833,2018-01-13 14:10:13,275.5,25.33
o_009293,1,p_9251,s_283,2018-08-06 17:36:28,41.14,29.74
o_009294,1,p_9439,s_475,2018-08-31 12:17:14,57.29,14.97
o_009295,1,p_4523,s_101,2017-11-18 05:08:40,278.95,19.7
o_009296,1,p_2018,s_414,2017-03-30 13:41:17,17.91,15.27
o_009297,1,p_3672,s_873,2017-12-03 18:14:44,910.43,11.96
o_009298,1,p_5953,s_535,2018-04-24 18:44:38,20.04,17.79
o_009299,1,p_7787,s_614,2018-01-17 10:33:15,153.46,10.24
o_009300,1,p_8810,s_252,2018-07-17 18:54:46,173.96,62.77
o_009301,1,p_2541,s_638,2018-04-02 16:10:18,18.09,8.38
o_009302,1,p_7626,s_224,2017-05-30 12:06:22,131.47,22.13
o_009303,1,p_4238,s_290,2018-01-31 07:10:50,16.45,28.28
o_009304,1,p_6703,s_464,2018-05-13 09:32:49,38.22,13.46
o_009305,1,p_1926,s_846,2018-05-31 22:46:51,70.62,8.25
o_009306,1,p_9572,s_738,2018-07-30 09:56:56,251.25,27.25
o_009307,1,p_5982,s_742,2018-01-19 15:46:47,191.13,12.18
o_009308,1,p_1116,s_184,2018-06-28 15:55:30,62.91,12.18
o_009309,1,p_1110,s_415,2017-03-24 08:33:00,131.63,24.16
o_009310,1,p_8873,s_806,2018-08-17 09:20:07,72.86,67.11
o_009310,2,p_3074,s_916,2018-08-17 09:20:07,434.62,67.8
o_009311,1,p_8218,s_996,2018-01-09 13:15:49,259.42,7.69
o_009312,1,p_1335,s_214,2018-01-27 21:41:29,105.97,25.97
o_009313,1,p_9558,s_580,2018-07-18 10:19:23,24.36,8.97
o_009314,1,p_8132,s_622,2018-05-23 10:38:39,76.18,14.67
o_009315,1,p_7598,s_189,2018-08-20 19:05:32,144.4,12.4
o_009316,1,p_8858,s_588,2018-04-23 21:06:32,35.07,16.34
o_009317,1,p_6214,s_198,2017-08-09 21:36:48,55.02,29.78
o_009317,2,p_6102,s_328,2017-08-09 21:36:48,57.02,23.34
o_009318,1,p_5212,s_208,2017-02-10 12:54:24,89.52,12.79
o_009318,2,p_3779,s_295,2017-02-10 12:54:24,214.07,8.94
o_009318,3,p_6555,s_654,2017-02-10 12:54:24,74.18,12.42
o_009319,1,p_3529,s_255,2018-06-25 20:43:55,160.2,11.19
o_009320,1,p_1848,s_778,2018-01-19 20:09:16,140.91,10.71
o_009321,1,p_2001,s_346,2017-05-07 10:50:16,139.61,8.01
o_009322,1,p_8354,s_783,2018-02-11 09:27:29,93.64,28.91
o_009322,2,p_2122,s_964,2018-02-11 09:27:29,354.71,25.12
o_009323,1,p_1170,s_776,2017-10-03 09:23:21,184.22,19.13
o_009324,1,p_9805,s_249,2018-04-19 13:31:09,78.94,23.77
o_009325,1,p_4872,s_345,2018-01-10 13:19:49,54.14,16.57
o_009326,1,p_7155,s_625,2017-01-25 18:57:09,68.44,10.89
o_009327,1,p_7329,s_789,2018-03-04 08:24:08,49.72,12.75
o_009328,1,p_6443,s_122,2018-01-19 16:58:50,659.01,12.77
o_009329,1,p_1244,s_748,2018-02-14 18:38:49,78.42,10.57
o_009330,1,p_6528,s_562,2018-02-11 16:21:01,282.06,23.64
o_009331,1,p_3021,s_571,2017-09-06 16:12:31,155.84,22.11
o_009332,1,p_8194,s_634,2017-06-10 14:09:52,28.87,10.18
o_009333,1,p_8102,s_651,2018-06-16 20:00:05,53.54,17.07
o_009334,1,p_7019,s_767,2017-03-31 12:30:59,52.49,19.99
o_009335,1,p_8830,s_907,2018-06-27 12:34:42,37.38,22.88
o_009336,1,p_2428,s_562,2018-06-08 13:59:22,175.06,8.52
o_009337,1,p_5060,s_802,2018-05-07 17:45:03,238.42,10.58
o_009338,1,p_9022,s_782,2018-04-21 14:05:50,114.11,11.94
o_009339,1,p_2338,s_100,2018-06-30 13:06:47,113.23,7.24
o_009340,1,p_4414,s_613,2018-05-16 11:39:12,185.16,29.3
o_009341,1,p_7284,s_904,2017-08-30 15:37:34,306.08,16.82
o_009342,1,p_2797,s_157,2018-06-12 14:14:46,498.76,16.31
o_009343,1,p_1377,s_624,2018-01-20 16:34:33,97.45,8.05
o_009343,2,p_7757,s_517,2018-01-20 16:34:33,255.85,6.41
o_009344,1,p_1250,s_971,2018-08-09 11:11:21,198.76,63.34
o_009345,1,p_8192,s_811,2018-05-22 21:41:46,25.82,10.06
o_009346,1,p_3536,s_578,2018-04-29 17:14:43,327.28,22.51
o_009346,2,p_2940,s_432,2018-04-29 17:14:43,113.67,26.31
o_009347,1,p_3512,s_637,2018-08-28 19:30:08,59.15,22.77
o_009348,1,p_8150,s_743,2018-04-07 08:55:41,115.11,67.55
o_009349,1,p_2011,s_163,2017-12-18 16:51:05,414.42,8.6
o_009350,1,p_2834,s_197,2018-05-09 14:26:29,79.43,29.33
o_009351,1,p_6824,s_425,2017-08-11 08:15:20,82.76,8.04
o_009352,1,p_1961,s_522,2018-08-07 07:45:16,71.48,12.93
o_009353,1,p_8988,s_678,2018-04-10 17:43:36,207.67,5.62
o_009354,1,p_3407,s_659,2017-01-16 17:26:42,101.95,8.41
o_009355,1,p_1068,s_760,2017-07-12 12:29:47,67.02,17.09
o_009356,1,p_8449,s_654,2018-02-10 10:57:37,65.24,10.55
o_009357,1,p_5714,s_208,2017-05-23 10:44:53,82.82,15.47
o_009358,1,p_3375,s_170,2017-01-11 18:19:43,96.16,12.81
o_009359,1,p_9339,s_508,2017-09-17 05:57:09,96.32,27.2
o_009360,1,p_4813,s_936,2018-01-11 14:58:46,16.83,8.39
o_009361,1,p_5106,s_576,2018-08-09 13:55:02,16.27,14.29
o_009362,1,p_2363,s_536,2017-05-01 05:01:42,108.24,16.83
o_009363,1,p_8748,s_405,2017-01-22 12:44:12,62.82,9.02
o_009364,1,p_4986,s_172,2018-03-15 18:30:30,58.54,11.57
o_009365,1,p_7806,s_467,2018-04-28 19:04:00,43.7,12.37
o_009366,1,p_1332,s_507,2018-04-10 12:11:29,270.82,18.65
o_009367,1,p_1801,s_909,2018-07-22 05:59:07,96.2,27.6
o_009368,1,p_4896,s_566,2017-05-13 12:14:13,281.38,69.22
o_009369,1,p_4635,s_923,2017-11-13 22:41:39,529.43,22.94
o_009369,2,p_3923,s_951,2017-11-13 22:41:39,252.77,27.28
o_009370,1,p_1951,s_325,2018-03-09 09:34:52,219.35,6.62
o_009371,1,p_8323,s_941,2018-04-17 14:27:54,62.24,9.18
o_009371,2,p_1420,s_768,2018-04-17 14:27:54,210.45,9.97
o_009372,1,p_9541,s_438,2018-02-15 20:02:04,83.45,25.88
o_009372,2,p_5493,s_237,2018-02-15 20:02:04,78.64,26.63
o_009373,1,p_7312,s_715,2018-06-18 12:41:32,48.71,6.12
o_009374,1,p_7531,s_382,2018-06-07 21:31:56,15.92,67.69
o_009375,1,p_1626,s_450,2018-08-14 13:51:11,67.64,65.27
o_009376,1,p_7675,s_385,2017-05-26 11:07:54,74.58,17.1
o_009377,1,p_5609,s_253,2018-02-06 11:25:40,122.42,12.0
o_009378,1,p_4553,s_741,2018-03-21 21:19:12,25.19,25.09
o_009379,1,p_2358,s_894,2017-07-17 09:33:32,466.68,27.47
o_009380,1,p_8204,s_681,2017-04-21 10:17:28,375.25,11.33
o_009381,1,p_2540,s_875,2018-01-06 16:22:49,154.74,13.05
o_009382,1,p_6146,s_641,2017-05-31 12:16:52,33.31,24.53
o_009382,2,p_6810,s_351,2017-05-31 12:16:52,64.48,26.14
o_009382,3,p_6202,s_560,2017-05-31 12:16:52,237.1,28.86
o_009383,1,p_8246,s_146,2017-01-31 08:51:06,215.76,15.9
o_009384,1,p_3127,s_564,2017-02-18 16:33:46,18.62,24.22
o_009385,1,p_9569,s_935,2018-08-16 15:06:10,50.28,11.37
o_009385,2,p_5001,s_594,2018-08-16 15:06:10,139.16,10.6
o_009386,1,p_8831,s_682,2017-04-10 14:33:15,132.71,15.11
o_009387,1,p_8576,s_468,2017-06-19 09:32:49,206.43,27.17
o_009388,1,p_6150,s_704,2017-12-29 13:40:32,123.67,14.31
o_009389,1,p_3661,s_705,2017-12-20 09:07:03,99.95,64.98
o_009389,2,p_4998,s_324,2017-12-20 09:07:03,93.42,63.68
o_009390,1,p_1231,s_418,2018-02-26 16:38:14,35.8,12.98
o_009391,1,p_9177,s_902,2018-06-12 18:23:24,40.71,10.75
o_009392,1,p_9806,s_244,2018-02-20 12:02:35,138.34,15.57
o_009393,1,p_3057,s_206,2018-04-12 19:43:22,115.7,26.25
o_009394,1,p_7241,s_203,2018-03-16 10:37:03,90.58,22.75
o_009395,1,p_3092,s_638,2017-09-06 04:05:45,178.89,24.48
o_009396,1,p_5785,s_172,2018-04-02 09:33:28,46.69,27.7
o_009397,1,p_1133,s_886,2018-07-30 22:58:14,63.23,26.53
o_009398,1,p_3275,s_860,2018-03-30 09:07:20,36.93,14.87
o_009399,1,p_2864,s_602,2017-08-19 20:22:59,37.37,27.31
o_009400,1,p_7949,s_269,2018-05-27 16:04:14,20.82,17.23
o_009401,1,p_5312,s_365,2017-08-22 10:23:54,240.89,18.13
o_009402,1,p_2033,s_461,2018-02-24 19:51:23,327.51,7.6
o_009403,1,p_1543,s_883,2018-07-18 13:47:37,205.84,17.45
o_009404,1,p_7058,s_717,2018-08-22 15:16:41,193.86,11.56
o_009405,1,p_2947,s_155,2017-03-13 10:05:16,394.07,25.72
o_009406,1,p_1617,s_520,2018-04-11 13:22:51,39.0,24.43
o_009407,1,p_7263,s_956,2018-06-08 09:29:06,323.74,17.89
o_009408,1,p_6434,s_672,2017-07-15 11:46:50,146.13,9.98
o_009409,1,p_4475,s_894,2018-02-25 08:35:14,239.34,25.92
o_009410,1,p_2568,s_192,2017-03-17 12:25:55,298.47,17.42
o_009411,1,p_4365,s_275,2017-09-11 13:40:13,103.1,5.96
o_009411,2,p_3171,s_998,2017-09-11 13:40:13,54.24,6.54
o_009412,1,p_2079,s_723,2018-02-16 22:16:54,236.12,27.88
o_009413,1,p_3272,s_642,2017-04-21 10:00:47,239.53,24.77
o_009414,1,p_9808,s_737,2018-06-20 16:07:52,135.5,23.81
o_009415,1,p_9348,s_103,2017-07-13 09:13:54,205.73,17.66
o_009416,1,p_2915,s_280,2018-05-01 16:29:29,166.17,7.63
o_009417,1,p_8689,s_851,2018-05-17 11:58:00,125.43,18.75
o_009418,1,p_1208,s_143,2018-04-30 06:16:55,31.95,24.03
o_009419,1,p_9254,s_533,2018-03-25 20:22:20,19.08,7.76
o_009420,1,p_2591,s_410,2017-05-31 19:17:14,235.56,13.91
o_009421,1,p_2492,s_115,2017-04-18 22:50:04,289.34,5.92
o_009422,1,p_6234,s_450,2018-08-22 15:59:03,56.94,25.15
o_009423,1,p_9208,s_497,2018-06-01 07:17:51,636.79,26.98
o_009424,1,p_6569,s_240,2018-02-19 00:42:30,105.94,18.55
o_009425,1,p_1800,s_674,2017-06-11 14:20:25,171.72,28.8
o_009426,1,p_4206,s_370,2017-12-23 13:34:27,154.45,15.99
o_009427,1,p_5033,s_321,2018-04-19 11:01:17,390.47,9.71
o_009428,1,p_7457,s_678,2018-07-03 07:44:13,86.15,6.78
o_009429,1,p_9530,s_376,2018-02-02 13:33:33,17.47,6.02
o_009429,2,p_7414,s_678,2018-02-02 13:33:33,57.91,6.96
o_009430,1,p_9629,s_489,2018-07-09 10:38:00,18.52,68.1
o_009431,1,p_7367,s_155,2018-06-02 15:47:44,138.48,7.17
o_009431,2,p_3334,s_764,2018-06-02 15:47:44,22.96,11.05
o_009432,1,p_9645,s_731,2018-07-24 14:40:47,31.9,29.74
o_009433,1,p_3854,s_318,2018-02-08 12:02:42,120.35,9.45
o_009434,1,p_3762,s_822,2018-01-31 11:29:07,433.75,22.58
o_009435,1,p_3439,s_664,2017-10-24 14:08:19,159.05,12.41
o_009436,1,p_5216,s_560,2018-05-10 07:35:23,102.17,12.17
o_009437,1,p_3246,s_600,2018-04-07 12:45:03,131.06,7.77
o_009438,1,p_3444,s_277,2017-06-13 13:47:40,138.5,11.55
o_009438,2,p_4283,s_882,2017-06-13 13:47:40,187.04,13.32
o_009439,1,p_6094,s_791,2018-08-02 20:06:24,23.88,14.72
o_009440,1,p_7272,s_950,2018-05-25 07:37:53,193.05,5.8
o_009441,1,p_1395,s_603,2017-08-22 21:32:51,26.96,23.91
o_009442,1,p_6373,s_625,2017-05-14 10:05:53,58.75,23.54
o_009443,1,p_4526,s_184,2018-05-02 12:37:09,18.02,17.97
o_009444,1,p_6769,s_476,2017-08-07 14:26:33,247.87,5.86
o_009445,1,p_1683,s_498,2018-03-18 17:43:16,44.52,12.81
o_009446,1,p_3819,s_594,2018-02-11 19:41:36,132.22,14.21
o_009447,1,p_3061,s_997,2017-12-13 10:19:29,494.15,9.13
o_009448,1,p_6240,s_448,2018-07-24 21:26:53,214.69,8.93
o_009449,1,p_5197,s_385,2018-03-12 09:12:13,133.21,16.21
o_009450,1,p_4235,s_773,2018-02-12 17:53:38,182.78,26.57
o_009451,1,p_4375,s_554,2018-02-19 17:06:45,72.21,8.58
o_009452,1,p_7258,s_763,2017-08-20 17:38:02,16.23,16.19
o_009453,1,p_7853,s_206,2017-09-13 17:08:54,17.82,17.84
o_009454,1,p_5561,s_464,2017-04-26 10:07:45,151.81,66.76
o_009455,1,p_7489,s_723,2018-06-11 10:47:35,260.67,6.49
o_009456,1,p_7534,s_175,2018-03-18 19:23:47,379.21,15.57
o_009457,1,p_2867,s_440,2018-06-30 11:54:20,133.97,13.38
o_009458,1,p_5531,s_286,2018-01-08 07:49:14,167.61,14.32
o_009458,2,p_5143,s_492,2018-01-08 07:49:14,244.05,17.24
o_009459,1,p_9569,s_295,2018-08-18 10:00:46,21.83,11.53
o_009460,1,p_9917,s_933,2018-01-13 09:34:50,17.85,18.03
o_009461,1,p_3297,s_356,2018-02-01 13:00:38,151.59,18.37
o_009462,1,p_7737,s_645,2018-06-08 22:30:11,131.01,16.64
o_009463,1,p_3275,s_481,2018-02-12 11:11:44,92.76,17.54
o_009464,1,p_3105,s_333,2017-08-25 12:27:44,370.82,23.16
o_009465,1,p_3360,s_197,2018-05-24 13:57:39,111.53,25.16
o_009466,1,p_8241,s_236,2018-05-14 10:28:35,113.75,23.03
o_009466,2,p_4156,s_140,2018-05-14 10:28:35,64.88,28.87
o_009467,1,p_8919,s_656,2017-06-23 17:18:33,294.79,9.58
o_009468,1,p_6160,s_967,2017-03-11 13:27:29,407.4,67.85
o_009469,1,p_9431,s_553,2017-05-01 19:26:35,25.74,10.46
o_009470,1,p_5724,s_451,2017-10-18 11:52:35,254.98,14.31
o_009471,1,p_4686,s_643,2017-10-09 18:29:21,126.02,5.82
o_009472,1,p_7468,s_671,2018-03-21 17:56:43,83.78,26.87
o_009473,1,p_9373,s_887,2018-05-18 12:50:07,150.38,12.58
o_009474,1,p_9237,s_584,2018-08-06 22:39:26,173.44,19.01
o_009475,1,p_8864,s_839,2017-02-27 15:44:40,35.54,27.02
o_009476,1,p_2818,s_552,2018-03-04 17:02:13,29.26,17.2
o_009477,1,p_6026,s_467,2017-09-10 14:58:30,60.08,6.1
o_009477,2,p_4423,s_208,2017-09-10 14:58:30,30.36,8.27
o_009478,1,p_1181,s_401,2017-03-14 13:09:40,118.95,5.67
o_009479,1,p_6590,s_471,2017-11-25 12:38:32,160.53,9.52
o_009480,1,p_5014,s_549,2017-01-19 18:44:48,69.03,16.96
o_009481,1,p_8189,s_575,2018-06-18 09:48:14,208.19,23.73
o_009482,1,p_7311,s_988,2017-05-03 15:23:06,26.35,22.29
o_009483,1,p_5821,s_179,2018-02-22 00:05:57,834.62,16.06
o_009484,1,p_2529,s_338,2017-06-07 13:25:30,68.39,10.09
o_009485,1,p_1585,s_125,2018-02-08 10:20:47,33.91,17.29
o_009486,1,p_9676,s_134,2018-07-22 08:38:22,39.75,67.21
o_009487,1,p_4401,s_816,2018-08-08 15:05:18,240.77,16.91
o_009488,1,p_3661,s_759,2017-03-11 22:21:52,180.53,7.34
o_009489,1,p_6537,s_317,2017-01-25 14:57:03,158.24,29.26
o_009489,2,p_3285,s_209,2017-01-25 14:57:03,128.66,28.18
o_009490,1,p_4121,s_363,2018-06-28 09:37:47,215.11,6.54
o_009491,1,p_2311,s_656,2017-11-24 09:18:22,54.15,11.72
o_009491,2,p_7431,s_133,2017-11-24 09:18:22,60.96,12.62
o_009492,1,p_3199,s_348,2018-01-15 09:16:51,91.71,12.13
o_009493,1,p_9457,s_144,2017-07-11 11:57:43,39.12,12.37
o_009494,1,p_7536,s_264,2018-04-29 14:09:39,396.04,16.08
o_009494,2,p_3314,s_764,2018-04-29 14:09:39,18.39,12.18
o_009495,1,p_3002,s_202,2017-05-30 11:28:09,400.75,8.69
o_009496,1,p_9750,s_577,2017-07-03 08:45:04,165.05,12.44
o_009497,1,p_7356,s_444,2017-01-07 19:07:25,269.72,8.23
o_009498,1,p_7951,s_348,2018-03-12 16:43:39,73.07,25.15
o_009499,1,p_1455,s_734,2017-07-29 08:12:03,62.93,9.98
o_009500,1,p_7415,s_884,2018-04-01 10:10:05,28.27,28.77
o_009501,1,p_7602,s_714,2018-08-13 19:08:30,23.59,24.01
o_009502,1,p_2709,s_147,2018-02-14 21:26:17,93.1,26.18
o_009503,1,p_5036,s_292,2018-06-11 13:57:11,347.03,17.89
o_009504,1,p_3533,s_535,2018-01-14 13:32:52,97.44,9.96
o_009505,1,p_9445,s_110,2018-01-27 12:04:53,110.63,24.19
o_009506,1,p_1944,s_568,2018-04-21 14:50:31,96.16,28.38
o_009507,1,p_4986,s_823,2018-05-31 17:59:52,96.0,6.05
o_009508,1,p_9351,s_518,2018-03-25 22:15:18,362.59,11.62
o_009509,1,p_7146,s_402,2018-03-04 10:25:49,70.85,12.33
o_009510,1,p_1203,s_889,2018-02-14 19:35:28,166.12,22.38
o_009511,1,p_5965,s_341,2018-03-26 08:22:46,199.33,26.58
o_009512,1,p_8555,s_747,2017-07-17 10:29:11,304.3,6.57
o_009513,1,p_6426,s_706,2017-03-03 23:23:11,151.52,69.59
o_009514,1,p_6563,s_214,2017-08-30 15:43:06,260.61,13.28
o_009515,1,p_2106,s_518,2018-05-30 12:31:11,235.55,68.38
o_009516,1,p_4127,s_989,2018-03-15 00:11:59,16.24,6.55
o_009517,1,p_9379,s_690,2018-08-06 20:34:49,487.23,15.21
o_009518,1,p_2329,s_152,2018-02-13 21:06:39,30.15,16.17
o_009519,1,p_5772,s_508,2018-03-20 17:29:28,47.56,5.83
o_009520,1,p_7094,s_608,2018-02-24 18:40:14,184.21,12.91
o_009521,1,p_8309,s_745,2018-08-15 21:32:37,70.67,22.73
o_009522,1,p_8423,s_858,2018-05-25 11:16:50,93.95,14.64
o_009523,1,p_4126,s_780,2017-07-26 23:16:31,230.44,8.15
o_009524,1,p_5384,s_311,2018-03-09 16:11:38,160.74,25.6
o_009524,2,p_9715,s_516,2018-03-09 16:11:38,34.12,22.17
o_009525,1,p_9186,s_877,2018-06-27 14:44:48,187.97,8.76
o_009526,1,p_8383,s_674,2017-08-16 15:21:14,17.15,14.8
o_009527,1,p_4165,s_234,2018-01-28 15:48:17,86.73,16.91
o_009528,1,p_4617,s_548,2018-07-31 13:07:35,69.34,12.14
o_009529,1,p_3955,s_294,2017-06-28 19:18:33,220.71,12.11
o_009530,1,p_2377,s_560,2017-02-22 10:16:14,403.93,12.55
o_009531,1,p_6196,s_167,2017-07-01 18:53:06,17.04,25.55
o_009532,1,p_7832,s_451,2017-06-19 16:06:40,70.19,6.91
o_009533,1,p_6232,s_945,2017-04-06 10:43:06,80.39,7.85
o_009534,1,p_9214,s_173,2018-08-16 20:36:00,58.91,13.9
o_009535,1,p_5958,s_917,2018-05-06 19:08:00,407.33,14.13
o_009536,1,p_4545,s_790,2017-01-21 21:57:34,95.14,15.05
o_009536,2,p_3960,s_935,2017-01-21 21:57:34,17.32,16.87
o_009537,1,p_3356,s_201,2018-07-08 19:41:07,219.02,25.52
o_009538,1,p_3468,s_263,2017-06-09 13:46:27,60.64,7.33
o_009539,1,p_6128,s_804,2018-07-25 20:44:00,150.17,13.78
o_009540,1,p_1184,s_280,2018-06-06 10:09:25,25.01,19.17
o_009541,1,p_2879,s_720,2017-11-24 08:27:26,152.67,10.31
o_009542,1,p_3522,s_977,2017-11-27 09:18:38,89.97,14.33
o_009543,1,p_6944,s_598,2017-06-14 16:30:05,110.94,5.9
o_009544,1,p_5398,s_488,2017-05-27 23:21:52,377.23,7.1
o_009545,1,p_8700,s_423,2017-05-26 16:34:22,32.0,64.14
o_009546,1,p_7982,s_579,2017-07-23 19:00:50,179.03,19.55
o_009547,1,p_6630,s_471,2018-04-27 14:24:37,32.63,10.47
o_009548,1,p_2554,s_940,2018-07-19 13:34:58,124.83,10.4
o_009549,1,p_7057,s_748,2018-01-25 17:26:00,463.33,7.67
o_009550,1,p_9065,s_994,2018-01-10 16:34:28,272.76,27.55
o_009551,1,p_5498,s_714,2018-03-01 09:10:00,146.35,5.69
o_009552,1,p_6611,s_704,2017-08-25 20:46:44,56.61,26.54
o_009553,1,p_9455,s_866,2017-01-11 12:55:02,20.77,12.64
o_009553,2,p_1568,s_367,2017-01-11 12:55:02,295.16,12.59
o_009553,3,p_1271,s_991,2017-01-11 12:55:02,154.09,18.74
o_009554,1,p_1009,s_414,2018-05-08 19:26:05,25.73,16.13
o_009555,1,p_1130,s_327,2017-04-16 17:47:28,137.38,11.36
o_009556,1,p_1332,s_504,2018-06-22 16:00:43,29.42,16.73
o_009557,1,p_1495,s_792,2017-11-08 12:05:45,287.89,18.94
o_009558,1,p_2185,s_909,2018-06-18 16:12:51,205.37,13.36
o_009559,1,p_6430,s_410,2017-09-06 08:48:18,414.26,28.54
o_009560,1,p_7093,s_800,2017-04-12 14:11:19,205.46,8.82
o_009561,1,p_5394,s_996,2017-02-28 15:55:18,86.96,8.47
o_009562,1,p_3941,s_967,2018-02-11 21:11:27,163.84,10.88
o_009563,1,p_2637,s_226,2018-01-26 06:39:41,221.95,14.36
o_009564,1,p_6853,s_228,2018-08-11 15:44:45,70.1,7.62
o_009565,1,p_2688,s_750,2017-11-21 23:52:45,189.53,9.31
o_009566,1,p_7532,s_933,2018-04-22 19:04:07,53.6,27.86
o_009567,1,p_2929,s_257,2018-05-08 15:47:52,106.14,27.47
o_009568,1,p_2620,s_253,2017-04-08 05:22:08,62.45,12.19
o_009569,1,p_6044,s_431,2018-05-19 11:39:29,316.79,8.56
o_009570,1,p_2095,s_154,2018-07-06 13:12:41,43.22,8.61
o_009571,1,p_6367,s_771,2017-09-17 11:55:03,139.59,13.44
o_009572,1,p_4644,s_493,2018-02-21 15:54:35,236.06,62.27
o_009573,1,p_8416,s_324,2018-04-07 23:49:08,42.12,28.12
o_009573,2,p_1994,s_392,2018-04-07 23:49:08,372.32,26.05
o_009574,1,p_4208,s_403,2018-06-10 13:36:53,395.0,12.39
o_009575,1,p_3063,s_271,2017-03-22 14:14:37,102.33,19.21
o_009576,1,p_4725,s_965,2018-04-08 18:34:03,24.1,27.84
o_009577,1,p_8793,s_991,2017-12-08 10:07:56,103.83,9.01
o_009578,1,p_2937,s_407,2017-03-19 15:19:13,30.45,9.65
o_009579,1,p_4968,s_840,2017-07-18 10:54:58,17.22,22.03
o_009579,2,p_2116,s_300,2017-07-18 10:54:58,43.89,24.36
o_009580,1,p_1824,s_180,2017-11-13 14:55:17,105.96,8.36
o_009581,1,p_7773,s_232,2017-07-29 21:39:58,59.69,9.29
o_009582,1,p_3723,s_964,2017-03-06 09:38:06,187.73,5.66
o_009583,1,p_8023,s_327,2018-05-11 11:54:01,54.53,27.83
o_009584,1,p_3320,s_995,2018-02-20 05:17:04,177.94,16.52
o_009585,1,p_5781,s_290,2017-05-13 13:42:07,101.8,10.44
o_009585,2,p_1281,s_426,2017-05-13 13:42:07,122.08,7.53
o_009586,1,p_8154,s_525,2018-05-01 19:34:56,205.3,19.63
o_009587,1,p_8824,s_607,2017-12-16 17:10:42,79.85,5.6
o_009588,1,p_8482,s_511,2017-03-16 16:53:49,16.81,7.75
o_009589,1,p_4532,s_713,2017-05-10 09:25:32,27.31,9.89
o_009590,1,p_9014,s_845,2018-02-12 18:15:08,75.24,14.05
o_009591,1,p_4425,s_423,2018-04-28 11:08:57,307.88,6.75
o_009592,1,p_8230,s_433,2018-01-24 15:12:01,329.01,12.65
o_009593,1,p_3050,s_868,2017-09-17 05:58:12,112.1,17.06
o_009594,1,p_4989,s_352,2018-08-10 14:51:16,89.01,28.73
o_009595,1,p_5588,s_854,2018-04-06 20:24:27,217.93,16.37
o_009596,1,p_5249,s_397,2018-08-01 00:58:00,605.28,28.23
o_009597,1,p_5230,s_355,2018-01-14 20:52:36,314.98,8.54
o_009598,1,p_8057,s_485,2017-01-14 14:17:58,15.69,26.76
o_009599,1,p_6338,s_401,2017-10-02 12:14:51,188.91,29.6
o_009599,2,p_8478,s_157,2017-10-02 12:14:51,92.89,24.9
o_009599,3,p_6688,s_834,2017-10-02 12:14:51,30.26,24.81
o_009600,1,p_6272,s_974,2017-10-03 15:10:31,254.14,14.87
o_009601,1,p_2628,s_393,2017-10-14 18:58:09,43.13,28.98
o_009602,1,p_5309,s_906,2018-05-13 07:57:43,148.6,17.32
o_009602,2,p_1420,s_223,2018-05-13 07:57:43,27.79,14.34
o_009603,1,p_4771,s_191,2017-08-27 21:51:14,104.0,7.77
o_009604,1,p_1066,s_867,2018-03-27 08:09:35,127.77,22.66
o_009604,2,p_8048,s_264,2018-03-27 08:09:35,80.95,22.73
o_009605,1,p_9926,s_659,2017-10-23 18:51:31,59.61,14.76
o_009606,1,p_8849,s_401,2017-08-24 11:41:57,54.17,10.58
o_009607,1,p_1129,s_882,2017-04-12 10:32:53,67.59,11.66
o_009608,1,p_5100,s_628,2018-07-06 16:16:33,390.96,13.54
o_009609,1,p_2190,s_308,2018-01-29 12:30:39,36.61,11.48
o_009610,1,p_5206,s_390,2018-03-26 19:42:52,197.58,11.07
o_009611,1,p_4846,s_445,2018-03-18 19:04:34,122.05,68.15
o_009612,1,p_8233,s_622,2018-04-09 11:49:23,134.24,25.4
o_009613,1,p_2075,s_534,2017-02-10 23:40:23,152.62,24.32
o_009614,1,p_7981,s_941,2018-08-17 09:44:57,346.44,27.39
o_009615,1,p_2060,s_151,2017-04-06 22:21:11,159.4,7.78
o_009616,1,p_1429,s_422,2018-04-10 10:57:09,130.07,15.64
o_009617,1,p_1551,s_692,2017-09-06 13:39:30,243.84,13.8
o_009618,1,p_6318,s_677,2017-12-10 19:38:50,72.98,25.46
o_009619,1,p_7791,s_488,2017-01-24 19:16:45,143.19,10.02
o_009620,1,p_4083,s_864,2018-07-20 14:59:50,54.61,11.01
o_009621,1,p_5488,s_514,2018-05-25 18:57:52,15.53,13.07
o_009622,1,p_7500,s_540,2017-03-25 14:35:20,112.28,15.03
o_009623,1,p_4945,s_792,2018-04-02 14:49:14,163.5,8.85
o_009623,2,p_6937,s_922,2018-04-02 14:49:14,260.0,9.89
o_009623,3,p_6709,s_337,2018-04-02 14:49:14,192.18,7.51
o_009624,1,p_7246,s_152,2018-01-09 17:08:16,17.6,24.37
o_009625,1,p_7895,s_810,2018-03-17 15:15:01,454.86,10.52
o_009626,1,p_5749,s_167,2018-08-10 15:25:29,53.68,25.68
o_009627,1,p_7120,s_775,2017-02-12 19:22:56,39.02,26.45
o_009628,1,p_9557,s_947,2017-04-27 08:02:02,145.72,25.82
o_009629,1,p_9100,s_895,2017-12-30 11:07:08,79.18,16.79
o_009629,2,p_5937,s_102,2017-12-30 11:07:08,26.25,12.3
o_009630,1,p_5157,s_241,2017-08-29 12:55:05,17.13,16.78
o_009631,1,p_5138,s_248,2017-09-29 12:28:45,282.26,25.87
o_009632,1,p_5873,s_772,2018-02-13 12:41:54,93.29,24.88
o_009633,1,p_7356,s_992,2018-05-21 13:55:44,16.36,10.92
o_009634,1,p_8566,s_186,2017-04-13 11:00:42,341.7,6.94
o_009634,2,p_8018,s_778,2017-04-13 11:00:42,22.69,6.51
o_009634,3,p_9105,s_577,2017-04-13 11:00:42,44.59,12.04
o_009635,1,p_5147,s_586,2018-06-20 07:08:42,47.71,11.23
o_009636,1,p_4152,s_997,2017-12-19 16:25:44,28.57,29.39
o_009637,1,p_4139,s_501,2017-06-23 22:31:11,215.84,17.74
o_009638,1,p_8650,s_803,2018-01-26 20:26:12,44.71,12.49
o_009638,2,p_4673,s_507,2018-01-26 20:26:12,325.85,12.77
o_009639,1,p_2373,s_248,2018-06-14 13:13:59,161.96,17.79
o_009640,1,p_9876,s_482,2018-08-10 13:54:27,66.53,15.69
o_009641,1,p_1140,s_259,2017-08-01 11:16:05,58.71,14.59
o_009641,2,p_5113,s_554,2017-08-01 11:16:05,61.81,14.86
o_009642,1,p_1616,s_199,2017-09-15 09:51:10,169.1,63.35
o_009643,1,p_4765,s_653,2017-02-24 20:28:28,122.18,10.77
o_009644,1,p_5663,s_495,2018-07-02 18:21:00,235.86,28.74
o_009645,1,p_8419,s_439,2018-07-17 17:52:47,631.69,10.32
o_009645,2,p_9596,s_573,2018-07-17 17:52:47,20.47,10.81
o_009646,1,p_3794,s_737,2018-01-25 15:42:57,138.71,7.06
o_009647,1,p_7564,s_688,2018-01-11 19:31:27,15.24,18.35
o_009648,1,p_2587,s_737,2018-06-01 10:21:04,24.79,9.93
o_009649,1,p_3173,s_378,2018-02-19 20:51:52,126.33,17.23
o_009650,1,p_3097,s_819,2018-05-08 12:50:17,74.84,9.46
o_009651,1,p_8839,s_645,2017-02-19 07:41:40,15.95,11.39
o_009652,1,p_1644,s_386,2018-05-28 18:47:10,41.77,25.22
o_009653,1,p_8200,s_426,2018-01-15 17:24:09,20.78,13.12
o_009654,1,p_9456,s_401,2017-01-07 11:39:23,179.31,6.94
o_009655,1,p_2886,s_790,2018-02-10 12:53:30,19.4,13.99
o_009655,2,p_8763,s_116,2018-02-10 12:53:30,188.81,13.77
o_009656,1,p_3774,s_903,2018-03-15 10:21:40,19.63,13.66
o_009657,1,p_7249,s_552,2018-06-10 12:04:10,75.13,12.62
o_009658,1,p_9713,s_797,2017-09-02 19:00:07,433.47,7.84
o_009659,1,p_9159,s_603,2018-04-23 11:08:25,393.4,16.73
o_009660,1,p_3254,s_173,2018-04-18 13:18:18,77.99,7.73
o_009661,1,p_4795,s_755,2017-11-14 20:55:00,80.67,19.06
o_009662,1,p_3150,s_399,2018-01-19 12:44:56,26.28,17.93
o_009663,1,p_7506,s_320,2017-12-06 10:33:24,277.54,6.75
o_009664,1,p_8772,s_994,2017-12-06 15:52:37,17.92,13.47
o_009665,1,p_1187,s_198,2018-07-02 11:00:27,46.81,26.55
o_009665,2,p_3300,s_368,2018-07-02 11:00:27,191.75,24.69
o_009666,1,p_5275,s_567,2018-02-06 12:44:58,207.95,7.64
o_009667,1,p_8530,s_304,2018-02-12 11:03:56,26.67,13.05
o_009668,1,p_8132,s_689,2017-05-12 08:36:12,210.68,6.47
o_009668,2,p_1746,s_192,2017-05-12 08:36:12,96.67,6.76
o_009668,3,p_9132,s_273,2017-05-12 08:36:12,111.78,12.38
o_009669,1,p_7743,s_590,2018-04-30 19:14:27,231.88,12.06
o_009670,1,p_3430,s_843,2018-07-16 12:04:42,30.69,26.6
o_009671,1,p_7424,s_268,2017-04-27 15:20:56,560.36,13.5
o_009672,1,p_2985,s_368,2017-06-09 20:47:45,73.06,13.43
o_009673,1,p_8377,s_482,2017-08-09 13:23:08,369.92,28.53
o_009674,1,p_5316,s_236,2017-09-28 14:14:48,79.18,9.9
o_009675,1,p_2499,s_721,2018-03-02 10:03:16,32.98,7.0
o_009676,1,p_4807,s_376,2018-06-26 05:37:17,167.28,12.78
o_009677,1,p_3603,s_529,2018-03-22 16:53:12,57.29,11.77
o_009678,1,p_4230,s_399,2018-06-02 18:46:45,69.99,23.01
o_009679,1,p_4610,s_443,2017-12-09 06:39:53,87.57,22.33
o_009679,2,p_7162,s_111,2017-12-09 06:39:53,111.07,26.1
o_009680,1,p_3062,s_910,2018-05-16 15:26:29,139.85,9.42
o_009681,1,p_9667,s_139,2018-03-25 12:04:08,24.16,16.45
o_009681,2,p_1897,s_265,2018-03-25 12:04:08,204.16,12.15
o_009682,1,p_6061,s_959,2018-05-21 06:10:56,28.74,8.28
o_009683,1,p_3402,s_773,2017-05-09 12:54:59,26.18,8.06
o_009684,1,p_3436,s_861,2017-01-25 10:53:41,50.27,62.66
o_009684,2,p_3019,s_769,2017-01-25 10:53:41,94.34,65.2
o_009685,1,p_5560,s_421,2018-01-15 13:00:13,35.62,13.38
o_009685,2,p_3554,s_236,2018-01-15 13:00:13,309.95,14.02
o_009686,1,p_5510,s_313,2017-03-27 10:49:40,16.59,28.01
o_009686,2,p_9227,s_681,2017-03-27 10:49:40,97.41,26.22
o_009687,1,p_2237,s_440,2018-01-14 10:59:50,118.13,26.84
o_009688,1,p_7112,s_163,2017-03-31 16:48:02,95.37,17.29
o_009689,1,p_1158,s_168,2017-07-09 13:34:54,128.05,23.22
o_009690,1,p_3110,s_538,2018-05-12 21:24:15,22.7,18.96
o_009691,1,p_3624,s_784,2018-07-26 19:07:35,17.43,11.44
o_009692,1,p_4230,s_408,2018-01-08 12:34:45,213.26,7.63
o_009693,1,p_9011,s_686,2018-02-09 13:41:15,74.81,22.55
o_009694,1,p_8122,s_343,2018-08-19 19:07:54,119.0,11.44
o_009695,1,p_9078,s_600,2018-06-29 01:37:55,522.67,67.98
o_009695,2,p_4157,s_900,2018-06-29 01:37:55,92.38,67.17
o_009696,1,p_3109,s_145,2018-06-20 17:46:31,81.83,13.41
o_009697,1,p_3155,s_350,2017-02-07 13:20:05,111.39,19.3
o_009698,1,p_6287,s_817,2017-04-12 10:08:06,236.65,8.68
o_009699,1,p_7677,s_271,2018-07-02 17:37:23,111.77,10.66
o_009700,1,p_4482,s_539,2018-04-18 19:49:10,363.42,17.66
o_009700,2,p_3510,s_327,2018-04-18 19:49:10,53.01,12.62
o_009701,1,p_3420,s_940,2017-01-07 09:04:57,41.61,22.72
o_009701,2,p_9105,s_274,2017-01-07 09:04:57,483.28,22.69
o_009702,1,p_6556,s_324,2018-09-01 10:01:39,23.71,27.18
o_009703,1,p_9055,s_944,2018-07-13 19:06:46,103.81,9.5
o_009704,1,p_9923,s_155,2017-11-18 20:23:35,518.49,11.34
o_009705,1,p_5268,s_994,2017-12-01 15:55:21,147.11,8.12
o_009706,1,p_8489,s_811,2018-03-30 10:37:24,202.03,63.58
o_009707,1,p_6453,s_704,2018-08-17 10:21:45,62.18,11.96
o_009708,1,p_7107,s_230,2017-04-12 09:42:07,314.61,10.58
o_009709,1,p_4866,s_845,2018-03-30 08:25:09,70.16,12.63
o_009710,1,p_1314,s_297,2018-04-18 19:19:14,25.48,8.94
o_009711,1,p_1266,s_629,2017-05-27 14:47:33,20.15,5.96
o_009711,2,p_2545,s_444,2017-05-27 14:47:33,167.28,7.48
o_009712,1,p_8996,s_518,2018-01-14 11:20:17,63.76,5.51
o_009713,1,p_9429,s_640,2018-02-17 14:42:35,85.06,23.12
o_009713,2,p_9389,s_843,2018-02-17 14:42:35,22.77,23.02
o_009713,3,p_5968,s_169,2018-02-17 14:42:35,43.61,26.49
o_009714,1,p_8896,s_384,2018-02-10 18:49:22,162.38,25.42
o_009715,1,p_8303,s_292,2017-06-09 17:10:33,42.18,15.3
o_009716,1,p_4326,s_877,2017-03-01 19:29:40,160.13,7.74
o_009717,1,p_8033,s_983,2018-06-02 09:13:10,42.28,12.3
o_009718,1,p_5872,s_119,2017-12-21 20:41:03,102.57,9.21
o_009719,1,p_6360,s_389,2017-08-15 07:22:33,177.84,14.99
o_009720,1,p_8640,s_800,2018-03-17 10:11:44,160.34,23.35
o_009721,1,p_1996,s_981,2017-10-11 09:10:50,98.91,10.84
o_009721,2,p_6125,s_392,2017-10-11 09:10:50,53.46,13.24
o_009722,1,p_7328,s_126,2018-07-23 19:08:49,64.41,13.3
o_009723,1,p_9464,s_700,2018-04-07 16:08:04,162.17,15.71
o_009724,1,p_5023,s_838,2018-01-20 15:58:18,113.84,68.12
o_009725,1,p_6286,s_913,2018-04-24 14:55:53,114.44,13.27
o_009726,1,p_6286,s_974,2018-06-10 14:04:16,75.14,19.39
o_009727,1,p_4854,s_629,2017-08-11 05:54:43,128.86,17.72
o_009728,1,p_6928,s_654,2018-01-29 20:54:27,108.05,7.29
o_009729,1,p_1502,s_826,2018-08-08 21:46:59,177.09,7.85
o_009730,1,p_7311,s_903,2018-08-31 22:47:39,66.94,6.12
o_009730,2,p_4040,s_252,2018-08-31 22:47:39,104.8,13.3
o_009731,1,p_5676,s_632,2018-02-27 15:54:26,130.49,13.42
o_009732,1,p_7836,s_585,2018-05-18 15:51:05,449.76,13.46
o_009733,1,p_8120,s_468,2018-03-11 19:52:12,122.53,17.49
o_009734,1,p_4108,s_418,2018-04-13 15:12:53,157.49,12.74
o_009735,1,p_6027,s_154,2018-03-04 18:46:42,137.48,22.74
o_009736,1,p_7767,s_753,2018-05-28 06:08:26,116.93,10.05
o_009737,1,p_3229,s_576,2018-08-28 13:55:21,34.97,13.22
o_009738,1,p_7162,s_182,2017-05-11 15:40:36,27.52,19.41
o_009739,1,p_1332,s_472,2018-01-29 15:32:12,173.67,12.17
o_009740,1,p_6753,s_102,2017-03-21 11:13:45,162.89,12.69
o_009741,1,p_3319,s_140,2017-06-20 11:00:50,80.52,13.13
o_009742,1,p_2393,s_408,2017-11-19 17:03:06,25.98,26.76
o_009743,1,p_9351,s_830,2018-04-06 17:37:00,64.88,22.6
o_009744,1,p_1435,s_603,2017-01-13 11:21:48,64.16,18.38
o_009745,1,p_5007,s_845,2017-08-28 14:48:55,430.79,26.74
o_009746,1,p_7084,s_231,2018-01-20 11:36:20,66.36,11.93
o_009747,1,p_4804,s_682,2017-05-17 20:23:23,108.36,15.9
o_009748,1,p_9575,s_894,2017-07-28 17:34:49,268.43,7.37
o_009748,2,p_4999,s_517,2017-07-28 17:34:49,112.18,12.37
o_009749,1,p_1299,s_773,2018-08-29 11:13:34,24.93,10.9
o_009750,1,p_7615,s_171,2018-03-28 10:31:58,74.98,6.4
o_009751,1,p_9594,s_413,2017-10-12 18:32:37,287.08,16.89
o_009752,1,p_5014,s_204,2018-05-16 18:59:45,43.01,14.74
o_009753,1,p_1125,s_511,2017-11-29 13:42:42,73.26,15.81
o_009754,1,p_7497,s_289,2018-08-17 14:43:05,60.64,12.48
o_009755,1,p_1819,s_599,2018-02-13 12:10:35,42.96,17.76
o_009756,1,p_5677,s_497,2017-12-25 16:59:34,71.47,19.89
o_009757,1,p_5773,s_577,2018-07-16 08:06:47,90.79,15.5
o_009757,2,p_2955,s_844,2018-07-16 08:06:47,100.09,13.01
o_009758,1,p_1787,s_517,2017-12-28 21:40:41,181.19,62.49
o_009759,1,p_8713,s_526,2018-03-23 07:58:49,45.63,13.33
o_009760,1,p_6503,s_982,2017-03-23 16:16:10,151.52,9.12
o_009761,1,p_2953,s_475,2018-02-02 14:52:23,212.94,13.31
o_009762,1,p_3980,s_444,2018-01-10 22:05:40,114.56,12.34
o_009763,1,p_1117,s_122,2017-06-25 14:31:21,42.27,19.45
o_009764,1,p_3375,s_524,2018-07-31 15:42:45,168.28,29.51
o_009765,1,p_6648,s_604,2017-10-16 09:14:20,276.1,8.38
o_009766,1,p_3894,s_112,2017-06-07 18:19:41,18.0,10.36
o_009767,1,p_8148,s_433,2018-04-24 10:22:58,99.04,14.55
o_009768,1,p_3747,s_908,2018-07-25 21:16:07,19.92,11.83
o_009768,2,p_2492,s_842,2018-07-25 21:16:07,91.3,10.83
o_009768,3,p_6231,s_395,2018-07-25 21:16:07,263.47,10.8
o_009769,1,p_8123,s_190,2017-04-08 11:22:22,138.27,10.02
o_009770,1,p_6668,s_217,2017-05-13 10:24:22,271.45,28.36
o_009770,2,p_1478,s_251,2017-05-13 10:24:22,141.94,27.98
o_009771,1,p_2029,s_942,2017-02-13 10:18:12,115.06,10.49
o_009772,1,p_6199,s_416,2017-03-11 04:51:56,24.87,6.12
o_009773,1,p_8797,s_820,2018-05-01 11:00:42,78.92,9.19
o_009774,1,p_3740,s_813,2018-04-28 20:13:06,150.8,15.51
o_009775,1,p_6773,s_553,2018-03-23 14:37:19,219.0,6.82
o_009776,1,p_5428,s_455,2018-04-30 17:43:29,98.29,5.87
o_009777,1,p_2812,s_203,2018-01-18 07:35:40,67.93,11.07
o_009777,2,p_3905,s_105,2018-01-18 07:35:40,112.33,7.19
o_009778,1,p_7123,s_396,2018-08-07 16:04:19,49.82,7.21
o_009779,1,p_9582,s_627,2018-05-08 13:40:04,159.56,17.06
o_009780,1,p_1510,s_602,2018-05-23 11:40:01,29.28,10.91
o_009781,1,p_7996,s_905,2018-03-06 20:44:36,93.86,29.93
o_009782,1,p_2157,s_518,2017-03-06 21:06:48,32.22,10.18
o_009783,1,p_4663,s_658,2018-09-01 11:11:44,117.31,10.72
o_009784,1,p_7777,s_894,2017-04-20 16:22:24,521.19,22.64
o_009785,1,p_1698,s_994,2018-05-11 11:44:38,60.56,11.39
o_009786,1,p_1192,s_589,2017-05-06 10:26:57,93.03,6.37
o_009786,2,p_6731,s_470,2017-05-06 10:26:57,582.89,12.72
o_009787,1,p_8077,s_983,2017-05-31 14:57:44,47.15,12.33
o_009788,1,p_4583,s_803,2018-08-13 21:25:25,66.26,19.32
o_009789,1,p_6989,s_578,2018-04-16 11:06:31,139.17,15.07
o_009790,1,p_3911,s_671,2018-01-31 18:21:58,141.04,15.24
o_009790,2,p_3498,s_823,2018-01-31 18:21:58,49.07,14.84
o_009791,1,p_6312,s_330,2017-06-22 17:42:40,103.83,17.48
o_009792,1,p_1592,s_573,2018-04-24 10:08:13,281.3,63.76
o_009793,1,p_1184,s_701,2018-02-20 19:39:30,75.47,14.58
o_009794,1,p_6895,s_402,2018-08-15 14:36:09,173.91,26.28
o_009795,1,p_7730,s_630,2018-04-06 22:14:28,98.51,18.3
o_009796,1,p_2636,s_576,2018-04-09 19:36:48,157.2,28.08
o_009797,1,p_3157,s_808,2018-08-22 23:57:57,253.77,11.01
o_009797,2,p_7234,s_727,2018-08-22 23:57:57,188.85,5.58
o_009798,1,p_7849,s_925,2017-07-10 09:38:44,40.18,11.7
o_009799,1,p_8040,s_271,2017-02-13 00:23:45,24.61,15.13
o_009800,1,p_6778,s_111,2018-05-03 16:45:17,39.75,16.64
o_009801,1,p_8303,s_696,2018-04-12 11:42:42,173.22,26.45
o_009801,2,p_2015,s_817,2018-04-12 11:42:42,46.04,23.49
o_009802,1,p_8064,s_288,2018-07-10 18:42:17,188.6,7.94
o_009802,2,p_9182,s_632,2018-07-10 18:42:17,110.32,5.56
o_009803,1,p_3115,s_838,2018-07-11 08:59:45,58.75,24.79
o_009804,1,p_4782,s_127,2017-07-19 16:21:44,41.75,28.16
o_009805,1,p_6409,s_642,2018-07-10 20:56:49,20.17,9.56
o_009805,2,p_7773,s_268,2018-07-10 20:56:49,245.28,9.57
o_009806,1,p_6257,s_693,2018-02-26 21:44:31,143.33,13.17
o_009807,1,p_7841,s_200,2018-06-24 19:17:56,59.11,8.47
o_009808,1,p_3907,s_839,2018-07-17 10:29:02,119.55,17.56
o_009809,1,p_4755,s_867,2017-12-03 13:52:24,28.61,29.7
o_009810,1,p_2172,s_852,2017-03-18 12:14:29,41.1,23.85
o_009811,1,p_6990,s_653,2017-05-19 14:07:10,296.17,63.11
o_009811,2,p_3213,s_721,2017-05-19 14:07:10,128.72,63.79
o_009812,1,p_7743,s_726,2018-07-27 21:35:38,68.22,25.37
o_009813,1,p_3590,s_559,2017-01-27 07:10:50,169.17,14.1
o_009814,1,p_7300,s_223,2018-01-15 14:48:01,24.01,25.45
o_009814,2,p_3141,s_375,2018-01-15 14:48:01,98.92,22.63
o_009815,1,p_9703,s_610,2018-07-20 19:50:20,212.57,28.78
o_009816,1,p_5384,s_558,2018-04-19 16:07:19,47.09,8.17
o_009817,1,p_4434,s_649,2017-06-20 14:03:13,278.13,12.94
o_009818,1,p_9247,s_802,2017-09-25 16:51:06,77.53,6.21
o_009819,1,p_5742,s_538,2017-07-11 07:57:22,413.05,22.22
o_009820,1,p_3975,s_501,2018-02-17 12:06:54,242.2,14.04
o_009821,1,p_9695,s_779,2018-05-18 13:47:01,92.2,5.97
o_009822,1,p_8193,s_428,2017-01-07 08:16:37,283.72,5.73
o_009823,1,p_6590,s_921,2018-06-08 21:03:46,71.17,10.96
o_009824,1,p_1077,s_934,2017-03-21 14:22:47,94.56,18.36
o_009825,1,p_4417,s_622,2018-05-06 18:00:06,346.57,23.73
o_009826,1,p_7944,s_694,2018-06-25 08:48:51,171.06,11.77
o_009827,1,p_6338,s_258,2018-03-25 18:50:32,21.39,18.46
o_009828,1,p_3427,s_947,2017-08-21 12:21:14,30.0,6.63
o_009829,1,p_9656,s_525,2018-07-03 07:14:30,127.77,10.28
o_009830,1,p_5224,s_373,2018-05-01 11:09:06,81.37,16.18
o_009831,1,p_9638,s_226,2017-06-28 19:35:26,375.15,7.11
o_009832,1,p_8218,s_407,2018-05-14 13:09:01,267.3,24.89
o_009832,2,p_7605,s_608,2018-05-14 13:09:01,83.78,25.08
o_009833,1,p_5373,s_901,2018-02-23 18:00:04,366.18,18.86
o_009834,1,p_5309,s_165,2018-02-10 18:00:31,166.78,12.89
o_009835,1,p_7399,s_973,2017-04-22 14:21:25,52.64,23.85
o_009836,1,p_7547,s_805,2017-05-14 05:08:03,20.64,18.83
o_009837,1,p_4554,s_507,2017-06-07 10:50:25,120.27,12.1
o_009838,1,p_9015,s_529,2018-06-17 06:01:39,144.77,29.77
o_009839,1,p_2381,s_152,2017-07-12 20:51:21,167.84,16.89
o_009840,1,p_4755,s_150,2018-08-09 00:03:40,78.73,14.07
o_009841,1,p_1122,s_563,2018-07-06 10:42:42,40.12,8.36
o_009841,2,p_1683,s_290,2018-07-06 10:42:42,84.29,9.13
o_009841,3,p_3458,s_712,2018-07-06 10:42:42,104.13,9.18
o_009842,1,p_4857,s_909,2018-07-06 22:27:16,42.67,12.29
o_009843,1,p_6801,s_243,2018-02-01 21:12:30,276.45,28.02
o_009844,1,p_5342,s_664,2017-04-26 12:35:27,441.57,14.58
o_009845,1,p_5808,s_621,2018-03-03 22:05:24,138.37,9.89
o_009846,1,p_2067,s_756,2017-01-11 15:40:14,117.8,8.56
o_009847,1,p_7116,s_966,2017-11-02 12:14:34,86.92,5.87
o_009848,1,p_8590,s_900,2018-03-10 19:01:39,37.16,6.21
o_009848,2,p_8927,s_723,2018-03-10 19:01:39,113.91,10.29
o_009849,1,p_9825,s_130,2018-03-26 15:59:58,76.73,24.51
o_009849,2,p_5051,s_132,2018-03-26 15:59:58,17.74,22.12
o_009849,3,p_2919,s_195,2018-03-26 15:59:58,45.12,22.64
o_009850,1,p_6495,s_118,2018-03-05 14:15:44,124.63,7.98
o_009851,1,p_3166,s_164,2018-04-28 17:04:06,29.22,13.71
o_009851,2,p_9401,s_797,2018-04-28 17:04:06,40.36,13.28
o_009852,1,p_2738,s_210,2018-03-01 14:18:51,110.63,24.78
o_009853,1,p_9384,s_722,2017-07-18 14:42:18,24.3,16.85
o_009854,1,p_3866,s_953,2017-02-17 20:00:51,61.42,62.38
o_009855,1,p_2165,s_965,2018-04-23 14:16:21,142.58,24.86
o_009856,1,p_2401,s_804,2018-09-02 13:00:24,39.98,22.74
o_009857,1,p_4379,s_685,2017-02-06 14:28:00,261.24,6.78
o_009857,2,p_4657,s_837,2017-02-06 14:28:00,95.06,8.29
o_009858,1,p_5360,s_625,2017-09-08 10:44:49,164.34,10.04
o_009859,1,p_9474,s_813,2018-08-17 20:09:25,76.19,23.67
o_009860,1,p_9054,s_857,2017-09-06 10:29:32,180.8,12.48
o_009861,1,p_2683,s_740,2018-05-01 14:09:30,117.31,15.64
o_009862,1,p_9459,s_482,2017-06-06 16:01:55,26.4,11.87
o_009863,1,p_5956,s_322,2018-08-07 12:58:56,123.97,23.02
o_009864,1,p_4985,s_644,2018-05-11 12:58:38,134.27,10.58
o_009865,1,p_4759,s_118,2017-06-20 13:41:27,282.46,29.71
o_009866,1,p_7288,s_864,2018-07-20 15:33:29,208.41,12.02
o_009867,1,p_7715,s_725,2017-09-21 08:22:32,216.56,14.03
o_009868,1,p_7746,s_563,2017-05-23 14:48:41,42.42,16.17
o_009869,1,p_5472,s_584,2017-05-28 20:34:15,47.36,7.85
o_009870,1,p_1554,s_620,2018-06-16 09:09:23,34.4,14.84
o_009871,1,p_1280,s_548,2018-03-20 17:36:36,127.32,12.25
o_009871,2,p_6178,s_840,2018-03-20 17:36:36,15.04,8.68
o_009872,1,p_8764,s_192,2018-07-02 15:12:51,156.13,17.96
o_009873,1,p_6680,s_663,2018-05-29 15:36:14,21.33,27.7
o_009874,1,p_1476,s_710,2018-05-06 19:03:55,120.66,12.98
o_009875,1,p_2690,s_330,2018-04-08 16:34:26,60.72,65.4
o_009875,2,p_7270,s_764,2018-04-08 16:34:26,121.02,62.11
o_009876,1,p_9980,s_192,2017-03-14 22:50:32,103.78,29.84
o_009877,1,p_7319,s_668,2018-03-24 15:30:08,26.75,17.7
o_009878,1,p_5516,s_536,2018-07-01 12:07:58,127.5,6.76
o_009879,1,p_4262,s_652,2018-04-06 13:33:13,184.13,8.82
o_009880,1,p_7977,s_331,2018-01-18 07:29:39,25.12,28.85
o_009880,2,p_7244,s_280,2018-01-18 07:29:39,77.82,27.69
o_009881,1,p_8461,s_555,2018-07-29 15:31:06,53.84,6.88
o_009882,1,p_4055,s_903,2017-01-15 13:27:07,117.14,11.75
o_009883,1,p_3420,s_599,2018-06-25 11:44:24,151.7,5.69
o_009884,1,p_2213,s_607,2017-11-17 09:23:54,31.05,28.15
o_009885,1,p_1150,s_785,2017-10-06 13:42:05,380.17,19.99
o_009886,1,p_1607,s_344,2017-02-27 14:12:49,83.27,10.09
o_009887,1,p_4913,s_570,2018-03-30 16:54:48,17.77,29.32
o_009888,1,p_2084,s_294,2017-04-25 04:06:52,157.45,12.72
o_009889,1,p_7247,s_422,2018-01-23 19:53:59,25.32,13.84
o_009890,1,p_3070,s_242,2017-07-12 18:38:51,15.88,7.64
o_009891,1,p_8743,s_680,2017-07-07 11:05:31,91.49,8.05
o_009891,2,p_3749,s_541,2017-07-07 11:05:31,33.78,6.27
o_009892,1,p_9341,s_156,2018-04-01 08:40:17,77.81,23.76
o_009892,2,p_8528,s_251,2018-04-01 08:40:17,129.76,25.28
o_009893,1,p_5019,s_969,2018-07-07 14:06:20,108.71,28.89
o_009894,1,p_4686,s_807,2018-06-27 06:39:45,169.53,11.86
o_009895,1,p_5019,s_411,2018-05-15 12:15:20,76.25,27.66
o_009896,1,p_9959,s_372,2018-04-10 06:13:36,124.72,10.87
o_009897,1,p_9650,s_362,2018-08-01 07:01:32,39.39,7.51
o_009898,1,p_1710,s_603,2017-05-30 11:44:36,132.55,9.38
o_009899,1,p_4621,s_286,2017-04-20 10:51:46,231.86,18.91
o_009900,1,p_9036,s_195,2017-04-02 19:27:23,69.06,8.4
o_009901,1,p_4785,s_364,2018-07-06 18:49:02,82.26,15.4
o_009902,1,p_8282,s_868,2018-02-27 13:36:23,28.16,24.76
o_009903,1,p_4787,s_909,2018-01-22 18:20:12,268.0,69.23
o_009904,1,p_8935,s_986,2018-04-24 08:10:01,177.38,9.08
o_009905,1,p_9982,s_421,2018-06-08 13:23:07,191.62,12.22
o_009906,1,p_6121,s_814,2017-09-24 19:12:27,26.63,14.77
o_009907,1,p_6480,s_699,2017-10-06 15:39:45,400.24,28.19
o_009908,1,p_3071,s_720,2018-06-17 09:38:03,80.35,11.75
o_009909,1,p_6930,s_100,2018-03-15 12:22:41,242.3,8.07
o_009910,1,p_5075,s_245,2018-02-26 14:06:32,88.23,19.17
o_009910,2,p_7706,s_932,2018-02-26 14:06:32,143.96,17.7
o_009911,1,p_1899,s_257,2017-07-02 15:08:34,16.61,28.03
o_009912,1,p_3092,s_877,2018-03-21 10:03:47,91.46,6.82
o_009913,1,p_9637,s_673,2017-03-28 11:51:56,224.93,10.62
o_009914,1,p_4806,s_790,2018-07-13 14:00:49,19.61,7.15
o_009915,1,p_4589,s_735,2018-05-12 20:16:17,26.8,11.14
o_009916,1,p_6929,s_607,2018-08-24 17:03:35,267.3,17.88
o_009917,1,p_5175,s_974,2017-03-30 23:25:36,154.34,12.88
o_009918,1,p_6451,s_597,2017-12-31 10:58:36,325.56,8.18
o_009919,1,p_9710,s_733,2018-06-30 10:15:54,242.37,13.55
o_009920,1,p_4053,s_307,2018-02-20 19:46:25,309.0,13.02
o_009921,1,p_5103,s_674,2017-01-10 14:09:53,156.56,22.21
o_009922,1,p_4648,s_272,2017-06-15 09:55:44,331.17,12.66
o_009923,1,p_4975,s_599,2018-07-28 23:42:27,29.9,11.9
o_009924,1,p_5277,s_545,2018-01-16 08:01:19,57.37,6.0
o_009924,2,p_3037,s_757,2018-01-16 08:01:19,84.1,8.6
o_009925,1,p_4611,s_930,2018-07-31 16:55:52,81.9,17.13
o_009926,1,p_3547,s_961,2017-10-14 22:20:34,37.1,10.58
o_009927,1,p_9850,s_454,2018-07-01 12:56:58,65.75,29.11
o_009928,1,p_5492,s_799,2018-06-13 14:58:33,121.37,24.22
o_009929,1,p_7252,s_884,2018-04-07 15:34:14,90.22,17.89
o_009930,1,p_1456,s_269,2017-12-10 14:20:23,71.61,10.74
o_009930,2,p_6486,s_579,2017-12-10 14:20:23,17.77,7.37
o_009931,1,p_6957,s_909,2018-06-14 10:36:15,199.67,6.21
o_009932,1,p_6329,s_715,2017-04-17 14:41:21,156.37,14.71
o_009933,1,p_9327,s_426,2017-12-26 12:27:41,35.77,28.91
o_009933,2,p_9880,s_984,2017-12-26 12:27:41,69.16,27.99
o_009934,1,p_9729,s_437,2017-12-07 21:59:00,44.97,15.7
o_009935,1,p_3914,s_508,2018-04-18 13:57:12,88.18,15.33
o_009936,1,p_7102,s_776,2018-06-21 21:11:25,21.4,11.61
o_009937,1,p_7116,s_407,2018-04-23 19:19:05,240.86,11.19
o_009938,1,p_5760,s_406,2018-07-28 16:59:44,157.19,7.08
o_009939,1,p_6272,s_262,2017-08-23 10:13:19,38.81,11.57
o_009940,1,p_3512,s_265,2018-02-24 22:05:54,89.0,6.99
o_009941,1,p_4192,s_321,2018-07-18 19:33:18,22.22,13.54
o_009942,1,p_9189,s_435,2018-01-16 20:13:49,105.36,12.71
o_009942,2,p_8994,s_998,2018-01-16 20:13:49,150.19,12.77
o_009943,1,p_8084,s_102,2018-07-11 17:21:41,37.83,15.14
o_009944,1,p_7594,s_645,2018-04-30 06:08:23,147.55,27.79
o_009945,1,p_4335,s_516,2018-03-05 19:07:28,253.66,7.45
o_009946,1,p_4401,s_426,2018-06-17 14:40:20,397.91,25.96
o_009947,1,p_2287,s_151,2017-09-19 19:30:15,187.07,13.08
o_009948,1,p_3404,s_239,2018-03-07 15:49:59,74.75,28.65
o_009949,1,p_5760,s_746,2017-07-08 08:03:29,108.96,13.14
o_009950,1,p_7013,s_913,2018-02-18 10:09:13,108.73,5.57
o_009950,2,p_6921,s_415,2018-02-18 10:09:13,131.94,7.09
o_009951,1,p_9225,s_569,2017-05-26 14:18:31,168.54,24.02
o_009952,1,p_7501,s_261,2018-06-29 11:47:31,101.22,19.23
o_009953,1,p_8615,s_848,2018-07-19 19:14:43,152.66,62.69
o_009954,1,p_1898,s_257,2018-07-10 10:57:05,50.15,66.89
o_009955,1,p_4546,s_824,2018-06-24 08:47:06,165.54,8.22
o_009956,1,p_5224,s_771,2018-06-19 08:12:21,193.88,24.28
o_009957,1,p_1498,s_179,2017-09-17 20:07:07,209.97,10.77
o_009957,2,p_7784,s_199,2017-09-17 20:07:07,17.24,12.99
o_009958,1,p_2376,s_886,2018-01-12 12:41:17,124.4,25.65
o_009959,1,p_5632,s_849,2017-05-13 14:21:19,159.98,19.25
o_009960,1,p_4965,s_978,2017-01-15 19:17:58,146.77,17.18
o_009961,1,p_9625,s_456,2018-04-25 03:34:53,45.63,24.15
o_009962,1,p_3971,s_590,2018-03-09 23:14:47,49.52,27.89
o_009962,2,p_9793,s_162,2018-03-09 23:14:47,402.17,24.24
o_009963,1,p_4923,s_760,2018-01-30 00:16:52,177.48,10.22
o_009964,1,p_1338,s_850,2017-06-11 21:49:03,44.27,12.6
o_009965,1,p_1751,s_669,2018-02-27 21:22:08,18.26,27.19
o_009966,1,p_6553,s_294,2018-08-30 12:24:12,126.06,13.94
o_009967,1,p_8473,s_947,2017-02-14 14:13:05,30.82,17.04
o_009968,1,p_8829,s_795,2017-07-31 10:10:56,99.84,10.12
o_009969,1,p_7804,s_501,2017-09-30 19:13:46,100.77,24.75
o_009970,1,p_7988,s_682,2018-05-12 13:45:15,219.83,23.22
o_009971,1,p_5461,s_314,2017-10-02 14:16:27,245.11,29.85
o_009972,1,p_1668,s_255,2018-03-26 15:08:32,314.96,14.66
o_009973,1,p_6294,s_357,2018-03-10 08:37:28,275.24,12.14
o_009974,1,p_6193,s_612,2018-04-24 21:28:25,328.73,17.93
o_009975,1,p_8043,s_276,2018-02-20 20:05:57,85.94,10.94
o_009975,2,p_3429,s_424,2018-02-20 20:05:57,95.89,11.06
o_009976,1,p_3746,s_713,2018-03-21 07:18:50,336.73,69.32
o_009977,1,p_6269,s_968,2017-12-11 07:05:34,478.66,13.85
o_009978,1,p_7017,s_995,2017-11-11 13:27:07,73.07,11.56
o_009979,1,p_8910,s_928,2017-03-03 18:14:38,32.54,11.08
o_009980,1,p_2472,s_640,2018-06-01 09:12:16,25.15,12.25
o_009981,1,p_5445,s_519,2017-11-25 17:34:38,129.93,10.9
o_009982,1,p_4786,s_215,2018-04-02 17:51:40,194.05,11.59
o_009983,1,p_5747,s_113,2018-08-22 16:27:52,59.29,6.59
o_009984,1,p_8856,s_777,2017-04-30 13:54:34,85.71,5.84
o_009985,1,p_8351,s_879,2018-05-21 18:26:32,133.32,13.46
o_009986,1,p_3618,s_332,2017-11-18 10:22:53,151.09,9.63
o_009986,2,p_4951,s_803,2017-11-18 10:22:53,81.39,9.57
o_009987,1,p_1184,s_883,2018-06-24 08:06:35,84.39,18.05
o_009988,1,p_3699,s_845,2017-05-30 23:48:37,187.53,26.26
o_009989,1,p_8259,s_329,2017-01-17 18:56:13,54.84,14.85
o_009990,1,p_4154,s_346,2017-09-24 13:52:42,449.2,5.99
o_009991,1,p_3831,s_441,2018-01-23 12:18:01,48.99,9.8
o_009991,2,p_4383,s_316,2018-01-23 12:18:01,289.26,13.13
o_009991,3,p_3649,s_758,2018-01-23 12:18:01,115.61,13.0
o_009992,1,p_4740,s_319,2018-05-13 08:03:07,49.52,15.86
o_009993,1,p_4876,s_821,2017-01-16 23:47:39,253.62,17.24
o_009994,1,p_9811,s_905,2018-01-15 11:54:52,84.87,27.9
o_009995,1,p_3679,s_875,2018-02-23 15:54:20,16.73,7.43
o_009995,2,p_7304,s_639,2018-02-23 15:54:20,393.56,9.23
o_009996,1,p_1309,s_974,2018-03-15 15:28:25,188.02,10.81
o_009997,1,p_4223,s_154,2018-03-17 15:55:01,36.33,7.63
o_009998,1,p_6555,s_456,2018-03-14 08:41:06,53.04,7.46
o_009998,2,p_3447,s_141,2018-03-14 08:41:06,110.11,5.64
o_009999,1,p_1877,s_823,2017-06-29 18:18:14,106.01,5.6
o_009999,2,p_8098,s_186,2017-06-29 18:18:14,226.46,11.87
