order_id,payment_sequential,payment_type,payment_installments,payment_value
o_000000,1,boleto,1,738.1
o_000001,1,credit_card,8,132.73
o_000002,1,credit_card,10,416.26
o_000003,1,voucher,1,325.01
o_000004,1,credit_card,2,251.31
o_000005,1,credit_card,1,310.87
o_000006,1,credit_card,10,336.38
o_000007,1,boleto,1,44.17
o_000008,1,debit_card,1,396.59
o_000009,1,credit_card,3,49.97
o_000010,1,credit_card,10,29.45
o_000011,1,credit_card,1,167.61
o_000012,1,credit_card,2,82.81
o_000013,1,credit_card,3,158.68
o_000014,1,boleto,1,142.75
o_000015,1,credit_card,3,289.09
o_000016,1,credit_card,1,31.55
o_000017,1,credit_card,1,130.48
o_000018,1,credit_card,1,46.98
o_000019,1,credit_card,6,32.2
o_000020,1,credit_card,2,102.24
o_000021,1,credit_card,4,116.68
o_000022,1,boleto,1,49.59
o_000023,1,credit_card,2,224.15
o_000024,1,credit_card,4,40.75
o_000025,1,credit_card,1,78.0
o_000026,1,credit_card,1,222.63
o_000027,1,credit_card,6,113.95
o_000028,1,credit_card,8,160.35
o_000029,1,boleto,1,60.49
o_000030,1,credit_card,10,60.61
o_000031,1,credit_card,2,97.5
o_000032,1,credit_card,1,176.06
o_000033,1,credit_card,1,284.55
o_000034,1,credit_card,3,142.51
o_000035,1,credit_card,1,44.03
o_000036,1,credit_card,2,264.05
o_000037,1,credit_card,6,109.78
o_000038,1,credit_card,1,405.46
o_000039,1,credit_card,3,123.6
o_000040,1,boleto,1,206.04
o_000041,1,credit_card,12,22.87
o_000042,1,credit_card,1,110.94
o_000043,1,credit_card,2,100.78
o_000044,1,credit_card,3,105.46
o_000045,1,boleto,1,59.19
o_000046,1,boleto,1,182.06
o_000047,1,boleto,1,30.37
o_000048,1,credit_card,3,54.26
o_000049,1,credit_card,1,42.67
o_000050,1,credit_card,1,418.51
o_000051,1,credit_card,1,277.67
o_000052,1,credit_card,4,204.93
o_000053,1,credit_card,2,520.78
o_000054,1,boleto,1,329.85
o_000055,1,credit_card,1,34.31
o_000056,1,credit_card,1,41.45
o_000057,1,credit_card,1,270.41
o_000058,1,credit_card,1,38.94
o_000059,1,credit_card,4,63.73
o_000060,1,credit_card,1,154.21
o_000061,1,credit_card,1,64.86
o_000062,1,credit_card,2,63.7
o_000063,1,credit_card,6,79.87
o_000064,1,credit_card,1,136.82
o_000065,1,credit_card,1,522.6
o_000066,1,debit_card,1,97.68
o_000067,1,credit_card,1,132.63
o_000068,1,credit_card,4,49.5
o_000069,1,credit_card,1,256.58
o_000070,1,debit_card,1,29.68
o_000071,1,boleto,1,42.28
o_000072,1,boleto,1,60.16
o_000073,1,credit_card,3,258.87
o_000074,1,boleto,1,129.31
o_000075,1,credit_card,1,182.36
o_000076,1,credit_card,1,44.26
o_000077,1,credit_card,3,78.99
o_000078,1,credit_card,2,113.02
o_000079,1,boleto,1,87.46
o_000080,1,voucher,1,207.35
o_000081,1,boleto,1,151.52
o_000082,1,credit_card,10,43.54
o_000083,1,credit_card,2,60.47
o_000084,1,credit_card,1,272.61
o_000085,1,credit_card,3,261.14
o_000086,1,credit_card,1,73.95
o_000087,1,credit_card,1,303.62
o_000088,1,credit_card,1,249.49
o_000089,1,credit_card,2,34.1
o_000090,1,credit_card,3,30.07
o_000091,1,voucher,1,145.98
o_000092,1,voucher,1,66.42
o_000093,1,credit_card,1,461.88
o_000094,1,credit_card,1,214.19
o_000095,1,credit_card,4,253.85
o_000096,1,boleto,1,301.14
o_000097,1,credit_card,6,48.41
o_000098,1,credit_card,12,61.74
o_000099,1,boleto,1,85.75
o_000100,1,credit_card,3,103.36
o_000101,1,credit_card,3,202.05
o_000102,1,credit_card,1,82.25
o_000103,1,boleto,1,242.94
o_000104,1,debit_card,1,114.44
o_000105,1,voucher,1,182.72
o_000106,1,credit_card,10,59.29
o_000107,1,credit_card,1,39.49
o_000108,1,credit_card,8,60.78
o_000109,1,boleto,1,214.46
o_000110,1,credit_card,1,193.16
o_000111,1,voucher,1,144.61
o_000112,1,credit_card,1,198.47
o_000113,1,credit_card,1,242.02
o_000114,1,credit_card,1,144.78
o_000115,1,boleto,1,39.16
o_000116,1,credit_card,3,528.64
o_000117,1,credit_card,1,447.77
o_000118,1,boleto,1,290.26
o_000119,1,credit_card,2,33.86
o_000120,1,credit_card,2,155.54
o_000121,1,credit_card,1,491.33
o_000122,1,credit_card,1,91.3
o_000123,1,boleto,1,102.84
o_000124,1,credit_card,2,86.7
o_000125,1,credit_card,10,179.39
o_000126,1,credit_card,2,171.87
o_000127,1,credit_card,12,290.83
o_000128,1,voucher,1,53.42
o_000129,1,credit_card,3,64.4
o_000130,1,voucher,1,21.28
o_000131,1,boleto,1,236.81
o_000132,1,credit_card,1,162.86
o_000133,1,boleto,1,273.13
o_000134,1,credit_card,1,568.76
o_000135,1,credit_card,1,341.25
o_000136,1,credit_card,4,68.24
o_000137,1,credit_card,6,70.23
o_000138,1,credit_card,4,231.44
o_000139,1,credit_card,1,267.34
o_000140,1,credit_card,3,159.35
o_000141,1,boleto,1,92.82
o_000142,1,credit_card,1,240.03
o_000143,1,boleto,1,68.22
o_000144,1,boleto,1,53.94
o_000145,1,credit_card,8,482.84
o_000146,1,credit_card,1,65.85
o_000147,1,credit_card,3,322.52
o_000148,1,credit_card,1,77.95
o_000149,1,boleto,1,138.54
o_000150,1,voucher,1,136.84
o_000151,1,boleto,1,149.25
o_000152,1,credit_card,4,31.17
o_000153,1,credit_card,1,221.71
o_000154,1,credit_card,1,51.49
o_000155,1,boleto,1,95.65
o_000156,1,boleto,1,377.18
o_000157,1,credit_card,1,161.8
o_000158,1,credit_card,2,111.34
o_000159,1,credit_card,2,193.24
o_000160,1,credit_card,4,110.52
o_000161,1,credit_card,4,125.73
o_000162,1,credit_card,3,150.21
o_000163,1,boleto,1,266.67
o_000164,1,credit_card,1,140.84
o_000165,1,credit_card,1,117.33
o_000166,1,credit_card,1,465.42
o_000167,1,boleto,1,208.77
o_000168,1,boleto,1,685.88
o_000169,1,boleto,1,146.85
o_000170,1,credit_card,4,108.09
o_000171,1,credit_card,1,189.09
o_000172,1,credit_card,1,486.13
o_000173,1,credit_card,3,233.3
o_000174,1,credit_card,4,440.19
o_000175,1,boleto,1,88.99
o_000176,1,credit_card,8,236.48
o_000177,1,credit_card,10,144.13
o_000178,1,credit_card,1,107.52
o_000179,1,credit_card,1,124.55
o_000180,1,credit_card,1,141.96
o_000181,1,credit_card,1,383.74
o_000182,1,credit_card,1,62.41
o_000183,1,credit_card,1,185.95
o_000184,1,boleto,1,302.94
o_000185,1,credit_card,2,83.61
o_000186,1,credit_card,8,251.24
o_000187,1,credit_card,1,95.21
o_000188,1,credit_card,3,179.82
o_000189,1,credit_card,3,147.8
o_000190,1,credit_card,1,259.84
o_000191,1,credit_card,1,67.56
o_000192,1,credit_card,1,66.9
o_000193,1,credit_card,12,406.24
o_000194,1,credit_card,8,182.18
o_000195,1,credit_card,1,144.38
o_000196,1,credit_card,1,344.1
o_000197,1,boleto,1,43.05
o_000198,1,credit_card,4,149.94
o_000199,1,credit_card,8,35.65
o_000200,1,credit_card,1,221.13
o_000201,1,credit_card,8,143.66
o_000202,1,credit_card,8,253.78
o_000203,1,credit_card,6,532.41
o_000204,1,boleto,1,60.87
o_000205,1,credit_card,1,40.77
o_000206,1,credit_card,1,115.85
o_000207,1,voucher,1,460.25
o_000208,1,credit_card,3,576.62
o_000209,1,credit_card,1,137.13
o_000210,1,voucher,1,94.84
o_000211,1,credit_card,3,111.29
o_000212,1,credit_card,1,241.64
o_000213,1,credit_card,4,191.66
o_000214,1,boleto,1,170.45
o_000215,1,credit_card,1,160.53
o_000216,1,credit_card,1,171.31
o_000217,1,credit_card,1,154.41
o_000218,1,credit_card,10,81.61
o_000219,1,credit_card,10,381.91
o_000220,1,boleto,1,141.29
o_000221,1,credit_card,1,277.5
o_000222,1,credit_card,1,63.1
o_000223,1,credit_card,3,232.13
o_000224,1,boleto,1,439.22
o_000225,1,credit_card,1,136.4
o_000226,1,credit_card,6,37.7
o_000227,1,credit_card,1,229.31
o_000228,1,credit_card,1,111.15
o_000229,1,boleto,1,309.39
o_000230,1,credit_card,1,46.48
o_000231,1,credit_card,2,172.61
o_000232,1,credit_card,3,304.53
o_000233,1,credit_card,2,133.87
o_000234,1,voucher,1,84.02
o_000235,1,credit_card,1,66.83
o_000236,1,credit_card,1,332.29
o_000237,1,credit_card,3,188.58
o_000238,1,credit_card,2,397.2
o_000239,1,credit_card,1,28.52
o_000240,1,credit_card,12,175.76
o_000241,1,boleto,1,66.01
o_000242,1,boleto,1,260.84
o_000243,1,boleto,1,65.36
o_000244,1,credit_card,1,29.3
o_000245,1,credit_card,3,410.21
o_000246,1,boleto,1,35.26
o_000247,1,debit_card,1,239.45
o_000248,1,credit_card,1,100.21
o_000249,1,credit_card,1,297.15
o_000250,1,credit_card,1,101.17
o_000251,1,boleto,1,76.67
o_000252,1,credit_card,3,344.88
o_000253,1,boleto,1,184.57
o_000254,1,credit_card,1,27.77
o_000255,1,boleto,1,89.72
o_000256,1,voucher,1,334.4
o_000257,1,boleto,1,385.38
o_000258,1,credit_card,1,24.96
o_000259,1,credit_card,2,123.63
o_000260,1,credit_card,1,66.29
o_000261,1,credit_card,1,244.36
o_000262,1,credit_card,1,201.23
o_000263,1,credit_card,2,156.17
o_000264,1,credit_card,12,49.22
o_000265,1,credit_card,1,63.17
o_000266,1,credit_card,8,309.8
o_000267,1,credit_card,4,431.32
o_000268,1,credit_card,1,233.83
o_000269,1,credit_card,6,190.35
o_000270,1,boleto,1,41.55
o_000271,1,credit_card,1,61.19
o_000272,1,boleto,1,95.38
o_000273,1,boleto,1,568.43
o_000274,1,credit_card,4,119.91
o_000275,1,credit_card,6,138.44
o_000276,1,credit_card,1,145.23
o_000277,1,boleto,1,54.15
o_000278,1,credit_card,1,242.95
o_000279,1,credit_card,1,71.61
o_000280,1,credit_card,1,311.37
o_000281,1,credit_card,1,107.43
o_000282,1,credit_card,1,131.25
o_000283,1,credit_card,4,143.3
o_000284,1,credit_card,1,53.89
o_000285,1,credit_card,1,401.4
o_000286,1,credit_card,2,122.58
o_000287,1,credit_card,4,79.77
o_000288,1,credit_card,2,53.18
o_000289,1,credit_card,10,142.66
o_000290,1,boleto,1,148.94
o_000291,1,credit_card,2,125.78
o_000292,1,credit_card,3,221.94
o_000293,1,boleto,1,109.41
o_000294,1,credit_card,1,68.67
o_000295,1,boleto,1,150.57
o_000296,1,boleto,1,273.91
o_000297,1,boleto,1,454.19
o_000298,1,credit_card,8,179.17
o_000299,1,boleto,1,141.91
o_000300,1,boleto,1,128.56
o_000301,1,credit_card,2,394.98
o_000302,1,boleto,1,90.63
o_000303,1,credit_card,3,223.69
o_000304,1,voucher,1,43.47
o_000305,1,boleto,1,405.47
o_000306,1,credit_card,1,151.09
o_000307,1,credit_card,2,40.03
o_000308,1,credit_card,1,204.1
o_000309,1,credit_card,1,29.63
o_000310,1,credit_card,1,448.34
o_000311,1,boleto,1,298.23
o_000312,1,credit_card,1,445.56
o_000313,1,credit_card,2,571.91
o_000314,1,boleto,1,214.6
o_000315,1,credit_card,1,109.24
o_000316,1,boleto,1,184.97
o_000317,1,credit_card,1,94.01
o_000318,1,boleto,1,52.44
o_000319,1,boleto,1,158.5
o_000320,1,credit_card,3,433.72
o_000321,1,credit_card,1,102.67
o_000322,1,boleto,1,77.2
o_000323,1,boleto,1,55.33
o_000324,1,credit_card,3,242.88
o_000325,1,credit_card,2,330.3
o_000326,1,credit_card,1,101.96
o_000327,1,credit_card,1,39.8
o_000328,1,credit_card,1,58.32
o_000329,1,credit_card,2,86.27
o_000330,1,boleto,1,719.8
o_000331,1,boleto,1,302.77
o_000332,1,boleto,1,108.31
o_000333,1,credit_card,2,309.94
o_000334,1,credit_card,1,177.76
o_000335,1,credit_card,1,51.96
o_000336,1,boleto,1,351.82
o_000337,1,boleto,1,173.37
o_000338,1,boleto,1,78.16
o_000339,1,credit_card,6,82.76
o_000340,1,voucher,1,179.9
o_000341,1,boleto,1,94.21
o_000342,1,credit_card,10,146.2
o_000343,1,credit_card,8,116.78
o_000344,1,credit_card,4,259.58
o_000345,1,credit_card,3,167.03
o_000346,1,boleto,1,103.13
o_000347,1,credit_card,1,80.92
o_000348,1,credit_card,2,97.52
o_000349,1,credit_card,1,269.22
o_000350,1,credit_card,1,82.08
o_000351,1,credit_card,1,56.33
o_000352,1,boleto,1,82.74
o_000353,1,credit_card,1,199.99
o_000354,1,credit_card,3,160.01
o_000355,1,credit_card,3,411.85
o_000356,1,debit_card,1,584.65
o_000357,1,credit_card,3,55.28
o_000358,1,credit_card,1,133.15
o_000359,1,boleto,1,61.34
o_000360,1,credit_card,1,221.73
o_000361,1,voucher,1,224.09
o_000362,1,credit_card,1,230.85
o_000363,1,credit_card,4,48.67
o_000364,1,debit_card,1,69.54
o_000365,1,credit_card,1,204.6
o_000366,1,credit_card,2,87.57
o_000367,1,credit_card,1,268.6
o_000368,1,voucher,1,169.74
o_000369,1,credit_card,2,211.18
o_000370,1,credit_card,2,148.0
o_000371,1,credit_card,10,315.02
o_000372,1,credit_card,1,83.37
o_000373,1,debit_card,1,348.08
o_000374,1,debit_card,1,312.3
o_000375,1,credit_card,3,40.1
o_000376,1,credit_card,1,117.54
o_000377,1,credit_card,3,351.82
o_000378,1,boleto,1,47.34
o_000379,1,credit_card,4,47.26
o_000380,1,credit_card,1,39.67
o_000381,1,credit_card,2,50.48
o_000382,1,boleto,1,937.11
o_000383,1,credit_card,2,299.65
o_000384,1,credit_card,1,390.96
o_000385,1,credit_card,4,53.97
o_000386,1,voucher,1,92.19
o_000387,1,credit_card,4,85.77
o_000388,1,boleto,1,87.77
o_000389,1,credit_card,2,96.55
o_000390,1,credit_card,3,78.79
o_000391,1,credit_card,2,141.09
o_000392,1,boleto,1,153.94
o_000393,1,credit_card,1,77.17
o_000394,1,credit_card,1,144.43
o_000395,1,credit_card,1,150.96
o_000396,1,credit_card,1,102.28
o_000397,1,credit_card,1,116.4
o_000398,1,credit_card,3,93.37
o_000399,1,boleto,1,277.49
o_000400,1,voucher,1,122.23
o_000401,1,credit_card,1,99.95
o_000402,1,boleto,1,421.75
o_000403,1,credit_card,1,94.43
o_000404,1,credit_card,1,152.06
o_000405,1,boleto,1,57.55
o_000406,1,credit_card,6,176.15
o_000407,1,boleto,1,45.63
o_000408,1,credit_card,2,421.53
o_000409,1,boleto,1,29.33
o_000410,1,debit_card,1,77.78
o_000411,1,voucher,1,259.08
o_000412,1,boleto,1,438.68
o_000413,1,credit_card,1,100.05
o_000414,1,credit_card,2,138.43
o_000415,1,credit_card,6,103.53
o_000416,1,credit_card,3,55.52
o_000417,1,boleto,1,74.82
o_000418,1,credit_card,2,246.43
o_000419,1,credit_card,1,38.96
o_000420,1,credit_card,1,83.69
o_000421,1,boleto,1,43.91
o_000422,1,credit_card,8,103.59
o_000423,1,credit_card,1,263.94
o_000424,1,voucher,1,276.35
o_000425,1,debit_card,1,851.35
o_000426,1,credit_card,1,162.9
o_000427,1,credit_card,10,126.07
o_000428,1,credit_card,1,67.91
o_000429,1,boleto,1,84.2
o_000430,1,credit_card,3,255.7
o_000431,1,credit_card,8,83.63
o_000432,1,credit_card,1,33.32
o_000433,1,voucher,1,109.53
o_000434,1,credit_card,6,356.54
o_000435,1,credit_card,6,549.46
o_000436,1,credit_card,1,123.5
o_000437,1,credit_card,1,127.88
o_000438,1,credit_card,6,254.6
o_000439,1,credit_card,12,98.5
o_000440,1,credit_card,1,44.17
o_000441,1,boleto,1,106.45
o_000442,1,credit_card,8,356.22
o_000443,1,credit_card,1,142.78
o_000444,1,credit_card,1,412.34
o_000445,1,credit_card,1,40.94
o_000446,1,voucher,1,116.67
o_000447,1,credit_card,6,106.18
o_000448,1,boleto,1,64.12
o_000449,1,boleto,1,152.1
o_000450,1,boleto,1,116.81
o_000451,1,boleto,1,426.3
o_000452,1,credit_card,1,63.95
o_000453,1,boleto,1,118.01
o_000454,1,credit_card,1,66.51
o_000455,1,voucher,1,145.02
o_000456,1,credit_card,1,148.62
o_000457,1,credit_card,3,198.59
o_000458,1,boleto,1,288.79
o_000459,1,credit_card,4,49.36
o_000460,1,credit_card,3,114.86
o_000461,1,credit_card,4,566.54
o_000462,1,boleto,1,152.36
o_000463,1,boleto,1,94.09
o_000464,1,voucher,1,94.04
o_000465,1,credit_card,12,225.75
o_000466,1,credit_card,4,102.06
o_000467,1,credit_card,6,358.64
o_000468,1,credit_card,6,33.11
o_000469,1,credit_card,6,251.19
o_000470,1,credit_card,1,84.82
o_000471,1,boleto,1,44.89
o_000472,1,credit_card,10,47.04
o_000473,1,boleto,1,121.08
o_000474,1,credit_card,1,93.49
o_000475,1,credit_card,1,78.49
o_000476,1,credit_card,4,255.23
o_000477,1,credit_card,2,66.44
o_000478,1,credit_card,4,138.14
o_000479,1,voucher,1,28.81
o_000480,1,credit_card,3,37.07
o_000481,1,credit_card,1,93.32
o_000482,1,credit_card,3,47.38
o_000483,1,credit_card,12,727.69
o_000484,1,credit_card,4,416.54
o_000485,1,credit_card,6,277.03
o_000486,1,credit_card,2,209.68
o_000487,1,boleto,1,41.99
o_000488,1,credit_card,10,75.97
o_000489,1,credit_card,1,68.12
o_000490,1,boleto,1,134.89
o_000491,1,credit_card,2,120.5
o_000492,1,credit_card,3,40.84
o_000493,1,credit_card,1,98.48
o_000494,1,credit_card,6,187.97
o_000495,1,credit_card,1,136.99
o_000496,1,credit_card,2,48.09
o_000497,1,voucher,1,566.89
o_000498,1,boleto,1,57.52
o_000499,1,credit_card,1,134.64
o_000500,1,boleto,1,71.89
o_000501,1,credit_card,1,142.58
o_000502,1,credit_card,3,60.17
o_000503,1,credit_card,1,45.02
o_000504,1,credit_card,2,90.61
o_000505,1,credit_card,1,106.16
o_000506,1,credit_card,1,53.26
o_000507,1,credit_card,1,97.12
o_000508,1,credit_card,12,152.6
o_000509,1,credit_card,10,89.21
o_000510,1,credit_card,1,369.07
o_000511,1,credit_card,6,143.37
o_000512,1,boleto,1,197.01
o_000513,1,credit_card,6,75.43
o_000514,1,credit_card,1,94.23
o_000515,1,boleto,1,128.83
o_000516,1,credit_card,1,226.62
o_000517,1,credit_card,1,208.36
o_000518,1,credit_card,2,30.27
o_000519,1,credit_card,8,107.28
o_000520,1,voucher,1,137.88
o_000521,1,credit_card,1,316.7
o_000522,1,credit_card,1,66.4
o_000523,1,boleto,1,67.39
o_000524,1,voucher,1,557.05
o_000525,1,boleto,1,403.36
o_000526,1,credit_card,6,186.18
o_000527,1,boleto,1,223.56
o_000528,1,credit_card,6,72.58
o_000529,1,credit_card,1,96.33
o_000530,1,boleto,1,89.0
o_000531,1,credit_card,1,192.08
o_000532,1,credit_card,1,124.69
o_000533,1,voucher,1,76.7
o_000534,1,credit_card,3,136.96
o_000535,1,credit_card,8,78.42
o_000536,1,boleto,1,149.1
o_000537,1,credit_card,2,29.17
o_000538,1,credit_card,10,33.87
o_000539,1,voucher,1,101.6
o_000540,1,credit_card,1,319.64
o_000541,1,credit_card,3,467.16
o_000542,1,credit_card,2,183.67
o_000543,1,boleto,1,194.12
o_000544,1,credit_card,1,25.29
o_000545,1,credit_card,1,223.86
o_000546,1,credit_card,8,32.39
o_000547,1,credit_card,1,178.28
o_000548,1,credit_card,4,41.5
o_000549,1,credit_card,10,42.07
o_000550,1,credit_card,10,50.86
o_000551,1,credit_card,6,78.83
o_000552,1,credit_card,1,28.95
o_000553,1,credit_card,1,241.19
o_000554,1,credit_card,2,507.15
o_000555,1,credit_card,3,161.57
o_000556,1,credit_card,3,608.18
o_000557,1,voucher,1,49.54
o_000558,1,boleto,1,127.51
o_000559,1,boleto,1,88.79
o_000560,1,credit_card,3,156.64
o_000561,1,credit_card,4,432.21
o_000562,1,credit_card,1,299.73
o_000563,1,credit_card,1,75.43
o_000564,1,credit_card,1,112.17
o_000565,1,credit_card,1,128.78
o_000566,1,credit_card,3,135.76
o_000567,1,credit_card,4,133.83
o_000568,1,boleto,1,556.53
o_000569,1,voucher,1,296.84
o_000570,1,credit_card,1,101.83
o_000571,1,credit_card,1,122.4
o_000572,1,credit_card,8,166.45
o_000573,1,debit_card,1,118.17
o_000574,1,boleto,1,303.81
o_000575,1,boleto,1,61.93
o_000576,1,boleto,1,200.44
o_000577,1,voucher,1,239.87
o_000578,1,credit_card,6,77.92
o_000579,1,credit_card,3,111.94
o_000580,1,credit_card,1,144.42
o_000581,1,credit_card,4,162.39
o_000582,1,credit_card,4,321.67
o_000583,1,credit_card,10,54.9
o_000584,1,credit_card,1,108.61
o_000585,1,credit_card,2,173.94
o_000586,1,credit_card,4,45.29
o_000587,1,credit_card,6,116.63
o_000588,1,credit_card,3,71.28
o_000589,1,credit_card,6,233.9
o_000590,1,credit_card,4,227.8
o_000591,1,boleto,1,75.9
o_000592,1,credit_card,1,91.21
o_000593,1,credit_card,2,343.95
o_000594,1,credit_card,1,88.68
o_000595,1,credit_card,3,90.43
o_000596,1,credit_card,4,246.58
o_000597,1,credit_card,10,173.64
o_000598,1,credit_card,3,93.94
o_000599,1,credit_card,1,533.24
o_000600,1,credit_card,8,199.92
o_000601,1,boleto,1,290.14
o_000602,1,credit_card,2,120.53
o_000603,1,credit_card,3,151.98
o_000604,1,credit_card,1,56.69
o_000605,1,voucher,1,133.79
o_000606,1,credit_card,8,463.15
o_000607,1,voucher,1,92.62
o_000608,1,voucher,1,81.61
o_000609,1,credit_card,2,165.22
o_000610,1,credit_card,1,137.15
o_000611,1,credit_card,4,123.11
o_000612,1,boleto,1,112.32
o_000613,1,credit_card,3,218.36
o_000614,1,credit_card,1,149.57
o_000615,1,boleto,1,83.49
o_000616,1,credit_card,3,111.51
o_000617,1,credit_card,2,138.37
o_000618,1,debit_card,1,179.45
o_000619,1,credit_card,6,237.64
o_000620,1,credit_card,2,167.36
o_000621,1,boleto,1,310.83
o_000622,1,credit_card,1,75.42
o_000623,1,credit_card,1,272.73
o_000624,1,credit_card,1,48.97
o_000625,1,boleto,1,99.32
o_000626,1,credit_card,6,43.63
o_000627,1,credit_card,1,119.35
o_000628,1,credit_card,1,80.24
o_000629,1,boleto,1,77.95
o_000630,1,boleto,1,59.86
o_000631,1,credit_card,3,171.63
o_000632,1,credit_card,3,96.99
o_000633,1,credit_card,2,151.45
o_000634,1,credit_card,2,105.5
o_000635,1,credit_card,4,42.33
o_000636,1,boleto,1,179.91
o_000637,1,boleto,1,353.2
o_000638,1,credit_card,3,47.77
o_000639,1,credit_card,1,63.35
o_000640,1,credit_card,1,144.45
o_000641,1,credit_card,1,184.67
o_000642,1,credit_card,1,72.43
o_000643,1,credit_card,1,89.33
o_000644,1,credit_card,4,174.49
o_000645,1,credit_card,1,114.07
o_000646,1,credit_card,3,406.47
o_000647,1,credit_card,10,192.45
o_000648,1,credit_card,8,122.65
o_000649,1,credit_card,6,121.48
o_000650,1,voucher,1,72.07
o_000651,1,credit_card,4,152.76
o_000652,1,boleto,1,52.06
o_000653,1,credit_card,1,78.86
o_000654,1,voucher,1,390.53
o_000655,1,credit_card,1,152.49
o_000656,1,boleto,1,84.36
o_000657,1,voucher,1,290.01
o_000658,1,credit_card,1,145.29
o_000659,1,credit_card,6,213.98
o_000660,1,credit_card,6,99.57
o_000661,1,boleto,1,71.61
o_000662,1,credit_card,1,187.65
o_000663,1,credit_card,1,88.63
o_000664,1,credit_card,6,66.8
o_000665,1,credit_card,1,87.2
o_000666,1,credit_card,1,356.84
o_000667,1,credit_card,1,215.37
o_000668,1,credit_card,1,345.43
o_000669,1,credit_card,4,179.16
o_000670,1,credit_card,1,300.48
o_000671,1,credit_card,3,116.0
o_000672,1,boleto,1,96.39
o_000673,1,boleto,1,73.87
o_000674,1,voucher,1,112.7
o_000675,1,credit_card,8,159.36
o_000676,1,credit_card,2,69.61
o_000677,1,credit_card,1,133.43
o_000678,1,credit_card,4,81.24
o_000679,1,credit_card,1,96.85
o_000680,1,boleto,1,170.94
o_000681,1,voucher,1,104.95
o_000682,1,credit_card,4,230.35
o_000683,1,boleto,1,64.06
o_000684,1,credit_card,2,151.57
o_000685,1,boleto,1,119.07
o_000686,1,boleto,1,56.12
o_000687,1,voucher,1,93.76
o_000688,1,credit_card,1,76.02
o_000689,1,credit_card,1,117.34
o_000690,1,credit_card,1,40.43
o_000691,1,boleto,1,228.91
o_000692,1,boleto,1,133.28
o_000693,1,credit_card,1,200.8
o_000694,1,credit_card,2,145.44
o_000695,1,credit_card,1,165.96
o_000696,1,credit_card,2,384.5
o_000697,1,credit_card,10,221.56
o_000698,1,voucher,1,51.94
o_000699,1,credit_card,4,162.95
o_000700,1,credit_card,4,263.93
o_000701,1,credit_card,1,224.01
o_000702,1,boleto,1,228.26
o_000703,1,credit_card,4,1045.37
o_000704,1,credit_card,1,121.51
o_000705,1,credit_card,1,50.89
o_000706,1,credit_card,10,179.39
o_000707,1,credit_card,1,90.53
o_000708,1,boleto,1,55.88
o_000709,1,credit_card,1,154.27
o_000710,1,boleto,1,67.1
o_000711,1,credit_card,4,184.33
o_000712,1,boleto,1,257.96
o_000713,1,credit_card,2,105.16
o_000714,1,credit_card,1,106.05
o_000715,1,credit_card,1,222.62
o_000716,1,credit_card,10,242.42
o_000717,1,debit_card,1,204.08
o_000718,1,credit_card,1,354.31
o_000719,1,credit_card,3,173.95
o_000720,1,credit_card,1,111.35
o_000721,1,credit_card,1,60.29
o_000722,1,credit_card,2,35.6
o_000723,1,boleto,1,380.51
o_000724,1,credit_card,4,96.45
o_000725,1,credit_card,4,201.66
o_000726,1,credit_card,1,312.99
o_000727,1,voucher,1,54.99
o_000728,1,credit_card,8,83.46
o_000729,1,voucher,1,85.21
o_000730,1,credit_card,8,369.53
o_000731,1,credit_card,8,58.41
o_000732,1,credit_card,1,242.52
o_000733,1,boleto,1,512.29
o_000734,1,boleto,1,175.76
o_000735,1,credit_card,1,64.16
o_000736,1,boleto,1,196.27
o_000737,1,credit_card,1,370.1
o_000738,1,credit_card,4,214.08
o_000739,1,boleto,1,57.19
o_000740,1,credit_card,1,51.35
o_000741,1,credit_card,1,390.81
o_000742,1,credit_card,10,194.94
o_000743,1,credit_card,8,144.2
o_000744,1,voucher,1,267.39
o_000745,1,credit_card,2,186.99
o_000746,1,voucher,1,137.52
o_000747,1,boleto,1,338.91
o_000748,1,voucher,1,30.55
o_000749,1,credit_card,6,132.96
o_000750,1,credit_card,1,76.25
o_000751,1,boleto,1,276.85
o_000752,1,credit_card,1,163.04
o_000753,1,credit_card,1,171.21
o_000754,1,boleto,1,53.16
o_000755,1,credit_card,2,54.45
o_000756,1,credit_card,2,794.13
o_000757,1,credit_card,2,413.77
o_000758,1,boleto,1,775.3
o_000759,1,credit_card,1,276.2
o_000760,1,boleto,1,199.84
o_000761,1,credit_card,1,39.33
o_000762,1,credit_card,1,405.36
o_000763,1,credit_card,1,159.29
o_000764,1,credit_card,4,65.18
o_000765,1,credit_card,2,105.32
o_000766,1,credit_card,1,148.28
o_000767,1,credit_card,2,138.38
o_000768,1,boleto,1,55.32
o_000769,1,credit_card,1,35.03
o_000770,1,credit_card,1,149.02
o_000771,1,credit_card,10,252.9
o_000772,1,credit_card,1,326.72
o_000773,1,credit_card,2,121.75
o_000774,1,credit_card,1,75.55
o_000775,1,credit_card,6,58.94
o_000776,1,credit_card,6,48.98
o_000777,1,credit_card,1,41.99
o_000778,1,boleto,1,263.73
o_000779,1,boleto,1,358.66
o_000780,1,credit_card,1,98.51
o_000781,1,boleto,1,54.21
o_000782,1,credit_card,6,319.97
o_000783,1,credit_card,8,45.34
o_000784,1,credit_card,4,135.91
o_000785,1,credit_card,2,78.48
o_000786,1,credit_card,8,27.94
o_000787,1,boleto,1,114.07
o_000788,1,credit_card,1,182.23
o_000789,1,credit_card,1,159.03
o_000790,1,boleto,1,104.1
o_000791,1,credit_card,1,194.9
o_000792,1,credit_card,1,30.88
o_000793,1,credit_card,1,600.87
o_000794,1,boleto,1,232.84
o_000795,1,credit_card,10,39.93
o_000796,1,credit_card,2,225.43
o_000797,1,credit_card,4,230.28
o_000798,1,credit_card,3,107.74
o_000799,1,credit_card,1,211.13
o_000800,1,credit_card,4,145.76
o_000801,1,credit_card,1,73.6
o_000802,1,credit_card,8,59.17
o_000803,1,credit_card,4,41.63
o_000804,1,voucher,1,280.0
o_000805,1,credit_card,1,328.56
o_000806,1,debit_card,1,118.94
o_000807,1,boleto,1,39.56
o_000808,1,credit_card,4,172.22
o_000809,1,credit_card,1,38.03
o_000810,1,boleto,1,29.26
o_000811,1,credit_card,4,144.99
o_000812,1,boleto,1,296.53
o_000813,1,voucher,1,77.34
o_000814,1,credit_card,1,237.1
o_000815,1,credit_card,1,255.8
o_000816,1,credit_card,6,165.51
o_000817,1,boleto,1,108.85
o_000818,1,credit_card,2,325.57
o_000819,1,credit_card,4,83.35
o_000820,1,voucher,1,119.65
o_000821,1,credit_card,4,144.42
o_000822,1,credit_card,1,282.07
o_000823,1,credit_card,1,140.48
o_000824,1,credit_card,1,228.36
o_000825,1,credit_card,1,100.11
o_000826,1,credit_card,6,107.98
o_000827,1,credit_card,1,197.93
o_000828,1,boleto,1,120.21
o_000829,1,boleto,1,27.78
o_000830,1,credit_card,6,110.22
o_000831,1,voucher,1,500.22
o_000832,1,credit_card,1,132.65
o_000833,1,credit_card,1,432.72
o_000834,1,credit_card,3,70.06
o_000835,1,credit_card,4,587.16
o_000836,1,credit_card,12,231.59
o_000837,1,credit_card,1,170.19
o_000838,1,credit_card,1,61.61
o_000839,1,credit_card,2,118.2
o_000840,1,boleto,1,150.21
o_000841,1,credit_card,1,35.79
o_000842,1,credit_card,1,540.76
o_000843,1,credit_card,1,182.54
o_000844,1,credit_card,4,55.9
o_000845,1,credit_card,1,123.42
o_000846,1,credit_card,1,92.24
o_000847,1,credit_card,4,71.53
o_000848,1,voucher,1,269.4
o_000849,1,credit_card,1,40.86
o_000850,1,credit_card,1,274.93
o_000851,1,credit_card,4,405.89
o_000852,1,voucher,1,86.17
o_000853,1,boleto,1,270.2
o_000854,1,credit_card,1,525.33
o_000855,1,credit_card,3,29.25
o_000856,1,credit_card,1,45.41
o_000857,1,credit_card,4,70.85
o_000858,1,credit_card,4,137.97
o_000859,1,boleto,1,104.85
o_000860,1,credit_card,1,41.6
o_000861,1,credit_card,1,64.14
o_000862,1,credit_card,6,455.01
o_000863,1,credit_card,1,297.03
o_000864,1,credit_card,12,224.21
o_000865,1,boleto,1,74.79
o_000866,1,debit_card,1,85.48
o_000867,1,credit_card,1,138.46
o_000868,1,credit_card,1,94.47
o_000869,1,debit_card,1,81.86
o_000870,1,credit_card,1,32.22
o_000871,1,credit_card,6,41.85
o_000872,1,credit_card,2,183.26
o_000873,1,credit_card,1,291.91
o_000874,1,credit_card,8,139.97
o_000875,1,boleto,1,86.05
o_000876,1,boleto,1,163.01
o_000877,1,credit_card,8,519.56
o_000878,1,boleto,1,183.81
o_000879,1,credit_card,1,172.71
o_000880,1,credit_card,2,180.35
o_000881,1,credit_card,2,211.62
o_000882,1,credit_card,3,88.67
o_000883,1,boleto,1,97.46
o_000884,1,credit_card,1,140.95
o_000885,1,voucher,1,99.45
o_000886,1,credit_card,2,59.19
o_000887,1,credit_card,2,170.27
o_000888,1,credit_card,6,450.63
o_000889,1,boleto,1,376.03
o_000890,1,boleto,1,319.08
o_000891,1,credit_card,3,137.87
o_000892,1,boleto,1,270.15
o_000893,1,voucher,1,35.0
o_000894,1,boleto,1,568.36
o_000895,1,credit_card,3,150.59
o_000896,1,credit_card,2,208.55
o_000897,1,debit_card,1,108.77
o_000898,1,credit_card,1,74.23
o_000899,1,credit_card,1,107.34
o_000900,1,boleto,1,27.81
o_000901,1,credit_card,1,328.74
o_000902,1,debit_card,1,102.09
o_000903,1,credit_card,1,28.68
o_000904,1,credit_card,1,58.18
o_000905,1,credit_card,1,86.91
o_000906,1,credit_card,1,53.65
o_000907,1,credit_card,1,151.77
o_000908,1,credit_card,1,335.21
o_000909,1,credit_card,1,210.53
o_000910,1,credit_card,4,137.45
o_000911,1,credit_card,2,271.27
o_000912,1,boleto,1,187.16
o_000913,1,credit_card,8,33.54
o_000914,1,boleto,1,45.57
o_000915,1,credit_card,4,229.72
o_000916,1,credit_card,1,261.55
o_000917,1,credit_card,1,447.93
o_000918,1,credit_card,10,95.05
o_000919,1,credit_card,1,571.08
o_000920,1,boleto,1,432.31
o_000921,1,credit_card,6,40.33
o_000922,1,boleto,1,128.83
o_000923,1,credit_card,3,134.02
o_000924,1,credit_card,4,289.64
o_000925,1,credit_card,2,189.14
o_000926,1,boleto,1,428.77
o_000927,1,credit_card,4,37.47
o_000928,1,boleto,1,142.25
o_000929,1,credit_card,3,56.97
o_000930,1,boleto,1,33.39
o_000931,1,credit_card,4,38.6
o_000932,1,credit_card,1,125.32
o_000933,1,credit_card,10,68.15
o_000934,1,credit_card,10,378.61
o_000935,1,credit_card,1,87.91
o_000936,1,boleto,1,42.77
o_000937,1,boleto,1,173.7
o_000938,1,credit_card,1,134.96
o_000939,1,credit_card,8,306.08
o_000940,1,credit_card,3,57.89
o_000941,1,credit_card,1,43.8
o_000942,1,credit_card,1,204.07
o_000943,1,credit_card,1,226.25
o_000944,1,credit_card,4,262.15
o_000945,1,credit_card,1,69.83
o_000946,1,boleto,1,325.87
o_000947,1,credit_card,1,61.73
o_000948,1,voucher,1,66.53
o_000949,1,credit_card,1,261.1
o_000950,1,credit_card,1,88.43
o_000951,1,credit_card,8,558.34
o_000952,1,credit_card,1,185.87
o_000953,1,credit_card,1,67.84
o_000954,1,boleto,1,61.77
o_000955,1,credit_card,6,96.19
o_000956,1,voucher,1,91.62
o_000957,1,credit_card,4,225.72
o_000958,1,boleto,1,47.28
o_000959,1,credit_card,1,81.72
o_000960,1,credit_card,1,77.49
o_000961,1,credit_card,4,42.22
o_000962,1,credit_card,1,412.32
o_000963,1,voucher,1,63.51
o_000964,1,credit_card,1,66.95
o_000965,1,boleto,1,176.5
o_000966,1,credit_card,1,202.03
o_000967,1,credit_card,1,67.76
o_000968,1,voucher,1,161.37
o_000969,1,credit_card,1,244.61
o_000970,1,credit_card,2,515.56
o_000971,1,credit_card,1,73.7
o_000972,1,credit_card,1,109.66
o_000973,1,credit_card,1,252.88
o_000974,1,credit_card,10,254.63
o_000975,1,credit_card,6,269.41
o_000976,1,boleto,1,104.54
o_000977,1,credit_card,4,44.82
o_000978,1,boleto,1,46.66
o_000979,1,boleto,1,122.63
o_000980,1,credit_card,3,103.02
o_000981,1,credit_card,1,57.62
o_000982,1,voucher,1,60.36
o_000983,1,boleto,1,43.56
o_000984,1,credit_card,6,46.3
o_000985,1,credit_card,4,186.68
o_000986,1,boleto,1,173.49
o_000987,1,credit_card,1,147.25
o_000988,1,boleto,1,230.86
o_000989,1,credit_card,1,377.84
o_000990,1,credit_card,1,374.3
o_000991,1,credit_card,1,62.99
o_000992,1,boleto,1,50.92
o_000993,1,credit_card,1,88.41
o_000994,1,credit_card,2,94.95
o_000995,1,credit_card,1,192.14
o_000996,1,credit_card,1,169.24
o_000997,1,boleto,1,116.87
o_000998,1,credit_card,1,96.12
o_000999,1,credit_card,1,24.63
o_001000,1,boleto,1,171.92
o_001001,1,credit_card,1,232.44
o_001002,1,credit_card,2,110.03
o_001003,1,credit_card,2,38.98
o_001004,1,voucher,1,115.1
o_001005,1,boleto,1,293.19
o_001006,1,credit_card,2,258.36
o_001007,1,credit_card,4,535.04
o_001008,1,credit_card,4,83.88
o_001009,1,credit_card,8,178.97
o_001010,1,credit_card,1,284.85
o_001011,1,credit_card,1,43.79
o_001012,1,voucher,1,189.93
o_001013,1,credit_card,1,47.7
o_001014,1,credit_card,2,21.84
o_001015,1,credit_card,1,59.21
o_001016,1,boleto,1,360.56
o_001017,1,boleto,1,76.27
o_001018,1,credit_card,4,57.58
o_001019,1,credit_card,1,48.49
o_001020,1,credit_card,10,30.98
o_001021,1,boleto,1,279.63
o_001022,1,credit_card,1,180.12
o_001023,1,boleto,1,291.56
o_001024,1,boleto,1,88.27
o_001025,1,credit_card,1,231.81
o_001026,1,credit_card,1,107.4
o_001027,1,boleto,1,378.62
o_001028,1,boleto,1,93.95
o_001029,1,credit_card,2,219.91
o_001030,1,credit_card,1,225.0
o_001031,1,credit_card,2,76.71
o_001032,1,credit_card,10,242.59
o_001033,1,credit_card,12,49.42
o_001034,1,credit_card,3,411.35
o_001035,1,credit_card,3,130.46
o_001036,1,credit_card,8,178.67
o_001037,1,credit_card,1,256.2
o_001038,1,credit_card,12,289.16
o_001039,1,voucher,1,237.13
o_001040,1,credit_card,1,133.33
o_001041,1,credit_card,1,112.85
o_001042,1,credit_card,1,485.91
o_001043,1,credit_card,1,50.4
o_001044,1,boleto,1,43.02
o_001045,1,credit_card,1,204.97
o_001046,1,boleto,1,27.36
o_001047,1,credit_card,4,176.01
o_001048,1,boleto,1,125.91
o_001049,1,boleto,1,104.93
o_001050,1,credit_card,1,123.44
o_001051,1,boleto,1,371.7
o_001052,1,credit_card,1,137.19
o_001053,1,credit_card,4,66.56
o_001054,1,credit_card,1,69.27
o_001055,1,credit_card,4,26.71
o_001056,1,credit_card,1,220.51
o_001057,1,credit_card,1,48.4
o_001058,1,credit_card,1,60.23
o_001059,1,credit_card,2,30.29
o_001060,1,credit_card,1,184.88
o_001061,1,credit_card,10,80.08
o_001062,1,boleto,1,298.96
o_001063,1,credit_card,1,121.63
o_001064,1,credit_card,12,262.48
o_001065,1,credit_card,12,217.23
o_001066,1,credit_card,1,120.59
o_001067,1,credit_card,4,280.42
o_001068,1,credit_card,1,158.62
o_001069,1,boleto,1,333.17
o_001070,1,credit_card,1,63.61
o_001071,1,boleto,1,167.64
o_001072,1,credit_card,2,251.2
o_001073,1,boleto,1,152.6
o_001074,1,credit_card,3,28.49
o_001075,1,credit_card,1,287.18
o_001076,1,credit_card,8,47.19
o_001077,1,credit_card,2,513.92
o_001078,1,voucher,1,292.06
o_001079,1,boleto,1,126.28
o_001080,1,credit_card,1,136.34
o_001081,1,credit_card,1,271.73
o_001082,1,credit_card,3,120.04
o_001083,1,credit_card,8,76.38
o_001084,1,credit_card,1,334.45
o_001085,1,credit_card,1,274.28
o_001086,1,credit_card,1,171.36
o_001087,1,credit_card,3,50.04
o_001088,1,credit_card,8,109.37
o_001089,1,credit_card,4,51.66
o_001090,1,credit_card,4,140.7
o_001091,1,boleto,1,28.85
o_001092,1,credit_card,1,317.44
o_001093,1,boleto,1,131.88
o_001094,1,boleto,1,53.02
o_001095,1,credit_card,2,73.11
o_001096,1,debit_card,1,96.73
o_001097,1,credit_card,1,32.9
o_001098,1,credit_card,1,546.96
o_001099,1,voucher,1,1020.43
o_001100,1,credit_card,2,1015.14
o_001101,1,credit_card,1,33.0
o_001102,1,boleto,1,494.72
o_001103,1,boleto,1,139.0
o_001104,1,credit_card,10,720.59
o_001105,1,voucher,1,72.93
o_001106,1,credit_card,1,60.27
o_001107,1,boleto,1,101.35
o_001108,1,boleto,1,77.12
o_001109,1,voucher,1,360.36
o_001110,1,boleto,1,42.73
o_001111,1,credit_card,2,71.82
o_001112,1,credit_card,2,43.12
o_001113,1,boleto,1,146.66
o_001114,1,credit_card,12,324.75
o_001115,1,credit_card,1,293.49
o_001116,1,voucher,1,172.31
o_001117,1,credit_card,1,280.21
o_001118,1,boleto,1,29.79
o_001119,1,credit_card,4,371.99
o_001120,1,credit_card,1,182.61
o_001121,1,credit_card,10,599.53
o_001122,1,credit_card,10,63.43
o_001123,1,credit_card,3,94.88
o_001124,1,credit_card,10,231.18
o_001125,1,credit_card,1,558.26
o_001126,1,boleto,1,263.41
o_001127,1,credit_card,3,284.18
o_001128,1,credit_card,8,59.16
o_001129,1,credit_card,1,77.38
o_001130,1,credit_card,10,276.0
o_001131,1,credit_card,3,62.36
o_001132,1,credit_card,1,160.34
o_001133,1,credit_card,3,600.28
o_001134,1,credit_card,1,271.36
o_001135,1,credit_card,3,262.14
o_001136,1,credit_card,1,141.62
o_001137,1,boleto,1,155.12
o_001138,1,credit_card,1,50.42
o_001139,1,credit_card,3,81.92
o_001140,1,boleto,1,591.58
o_001141,1,boleto,1,229.61
o_001142,1,credit_card,2,56.05
o_001143,1,boleto,1,118.92
o_001144,1,credit_card,4,219.65
o_001145,1,boleto,1,183.96
o_001146,1,credit_card,1,158.43
o_001147,1,credit_card,1,114.85
o_001148,1,voucher,1,409.38
o_001149,1,credit_card,6,325.58
o_001150,1,credit_card,1,190.18
o_001151,1,credit_card,1,384.53
o_001152,1,credit_card,10,336.59
o_001153,1,credit_card,1,65.35
o_001154,1,credit_card,1,412.36
o_001155,1,credit_card,1,75.02
o_001156,1,credit_card,1,99.56
o_001157,1,credit_card,3,181.95
o_001158,1,credit_card,1,86.17
o_001159,1,credit_card,10,169.89
o_001160,1,credit_card,1,66.35
o_001161,1,credit_card,1,312.63
o_001162,1,boleto,1,44.85
o_001163,1,credit_card,1,225.37
o_001164,1,credit_card,1,35.5
o_001165,1,boleto,1,149.69
o_001166,1,boleto,1,150.74
o_001167,1,credit_card,1,184.57
o_001168,1,boleto,1,87.54
o_001169,1,boleto,1,481.43
o_001170,1,credit_card,1,53.98
o_001171,1,credit_card,6,111.31
o_001172,1,credit_card,6,82.77
o_001173,1,boleto,1,312.68
o_001174,1,credit_card,1,98.0
o_001175,1,credit_card,4,899.2
o_001176,1,credit_card,2,135.66
o_001177,1,boleto,1,267.7
o_001178,1,credit_card,4,110.01
o_001179,1,credit_card,1,451.83
o_001180,1,boleto,1,109.7
o_001181,1,boleto,1,127.36
o_001182,1,credit_card,1,114.93
o_001183,1,credit_card,1,437.17
o_001184,1,boleto,1,80.38
o_001185,1,boleto,1,348.47
o_001186,1,boleto,1,295.07
o_001187,1,credit_card,1,104.14
o_001188,1,credit_card,1,252.26
o_001189,1,credit_card,1,137.02
o_001190,1,credit_card,2,226.86
o_001191,1,debit_card,1,193.73
o_001192,1,boleto,1,70.19
o_001193,1,credit_card,8,288.32
o_001194,1,boleto,1,37.5
o_001195,1,credit_card,4,297.42
o_001196,1,credit_card,3,333.62
o_001197,1,boleto,1,53.13
o_001198,1,credit_card,1,427.5
o_001199,1,credit_card,6,71.34
o_001200,1,credit_card,6,108.33
o_001201,1,credit_card,1,69.04
o_001202,1,boleto,1,430.73
o_001203,1,credit_card,1,126.26
o_001204,1,voucher,1,199.95
o_001205,1,credit_card,2,46.78
o_001206,1,credit_card,1,133.94
o_001207,1,credit_card,1,67.6
o_001208,1,boleto,1,67.01
o_001209,1,credit_card,3,109.12
o_001210,1,credit_card,2,49.47
o_001211,1,credit_card,8,301.74
o_001212,1,voucher,1,71.14
o_001213,1,boleto,1,66.65
o_001214,1,boleto,1,124.37
o_001215,1,credit_card,1,147.19
o_001216,1,credit_card,6,73.63
o_001217,1,boleto,1,507.74
o_001218,1,credit_card,1,34.51
o_001219,1,credit_card,3,192.18
o_001220,1,credit_card,1,152.35
o_001221,1,credit_card,3,45.33
o_001222,1,boleto,1,66.98
o_001223,1,credit_card,1,237.3
o_001224,1,credit_card,2,277.91
o_001225,1,credit_card,1,85.02
o_001226,1,boleto,1,372.23
o_001227,1,credit_card,3,392.29
o_001228,1,credit_card,1,163.37
o_001229,1,credit_card,1,223.84
o_001230,1,boleto,1,29.85
o_001231,1,credit_card,4,248.03
o_001232,1,boleto,1,70.71
o_001233,1,credit_card,1,52.33
o_001234,1,boleto,1,240.69
o_001235,1,credit_card,12,216.21
o_001236,1,boleto,1,94.1
o_001237,1,credit_card,1,188.12
o_001238,1,credit_card,4,554.66
o_001239,1,voucher,1,95.55
o_001240,1,credit_card,1,226.22
o_001241,1,credit_card,2,41.14
o_001242,1,boleto,1,76.18
o_001243,1,credit_card,8,54.78
o_001244,1,credit_card,1,37.23
o_001245,1,credit_card,2,214.65
o_001246,1,credit_card,3,180.84
o_001247,1,credit_card,2,28.31
o_001248,1,credit_card,10,55.35
o_001249,1,credit_card,2,268.01
o_001250,1,boleto,1,205.43
o_001251,1,credit_card,3,190.14
o_001252,1,credit_card,2,129.85
o_001253,1,credit_card,1,76.33
o_001254,1,credit_card,1,98.36
o_001255,1,credit_card,8,221.48
o_001256,1,credit_card,1,227.41
o_001257,1,credit_card,1,40.73
o_001258,1,boleto,1,272.96
o_001259,1,credit_card,2,93.94
o_001260,1,credit_card,2,112.04
o_001261,1,credit_card,4,206.24
o_001262,1,credit_card,2,246.87
o_001263,1,boleto,1,119.61
o_001264,1,boleto,1,82.63
o_001265,1,credit_card,1,174.14
o_001266,1,credit_card,3,150.73
o_001267,1,credit_card,6,40.56
o_001268,1,boleto,1,35.64
o_001269,1,boleto,1,87.96
o_001270,1,credit_card,1,55.93
o_001271,1,credit_card,2,741.49
o_001272,1,credit_card,3,176.92
o_001273,1,boleto,1,66.46
o_001274,1,voucher,1,57.11
o_001275,1,boleto,1,132.15
o_001276,1,credit_card,1,163.36
o_001277,1,credit_card,1,134.66
o_001278,1,credit_card,1,248.58
o_001279,1,boleto,1,77.92
o_001280,1,credit_card,1,68.41
o_001281,1,credit_card,1,179.44
o_001282,1,credit_card,1,129.58
o_001283,1,credit_card,3,205.31
o_001284,1,voucher,1,42.29
o_001285,1,credit_card,3,100.31
o_001286,1,credit_card,4,516.28
o_001287,1,credit_card,1,376.8
o_001288,1,credit_card,1,56.57
o_001289,1,boleto,1,96.38
o_001290,1,boleto,1,116.0
o_001291,1,boleto,1,137.02
o_001292,1,credit_card,1,133.61
o_001293,1,credit_card,1,120.59
o_001294,1,credit_card,2,88.42
o_001295,1,voucher,1,95.26
o_001296,1,credit_card,8,296.09
o_001297,1,credit_card,1,508.62
o_001298,1,boleto,1,186.2
o_001299,1,credit_card,1,77.02
o_001300,1,voucher,1,99.06
o_001301,1,credit_card,1,75.88
o_001302,1,credit_card,6,50.22
o_001303,1,credit_card,3,77.2
o_001304,1,boleto,1,159.18
o_001305,1,credit_card,4,408.16
o_001306,1,debit_card,1,46.61
o_001307,1,credit_card,8,307.15
o_001308,1,credit_card,3,78.19
o_001309,1,boleto,1,178.34
o_001310,1,debit_card,1,219.85
o_001311,1,boleto,1,105.26
o_001312,1,credit_card,4,81.71
o_001313,1,credit_card,2,88.08
o_001314,1,boleto,1,40.33
o_001315,1,credit_card,1,83.13
o_001316,1,boleto,1,60.99
o_001317,1,credit_card,1,171.13
o_001318,1,boleto,1,190.58
o_001319,1,credit_card,3,219.96
o_001320,1,credit_card,1,244.81
o_001321,1,boleto,1,97.98
o_001322,1,boleto,1,46.89
o_001323,1,credit_card,1,61.05
o_001324,1,boleto,1,435.27
o_001325,1,credit_card,6,274.69
o_001326,1,boleto,1,81.5
o_001327,1,boleto,1,70.39
o_001328,1,credit_card,4,49.9
o_001329,1,boleto,1,75.19
o_001330,1,credit_card,1,66.92
o_001331,1,credit_card,1,189.93
o_001332,1,credit_card,1,68.97
o_001333,1,boleto,1,38.07
o_001334,1,credit_card,1,83.33
o_001335,1,credit_card,6,131.73
o_001336,1,boleto,1,259.9
o_001337,1,credit_card,1,331.15
o_001338,1,boleto,1,102.83
o_001339,1,credit_card,10,59.82
o_001340,1,credit_card,3,352.76
o_001341,1,credit_card,2,579.03
o_001342,1,credit_card,2,89.97
o_001343,1,boleto,1,29.21
o_001344,1,credit_card,4,45.96
o_001345,1,credit_card,2,126.86
o_001346,1,credit_card,8,30.07
o_001347,1,voucher,1,78.84
o_001348,1,boleto,1,443.41
o_001349,1,credit_card,1,61.57
o_001350,1,credit_card,2,387.69
o_001351,1,credit_card,3,75.71
o_001352,1,credit_card,1,477.06
o_001353,1,credit_card,3,84.53
o_001354,1,credit_card,4,84.07
o_001355,1,boleto,1,79.89
o_001356,1,credit_card,3,141.32
o_001357,1,credit_card,2,50.67
o_001358,1,credit_card,4,97.93
o_001359,1,credit_card,3,135.35
o_001360,1,credit_card,3,555.16
o_001361,1,credit_card,1,121.38
o_001362,1,credit_card,2,32.85
o_001363,1,boleto,1,130.0
o_001364,1,credit_card,4,500.0
o_001365,1,credit_card,3,105.68
o_001366,1,credit_card,1,47.16
o_001367,1,credit_card,12,95.03
o_001368,1,credit_card,1,301.86
o_001369,1,credit_card,1,46.65
o_001370,1,credit_card,6,230.63
o_001371,1,voucher,1,333.75
o_001372,1,boleto,1,66.84
o_001373,1,credit_card,2,120.5
o_001374,1,credit_card,1,276.88
o_001375,1,credit_card,3,181.37
o_001376,1,credit_card,3,301.81
o_001377,1,boleto,1,59.56
o_001378,1,credit_card,1,181.32
o_001379,1,credit_card,6,285.55
o_001380,1,credit_card,1,263.78
o_001381,1,credit_card,2,56.84
o_001382,1,credit_card,3,107.59
o_001383,1,credit_card,4,69.19
o_001384,1,credit_card,4,147.81
o_001385,1,credit_card,2,231.28
o_001386,1,credit_card,4,259.99
o_001387,1,credit_card,8,46.42
o_001388,1,credit_card,2,35.42
o_001389,1,credit_card,3,74.87
o_001390,1,credit_card,2,189.74
o_001391,1,credit_card,1,393.36
o_001392,1,credit_card,12,215.05
o_001393,1,credit_card,1,189.96
o_001394,1,credit_card,6,47.63
o_001395,1,credit_card,8,125.03
o_001396,1,credit_card,4,337.18
o_001397,1,credit_card,6,103.38
o_001398,1,credit_card,1,84.8
o_001399,1,boleto,1,28.86
o_001400,1,credit_card,2,215.34
o_001401,1,credit_card,3,140.29
o_001402,1,credit_card,2,309.49
o_001403,1,credit_card,1,174.73
o_001404,1,credit_card,1,85.06
o_001405,1,credit_card,1,64.02
o_001406,1,credit_card,8,102.16
o_001407,1,boleto,1,122.76
o_001408,1,credit_card,6,370.05
o_001409,1,credit_card,6,58.83
o_001410,1,credit_card,1,193.65
o_001411,1,credit_card,10,64.29
o_001412,1,credit_card,1,100.31
o_001413,1,credit_card,1,328.91
o_001414,1,credit_card,2,35.71
o_001415,1,credit_card,6,525.45
o_001416,1,credit_card,1,105.17
o_001417,1,credit_card,3,135.01
o_001418,1,credit_card,1,138.62
o_001419,1,credit_card,3,104.7
o_001420,1,boleto,1,49.26
o_001421,1,credit_card,1,303.95
o_001422,1,credit_card,1,59.39
o_001423,1,credit_card,10,71.36
o_001424,1,credit_card,8,247.82
o_001425,1,boleto,1,108.72
o_001426,1,credit_card,1,204.9
o_001427,1,credit_card,1,60.24
o_001428,1,credit_card,4,291.07
o_001429,1,credit_card,6,31.48
o_001430,1,credit_card,4,263.17
o_001431,1,credit_card,1,136.29
o_001432,1,credit_card,1,119.61
o_001433,1,credit_card,1,53.24
o_001434,1,boleto,1,112.34
o_001435,1,credit_card,12,40.27
o_001436,1,credit_card,6,325.76
o_001437,1,credit_card,12,388.46
o_001438,1,credit_card,1,157.32
o_001439,1,credit_card,2,79.18
o_001440,1,boleto,1,89.9
o_001441,1,boleto,1,62.15
o_001442,1,credit_card,4,89.1
o_001443,1,credit_card,6,241.28
o_001444,1,credit_card,10,188.7
o_001445,1,credit_card,10,489.44
o_001446,1,boleto,1,122.68
o_001447,1,credit_card,1,87.05
o_001448,1,credit_card,6,132.45
o_001449,1,credit_card,3,137.9
o_001450,1,credit_card,3,45.88
o_001451,1,credit_card,1,88.41
o_001452,1,credit_card,4,121.59
o_001453,1,credit_card,2,106.52
o_001454,1,credit_card,4,104.12
o_001455,1,credit_card,2,67.72
o_001456,1,credit_card,3,150.14
o_001457,1,credit_card,2,268.42
o_001458,1,credit_card,1,33.43
o_001459,1,credit_card,4,205.72
o_001460,1,credit_card,1,53.17
o_001461,1,credit_card,1,404.64
o_001462,1,credit_card,1,228.02
o_001463,1,credit_card,10,156.16
o_001464,1,boleto,1,150.43
o_001465,1,credit_card,2,382.27
o_001466,1,credit_card,1,42.49
o_001467,1,boleto,1,195.62
o_001468,1,boleto,1,52.39
o_001469,1,credit_card,6,304.78
o_001470,1,credit_card,2,421.26
o_001471,1,credit_card,1,39.2
o_001472,1,credit_card,10,226.83
o_001473,1,boleto,1,48.59
o_001474,1,credit_card,1,91.17
o_001475,1,credit_card,3,39.51
o_001476,1,credit_card,1,172.33
o_001477,1,boleto,1,45.86
o_001478,1,credit_card,2,114.68
o_001479,1,credit_card,3,168.88
o_001480,1,credit_card,1,316.0
o_001481,1,boleto,1,43.99
o_001482,1,credit_card,4,107.89
o_001483,1,credit_card,4,358.54
o_001484,1,credit_card,3,66.66
o_001485,1,credit_card,1,316.74
o_001486,1,credit_card,1,258.88
o_001487,1,voucher,1,57.66
o_001488,1,credit_card,12,162.8
o_001489,1,credit_card,4,298.71
o_001490,1,credit_card,1,83.48
o_001491,1,credit_card,2,225.08
o_001492,1,credit_card,2,414.3
o_001493,1,credit_card,10,46.48
o_001494,1,credit_card,4,167.29
o_001495,1,credit_card,3,40.03
o_001496,1,credit_card,1,68.35
o_001497,1,credit_card,3,213.9
o_001498,1,voucher,1,133.58
o_001499,1,credit_card,3,228.29
o_001500,1,credit_card,1,198.85
o_001501,1,boleto,1,126.19
o_001502,1,credit_card,3,97.43
o_001503,1,credit_card,3,91.95
o_001504,1,boleto,1,69.29
o_001505,1,boleto,1,80.83
o_001506,1,credit_card,1,116.55
o_001507,1,credit_card,2,418.33
o_001508,1,credit_card,4,33.23
o_001509,1,credit_card,1,289.34
o_001510,1,voucher,1,37.11
o_001511,1,boleto,1,347.6
o_001512,1,credit_card,2,158.88
o_001513,1,voucher,1,55.06
o_001514,1,credit_card,10,42.92
o_001515,1,voucher,1,105.71
o_001516,1,credit_card,1,366.33
o_001517,1,credit_card,8,314.03
o_001518,1,credit_card,1,108.75
o_001519,1,boleto,1,137.19
o_001520,1,credit_card,1,654.32
o_001521,1,credit_card,8,78.34
o_001522,1,debit_card,1,105.01
o_001523,1,boleto,1,272.77
o_001524,1,credit_card,3,337.01
o_001525,1,credit_card,6,157.56
o_001526,1,boleto,1,159.09
o_001527,1,credit_card,6,397.39
o_001528,1,credit_card,3,317.88
o_001529,1,voucher,1,127.88
o_001530,1,credit_card,6,89.17
o_001531,1,credit_card,2,150.24
o_001532,1,credit_card,8,303.22
o_001533,1,credit_card,1,61.34
o_001534,1,credit_card,10,71.84
o_001535,1,credit_card,6,34.33
o_001536,1,credit_card,6,100.19
o_001537,1,boleto,1,83.25
o_001538,1,boleto,1,165.71
o_001539,1,credit_card,3,32.95
o_001540,1,credit_card,1,256.73
o_001541,1,voucher,1,443.25
o_001542,1,boleto,1,61.34
o_001543,1,credit_card,6,160.73
o_001544,1,credit_card,6,221.22
o_001545,1,credit_card,6,64.38
o_001546,1,credit_card,4,25.41
o_001547,1,credit_card,1,527.04
o_001548,1,credit_card,1,237.59
o_001549,1,credit_card,12,111.67
o_001550,1,credit_card,1,445.49
o_001551,1,credit_card,1,122.52
o_001552,1,credit_card,4,253.12
o_001553,1,credit_card,1,241.16
o_001554,1,credit_card,6,355.71
o_001555,1,credit_card,1,441.3
o_001556,1,credit_card,1,129.34
o_001557,1,credit_card,6,171.04
o_001558,1,credit_card,1,575.09
o_001559,1,credit_card,1,282.11
o_001560,1,credit_card,12,223.09
o_001561,1,credit_card,1,119.49
o_001562,1,credit_card,2,84.53
o_001563,1,credit_card,1,273.72
o_001564,1,credit_card,3,41.67
o_001565,1,credit_card,2,127.4
o_001566,1,credit_card,2,241.97
o_001567,1,credit_card,1,281.78
o_001568,1,credit_card,1,158.82
o_001569,1,boleto,1,32.48
o_001570,1,boleto,1,330.13
o_001571,1,credit_card,6,104.64
o_001572,1,credit_card,1,205.25
o_001573,1,credit_card,4,108.53
o_001574,1,credit_card,2,142.88
o_001575,1,credit_card,4,341.87
o_001576,1,credit_card,10,195.84
o_001577,1,credit_card,1,165.09
o_001578,1,credit_card,2,40.43
o_001579,1,credit_card,6,110.1
o_001580,1,credit_card,1,109.95
o_001581,1,credit_card,1,179.06
o_001582,1,boleto,1,37.13
o_001583,1,credit_card,1,133.46
o_001584,1,credit_card,1,183.99
o_001585,1,credit_card,4,147.81
o_001586,1,credit_card,1,69.98
o_001587,1,boleto,1,115.82
o_001588,1,credit_card,1,42.86
o_001589,1,credit_card,1,310.41
o_001590,1,credit_card,2,104.2
o_001591,1,credit_card,1,41.82
o_001592,1,boleto,1,125.69
o_001593,1,credit_card,6,47.23
o_001594,1,voucher,1,90.57
o_001595,1,credit_card,8,34.44
o_001596,1,boleto,1,94.23
o_001597,1,credit_card,1,268.93
o_001598,1,credit_card,6,39.95
o_001599,1,credit_card,6,116.5
o_001600,1,credit_card,6,307.57
o_001601,1,credit_card,1,63.31
o_001602,1,credit_card,1,265.54
o_001603,1,credit_card,1,309.98
o_001604,1,credit_card,12,116.01
o_001605,1,boleto,1,391.77
o_001606,1,boleto,1,418.53
o_001607,1,credit_card,1,45.01
o_001608,1,credit_card,10,34.08
o_001609,1,credit_card,10,48.88
o_001610,1,credit_card,1,257.53
o_001611,1,credit_card,3,381.65
o_001612,1,boleto,1,92.5
o_001613,1,boleto,1,221.98
o_001614,1,credit_card,4,223.74
o_001615,1,credit_card,3,231.35
o_001616,1,credit_card,1,245.31
o_001617,1,boleto,1,328.82
o_001618,1,credit_card,1,236.82
o_001619,1,credit_card,4,114.05
o_001620,1,credit_card,2,258.52
o_001621,1,credit_card,2,38.56
o_001622,1,voucher,1,194.74
o_001623,1,credit_card,2,243.15
o_001624,1,credit_card,1,110.19
o_001625,1,credit_card,3,89.24
o_001626,1,credit_card,2,90.27
o_001627,1,credit_card,3,77.52
o_001628,1,credit_card,1,154.47
o_001629,1,voucher,1,24.19
o_001630,1,credit_card,1,60.69
o_001631,1,credit_card,2,47.5
o_001632,1,credit_card,4,311.56
o_001633,1,voucher,1,201.05
o_001634,1,credit_card,3,35.02
o_001635,1,credit_card,1,143.58
o_001636,1,credit_card,6,553.99
o_001637,1,voucher,1,746.69
o_001638,1,credit_card,2,97.57
o_001639,1,credit_card,8,232.66
o_001640,1,boleto,1,95.62
o_001641,1,credit_card,4,88.34
o_001642,1,credit_card,8,57.47
o_001643,1,boleto,1,40.22
o_001644,1,credit_card,2,161.48
o_001645,1,credit_card,1,338.18
o_001646,1,credit_card,1,164.99
o_001647,1,credit_card,1,279.48
o_001648,1,credit_card,1,89.69
o_001649,1,credit_card,1,212.7
o_001650,1,credit_card,1,40.99
o_001651,1,credit_card,2,79.68
o_001652,1,credit_card,3,341.59
o_001653,1,credit_card,1,402.42
o_001654,1,credit_card,10,31.95
o_001655,1,credit_card,1,197.38
o_001656,1,boleto,1,53.88
o_001657,1,boleto,1,68.95
o_001658,1,boleto,1,233.37
o_001659,1,credit_card,6,37.6
o_001660,1,boleto,1,64.96
o_001661,1,boleto,1,95.85
o_001662,1,credit_card,8,514.13
o_001663,1,credit_card,1,246.79
o_001664,1,credit_card,4,75.89
o_001665,1,boleto,1,111.1
o_001666,1,credit_card,6,171.62
o_001667,1,credit_card,3,48.88
o_001668,1,credit_card,4,264.69
o_001669,1,credit_card,1,40.31
o_001670,1,boleto,1,316.53
o_001671,1,credit_card,6,158.48
o_001672,1,boleto,1,270.06
o_001673,1,debit_card,1,187.81
o_001674,1,voucher,1,131.82
o_001675,1,boleto,1,70.73
o_001676,1,credit_card,6,91.98
o_001677,1,credit_card,2,152.29
o_001678,1,credit_card,1,56.39
o_001679,1,voucher,1,39.82
o_001680,1,credit_card,3,123.38
o_001681,1,credit_card,4,137.95
o_001682,1,credit_card,1,385.48
o_001683,1,credit_card,1,189.03
o_001684,1,credit_card,6,114.59
o_001685,1,boleto,1,91.14
o_001686,1,voucher,1,134.89
o_001687,1,credit_card,1,122.18
o_001688,1,boleto,1,31.49
o_001689,1,credit_card,6,62.87
o_001690,1,credit_card,3,241.37
o_001691,1,boleto,1,128.28
o_001692,1,credit_card,1,129.34
o_001693,1,credit_card,1,119.28
o_001694,1,boleto,1,108.59
o_001695,1,credit_card,2,288.04
o_001696,1,boleto,1,65.97
o_001697,1,boleto,1,33.66
o_001698,1,credit_card,1,125.4
o_001699,1,credit_card,2,219.88
o_001700,1,credit_card,1,52.39
o_001701,1,credit_card,1,242.6
o_001702,1,boleto,1,27.81
o_001703,1,credit_card,2,71.86
o_001704,1,credit_card,3,117.29
o_001705,1,credit_card,1,77.85
o_001706,1,voucher,1,210.71
o_001707,1,credit_card,2,49.67
o_001708,1,credit_card,2,187.51
o_001709,1,credit_card,2,319.64
o_001710,1,credit_card,3,86.02
o_001711,1,credit_card,3,547.94
o_001712,1,credit_card,2,43.22
o_001713,1,boleto,1,251.51
o_001714,1,boleto,1,95.59
o_001715,1,credit_card,2,123.16
o_001716,1,boleto,1,168.73
o_001717,1,boleto,1,29.64
o_001718,1,credit_card,6,122.67
o_001719,1,credit_card,1,56.28
o_001720,1,credit_card,8,35.67
o_001721,1,credit_card,1,110.01
o_001722,1,credit_card,1,90.83
o_001723,1,voucher,1,374.21
o_001724,1,credit_card,4,86.32
o_001725,1,credit_card,6,55.67
o_001726,1,debit_card,1,445.75
o_001727,1,credit_card,4,206.65
o_001728,1,credit_card,4,69.08
o_001729,1,credit_card,1,29.07
o_001730,1,credit_card,1,104.35
o_001731,1,credit_card,10,87.84
o_001732,1,credit_card,1,132.02
o_001733,1,credit_card,4,234.56
o_001734,1,credit_card,6,155.47
o_001735,1,boleto,1,143.89
o_001736,1,credit_card,1,40.2
o_001737,1,credit_card,1,66.75
o_001738,1,credit_card,1,213.19
o_001739,1,credit_card,6,242.93
o_001740,1,credit_card,1,50.23
o_001741,1,credit_card,1,112.85
o_001742,1,credit_card,3,300.58
o_001743,1,credit_card,1,75.35
o_001744,1,credit_card,2,97.62
o_001745,1,boleto,1,96.71
o_001746,1,debit_card,1,500.0
o_001747,1,credit_card,3,116.09
o_001748,1,credit_card,3,179.0
o_001749,1,boleto,1,119.0
o_001750,1,boleto,1,171.67
o_001751,1,credit_card,2,261.49
o_001752,1,credit_card,1,627.53
o_001753,1,credit_card,10,55.53
o_001754,1,credit_card,1,269.25
o_001755,1,boleto,1,85.3
o_001756,1,credit_card,3,137.18
o_001757,1,credit_card,2,66.24
o_001758,1,boleto,1,147.68
o_001759,1,credit_card,2,196.19
o_001760,1,credit_card,3,46.88
o_001761,1,credit_card,3,455.69
o_001762,1,credit_card,2,136.41
o_001763,1,credit_card,2,201.48
o_001764,1,credit_card,1,193.42
o_001765,1,credit_card,10,163.86
o_001766,1,credit_card,6,83.13
o_001767,1,debit_card,1,175.58
o_001768,1,credit_card,6,1326.52
o_001769,1,credit_card,8,32.84
o_001770,1,boleto,1,384.06
o_001771,1,credit_card,6,146.78
o_001772,1,credit_card,6,37.23
o_001773,1,credit_card,3,105.63
o_001774,1,credit_card,1,57.25
o_001775,1,credit_card,3,110.02
o_001776,1,credit_card,1,50.48
o_001777,1,credit_card,3,28.82
o_001778,1,credit_card,2,225.17
o_001779,1,credit_card,1,33.82
o_001780,1,boleto,1,898.68
o_001781,1,credit_card,1,29.45
o_001782,1,credit_card,3,53.48
o_001783,1,boleto,1,159.25
o_001784,1,credit_card,6,124.8
o_001785,1,credit_card,2,54.34
o_001786,1,boleto,1,27.84
o_001787,1,credit_card,1,297.53
o_001788,1,credit_card,6,41.04
o_001789,1,boleto,1,110.04
o_001790,1,boleto,1,52.78
o_001791,1,voucher,1,305.51
o_001792,1,credit_card,8,101.33
o_001793,1,credit_card,1,403.26
o_001794,1,credit_card,1,86.53
o_001795,1,credit_card,1,38.57
o_001796,1,boleto,1,104.65
o_001797,1,credit_card,10,128.26
o_001798,1,credit_card,3,175.67
o_001799,1,credit_card,8,133.29
o_001800,1,credit_card,8,36.61
o_001801,1,credit_card,1,99.82
o_001802,1,credit_card,1,377.94
o_001803,1,boleto,1,157.46
o_001804,1,credit_card,4,82.75
o_001805,1,credit_card,1,97.4
o_001806,1,voucher,1,125.53
o_001807,1,credit_card,1,79.85
o_001808,1,credit_card,6,294.57
o_001809,1,boleto,1,114.94
o_001810,1,credit_card,4,281.86
o_001811,1,credit_card,8,81.15
o_001812,1,credit_card,1,197.93
o_001813,1,credit_card,1,285.6
o_001814,1,debit_card,1,68.82
o_001815,1,credit_card,2,165.9
o_001816,1,credit_card,2,38.71
o_001817,1,credit_card,1,247.2
o_001818,1,credit_card,6,275.28
o_001819,1,boleto,1,203.21
o_001820,1,credit_card,1,202.32
o_001821,1,credit_card,3,59.22
o_001822,1,credit_card,1,105.69
o_001823,1,credit_card,12,48.35
o_001824,1,credit_card,1,93.75
o_001825,1,credit_card,3,68.63
o_001826,1,boleto,1,79.61
o_001827,1,boleto,1,113.05
o_001828,1,credit_card,1,89.84
o_001829,1,credit_card,4,149.03
o_001830,1,boleto,1,256.05
o_001831,1,credit_card,1,123.26
o_001832,1,credit_card,4,125.43
o_001833,1,credit_card,4,31.14
o_001834,1,voucher,1,304.41
o_001835,1,credit_card,1,137.47
o_001836,1,credit_card,1,316.42
o_001837,1,credit_card,1,265.15
o_001838,1,credit_card,1,51.38
o_001839,1,credit_card,8,95.42
o_001840,1,credit_card,1,226.51
o_001841,1,boleto,1,230.35
o_001842,1,voucher,1,150.7
o_001843,1,credit_card,2,80.93
o_001844,1,credit_card,3,94.27
o_001845,1,credit_card,12,50.3
o_001846,1,credit_card,6,52.34
o_001847,1,credit_card,1,25.56
o_001848,1,credit_card,1,111.24
o_001849,1,credit_card,2,208.48
o_001850,1,boleto,1,132.66
o_001851,1,voucher,1,405.14
o_001852,1,boleto,1,142.21
o_001853,1,boleto,1,373.35
o_001854,1,credit_card,2,81.63
o_001855,1,credit_card,1,124.44
o_001856,1,credit_card,1,146.46
o_001857,1,credit_card,8,672.95
o_001858,1,credit_card,2,351.56
o_001859,1,credit_card,4,260.19
o_001860,1,credit_card,1,175.68
o_001861,1,credit_card,1,56.19
o_001862,1,credit_card,1,49.3
o_001863,1,voucher,1,65.78
o_001864,1,credit_card,2,24.87
o_001865,1,credit_card,3,191.24
o_001866,1,voucher,1,129.58
o_001867,1,credit_card,1,107.94
o_001868,1,voucher,1,224.62
o_001869,1,boleto,1,45.86
o_001870,1,credit_card,2,201.77
o_001871,1,boleto,1,40.18
o_001872,1,credit_card,4,145.91
o_001873,1,credit_card,1,261.1
o_001874,1,credit_card,1,156.82
o_001875,1,boleto,1,128.2
o_001876,1,credit_card,1,324.9
o_001877,1,credit_card,2,58.82
o_001878,1,credit_card,2,151.62
o_001879,1,credit_card,1,148.76
o_001880,1,credit_card,1,52.47
o_001881,1,credit_card,1,88.54
o_001882,1,credit_card,1,238.05
o_001883,1,credit_card,1,82.15
o_001884,1,boleto,1,253.61
o_001885,1,credit_card,1,58.43
o_001886,1,credit_card,1,200.66
o_001887,1,credit_card,10,382.61
o_001888,1,credit_card,1,32.15
o_001889,1,credit_card,6,200.55
o_001890,1,credit_card,12,225.0
o_001891,1,credit_card,1,114.81
o_001892,1,credit_card,1,243.54
o_001893,1,credit_card,8,97.38
o_001894,1,voucher,1,260.16
o_001895,1,boleto,1,81.81
o_001896,1,credit_card,1,147.4
o_001897,1,credit_card,1,239.17
o_001898,1,credit_card,10,81.93
o_001899,1,boleto,1,111.26
o_001900,1,credit_card,1,40.71
o_001901,1,credit_card,10,271.37
o_001902,1,boleto,1,232.23
o_001903,1,boleto,1,86.8
o_001904,1,credit_card,4,77.8
o_001905,1,credit_card,3,404.77
o_001906,1,credit_card,1,140.74
o_001907,1,boleto,1,100.34
o_001908,1,credit_card,1,210.47
o_001909,1,credit_card,1,57.56
o_001910,1,boleto,1,290.67
o_001911,1,boleto,1,126.34
o_001912,1,boleto,1,87.29
o_001913,1,credit_card,3,173.78
o_001914,1,credit_card,1,73.78
o_001915,1,boleto,1,147.96
o_001916,1,boleto,1,22.64
o_001917,1,credit_card,4,74.45
o_001918,1,credit_card,6,103.5
o_001919,1,credit_card,1,65.45
o_001920,1,credit_card,1,116.67
o_001921,1,credit_card,1,250.15
o_001922,1,credit_card,1,128.58
o_001923,1,boleto,1,182.36
o_001924,1,credit_card,1,108.88
o_001925,1,credit_card,1,472.75
o_001926,1,credit_card,2,111.7
o_001927,1,credit_card,4,46.89
o_001928,1,credit_card,1,195.53
o_001929,1,credit_card,4,132.95
o_001930,1,credit_card,1,55.82
o_001931,1,credit_card,2,216.17
o_001932,1,credit_card,2,100.95
o_001933,1,credit_card,2,92.19
o_001934,1,credit_card,6,29.32
o_001935,1,credit_card,1,253.28
o_001936,1,voucher,1,205.83
o_001937,1,credit_card,10,149.77
o_001938,1,credit_card,2,125.33
o_001939,1,boleto,1,236.85
o_001940,1,credit_card,3,334.59
o_001941,1,debit_card,1,177.92
o_001942,1,boleto,1,83.96
o_001943,1,boleto,1,124.9
o_001944,1,credit_card,4,33.19
o_001945,1,boleto,1,48.46
o_001946,1,credit_card,2,279.4
o_001947,1,debit_card,1,43.07
o_001948,1,credit_card,1,31.83
o_001949,1,boleto,1,183.91
o_001950,1,credit_card,1,282.65
o_001951,1,credit_card,1,227.17
o_001952,1,credit_card,1,201.0
o_001953,1,boleto,1,130.31
o_001954,1,credit_card,2,160.18
o_001955,1,credit_card,1,202.12
o_001956,1,voucher,1,52.31
o_001957,1,credit_card,10,206.46
o_001958,1,debit_card,1,128.35
o_001959,1,credit_card,1,146.81
o_001960,1,credit_card,8,152.91
o_001961,1,boleto,1,288.27
o_001962,1,boleto,1,111.8
o_001963,1,credit_card,4,115.26
o_001964,1,credit_card,12,431.96
o_001965,1,credit_card,1,94.92
o_001966,1,boleto,1,243.22
o_001967,1,credit_card,8,122.42
o_001968,1,credit_card,1,61.73
o_001969,1,boleto,1,276.05
o_001970,1,boleto,1,107.98
o_001971,1,credit_card,1,83.33
o_001972,1,credit_card,1,127.83
o_001973,1,credit_card,4,153.14
o_001974,1,credit_card,3,121.61
o_001975,1,credit_card,1,56.08
o_001976,1,credit_card,1,278.06
o_001977,1,credit_card,1,189.2
o_001978,1,boleto,1,453.21
o_001979,1,voucher,1,173.55
o_001980,1,credit_card,2,285.4
o_001981,1,credit_card,1,121.89
o_001982,1,credit_card,1,229.5
o_001983,1,credit_card,2,324.78
o_001984,1,credit_card,4,244.66
o_001985,1,credit_card,1,115.5
o_001986,1,boleto,1,231.68
o_001987,1,credit_card,1,460.58
o_001988,1,boleto,1,80.21
o_001989,1,credit_card,1,371.98
o_001990,1,boleto,1,330.32
o_001991,1,boleto,1,105.03
o_001992,1,credit_card,1,185.31
o_001993,1,credit_card,1,182.51
o_001994,1,credit_card,2,98.0
o_001995,1,credit_card,1,210.13
o_001996,1,credit_card,3,166.9
o_001997,1,credit_card,2,93.36
o_001998,1,credit_card,6,275.89
o_001999,1,credit_card,6,200.06
o_002000,1,credit_card,2,466.89
o_002001,1,credit_card,2,161.58
o_002002,1,credit_card,1,101.83
o_002003,1,boleto,1,269.47
o_002004,1,credit_card,6,219.26
o_002005,1,boleto,1,120.2
o_002006,1,boleto,1,263.01
o_002007,1,credit_card,1,239.84
o_002008,1,credit_card,10,339.88
o_002009,1,credit_card,3,59.78
o_002010,1,boleto,1,334.77
o_002011,1,credit_card,2,356.06
o_002012,1,credit_card,2,342.47
o_002013,1,credit_card,1,154.22
o_002014,1,credit_card,1,84.8
o_002015,1,boleto,1,78.08
o_002016,1,debit_card,1,32.22
o_002017,1,voucher,1,173.74
o_002018,1,credit_card,10,179.71
o_002019,1,credit_card,8,90.29
o_002020,1,credit_card,12,189.44
o_002021,1,voucher,1,102.97
o_002022,1,voucher,1,167.33
o_002023,1,credit_card,4,516.03
o_002024,1,credit_card,6,45.06
o_002025,1,credit_card,1,174.66
o_002026,1,voucher,1,156.89
o_002027,1,credit_card,6,92.48
o_002028,1,credit_card,6,55.41
o_002029,1,debit_card,1,204.1
o_002030,1,credit_card,6,62.65
o_002031,1,voucher,1,33.54
o_002032,1,boleto,1,139.43
o_002033,1,credit_card,4,305.41
o_002034,1,debit_card,1,187.53
o_002035,1,credit_card,1,45.21
o_002036,1,credit_card,3,26.19
o_002037,1,voucher,1,448.62
o_002038,1,credit_card,6,69.37
o_002039,1,credit_card,1,198.83
o_002040,1,boleto,1,47.21
o_002041,1,boleto,1,210.34
o_002042,1,credit_card,1,54.27
o_002043,1,boleto,1,460.79
o_002044,1,boleto,1,44.47
o_002045,1,credit_card,3,132.2
o_002046,1,boleto,1,493.73
o_002047,1,credit_card,1,73.1
o_002048,1,credit_card,1,117.4
o_002049,1,credit_card,6,142.96
o_002050,1,credit_card,2,60.18
o_002051,1,credit_card,3,296.01
o_002052,1,credit_card,1,55.81
o_002053,1,boleto,1,188.94
o_002054,1,credit_card,2,306.73
o_002055,1,credit_card,2,91.6
o_002056,1,credit_card,1,141.16
o_002057,1,credit_card,1,102.4
o_002058,1,debit_card,1,231.15
o_002059,1,voucher,1,380.72
o_002060,1,credit_card,1,224.37
o_002061,1,boleto,1,219.74
o_002062,1,credit_card,1,119.13
o_002063,1,credit_card,1,436.14
o_002064,1,credit_card,6,65.56
o_002065,1,credit_card,2,132.56
o_002066,1,credit_card,10,116.56
o_002067,1,debit_card,1,107.87
o_002068,1,credit_card,1,252.78
o_002069,1,credit_card,1,104.92
o_002070,1,credit_card,2,76.73
o_002071,1,credit_card,1,116.22
o_002072,1,credit_card,1,42.04
o_002073,1,credit_card,1,38.46
o_002074,1,credit_card,3,421.59
o_002075,1,credit_card,1,405.03
o_002076,1,credit_card,6,77.86
o_002077,1,credit_card,3,77.49
o_002078,1,credit_card,1,80.89
o_002079,1,credit_card,1,298.03
o_002080,1,credit_card,2,105.33
o_002081,1,voucher,1,44.28
o_002082,1,credit_card,1,78.21
o_002083,1,credit_card,1,40.67
o_002084,1,voucher,1,83.22
o_002085,1,credit_card,1,170.03
o_002086,1,credit_card,1,36.26
o_002087,1,boleto,1,62.75
o_002088,1,credit_card,8,52.86
o_002089,1,credit_card,1,565.49
o_002090,1,credit_card,4,109.23
o_002091,1,credit_card,4,99.62
o_002092,1,credit_card,3,63.32
o_002093,1,credit_card,3,591.39
o_002094,1,voucher,1,235.59
o_002095,1,boleto,1,407.61
o_002096,1,credit_card,2,399.38
o_002097,1,boleto,1,253.49
o_002098,1,credit_card,1,55.88
o_002099,1,credit_card,1,230.34
o_002100,1,credit_card,3,824.17
o_002101,1,credit_card,1,293.34
o_002102,1,credit_card,1,389.93
o_002103,1,credit_card,2,638.41
o_002104,1,credit_card,2,557.09
o_002105,1,credit_card,1,87.92
o_002106,1,credit_card,6,79.63
o_002107,1,credit_card,1,171.49
o_002108,1,debit_card,1,394.64
o_002109,1,credit_card,1,119.28
o_002110,1,credit_card,1,193.92
o_002111,1,credit_card,4,105.86
o_002112,1,credit_card,2,73.77
o_002113,1,credit_card,2,157.2
o_002114,1,voucher,1,62.63
o_002115,1,credit_card,1,149.46
o_002116,1,voucher,1,65.82
o_002117,1,boleto,1,319.19
o_002118,1,boleto,1,24.73
o_002119,1,credit_card,1,268.48
o_002120,1,voucher,1,22.45
o_002121,1,boleto,1,44.0
o_002122,1,credit_card,1,200.08
o_002123,1,boleto,1,160.73
o_002124,1,credit_card,1,27.93
o_002125,1,credit_card,1,132.31
o_002126,1,credit_card,2,141.61
o_002127,1,credit_card,1,41.57
o_002128,1,credit_card,1,178.04
o_002129,1,credit_card,3,86.94
o_002130,1,credit_card,1,25.02
o_002131,1,credit_card,1,43.9
o_002132,1,credit_card,2,202.82
o_002133,1,credit_card,6,50.84
o_002134,1,credit_card,1,132.87
o_002135,1,credit_card,4,345.36
o_002136,1,debit_card,1,103.64
o_002137,1,credit_card,1,124.11
o_002138,1,boleto,1,134.35
o_002139,1,credit_card,6,459.45
o_002140,1,credit_card,2,181.8
o_002141,1,credit_card,1,50.35
o_002142,1,credit_card,10,56.83
o_002143,1,boleto,1,45.16
o_002144,1,credit_card,6,84.89
o_002145,1,credit_card,2,158.18
o_002146,1,credit_card,8,56.37
o_002147,1,boleto,1,182.8
o_002148,1,credit_card,3,73.16
o_002149,1,credit_card,1,118.38
o_002150,1,boleto,1,165.25
o_002151,1,credit_card,2,206.8
o_002152,1,boleto,1,315.25
o_002153,1,boleto,1,157.16
o_002154,1,credit_card,1,38.87
o_002155,1,credit_card,1,124.57
o_002156,1,credit_card,12,341.53
o_002157,1,credit_card,2,80.94
o_002158,1,boleto,1,334.48
o_002159,1,credit_card,1,63.96
o_002160,1,credit_card,8,152.21
o_002161,1,credit_card,1,311.79
o_002162,1,credit_card,1,68.0
o_002163,1,credit_card,4,269.19
o_002164,1,boleto,1,238.39
o_002165,1,credit_card,1,136.55
o_002166,1,credit_card,3,39.15
o_002167,1,boleto,1,56.6
o_002168,1,boleto,1,178.52
o_002169,1,credit_card,2,99.76
o_002170,1,credit_card,4,412.87
o_002171,1,voucher,1,210.4
o_002172,1,credit_card,1,221.21
o_002173,1,credit_card,1,185.58
o_002174,1,credit_card,6,78.79
o_002175,1,credit_card,1,69.53
o_002176,1,credit_card,4,662.4
o_002177,1,credit_card,3,91.32
o_002178,1,boleto,1,77.06
o_002179,1,credit_card,6,255.42
o_002180,1,credit_card,4,227.05
o_002181,1,boleto,1,78.23
o_002182,1,voucher,1,270.92
o_002183,1,credit_card,12,32.14
o_002184,1,credit_card,4,223.65
o_002185,1,credit_card,1,273.72
o_002186,1,credit_card,1,51.74
o_002187,1,boleto,1,114.06
o_002188,1,boleto,1,146.33
o_002189,1,voucher,1,217.99
o_002190,1,credit_card,1,191.55
o_002191,1,credit_card,2,269.71
o_002192,1,credit_card,2,117.63
o_002193,1,credit_card,4,172.79
o_002194,1,credit_card,1,154.17
o_002195,1,credit_card,2,134.06
o_002196,1,credit_card,6,138.03
o_002197,1,boleto,1,711.24
o_002198,1,credit_card,1,67.62
o_002199,1,credit_card,1,257.39
o_002200,1,credit_card,2,81.6
o_002201,1,credit_card,1,242.95
o_002202,1,boleto,1,277.53
o_002203,1,credit_card,8,121.1
o_002204,1,boleto,1,239.99
o_002205,1,credit_card,3,102.56
o_002206,1,boleto,1,76.91
o_002207,1,credit_card,2,145.91
o_002208,1,boleto,1,193.86
o_002209,1,credit_card,10,315.98
o_002210,1,boleto,1,64.39
o_002211,1,credit_card,1,312.72
o_002212,1,boleto,1,93.19
o_002213,1,credit_card,4,157.96
o_002214,1,credit_card,1,79.13
o_002215,1,boleto,1,161.72
o_002216,1,credit_card,4,290.27
o_002217,1,credit_card,3,104.32
o_002218,1,boleto,1,40.61
o_002219,1,credit_card,10,40.26
o_002220,1,credit_card,1,292.3
o_002221,1,boleto,1,88.93
o_002222,1,credit_card,3,98.45
o_002223,1,voucher,1,36.19
o_002224,1,credit_card,1,55.4
o_002225,1,credit_card,2,252.58
o_002226,1,boleto,1,136.69
o_002227,1,credit_card,6,319.68
o_002228,1,credit_card,4,222.03
o_002229,1,boleto,1,223.43
o_002230,1,debit_card,1,287.2
o_002231,1,credit_card,1,70.65
o_002232,1,boleto,1,237.57
o_002233,1,credit_card,1,386.9
o_002234,1,credit_card,6,335.39
o_002235,1,credit_card,3,164.23
o_002236,1,voucher,1,384.74
o_002237,1,credit_card,12,300.07
o_002238,1,boleto,1,219.79
o_002239,1,credit_card,1,114.15
o_002240,1,boleto,1,75.38
o_002241,1,boleto,1,203.54
o_002242,1,boleto,1,99.27
o_002243,1,credit_card,10,53.74
o_002244,1,credit_card,2,245.11
o_002245,1,credit_card,1,161.05
o_002246,1,credit_card,8,73.12
o_002247,1,credit_card,1,165.27
o_002248,1,boleto,1,96.17
o_002249,1,credit_card,8,178.48
o_002250,1,credit_card,8,42.7
o_002251,1,credit_card,1,36.45
o_002252,1,debit_card,1,47.81
o_002253,1,credit_card,3,489.93
o_002254,1,credit_card,6,127.07
o_002255,1,boleto,1,44.23
o_002256,1,credit_card,1,70.85
o_002257,1,credit_card,6,71.61
o_002258,1,boleto,1,115.51
o_002259,1,credit_card,12,316.45
o_002260,1,credit_card,3,95.76
o_002261,1,credit_card,1,370.01
o_002262,1,credit_card,10,314.42
o_002263,1,credit_card,1,153.91
o_002264,1,credit_card,3,53.77
o_002265,1,boleto,1,280.13
o_002266,1,credit_card,1,257.71
o_002267,1,credit_card,3,120.17
o_002268,1,credit_card,3,242.36
o_002269,1,credit_card,2,52.15
o_002270,1,credit_card,6,205.59
o_002271,1,boleto,1,94.85
o_002272,1,credit_card,1,236.49
o_002273,1,boleto,1,141.81
o_002274,1,credit_card,1,302.69
o_002275,1,credit_card,1,118.85
o_002276,1,credit_card,6,60.3
o_002277,1,boleto,1,78.67
o_002278,1,credit_card,2,177.73
o_002279,1,credit_card,1,89.8
o_002280,1,credit_card,2,183.82
o_002281,1,voucher,1,381.73
o_002282,1,boleto,1,194.66
o_002283,1,credit_card,2,122.79
o_002284,1,voucher,1,138.5
o_002285,1,credit_card,1,65.71
o_002286,1,credit_card,1,138.15
o_002287,1,credit_card,4,170.43
o_002288,1,boleto,1,183.23
o_002289,1,credit_card,1,400.67
o_002290,1,credit_card,4,76.52
o_002291,1,boleto,1,179.04
o_002292,1,credit_card,2,256.09
o_002293,1,credit_card,1,136.75
o_002294,1,credit_card,2,154.58
o_002295,1,credit_card,1,255.17
o_002296,1,credit_card,3,112.04
o_002297,1,credit_card,4,78.42
o_002298,1,credit_card,4,156.88
o_002299,1,voucher,1,137.94
o_002300,1,credit_card,4,199.27
o_002301,1,voucher,1,92.58
o_002302,1,credit_card,1,33.72
o_002303,1,voucher,1,53.49
o_002304,1,debit_card,1,371.23
o_002305,1,credit_card,6,45.26
o_002306,1,credit_card,1,234.0
o_002307,1,credit_card,2,82.03
o_002308,1,boleto,1,37.73
o_002309,1,credit_card,4,206.82
o_002310,1,credit_card,4,184.14
o_002311,1,credit_card,1,229.06
o_002312,1,credit_card,10,87.69
o_002313,1,credit_card,2,56.73
o_002314,1,credit_card,4,386.26
o_002315,1,credit_card,4,58.87
o_002316,1,credit_card,2,51.16
o_002317,1,credit_card,1,299.39
o_002318,1,credit_card,3,77.98
o_002319,1,credit_card,2,193.35
o_002320,1,credit_card,2,170.56
o_002321,1,boleto,1,66.91
o_002322,1,credit_card,1,248.37
o_002323,1,credit_card,1,215.18
o_002324,1,credit_card,4,114.91
o_002325,1,boleto,1,395.46
o_002326,1,credit_card,10,140.76
o_002327,1,credit_card,1,184.93
o_002328,1,credit_card,3,58.72
o_002329,1,credit_card,1,217.43
o_002330,1,credit_card,1,65.45
o_002331,1,credit_card,3,77.98
o_002332,1,credit_card,1,59.72
o_002333,1,boleto,1,416.46
o_002334,1,credit_card,2,40.34
o_002335,1,credit_card,2,249.75
o_002336,1,boleto,1,144.85
o_002337,1,credit_card,1,230.46
o_002338,1,credit_card,1,122.32
o_002339,1,credit_card,10,273.08
o_002340,1,credit_card,3,189.11
o_002341,1,credit_card,10,284.19
o_002342,1,credit_card,1,24.8
o_002343,1,credit_card,1,389.83
o_002344,1,credit_card,8,134.95
o_002345,1,credit_card,8,168.83
o_002346,1,credit_card,4,29.41
o_002347,1,boleto,1,202.04
o_002348,1,credit_card,8,507.26
o_002349,1,credit_card,1,59.12
o_002350,1,boleto,1,188.89
o_002351,1,credit_card,2,66.81
o_002352,1,credit_card,4,51.29
o_002353,1,credit_card,2,74.32
o_002354,1,boleto,1,192.61
o_002355,1,credit_card,1,47.39
o_002356,1,boleto,1,202.42
o_002357,1,credit_card,2,256.53
o_002358,1,voucher,1,137.88
o_002359,1,credit_card,1,178.19
o_002360,1,credit_card,1,257.98
o_002361,1,boleto,1,76.27
o_002362,1,boleto,1,281.89
o_002363,1,credit_card,12,175.23
o_002364,1,boleto,1,95.74
o_002365,1,credit_card,12,471.77
o_002366,1,credit_card,1,90.79
o_002367,1,credit_card,3,60.5
o_002368,1,boleto,1,241.67
o_002369,1,credit_card,1,84.88
o_002370,1,credit_card,2,145.49
o_002371,1,boleto,1,31.16
o_002372,1,credit_card,1,367.64
o_002373,1,credit_card,6,195.01
o_002374,1,boleto,1,258.9
o_002375,1,credit_card,2,301.92
o_002376,1,credit_card,6,52.85
o_002377,1,credit_card,6,291.13
o_002378,1,credit_card,3,151.66
o_002379,1,credit_card,2,293.34
o_002380,1,credit_card,2,90.56
o_002381,1,credit_card,3,480.14
o_002382,1,credit_card,6,110.31
o_002383,1,credit_card,10,57.87
o_002384,1,credit_card,3,53.93
o_002385,1,boleto,1,224.14
o_002386,1,boleto,1,44.78
o_002387,1,credit_card,1,110.86
o_002388,1,boleto,1,262.93
o_002389,1,credit_card,8,89.79
o_002390,1,credit_card,3,36.2
o_002391,1,credit_card,1,61.19
o_002392,1,credit_card,1,95.72
o_002393,1,credit_card,2,47.47
o_002394,1,credit_card,3,80.78
o_002395,1,boleto,1,130.2
o_002396,1,credit_card,1,199.3
o_002397,1,credit_card,1,254.39
o_002398,1,boleto,1,234.91
o_002399,1,credit_card,1,162.01
o_002400,1,debit_card,1,112.1
o_002401,1,credit_card,1,280.85
o_002402,1,credit_card,1,198.26
o_002403,1,credit_card,3,146.93
o_002404,1,debit_card,1,40.28
o_002405,1,credit_card,1,191.24
o_002406,1,voucher,1,55.91
o_002407,1,credit_card,2,40.05
o_002408,1,boleto,1,122.73
o_002409,1,boleto,1,95.6
o_002410,1,boleto,1,281.64
o_002411,1,credit_card,10,105.65
o_002412,1,credit_card,1,148.74
o_002413,1,debit_card,1,224.89
o_002414,1,boleto,1,134.5
o_002415,1,credit_card,1,57.44
o_002416,1,credit_card,10,91.68
o_002417,1,credit_card,1,69.01
o_002418,1,credit_card,1,123.78
o_002419,1,credit_card,10,215.59
o_002420,1,credit_card,1,60.25
o_002421,1,credit_card,1,305.75
o_002422,1,credit_card,2,201.12
o_002423,1,credit_card,1,90.53
o_002424,1,credit_card,3,53.43
o_002425,1,credit_card,4,395.76
o_002426,1,credit_card,2,196.9
o_002427,1,credit_card,1,99.71
o_002428,1,credit_card,1,208.04
o_002429,1,credit_card,1,169.18
o_002430,1,credit_card,1,64.61
o_002431,1,boleto,1,83.67
o_002432,1,credit_card,8,36.39
o_002433,1,credit_card,1,306.88
o_002434,1,voucher,1,430.96
o_002435,1,credit_card,10,161.94
o_002436,1,credit_card,2,58.46
o_002437,1,boleto,1,131.68
o_002438,1,boleto,1,38.55
o_002439,1,credit_card,1,206.27
o_002440,1,credit_card,1,118.63
o_002441,1,credit_card,4,33.18
o_002442,1,credit_card,10,101.28
o_002443,1,credit_card,3,227.52
o_002444,1,credit_card,1,766.18
o_002445,1,credit_card,1,115.92
o_002446,1,credit_card,1,65.05
o_002447,1,credit_card,3,193.24
o_002448,1,credit_card,1,151.9
o_002449,1,boleto,1,122.03
o_002450,1,credit_card,1,108.3
o_002451,1,boleto,1,47.2
o_002452,1,credit_card,2,51.98
o_002453,1,boleto,1,439.69
o_002454,1,credit_card,1,224.42
o_002455,1,credit_card,6,122.01
o_002456,1,boleto,1,65.71
o_002457,1,credit_card,2,77.0
o_002458,1,credit_card,1,50.04
o_002459,1,credit_card,10,748.31
o_002460,1,credit_card,3,76.92
o_002461,1,boleto,1,190.46
o_002462,1,credit_card,1,344.75
o_002463,1,credit_card,12,90.95
o_002464,1,credit_card,6,35.13
o_002465,1,credit_card,10,337.33
o_002466,1,credit_card,3,146.62
o_002467,1,credit_card,1,109.94
o_002468,1,voucher,1,175.38
o_002469,1,credit_card,1,249.31
o_002470,1,credit_card,1,56.55
o_002471,1,credit_card,1,387.93
o_002472,1,credit_card,1,181.65
o_002473,1,credit_card,2,52.57
o_002474,1,boleto,1,49.96
o_002475,1,credit_card,2,47.51
o_002476,1,credit_card,8,141.82
o_002477,1,voucher,1,39.01
o_002478,1,credit_card,1,82.34
o_002479,1,credit_card,1,227.12
o_002480,1,credit_card,1,86.62
o_002481,1,credit_card,6,143.49
o_002482,1,boleto,1,67.86
o_002483,1,credit_card,2,74.37
o_002484,1,credit_card,4,80.95
o_002485,1,credit_card,1,189.98
o_002486,1,credit_card,1,58.58
o_002487,1,boleto,1,127.88
o_002488,1,credit_card,8,143.34
o_002489,1,boleto,1,158.8
o_002490,1,credit_card,6,80.98
o_002491,1,credit_card,1,229.39
o_002492,1,credit_card,1,55.61
o_002493,1,voucher,1,405.64
o_002494,1,boleto,1,68.14
o_002495,1,credit_card,6,339.6
o_002496,1,credit_card,8,399.34
o_002497,1,credit_card,1,155.95
o_002498,1,voucher,1,296.39
o_002499,1,credit_card,1,89.13
o_002500,1,credit_card,3,112.99
o_002501,1,credit_card,1,51.9
o_002502,1,boleto,1,119.82
o_002503,1,credit_card,1,213.85
o_002504,1,credit_card,1,64.51
o_002505,1,voucher,1,203.42
o_002506,1,credit_card,1,113.25
o_002507,1,credit_card,1,167.88
o_002508,1,credit_card,4,65.5
o_002509,1,credit_card,6,229.02
o_002510,1,credit_card,2,69.99
o_002511,1,boleto,1,127.44
o_002512,1,boleto,1,155.92
o_002513,1,credit_card,12,82.84
o_002514,1,credit_card,6,116.34
o_002515,1,boleto,1,250.77
o_002516,1,credit_card,4,211.86
o_002517,1,credit_card,1,78.1
o_002518,1,credit_card,1,334.64
o_002519,1,boleto,1,57.63
o_002520,1,boleto,1,81.51
o_002521,1,credit_card,2,57.94
o_002522,1,credit_card,1,292.88
o_002523,1,credit_card,1,86.54
o_002524,1,credit_card,1,286.05
o_002525,1,credit_card,6,89.28
o_002526,1,credit_card,6,46.92
o_002527,1,boleto,1,69.82
o_002528,1,credit_card,2,134.04
o_002529,1,credit_card,3,246.35
o_002530,1,credit_card,1,69.07
o_002531,1,boleto,1,200.69
o_002532,1,credit_card,1,203.07
o_002533,1,boleto,1,170.02
o_002534,1,credit_card,3,45.34
o_002535,1,boleto,1,158.47
o_002536,1,credit_card,3,136.01
o_002537,1,boleto,1,90.71
o_002538,1,credit_card,12,56.86
o_002539,1,credit_card,4,187.58
o_002540,1,credit_card,6,111.56
o_002541,1,boleto,1,52.23
o_002542,1,credit_card,1,46.49
o_002543,1,credit_card,2,134.19
o_002544,1,boleto,1,427.66
o_002545,1,credit_card,3,69.58
o_002546,1,credit_card,1,61.55
o_002547,1,credit_card,4,115.68
o_002548,1,credit_card,3,230.01
o_002549,1,boleto,1,103.69
o_002550,1,credit_card,2,103.98
o_002551,1,boleto,1,153.84
o_002552,1,credit_card,1,322.93
o_002553,1,credit_card,1,48.99
o_002554,1,credit_card,1,137.19
o_002555,1,boleto,1,135.26
o_002556,1,boleto,1,97.94
o_002557,1,credit_card,8,94.63
o_002558,1,credit_card,3,45.27
o_002559,1,credit_card,1,103.58
o_002560,1,voucher,1,243.37
o_002561,1,voucher,1,318.95
o_002562,1,voucher,1,233.96
o_002563,1,credit_card,1,113.24
o_002564,1,credit_card,1,72.32
o_002565,1,credit_card,1,77.39
o_002566,1,credit_card,3,225.37
o_002567,1,credit_card,2,300.95
o_002568,1,voucher,1,137.17
o_002569,1,boleto,1,188.17
o_002570,1,credit_card,10,139.85
o_002571,1,credit_card,2,286.61
o_002572,1,credit_card,2,99.03
o_002573,1,credit_card,6,25.91
o_002574,1,credit_card,1,222.5
o_002575,1,credit_card,1,104.04
o_002576,1,credit_card,1,58.96
o_002577,1,credit_card,8,76.66
o_002578,1,credit_card,1,145.59
o_002579,1,credit_card,1,60.33
o_002580,1,credit_card,1,292.49
o_002581,1,boleto,1,76.87
o_002582,1,credit_card,4,57.21
o_002583,1,credit_card,1,89.39
o_002584,1,voucher,1,37.58
o_002585,1,credit_card,6,385.37
o_002586,1,credit_card,2,40.25
o_002587,1,credit_card,4,483.69
o_002588,1,credit_card,10,161.32
o_002589,1,credit_card,10,311.36
o_002590,1,credit_card,2,136.1
o_002591,1,credit_card,1,198.77
o_002592,1,credit_card,10,105.28
o_002593,1,credit_card,1,261.25
o_002594,1,credit_card,1,551.53
o_002595,1,credit_card,1,301.91
o_002596,1,credit_card,1,44.08
o_002597,1,credit_card,6,296.44
o_002598,1,credit_card,4,186.49
o_002599,1,credit_card,1,205.02
o_002600,1,credit_card,1,501.38
o_002601,1,voucher,1,118.82
o_002602,1,credit_card,4,145.23
o_002603,1,credit_card,6,67.66
o_002604,1,credit_card,1,52.64
o_002605,1,credit_card,2,117.43
o_002606,1,credit_card,1,216.44
o_002607,1,credit_card,3,696.3
o_002608,1,credit_card,4,395.73
o_002609,1,credit_card,3,118.95
o_002610,1,boleto,1,122.54
o_002611,1,credit_card,2,313.61
o_002612,1,boleto,1,240.04
o_002613,1,boleto,1,217.63
o_002614,1,credit_card,1,384.75
o_002615,1,voucher,1,56.58
o_002616,1,boleto,1,446.57
o_002617,1,credit_card,1,109.31
o_002618,1,credit_card,2,74.15
o_002619,1,credit_card,1,74.53
o_002620,1,credit_card,1,559.73
o_002621,1,credit_card,1,291.67
o_002622,1,credit_card,2,343.58
o_002623,1,credit_card,10,195.51
o_002624,1,credit_card,1,472.64
o_002625,1,credit_card,10,257.81
o_002626,1,credit_card,4,91.47
o_002627,1,boleto,1,516.8
o_002628,1,credit_card,1,125.0
o_002629,1,credit_card,1,147.49
o_002630,1,credit_card,2,222.24
o_002631,1,boleto,1,273.34
o_002632,1,credit_card,12,66.88
o_002633,1,credit_card,2,297.07
o_002634,1,boleto,1,534.58
o_002635,1,boleto,1,618.35
o_002636,1,boleto,1,192.57
o_002637,1,debit_card,1,167.47
o_002638,1,boleto,1,85.97
o_002639,1,credit_card,6,328.44
o_002640,1,credit_card,3,437.37
o_002641,1,credit_card,3,157.01
o_002642,1,credit_card,10,147.38
o_002643,1,credit_card,1,111.2
o_002644,1,boleto,1,54.24
o_002645,1,boleto,1,310.07
o_002646,1,credit_card,3,64.94
o_002647,1,boleto,1,557.38
o_002648,1,credit_card,2,248.38
o_002649,1,credit_card,12,40.77
o_002650,1,credit_card,1,66.01
o_002651,1,credit_card,2,149.22
o_002652,1,credit_card,2,73.92
o_002653,1,boleto,1,169.99
o_002654,1,credit_card,1,112.78
o_002655,1,credit_card,2,119.07
o_002656,1,credit_card,6,119.26
o_002657,1,credit_card,4,303.96
o_002658,1,credit_card,6,86.38
o_002659,1,credit_card,2,100.7
o_002660,1,credit_card,2,441.94
o_002661,1,boleto,1,90.31
o_002662,1,voucher,1,243.87
o_002663,1,credit_card,12,78.74
o_002664,1,credit_card,1,152.6
o_002665,1,credit_card,4,283.27
o_002666,1,credit_card,1,296.54
o_002667,1,credit_card,1,50.69
o_002668,1,credit_card,1,31.4
o_002669,1,boleto,1,51.76
o_002670,1,credit_card,1,231.42
o_002671,1,boleto,1,203.6
o_002672,1,boleto,1,90.93
o_002673,1,credit_card,4,31.71
o_002674,1,boleto,1,111.25
o_002675,1,credit_card,4,327.65
o_002676,1,credit_card,1,82.58
o_002677,1,credit_card,6,1009.39
o_002678,1,credit_card,1,115.41
o_002679,1,credit_card,2,48.9
o_002680,1,credit_card,1,64.66
o_002681,1,credit_card,1,454.64
o_002682,1,credit_card,1,151.55
o_002683,1,voucher,1,86.77
o_002684,1,credit_card,4,133.93
o_002685,1,credit_card,2,303.29
o_002686,1,credit_card,1,174.28
o_002687,1,credit_card,4,189.5
o_002688,1,credit_card,1,77.0
o_002689,1,credit_card,12,31.15
o_002690,1,credit_card,1,147.28
o_002691,1,credit_card,4,147.12
o_002692,1,debit_card,1,627.73
o_002693,1,credit_card,3,211.48
o_002694,1,credit_card,10,196.82
o_002695,1,voucher,1,77.5
o_002696,1,credit_card,4,67.37
o_002697,1,credit_card,1,50.18
o_002698,1,voucher,1,60.84
o_002699,1,boleto,1,267.94
o_002700,1,credit_card,4,502.59
o_002701,1,boleto,1,95.54
o_002702,1,credit_card,2,352.38
o_002703,1,credit_card,1,138.85
o_002704,1,voucher,1,103.06
o_002705,1,credit_card,10,54.74
o_002706,1,credit_card,1,113.79
o_002707,1,credit_card,1,111.67
o_002708,1,credit_card,6,162.56
o_002709,1,credit_card,1,124.06
o_002710,1,credit_card,2,117.43
o_002711,1,credit_card,4,45.4
o_002712,1,credit_card,12,261.77
o_002713,1,debit_card,1,65.07
o_002714,1,boleto,1,231.91
o_002715,1,boleto,1,238.37
o_002716,1,boleto,1,110.05
o_002717,1,credit_card,10,151.99
o_002718,1,credit_card,2,541.45
o_002719,1,credit_card,1,62.08
o_002720,1,credit_card,4,60.56
o_002721,1,credit_card,4,152.27
o_002722,1,credit_card,8,65.88
o_002723,1,credit_card,4,93.44
o_002724,1,credit_card,3,67.17
o_002725,1,credit_card,1,214.21
o_002726,1,voucher,1,490.31
o_002727,1,voucher,1,148.0
o_002728,1,voucher,1,110.61
o_002729,1,boleto,1,237.26
o_002730,1,credit_card,1,211.25
o_002731,1,credit_card,6,171.23
o_002732,1,credit_card,1,133.94
o_002733,1,credit_card,1,46.79
o_002734,1,debit_card,1,79.9
o_002735,1,credit_card,1,39.3
o_002736,1,boleto,1,206.62
o_002737,1,boleto,1,168.73
o_002738,1,debit_card,1,152.78
o_002739,1,credit_card,1,44.54
o_002740,1,credit_card,6,354.28
o_002741,1,voucher,1,74.15
o_002742,1,voucher,1,52.56
o_002743,1,boleto,1,86.47
o_002744,1,credit_card,12,29.13
o_002745,1,voucher,1,155.77
o_002746,1,credit_card,1,111.84
o_002747,1,boleto,1,148.68
o_002748,1,credit_card,1,139.5
o_002749,1,boleto,1,81.42
o_002750,1,boleto,1,120.64
o_002751,1,credit_card,4,111.15
o_002752,1,credit_card,1,77.07
o_002753,1,credit_card,1,86.33
o_002754,1,credit_card,1,180.46
o_002755,1,credit_card,12,193.22
o_002756,1,credit_card,1,848.19
o_002757,1,credit_card,3,209.39
o_002758,1,boleto,1,77.76
o_002759,1,credit_card,1,55.42
o_002760,1,boleto,1,59.46
o_002761,1,credit_card,3,49.67
o_002762,1,credit_card,1,200.3
o_002763,1,credit_card,1,54.98
o_002764,1,credit_card,1,220.74
o_002765,1,credit_card,3,105.86
o_002766,1,credit_card,1,258.34
o_002767,1,credit_card,1,36.07
o_002768,1,debit_card,1,27.24
o_002769,1,boleto,1,111.74
o_002770,1,credit_card,6,53.48
o_002771,1,credit_card,1,228.0
o_002772,1,credit_card,1,387.94
o_002773,1,credit_card,1,140.68
o_002774,1,credit_card,3,78.41
o_002775,1,credit_card,1,40.44
o_002776,1,credit_card,1,125.2
o_002777,1,voucher,1,353.41
o_002778,1,boleto,1,88.19
o_002779,1,boleto,1,138.57
o_002780,1,credit_card,10,536.16
o_002781,1,credit_card,6,49.67
o_002782,1,credit_card,12,228.61
o_002783,1,credit_card,1,154.39
o_002784,1,credit_card,8,125.08
o_002785,1,boleto,1,387.24
o_002786,1,boleto,1,887.13
o_002787,1,credit_card,1,199.9
o_002788,1,credit_card,1,273.05
o_002789,1,credit_card,1,276.06
o_002790,1,credit_card,3,204.04
o_002791,1,credit_card,1,398.54
o_002792,1,credit_card,2,625.71
o_002793,1,credit_card,10,52.28
o_002794,1,credit_card,4,108.33
o_002795,1,boleto,1,102.84
o_002796,1,credit_card,1,158.76
o_002797,1,debit_card,1,106.08
o_002798,1,credit_card,2,143.34
o_002799,1,credit_card,8,57.88
o_002800,1,credit_card,4,324.39
o_002801,1,voucher,1,135.96
o_002802,1,voucher,1,184.15
o_002803,1,credit_card,1,35.57
o_002804,1,debit_card,1,157.5
o_002805,1,boleto,1,35.54
o_002806,1,boleto,1,96.68
o_002807,1,boleto,1,95.56
o_002808,1,boleto,1,358.34
o_002809,1,credit_card,3,228.62
o_002810,1,boleto,1,107.14
o_002811,1,boleto,1,65.37
o_002812,1,credit_card,4,251.09
o_002813,1,credit_card,8,469.07
o_002814,1,credit_card,1,392.46
o_002815,1,credit_card,3,65.42
o_002816,1,credit_card,1,72.22
o_002817,1,credit_card,4,52.26
o_002818,1,boleto,1,367.98
o_002819,1,boleto,1,140.09
o_002820,1,credit_card,10,59.3
o_002821,1,boleto,1,84.78
o_002822,1,boleto,1,235.64
o_002823,1,credit_card,1,72.25
o_002824,1,credit_card,10,96.37
o_002825,1,credit_card,1,269.96
o_002826,1,credit_card,2,195.52
o_002827,1,voucher,1,49.52
o_002828,1,credit_card,1,52.72
o_002829,1,credit_card,1,446.11
o_002830,1,credit_card,3,334.88
o_002831,1,credit_card,2,77.28
o_002832,1,boleto,1,153.35
o_002833,1,boleto,1,53.64
o_002834,1,boleto,1,173.3
o_002835,1,boleto,1,62.0
o_002836,1,credit_card,3,163.57
o_002837,1,credit_card,6,79.16
o_002838,1,credit_card,10,223.25
o_002839,1,boleto,1,69.18
o_002840,1,credit_card,4,76.6
o_002841,1,credit_card,4,113.06
o_002842,1,credit_card,6,465.93
o_002843,1,credit_card,1,630.42
o_002844,1,boleto,1,173.32
o_002845,1,credit_card,4,126.18
o_002846,1,debit_card,1,539.77
o_002847,1,credit_card,1,180.39
o_002848,1,boleto,1,230.71
o_002849,1,credit_card,1,43.13
o_002850,1,credit_card,8,60.51
o_002851,1,credit_card,6,66.16
o_002852,1,credit_card,1,365.25
o_002853,1,credit_card,1,478.92
o_002854,1,credit_card,1,63.4
o_002855,1,boleto,1,57.76
o_002856,1,credit_card,1,270.12
o_002857,1,credit_card,1,54.19
o_002858,1,voucher,1,58.09
o_002859,1,credit_card,6,161.89
o_002860,1,credit_card,12,320.8
o_002861,1,credit_card,1,33.1
o_002862,1,credit_card,6,292.07
o_002863,1,credit_card,6,193.22
o_002864,1,credit_card,1,109.08
o_002865,1,credit_card,3,170.66
o_002866,1,credit_card,1,129.27
o_002867,1,credit_card,1,44.19
o_002868,1,credit_card,2,196.27
o_002869,1,credit_card,1,952.88
o_002870,1,credit_card,1,162.85
o_002871,1,credit_card,1,45.19
o_002872,1,boleto,1,43.32
o_002873,1,boleto,1,96.27
o_002874,1,credit_card,1,27.38
o_002875,1,credit_card,4,101.58
o_002876,1,credit_card,10,483.74
o_002877,1,credit_card,2,261.29
o_002878,1,credit_card,4,50.92
o_002879,1,credit_card,1,513.0
o_002880,1,credit_card,1,247.18
o_002881,1,credit_card,1,582.48
o_002882,1,voucher,1,105.72
o_002883,1,boleto,1,104.3
o_002884,1,credit_card,2,65.95
o_002885,1,credit_card,1,327.2
o_002886,1,credit_card,1,207.45
o_002887,1,credit_card,1,40.47
o_002888,1,boleto,1,226.16
o_002889,1,credit_card,1,49.47
o_002890,1,credit_card,1,129.06
o_002891,1,credit_card,2,215.0
o_002892,1,credit_card,2,69.15
o_002893,1,credit_card,4,129.86
o_002894,1,credit_card,6,546.55
o_002895,1,credit_card,1,691.15
o_002896,1,credit_card,1,76.29
o_002897,1,boleto,1,126.25
o_002898,1,boleto,1,375.34
o_002899,1,boleto,1,93.9
o_002900,1,credit_card,4,170.11
o_002901,1,boleto,1,58.14
o_002902,1,voucher,1,159.6
o_002903,1,credit_card,4,102.56
o_002904,1,credit_card,1,244.02
o_002905,1,boleto,1,199.78
o_002906,1,credit_card,10,164.65
o_002907,1,credit_card,1,142.58
o_002908,1,credit_card,4,57.09
o_002909,1,credit_card,6,613.11
o_002910,1,credit_card,1,482.62
o_002911,1,credit_card,1,112.08
o_002912,1,credit_card,2,31.46
o_002913,1,credit_card,6,55.16
o_002914,1,debit_card,1,62.43
o_002915,1,credit_card,4,78.48
o_002916,1,boleto,1,273.57
o_002917,1,credit_card,4,25.09
o_002918,1,voucher,1,96.74
o_002919,1,boleto,1,173.29
o_002920,1,boleto,1,363.94
o_002921,1,credit_card,6,47.39
o_002922,1,boleto,1,100.56
o_002923,1,credit_card,1,658.64
o_002924,1,credit_card,1,182.99
o_002925,1,credit_card,1,259.13
o_002926,1,credit_card,2,117.11
o_002927,1,credit_card,6,240.36
o_002928,1,boleto,1,36.21
o_002929,1,credit_card,1,46.65
o_002930,1,boleto,1,78.79
o_002931,1,credit_card,1,155.84
o_002932,1,credit_card,2,29.04
o_002933,1,boleto,1,283.42
o_002934,1,credit_card,1,45.45
o_002935,1,credit_card,12,281.1
o_002936,1,credit_card,10,119.18
o_002937,1,credit_card,1,942.59
o_002938,1,credit_card,1,182.16
o_002939,1,credit_card,1,33.37
o_002940,1,credit_card,1,95.46
o_002941,1,credit_card,1,96.66
o_002942,1,credit_card,2,102.2
o_002943,1,credit_card,10,74.77
o_002944,1,voucher,1,281.65
o_002945,1,credit_card,6,66.3
o_002946,1,credit_card,6,157.35
o_002947,1,credit_card,4,30.56
o_002948,1,credit_card,6,46.36
o_002949,1,credit_card,1,107.59
o_002950,1,voucher,1,148.81
o_002951,1,credit_card,2,162.17
o_002952,1,credit_card,1,35.43
o_002953,1,credit_card,1,140.62
o_002954,1,boleto,1,132.47
o_002955,1,credit_card,6,237.05
o_002956,1,credit_card,2,67.46
o_002957,1,credit_card,1,202.73
o_002958,1,credit_card,1,81.85
o_002959,1,credit_card,8,124.36
o_002960,1,credit_card,10,202.23
o_002961,1,boleto,1,46.12
o_002962,1,credit_card,1,244.71
o_002963,1,credit_card,10,208.4
o_002964,1,credit_card,3,44.71
o_002965,1,credit_card,6,32.13
o_002966,1,credit_card,4,106.33
o_002967,1,credit_card,10,61.08
o_002968,1,boleto,1,81.42
o_002969,1,boleto,1,99.91
o_002970,1,debit_card,1,145.77
o_002971,1,credit_card,8,216.06
o_002972,1,credit_card,6,420.63
o_002973,1,credit_card,4,71.55
o_002974,1,credit_card,4,217.73
o_002975,1,credit_card,1,146.35
o_002976,1,boleto,1,77.85
o_002977,1,credit_card,6,123.44
o_002978,1,credit_card,1,103.72
o_002979,1,credit_card,4,87.69
o_002980,1,debit_card,1,41.61
o_002981,1,boleto,1,72.74
o_002982,1,credit_card,1,78.81
o_002983,1,boleto,1,77.95
o_002984,1,boleto,1,193.71
o_002985,1,credit_card,1,151.76
o_002986,1,credit_card,4,168.16
o_002987,1,boleto,1,54.62
o_002988,1,credit_card,3,179.4
o_002989,1,credit_card,1,382.57
o_002990,1,boleto,1,89.48
o_002991,1,credit_card,3,239.73
o_002992,1,credit_card,4,43.85
o_002993,1,credit_card,8,396.32
o_002994,1,credit_card,1,201.86
o_002995,1,credit_card,1,114.29
o_002996,1,boleto,1,96.38
o_002997,1,credit_card,3,114.28
o_002998,1,credit_card,2,192.51
o_002999,1,credit_card,2,30.79
o_003000,1,credit_card,1,106.37
o_003001,1,credit_card,1,502.11
o_003002,1,credit_card,1,339.47
o_003003,1,boleto,1,311.8
o_003004,1,credit_card,12,70.03
o_003005,1,voucher,1,317.91
o_003006,1,credit_card,1,188.48
o_003007,1,credit_card,1,703.19
o_003008,1,credit_card,4,665.18
o_003009,1,credit_card,1,283.98
o_003010,1,credit_card,2,347.01
o_003011,1,credit_card,4,302.8
o_003012,1,credit_card,8,45.73
o_003013,1,credit_card,1,110.6
o_003014,1,credit_card,1,748.11
o_003015,1,boleto,1,426.22
o_003016,1,credit_card,4,31.04
o_003017,1,boleto,1,42.3
o_003018,1,credit_card,1,267.34
o_003019,1,credit_card,1,348.99
o_003020,1,credit_card,1,397.96
o_003021,1,credit_card,1,192.13
o_003022,1,boleto,1,88.71
o_003023,1,boleto,1,51.95
o_003024,1,credit_card,4,382.38
o_003025,1,credit_card,8,669.24
o_003026,1,credit_card,2,383.32
o_003027,1,credit_card,2,135.07
o_003028,1,voucher,1,112.88
o_003029,1,credit_card,1,115.3
o_003030,1,credit_card,1,226.63
o_003031,1,boleto,1,36.43
o_003032,1,credit_card,3,857.88
o_003033,1,credit_card,1,116.96
o_003034,1,debit_card,1,217.61
o_003035,1,credit_card,2,26.62
o_003036,1,credit_card,3,62.15
o_003037,1,credit_card,2,88.87
o_003038,1,credit_card,1,145.51
o_003039,1,credit_card,6,77.64
o_003040,1,debit_card,1,57.03
o_003041,1,credit_card,6,286.04
o_003042,1,credit_card,1,239.33
o_003043,1,credit_card,10,32.14
o_003044,1,credit_card,4,183.57
o_003045,1,boleto,1,191.43
o_003046,1,credit_card,3,133.64
o_003047,1,credit_card,10,359.81
o_003048,1,boleto,1,238.15
o_003049,1,boleto,1,284.87
o_003050,1,boleto,1,147.42
o_003051,1,credit_card,4,135.2
o_003052,1,credit_card,10,182.92
o_003053,1,credit_card,2,46.49
o_003054,1,credit_card,10,83.83
o_003055,1,boleto,1,350.44
o_003056,1,credit_card,1,209.62
o_003057,1,credit_card,6,209.13
o_003058,1,voucher,1,94.8
o_003059,1,credit_card,1,254.33
o_003060,1,credit_card,1,454.22
o_003061,1,credit_card,3,66.12
o_003062,1,credit_card,3,113.87
o_003063,1,credit_card,1,129.17
o_003064,1,boleto,1,164.87
o_003065,1,credit_card,10,244.83
o_003066,1,boleto,1,127.32
o_003067,1,credit_card,3,208.1
o_003068,1,credit_card,1,102.9
o_003069,1,credit_card,1,67.0
o_003070,1,credit_card,4,116.75
o_003071,1,boleto,1,285.94
o_003072,1,credit_card,1,43.02
o_003073,1,credit_card,8,252.1
o_003074,1,credit_card,10,72.24
o_003075,1,boleto,1,322.13
o_003076,1,boleto,1,1059.46
o_003077,1,credit_card,1,165.33
o_003078,1,boleto,1,57.55
o_003079,1,credit_card,6,53.92
o_003080,1,boleto,1,267.41
o_003081,1,credit_card,1,155.7
o_003082,1,boleto,1,107.2
o_003083,1,credit_card,4,85.44
o_003084,1,credit_card,2,308.66
o_003085,1,boleto,1,161.25
o_003086,1,credit_card,2,301.05
o_003087,1,voucher,1,374.82
o_003088,1,credit_card,8,141.7
o_003089,1,credit_card,1,255.05
o_003090,1,credit_card,1,304.08
o_003091,1,credit_card,1,196.49
o_003092,1,boleto,1,29.28
o_003093,1,credit_card,1,226.86
o_003094,1,boleto,1,178.09
o_003095,1,credit_card,2,124.54
o_003096,1,credit_card,2,31.32
o_003097,1,credit_card,8,559.28
o_003098,1,credit_card,10,85.2
o_003099,1,credit_card,1,117.6
o_003100,1,credit_card,10,51.01
o_003101,1,credit_card,2,97.92
o_003102,1,credit_card,1,453.95
o_003103,1,credit_card,6,128.85
o_003104,1,credit_card,1,296.6
o_003105,1,credit_card,12,137.76
o_003106,1,boleto,1,69.43
o_003107,1,credit_card,6,271.36
o_003108,1,voucher,1,154.73
o_003109,1,credit_card,3,98.47
o_003110,1,credit_card,1,145.91
o_003111,1,credit_card,1,149.52
o_003112,1,boleto,1,53.63
o_003113,1,credit_card,1,173.0
o_003114,1,credit_card,2,25.63
o_003115,1,credit_card,3,52.27
o_003116,1,boleto,1,78.17
o_003117,1,voucher,1,609.62
o_003118,1,boleto,1,190.74
o_003119,1,credit_card,1,37.21
o_003120,1,credit_card,3,525.14
o_003121,1,credit_card,6,337.05
o_003122,1,boleto,1,48.49
o_003123,1,credit_card,1,382.22
o_003124,1,credit_card,1,33.66
o_003125,1,credit_card,1,78.8
o_003126,1,credit_card,2,84.7
o_003127,1,credit_card,2,475.95
o_003128,1,boleto,1,110.97
o_003129,1,boleto,1,103.75
o_003130,1,boleto,1,116.72
o_003131,1,credit_card,6,60.92
o_003132,1,credit_card,10,123.34
o_003133,1,boleto,1,221.95
o_003134,1,credit_card,1,193.4
o_003135,1,credit_card,1,90.37
o_003136,1,credit_card,3,207.93
o_003137,1,credit_card,2,134.04
o_003138,1,credit_card,2,45.15
o_003139,1,credit_card,1,71.53
o_003140,1,debit_card,1,169.56
o_003141,1,credit_card,4,215.45
o_003142,1,boleto,1,119.97
o_003143,1,credit_card,1,153.73
o_003144,1,credit_card,1,77.01
o_003145,1,credit_card,8,244.2
o_003146,1,credit_card,3,75.69
o_003147,1,credit_card,1,41.28
o_003148,1,boleto,1,169.31
o_003149,1,credit_card,3,343.28
o_003150,1,credit_card,1,73.91
o_003151,1,credit_card,1,59.66
o_003152,1,credit_card,1,206.11
o_003153,1,credit_card,1,145.48
o_003154,1,credit_card,1,29.09
o_003155,1,boleto,1,168.79
o_003156,1,credit_card,1,103.31
o_003157,1,credit_card,2,175.72
o_003158,1,credit_card,2,70.04
o_003159,1,credit_card,1,216.51
o_003160,1,credit_card,1,86.06
o_003161,1,credit_card,1,169.97
o_003162,1,boleto,1,209.76
o_003163,1,credit_card,2,61.2
o_003164,1,credit_card,6,59.02
o_003165,1,credit_card,1,504.21
o_003166,1,credit_card,4,173.88
o_003167,1,credit_card,1,271.62
o_003168,1,credit_card,10,101.79
o_003169,1,credit_card,3,95.6
o_003170,1,credit_card,4,329.18
o_003171,1,credit_card,6,59.15
o_003172,1,boleto,1,467.98
o_003173,1,credit_card,1,151.24
o_003174,1,credit_card,1,85.5
o_003175,1,boleto,1,92.12
o_003176,1,credit_card,2,105.63
o_003177,1,boleto,1,142.61
o_003178,1,credit_card,1,41.81
o_003179,1,voucher,1,67.01
o_003180,1,boleto,1,36.6
o_003181,1,boleto,1,110.84
o_003182,1,credit_card,6,126.03
o_003183,1,voucher,1,236.36
o_003184,1,credit_card,1,42.98
o_003185,1,voucher,1,139.82
o_003186,1,credit_card,4,186.53
o_003187,1,credit_card,1,78.63
o_003188,1,boleto,1,485.97
o_003189,1,credit_card,1,455.09
o_003190,1,credit_card,1,102.2
o_003191,1,credit_card,1,167.58
o_003192,1,credit_card,1,94.83
o_003193,1,credit_card,10,447.27
o_003194,1,credit_card,2,321.09
o_003195,1,boleto,1,107.12
o_003196,1,credit_card,1,52.26
o_003197,1,boleto,1,354.49
o_003198,1,credit_card,10,236.37
o_003199,1,credit_card,1,246.49
o_003200,1,credit_card,1,144.39
o_003201,1,boleto,1,222.14
o_003202,1,credit_card,10,458.88
o_003203,1,credit_card,4,58.62
o_003204,1,credit_card,1,46.92
o_003205,1,credit_card,1,71.4
o_003206,1,boleto,1,64.91
o_003207,1,credit_card,1,91.22
o_003208,1,credit_card,2,181.65
o_003209,1,credit_card,3,267.92
o_003210,1,credit_card,2,92.75
o_003211,1,credit_card,10,256.13
o_003212,1,credit_card,2,121.69
o_003213,1,debit_card,1,144.32
o_003214,1,voucher,1,84.18
o_003215,1,boleto,1,79.5
o_003216,1,credit_card,4,317.79
o_003217,1,debit_card,1,405.09
o_003218,1,boleto,1,107.38
o_003219,1,credit_card,2,241.81
o_003220,1,credit_card,1,141.9
o_003221,1,voucher,1,124.25
o_003222,1,credit_card,2,95.03
o_003223,1,credit_card,1,61.16
o_003224,1,credit_card,1,911.9
o_003225,1,boleto,1,40.25
o_003226,1,boleto,1,37.05
o_003227,1,boleto,1,264.74
o_003228,1,boleto,1,312.39
o_003229,1,credit_card,1,82.52
o_003230,1,credit_card,3,254.88
o_003231,1,voucher,1,107.32
o_003232,1,credit_card,1,258.48
o_003233,1,voucher,1,86.0
o_003234,1,credit_card,3,179.3
o_003235,1,credit_card,1,97.36
o_003236,1,boleto,1,776.08
o_003237,1,credit_card,1,397.36
o_003238,1,credit_card,1,75.84
o_003239,1,voucher,1,224.87
o_003240,1,credit_card,4,116.97
o_003241,1,boleto,1,288.26
o_003242,1,credit_card,10,85.92
o_003243,1,boleto,1,124.31
o_003244,1,credit_card,3,277.27
o_003245,1,credit_card,3,64.48
o_003246,1,credit_card,1,72.01
o_003247,1,credit_card,4,287.2
o_003248,1,credit_card,2,199.9
o_003249,1,boleto,1,180.94
o_003250,1,credit_card,1,109.46
o_003251,1,credit_card,1,246.68
o_003252,1,credit_card,1,107.08
o_003253,1,credit_card,1,174.94
o_003254,1,credit_card,6,65.56
o_003255,1,boleto,1,607.31
o_003256,1,voucher,1,30.01
o_003257,1,credit_card,4,37.94
o_003258,1,boleto,1,127.29
o_003259,1,boleto,1,85.29
o_003260,1,credit_card,1,198.16
o_003261,1,credit_card,4,314.02
o_003262,1,credit_card,1,982.86
o_003263,1,credit_card,6,75.9
o_003264,1,boleto,1,88.43
o_003265,1,credit_card,1,133.67
o_003266,1,boleto,1,176.86
o_003267,1,boleto,1,50.34
o_003268,1,boleto,1,37.33
o_003269,1,credit_card,3,31.66
o_003270,1,credit_card,3,651.37
o_003271,1,boleto,1,55.58
o_003272,1,credit_card,1,158.5
o_003273,1,credit_card,6,149.45
o_003274,1,credit_card,10,71.05
o_003275,1,boleto,1,29.97
o_003276,1,credit_card,2,96.03
o_003277,1,credit_card,1,429.79
o_003278,1,credit_card,1,102.42
o_003279,1,credit_card,10,259.47
o_003280,1,credit_card,1,180.33
o_003281,1,credit_card,2,155.97
o_003282,1,boleto,1,350.65
o_003283,1,boleto,1,120.38
o_003284,1,boleto,1,231.35
o_003285,1,credit_card,4,55.38
o_003286,1,credit_card,1,153.61
o_003287,1,credit_card,10,129.04
o_003288,1,credit_card,1,125.07
o_003289,1,voucher,1,127.83
o_003290,1,boleto,1,38.47
o_003291,1,credit_card,1,298.9
o_003292,1,credit_card,1,44.7
o_003293,1,credit_card,1,387.42
o_003294,1,credit_card,1,132.35
o_003295,1,credit_card,3,39.25
o_003296,1,credit_card,1,105.04
o_003297,1,credit_card,6,205.0
o_003298,1,credit_card,8,79.56
o_003299,1,credit_card,4,252.85
o_003300,1,boleto,1,180.76
o_003301,1,credit_card,1,71.59
o_003302,1,credit_card,1,97.53
o_003303,1,credit_card,2,184.72
o_003304,1,credit_card,1,210.14
o_003305,1,credit_card,1,41.03
o_003306,1,credit_card,10,66.12
o_003307,1,boleto,1,107.6
o_003308,1,boleto,1,37.14
o_003309,1,credit_card,2,44.04
o_003310,1,credit_card,4,77.83
o_003311,1,credit_card,4,102.91
o_003312,1,credit_card,10,108.84
o_003313,1,credit_card,1,256.12
o_003314,1,credit_card,6,128.48
o_003315,1,boleto,1,107.49
o_003316,1,credit_card,4,43.12
o_003317,1,boleto,1,287.27
o_003318,1,credit_card,12,208.94
o_003319,1,credit_card,1,519.57
o_003320,1,boleto,1,181.66
o_003321,1,boleto,1,108.13
o_003322,1,credit_card,2,172.25
o_003323,1,credit_card,1,160.56
o_003324,1,credit_card,8,49.58
o_003325,1,credit_card,2,215.34
o_003326,1,credit_card,1,129.58
o_003327,1,credit_card,3,313.59
o_003328,1,credit_card,1,256.81
o_003329,1,credit_card,4,297.32
o_003330,1,credit_card,1,131.31
o_003331,1,credit_card,3,134.33
o_003332,1,voucher,1,44.97
o_003333,1,boleto,1,73.2
o_003334,1,credit_card,1,160.27
o_003335,1,credit_card,2,519.03
o_003336,1,boleto,1,46.12
o_003337,1,boleto,1,54.65
o_003338,1,debit_card,1,251.76
o_003339,1,credit_card,1,266.37
o_003340,1,credit_card,3,92.26
o_003341,1,credit_card,3,443.89
o_003342,1,credit_card,8,158.03
o_003343,1,credit_card,3,40.87
o_003344,1,boleto,1,147.05
o_003345,1,credit_card,1,98.12
o_003346,1,credit_card,2,53.06
o_003347,1,credit_card,10,106.68
o_003348,1,credit_card,1,33.99
o_003349,1,debit_card,1,170.73
o_003350,1,boleto,1,211.65
o_003351,1,boleto,1,156.41
o_003352,1,debit_card,1,103.42
o_003353,1,credit_card,1,293.5
o_003354,1,credit_card,4,239.68
o_003355,1,credit_card,2,386.61
o_003356,1,credit_card,1,75.27
o_003357,1,credit_card,4,386.86
o_003358,1,credit_card,10,59.52
o_003359,1,boleto,1,158.98
o_003360,1,credit_card,3,164.04
o_003361,1,credit_card,1,435.24
o_003362,1,credit_card,4,333.5
o_003363,1,credit_card,4,373.07
o_003364,1,credit_card,2,286.86
o_003365,1,credit_card,1,285.0
o_003366,1,credit_card,1,51.42
o_003367,1,boleto,1,146.72
o_003368,1,boleto,1,113.42
o_003369,1,boleto,1,87.41
o_003370,1,credit_card,1,122.93
o_003371,1,credit_card,4,46.43
o_003372,1,boleto,1,138.51
o_003373,1,credit_card,1,57.04
o_003374,1,credit_card,6,352.93
o_003375,1,credit_card,10,158.02
o_003376,1,boleto,1,230.48
o_003377,1,credit_card,1,131.97
o_003378,1,credit_card,6,194.98
o_003379,1,credit_card,1,158.6
o_003380,1,credit_card,4,56.46
o_003381,1,credit_card,8,107.62
o_003382,1,credit_card,2,54.7
o_003383,1,credit_card,12,210.29
o_003384,1,credit_card,2,177.16
o_003385,1,credit_card,1,252.84
o_003386,1,credit_card,8,375.22
o_003387,1,credit_card,1,76.49
o_003388,1,credit_card,2,471.65
o_003389,1,credit_card,2,53.16
o_003390,1,credit_card,1,35.99
o_003391,1,credit_card,2,48.76
o_003392,1,boleto,1,149.88
o_003393,1,credit_card,1,321.8
o_003394,1,credit_card,2,188.68
o_003395,1,credit_card,1,35.74
o_003396,1,credit_card,2,175.08
o_003397,1,credit_card,1,107.86
o_003398,1,credit_card,3,117.87
o_003399,1,boleto,1,363.11
o_003400,1,credit_card,4,72.93
o_003401,1,credit_card,1,178.88
o_003402,1,credit_card,1,125.42
o_003403,1,credit_card,1,127.9
o_003404,1,credit_card,1,400.65
o_003405,1,credit_card,10,187.42
o_003406,1,credit_card,4,79.94
o_003407,1,credit_card,2,87.34
o_003408,1,credit_card,1,86.6
o_003409,1,boleto,1,55.14
o_003410,1,boleto,1,288.91
o_003411,1,credit_card,8,268.33
o_003412,1,credit_card,1,80.0
o_003413,1,voucher,1,329.09
o_003414,1,credit_card,2,243.23
o_003415,1,credit_card,1,261.27
o_003416,1,credit_card,3,42.31
o_003417,1,credit_card,3,172.14
o_003418,1,boleto,1,181.99
o_003419,1,credit_card,6,38.15
o_003420,1,credit_card,2,508.64
o_003421,1,credit_card,3,267.28
o_003422,1,credit_card,1,191.97
o_003423,1,credit_card,1,163.86
o_003424,1,credit_card,2,423.05
o_003425,1,credit_card,2,207.88
o_003426,1,credit_card,2,130.33
o_003427,1,voucher,1,57.73
o_003428,1,boleto,1,101.73
o_003429,1,credit_card,4,240.57
o_003430,1,credit_card,1,70.79
o_003431,1,boleto,1,682.12
o_003432,1,credit_card,1,123.11
o_003433,1,credit_card,1,30.06
o_003434,1,credit_card,8,33.62
o_003435,1,credit_card,4,45.82
o_003436,1,debit_card,1,121.73
o_003437,1,credit_card,1,145.17
o_003438,1,credit_card,4,66.42
o_003439,1,credit_card,4,115.94
o_003440,1,credit_card,3,253.95
o_003441,1,credit_card,1,40.96
o_003442,1,credit_card,6,212.17
o_003443,1,boleto,1,86.89
o_003444,1,boleto,1,148.47
o_003445,1,boleto,1,156.5
o_003446,1,credit_card,1,77.9
o_003447,1,credit_card,2,169.17
o_003448,1,boleto,1,298.16
o_003449,1,boleto,1,175.15
o_003450,1,debit_card,1,262.46
o_003451,1,credit_card,1,43.42
o_003452,1,credit_card,6,139.79
o_003453,1,credit_card,2,334.4
o_003454,1,credit_card,1,47.92
o_003455,1,credit_card,1,77.67
o_003456,1,boleto,1,387.86
o_003457,1,credit_card,2,311.1
o_003458,1,credit_card,1,116.85
o_003459,1,credit_card,3,84.38
o_003460,1,credit_card,1,91.64
o_003461,1,credit_card,1,141.72
o_003462,1,credit_card,1,200.7
o_003463,1,credit_card,10,81.2
o_003464,1,credit_card,3,62.69
o_003465,1,boleto,1,271.54
o_003466,1,credit_card,10,221.14
o_003467,1,credit_card,1,128.34
o_003468,1,credit_card,1,135.88
o_003469,1,boleto,1,255.98
o_003470,1,credit_card,1,182.12
o_003471,1,credit_card,1,126.57
o_003472,1,credit_card,1,156.6
o_003473,1,credit_card,3,777.19
o_003474,1,credit_card,1,129.52
o_003475,1,boleto,1,72.87
o_003476,1,credit_card,1,501.29
o_003477,1,credit_card,6,162.15
o_003478,1,credit_card,1,56.4
o_003479,1,credit_card,1,58.53
o_003480,1,boleto,1,131.03
o_003481,1,credit_card,4,116.97
o_003482,1,voucher,1,50.85
o_003483,1,credit_card,1,214.64
o_003484,1,credit_card,4,50.49
o_003485,1,credit_card,2,121.58
o_003486,1,credit_card,4,33.59
o_003487,1,boleto,1,38.01
o_003488,1,credit_card,3,178.37
o_003489,1,credit_card,1,168.14
o_003490,1,boleto,1,82.19
o_003491,1,credit_card,4,65.49
o_003492,1,credit_card,10,48.19
o_003493,1,boleto,1,130.06
o_003494,1,credit_card,3,227.15
o_003495,1,boleto,1,652.71
o_003496,1,credit_card,1,279.49
o_003497,1,boleto,1,29.18
o_003498,1,credit_card,8,247.13
o_003499,1,credit_card,10,281.45
o_003500,1,credit_card,3,85.07
o_003501,1,credit_card,1,173.98
o_003502,1,boleto,1,167.39
o_003503,1,credit_card,1,301.06
o_003504,1,boleto,1,91.38
o_003505,1,credit_card,10,101.93
o_003506,1,credit_card,1,159.35
o_003507,1,credit_card,2,88.01
o_003508,1,credit_card,8,783.45
o_003509,1,boleto,1,886.56
o_003510,1,boleto,1,111.2
o_003511,1,credit_card,10,56.65
o_003512,1,credit_card,1,163.02
o_003513,1,debit_card,1,192.71
o_003514,1,credit_card,1,316.47
o_003515,1,boleto,1,292.78
o_003516,1,credit_card,2,225.53
o_003517,1,credit_card,1,262.31
o_003518,1,credit_card,10,73.13
o_003519,1,debit_card,1,481.95
o_003520,1,credit_card,4,46.78
o_003521,1,credit_card,8,39.46
o_003522,1,voucher,1,28.27
o_003523,1,credit_card,1,272.0
o_003524,1,credit_card,1,449.26
o_003525,1,credit_card,1,29.21
o_003526,1,credit_card,2,89.67
o_003527,1,credit_card,1,106.01
o_003528,1,credit_card,3,119.54
o_003529,1,credit_card,1,198.87
o_003530,1,credit_card,4,68.08
o_003531,1,debit_card,1,482.11
o_003532,1,credit_card,6,572.71
o_003533,1,boleto,1,78.59
o_003534,1,credit_card,1,50.15
o_003535,1,boleto,1,140.04
o_003536,1,credit_card,4,71.26
o_003537,1,credit_card,10,44.2
o_003538,1,credit_card,10,115.97
o_003539,1,credit_card,1,221.11
o_003540,1,credit_card,2,116.03
o_003541,1,boleto,1,205.51
o_003542,1,boleto,1,139.75
o_003543,1,credit_card,2,153.06
o_003544,1,debit_card,1,196.54
o_003545,1,credit_card,6,37.87
o_003546,1,credit_card,2,70.65
o_003547,1,credit_card,1,34.36
o_003548,1,credit_card,1,28.43
o_003549,1,credit_card,4,117.25
o_003550,1,credit_card,2,25.83
o_003551,1,credit_card,1,87.36
o_003552,1,credit_card,1,177.17
o_003553,1,credit_card,2,64.6
o_003554,1,credit_card,1,197.79
o_003555,1,credit_card,4,229.05
o_003556,1,credit_card,6,63.96
o_003557,1,credit_card,1,720.37
o_003558,1,boleto,1,378.92
o_003559,1,credit_card,2,173.99
o_003560,1,credit_card,4,256.99
o_003561,1,credit_card,3,40.98
o_003562,1,boleto,1,307.19
o_003563,1,boleto,1,64.01
o_003564,1,credit_card,3,199.63
o_003565,1,credit_card,4,115.74
o_003566,1,credit_card,8,146.04
o_003567,1,credit_card,2,39.57
o_003568,1,credit_card,4,154.16
o_003569,1,credit_card,1,29.68
o_003570,1,boleto,1,130.77
o_003571,1,debit_card,1,189.88
o_003572,1,boleto,1,131.31
o_003573,1,credit_card,2,49.79
o_003574,1,credit_card,4,134.48
o_003575,1,credit_card,1,188.75
o_003576,1,boleto,1,63.44
o_003577,1,credit_card,1,155.43
o_003578,1,credit_card,6,26.15
o_003579,1,boleto,1,52.73
o_003580,1,credit_card,1,96.22
o_003581,1,credit_card,4,155.43
o_003582,1,debit_card,1,31.55
o_003583,1,credit_card,1,63.63
o_003584,1,credit_card,1,232.45
o_003585,1,credit_card,1,269.42
o_003586,1,credit_card,1,343.85
o_003587,1,voucher,1,127.96
o_003588,1,credit_card,4,112.23
o_003589,1,credit_card,1,213.42
o_003590,1,credit_card,6,128.2
o_003591,1,credit_card,12,331.87
o_003592,1,credit_card,2,36.32
o_003593,1,boleto,1,77.42
o_003594,1,voucher,1,115.19
o_003595,1,credit_card,2,53.03
o_003596,1,credit_card,1,271.75
o_003597,1,credit_card,10,283.29
o_003598,1,credit_card,1,465.65
o_003599,1,boleto,1,277.33
o_003600,1,credit_card,2,172.07
o_003601,1,credit_card,6,388.69
o_003602,1,voucher,1,51.57
o_003603,1,credit_card,2,75.92
o_003604,1,credit_card,8,46.3
o_003605,1,credit_card,1,86.66
o_003606,1,credit_card,1,84.01
o_003607,1,boleto,1,178.67
o_003608,1,boleto,1,174.97
o_003609,1,credit_card,1,77.88
o_003610,1,credit_card,10,41.44
o_003611,1,credit_card,6,138.09
o_003612,1,credit_card,4,224.22
o_003613,1,credit_card,1,40.19
o_003614,1,debit_card,1,65.75
o_003615,1,boleto,1,198.01
o_003616,1,credit_card,2,108.37
o_003617,1,boleto,1,202.84
o_003618,1,boleto,1,87.24
o_003619,1,credit_card,2,72.64
o_003620,1,credit_card,2,142.92
o_003621,1,credit_card,1,317.92
o_003622,1,credit_card,2,117.33
o_003623,1,credit_card,3,483.2
o_003624,1,credit_card,1,92.49
o_003625,1,credit_card,3,418.07
o_003626,1,credit_card,4,442.63
o_003627,1,credit_card,1,346.37
o_003628,1,credit_card,1,88.19
o_003629,1,credit_card,1,284.31
o_003630,1,credit_card,1,208.89
o_003631,1,credit_card,10,289.79
o_003632,1,credit_card,10,201.41
o_003633,1,credit_card,2,57.08
o_003634,1,boleto,1,341.88
o_003635,1,boleto,1,113.33
o_003636,1,debit_card,1,107.92
o_003637,1,credit_card,3,223.28
o_003638,1,credit_card,2,492.18
o_003639,1,boleto,1,94.11
o_003640,1,voucher,1,43.22
o_003641,1,credit_card,6,498.17
o_003642,1,boleto,1,123.33
o_003643,1,credit_card,1,456.34
o_003644,1,voucher,1,206.94
o_003645,1,credit_card,1,158.52
o_003646,1,boleto,1,85.05
o_003647,1,boleto,1,54.39
o_003648,1,credit_card,8,192.89
o_003649,1,credit_card,1,288.59
o_003650,1,credit_card,2,110.37
o_003651,1,credit_card,2,500.57
o_003652,1,voucher,1,143.43
o_003653,1,credit_card,3,53.04
o_003654,1,boleto,1,333.02
o_003655,1,boleto,1,67.11
o_003656,1,credit_card,10,66.08
o_003657,1,credit_card,8,107.87
o_003658,1,credit_card,2,127.94
o_003659,1,credit_card,4,313.24
o_003660,1,credit_card,10,477.47
o_003661,1,credit_card,2,116.09
o_003662,1,credit_card,4,202.67
o_003663,1,voucher,1,121.71
o_003664,1,boleto,1,249.94
o_003665,1,credit_card,6,35.37
o_003666,1,credit_card,2,180.67
o_003667,1,credit_card,1,83.83
o_003668,1,credit_card,1,194.57
o_003669,1,credit_card,12,65.12
o_003670,1,voucher,1,124.76
o_003671,1,credit_card,2,26.37
o_003672,1,credit_card,3,394.16
o_003673,1,credit_card,1,374.04
o_003674,1,boleto,1,58.23
o_003675,1,credit_card,1,45.53
o_003676,1,credit_card,1,514.98
o_003677,1,credit_card,2,266.0
o_003678,1,credit_card,1,254.45
o_003679,1,credit_card,1,166.23
o_003680,1,credit_card,1,26.1
o_003681,1,credit_card,1,50.25
o_003682,1,credit_card,3,183.66
o_003683,1,credit_card,1,60.79
o_003684,1,credit_card,1,86.36
o_003685,1,credit_card,1,116.72
o_003686,1,credit_card,2,83.97
o_003687,1,boleto,1,101.42
o_003688,1,credit_card,1,116.36
o_003689,1,credit_card,6,221.98
o_003690,1,boleto,1,211.37
o_003691,1,credit_card,3,135.04
o_003692,1,credit_card,12,204.6
o_003693,1,credit_card,2,61.48
o_003694,1,boleto,1,69.54
o_003695,1,credit_card,1,139.67
o_003696,1,credit_card,10,210.93
o_003697,1,credit_card,3,86.89
o_003698,1,boleto,1,69.47
o_003699,1,credit_card,1,92.01
o_003700,1,boleto,1,284.95
o_003701,1,voucher,1,422.89
o_003702,1,credit_card,4,61.01
o_003703,1,boleto,1,200.86
o_003704,1,credit_card,1,129.1
o_003705,1,credit_card,1,62.07
o_003706,1,boleto,1,256.52
o_003707,1,credit_card,1,340.48
o_003708,1,credit_card,2,29.99
o_003709,1,credit_card,2,213.53
o_003710,1,credit_card,1,356.29
o_003711,1,credit_card,1,278.14
o_003712,1,credit_card,1,278.14
o_003713,1,credit_card,6,96.05
o_003714,1,credit_card,1,831.45
o_003715,1,boleto,1,63.55
o_003716,1,credit_card,1,291.33
o_003717,1,boleto,1,69.86
o_003718,1,credit_card,1,68.47
o_003719,1,boleto,1,82.16
o_003720,1,credit_card,1,389.13
o_003721,1,credit_card,1,136.96
o_003722,1,boleto,1,25.05
o_003723,1,credit_card,4,205.98
o_003724,1,boleto,1,96.38
o_003725,1,boleto,1,424.25
o_003726,1,debit_card,1,181.43
o_003727,1,credit_card,3,43.64
o_003728,1,credit_card,1,153.41
o_003729,1,credit_card,1,40.84
o_003730,1,credit_card,8,65.32
o_003731,1,credit_card,1,211.6
o_003732,1,credit_card,1,1184.85
o_003733,1,credit_card,6,216.36
o_003734,1,debit_card,1,423.97
o_003735,1,credit_card,1,121.27
o_003736,1,boleto,1,95.62
o_003737,1,credit_card,8,614.3
o_003738,1,boleto,1,111.65
o_003739,1,credit_card,1,127.45
o_003740,1,credit_card,4,344.34
o_003741,1,credit_card,1,240.23
o_003742,1,credit_card,1,307.43
o_003743,1,credit_card,1,153.59
o_003744,1,boleto,1,127.75
o_003745,1,credit_card,1,124.82
o_003746,1,boleto,1,78.28
o_003747,1,credit_card,3,45.21
o_003748,1,boleto,1,81.45
o_003749,1,credit_card,10,40.19
o_003750,1,credit_card,2,316.34
o_003751,1,credit_card,2,235.6
o_003752,1,voucher,1,642.36
o_003753,1,credit_card,2,280.38
o_003754,1,credit_card,2,87.56
o_003755,1,credit_card,4,26.51
o_003756,1,boleto,1,124.94
o_003757,1,credit_card,1,52.97
o_003758,1,credit_card,1,214.14
o_003759,1,credit_card,1,37.05
o_003760,1,debit_card,1,44.63
o_003761,1,credit_card,1,36.3
o_003762,1,credit_card,1,112.42
o_003763,1,boleto,1,77.93
o_003764,1,credit_card,10,23.92
o_003765,1,credit_card,1,64.39
o_003766,1,credit_card,2,80.46
o_003767,1,voucher,1,158.07
o_003768,1,credit_card,1,53.68
o_003769,1,voucher,1,392.48
o_003770,1,credit_card,1,358.14
o_003771,1,credit_card,1,76.74
o_003772,1,boleto,1,35.45
o_003773,1,credit_card,12,330.71
o_003774,1,credit_card,2,108.32
o_003775,1,boleto,1,333.03
o_003776,1,credit_card,4,75.38
o_003777,1,boleto,1,213.37
o_003778,1,boleto,1,94.61
o_003779,1,credit_card,3,219.77
o_003780,1,credit_card,1,153.09
o_003781,1,credit_card,1,136.96
o_003782,1,credit_card,2,88.06
o_003783,1,credit_card,4,390.06
o_003784,1,credit_card,2,103.68
o_003785,1,credit_card,8,34.39
o_003786,1,credit_card,1,160.69
o_003787,1,debit_card,1,271.7
o_003788,1,credit_card,3,144.17
o_003789,1,credit_card,6,39.34
o_003790,1,credit_card,1,34.75
o_003791,1,credit_card,1,91.42
o_003792,1,debit_card,1,635.55
o_003793,1,credit_card,2,246.22
o_003794,1,voucher,1,412.5
o_003795,1,credit_card,1,93.91
o_003796,1,credit_card,4,152.84
o_003797,1,credit_card,1,199.4
o_003798,1,debit_card,1,157.13
o_003799,1,credit_card,1,563.62
o_003800,1,boleto,1,439.93
o_003801,1,credit_card,1,37.97
o_003802,1,credit_card,1,42.23
o_003803,1,credit_card,3,108.94
o_003804,1,credit_card,1,62.98
o_003805,1,credit_card,1,196.05
o_003806,1,credit_card,1,41.1
o_003807,1,credit_card,1,176.06
o_003808,1,boleto,1,31.43
o_003809,1,credit_card,1,57.71
o_003810,1,credit_card,2,55.46
o_003811,1,credit_card,1,360.36
o_003812,1,credit_card,2,251.43
o_003813,1,boleto,1,105.0
o_003814,1,credit_card,2,161.18
o_003815,1,credit_card,6,226.2
o_003816,1,debit_card,1,144.92
o_003817,1,credit_card,1,137.45
o_003818,1,boleto,1,56.72
o_003819,1,credit_card,1,253.12
o_003820,1,credit_card,8,123.17
o_003821,1,credit_card,1,152.89
o_003822,1,boleto,1,83.66
o_003823,1,boleto,1,26.58
o_003824,1,credit_card,4,174.47
o_003825,1,credit_card,3,108.64
o_003826,1,credit_card,6,59.59
o_003827,1,credit_card,1,369.86
o_003828,1,credit_card,6,105.51
o_003829,1,credit_card,1,203.6
o_003830,1,credit_card,3,674.19
o_003831,1,credit_card,1,85.73
o_003832,1,credit_card,4,143.05
o_003833,1,credit_card,1,62.83
o_003834,1,boleto,1,287.55
o_003835,1,boleto,1,57.37
o_003836,1,credit_card,1,113.48
o_003837,1,credit_card,1,55.13
o_003838,1,voucher,1,171.14
o_003839,1,credit_card,1,280.8
o_003840,1,credit_card,2,342.59
o_003841,1,boleto,1,179.41
o_003842,1,credit_card,1,89.14
o_003843,1,credit_card,1,75.74
o_003844,1,credit_card,1,61.83
o_003845,1,credit_card,1,282.61
o_003846,1,boleto,1,205.74
o_003847,1,credit_card,2,78.16
o_003848,1,boleto,1,162.97
o_003849,1,credit_card,8,108.97
o_003850,1,credit_card,4,35.46
o_003851,1,credit_card,1,246.23
o_003852,1,credit_card,3,176.29
o_003853,1,boleto,1,141.8
o_003854,1,credit_card,1,80.51
o_003855,1,credit_card,1,229.93
o_003856,1,credit_card,1,305.93
o_003857,1,credit_card,1,29.49
o_003858,1,credit_card,2,215.75
o_003859,1,credit_card,4,67.41
o_003860,1,credit_card,1,62.39
o_003861,1,credit_card,2,530.25
o_003862,1,boleto,1,103.22
o_003863,1,credit_card,6,518.24
o_003864,1,credit_card,8,575.09
o_003865,1,credit_card,1,179.72
o_003866,1,boleto,1,168.64
o_003867,1,credit_card,4,44.13
o_003868,1,voucher,1,141.53
o_003869,1,credit_card,1,63.82
o_003870,1,credit_card,1,38.43
o_003871,1,credit_card,1,88.74
o_003872,1,credit_card,1,117.86
o_003873,1,boleto,1,188.27
o_003874,1,boleto,1,88.72
o_003875,1,credit_card,1,70.29
o_003876,1,credit_card,6,392.63
o_003877,1,credit_card,6,410.9
o_003878,1,credit_card,1,222.04
o_003879,1,credit_card,3,85.7
o_003880,1,credit_card,1,180.33
o_003881,1,boleto,1,32.06
o_003882,1,credit_card,1,278.94
o_003883,1,credit_card,1,121.17
o_003884,1,credit_card,1,38.74
o_003885,1,boleto,1,51.74
o_003886,1,credit_card,1,133.48
o_003887,1,credit_card,1,33.21
o_003888,1,boleto,1,74.35
o_003889,1,credit_card,1,128.1
o_003890,1,credit_card,1,99.8
o_003891,1,credit_card,10,42.86
o_003892,1,boleto,1,67.83
o_003893,1,credit_card,1,93.69
o_003894,1,credit_card,1,44.39
o_003895,1,credit_card,1,279.37
o_003896,1,credit_card,1,33.55
o_003897,1,credit_card,8,136.51
o_003898,1,credit_card,1,154.81
o_003899,1,boleto,1,96.63
o_003900,1,debit_card,1,159.85
o_003901,1,credit_card,3,41.81
o_003902,1,credit_card,3,37.55
o_003903,1,credit_card,1,355.96
o_003904,1,credit_card,6,463.98
o_003905,1,credit_card,1,231.75
o_003906,1,credit_card,4,159.85
o_003907,1,credit_card,8,125.87
o_003908,1,credit_card,4,50.37
o_003909,1,credit_card,3,35.69
o_003910,1,credit_card,2,272.2
o_003911,1,credit_card,1,91.09
o_003912,1,credit_card,2,592.47
o_003913,1,boleto,1,199.8
o_003914,1,voucher,1,30.15
o_003915,1,credit_card,2,57.24
o_003916,1,credit_card,2,207.32
o_003917,1,credit_card,1,228.95
o_003918,1,boleto,1,420.26
o_003919,1,boleto,1,207.45
o_003920,1,boleto,1,157.76
o_003921,1,credit_card,1,184.45
o_003922,1,boleto,1,68.98
o_003923,1,credit_card,6,71.59
o_003924,1,voucher,1,174.06
o_003925,1,credit_card,1,157.82
o_003926,1,boleto,1,39.28
o_003927,1,boleto,1,72.96
o_003928,1,credit_card,2,58.47
o_003929,1,debit_card,1,190.52
o_003930,1,credit_card,1,63.99
o_003931,1,credit_card,6,178.28
o_003932,1,credit_card,2,66.78
o_003933,1,credit_card,1,101.86
o_003934,1,boleto,1,80.08
o_003935,1,credit_card,4,143.53
o_003936,1,credit_card,1,28.44
o_003937,1,credit_card,2,46.86
o_003938,1,credit_card,1,547.45
o_003939,1,credit_card,3,113.53
o_003940,1,credit_card,12,29.03
o_003941,1,credit_card,4,1155.83
o_003942,1,credit_card,4,237.12
o_003943,1,boleto,1,168.62
o_003944,1,boleto,1,361.33
o_003945,1,credit_card,3,460.74
o_003946,1,credit_card,4,42.12
o_003947,1,voucher,1,424.07
o_003948,1,credit_card,1,257.63
o_003949,1,credit_card,6,35.17
o_003950,1,credit_card,1,44.02
o_003951,1,voucher,1,65.32
o_003952,1,boleto,1,217.83
o_003953,1,voucher,1,71.6
o_003954,1,credit_card,2,247.11
o_003955,1,credit_card,4,96.55
o_003956,1,credit_card,12,183.79
o_003957,1,credit_card,12,683.47
o_003958,1,credit_card,1,41.69
o_003959,1,credit_card,8,244.39
o_003960,1,credit_card,1,215.57
o_003961,1,credit_card,1,148.38
o_003962,1,credit_card,1,40.21
o_003963,1,credit_card,3,746.83
o_003964,1,boleto,1,91.59
o_003965,1,credit_card,2,32.86
o_003966,1,credit_card,1,175.15
o_003967,1,credit_card,1,52.09
o_003968,1,credit_card,1,248.29
o_003969,1,boleto,1,306.04
o_003970,1,credit_card,6,123.51
o_003971,1,credit_card,10,114.78
o_003972,1,boleto,1,592.36
o_003973,1,boleto,1,361.26
o_003974,1,credit_card,6,73.85
o_003975,1,credit_card,2,59.0
o_003976,1,credit_card,2,231.45
o_003977,1,credit_card,6,45.92
o_003978,1,credit_card,10,158.61
o_003979,1,credit_card,1,184.01
o_003980,1,credit_card,1,30.53
o_003981,1,credit_card,8,103.4
o_003982,1,boleto,1,305.19
o_003983,1,credit_card,3,84.05
o_003984,1,boleto,1,293.06
o_003985,1,boleto,1,477.7
o_003986,1,boleto,1,140.66
o_003987,1,credit_card,1,101.04
o_003988,1,credit_card,2,140.98
o_003989,1,credit_card,1,162.61
o_003990,1,credit_card,3,30.22
o_003991,1,credit_card,2,428.94
o_003992,1,debit_card,1,164.02
o_003993,1,credit_card,6,437.12
o_003994,1,credit_card,10,142.75
o_003995,1,credit_card,2,294.71
o_003996,1,credit_card,6,513.75
o_003997,1,credit_card,1,92.89
o_003998,1,boleto,1,29.76
o_003999,1,credit_card,1,177.43
o_004000,1,credit_card,8,113.5
o_004001,1,boleto,1,98.52
o_004002,1,credit_card,1,229.45
o_004003,1,credit_card,6,358.85
o_004004,1,boleto,1,201.71
o_004005,1,credit_card,1,233.97
o_004006,1,credit_card,1,128.71
o_004007,1,credit_card,1,301.75
o_004008,1,credit_card,6,123.02
o_004009,1,credit_card,1,87.01
o_004010,1,credit_card,6,50.11
o_004011,1,voucher,1,167.34
o_004012,1,boleto,1,152.24
o_004013,1,voucher,1,34.78
o_004014,1,boleto,1,149.77
o_004015,1,credit_card,3,25.95
o_004016,1,credit_card,1,266.44
o_004017,1,boleto,1,234.1
o_004018,1,boleto,1,46.77
o_004019,1,credit_card,2,41.73
o_004020,1,credit_card,1,45.36
o_004021,1,credit_card,10,32.39
o_004022,1,credit_card,1,218.98
o_004023,1,credit_card,3,54.03
o_004024,1,boleto,1,166.12
o_004025,1,boleto,1,309.41
o_004026,1,boleto,1,356.22
o_004027,1,credit_card,2,138.49
o_004028,1,credit_card,2,105.99
o_004029,1,credit_card,2,241.46
o_004030,1,voucher,1,297.11
o_004031,1,credit_card,1,35.91
o_004032,1,debit_card,1,64.45
o_004033,1,credit_card,1,124.97
o_004034,1,credit_card,1,133.83
o_004035,1,credit_card,3,138.43
o_004036,1,credit_card,1,51.28
o_004037,1,boleto,1,85.51
o_004038,1,boleto,1,158.11
o_004039,1,credit_card,1,406.48
o_004040,1,credit_card,2,33.77
o_004041,1,boleto,1,266.46
o_004042,1,credit_card,1,184.23
o_004043,1,credit_card,4,276.9
o_004044,1,credit_card,10,189.79
o_004045,1,debit_card,1,319.3
o_004046,1,credit_card,1,54.9
o_004047,1,credit_card,3,123.56
o_004048,1,credit_card,10,38.82
o_004049,1,credit_card,2,95.56
o_004050,1,credit_card,12,61.0
o_004051,1,credit_card,1,207.88
o_004052,1,credit_card,1,113.72
o_004053,1,credit_card,3,125.76
o_004054,1,voucher,1,257.29
o_004055,1,credit_card,1,123.02
o_004056,1,voucher,1,97.4
o_004057,1,credit_card,12,261.63
o_004058,1,credit_card,3,374.22
o_004059,1,credit_card,1,164.28
o_004060,1,credit_card,1,173.0
o_004061,1,voucher,1,77.78
o_004062,1,credit_card,1,160.45
o_004063,1,credit_card,6,184.36
o_004064,1,credit_card,4,103.83
o_004065,1,credit_card,1,529.58
o_004066,1,boleto,1,142.01
o_004067,1,credit_card,1,101.7
o_004068,1,credit_card,2,410.07
o_004069,1,credit_card,1,154.31
o_004070,1,credit_card,2,216.16
o_004071,1,credit_card,6,67.61
o_004072,1,boleto,1,141.15
o_004073,1,credit_card,1,250.43
o_004074,1,credit_card,1,54.47
o_004075,1,boleto,1,48.91
o_004076,1,voucher,1,177.35
o_004077,1,boleto,1,28.91
o_004078,1,credit_card,3,122.07
o_004079,1,credit_card,2,118.76
o_004080,1,credit_card,6,125.94
o_004081,1,credit_card,1,77.37
o_004082,1,credit_card,4,112.87
o_004083,1,credit_card,3,161.28
o_004084,1,credit_card,1,57.17
o_004085,1,credit_card,4,58.08
o_004086,1,credit_card,1,69.2
o_004087,1,boleto,1,61.29
o_004088,1,credit_card,6,358.96
o_004089,1,voucher,1,112.47
o_004090,1,credit_card,3,132.54
o_004091,1,credit_card,1,91.69
o_004092,1,credit_card,1,94.41
o_004093,1,credit_card,1,106.64
o_004094,1,credit_card,3,42.92
o_004095,1,credit_card,3,123.86
o_004096,1,boleto,1,125.88
o_004097,1,credit_card,4,78.1
o_004098,1,credit_card,2,69.6
o_004099,1,boleto,1,63.41
o_004100,1,debit_card,1,111.65
o_004101,1,credit_card,1,48.91
o_004102,1,credit_card,1,208.32
o_004103,1,credit_card,3,30.17
o_004104,1,boleto,1,84.33
o_004105,1,boleto,1,72.66
o_004106,1,boleto,1,236.35
o_004107,1,credit_card,1,86.43
o_004108,1,credit_card,8,83.78
o_004109,1,credit_card,6,53.0
o_004110,1,credit_card,4,84.34
o_004111,1,boleto,1,232.13
o_004112,1,boleto,1,460.91
o_004113,1,credit_card,8,45.08
o_004114,1,debit_card,1,469.03
o_004115,1,credit_card,3,52.94
o_004116,1,credit_card,6,178.63
o_004117,1,credit_card,1,36.26
o_004118,1,credit_card,12,96.81
o_004119,1,boleto,1,75.98
o_004120,1,boleto,1,67.99
o_004121,1,boleto,1,134.42
o_004122,1,credit_card,1,74.87
o_004123,1,credit_card,1,206.33
o_004124,1,credit_card,4,530.41
o_004125,1,credit_card,3,176.0
o_004126,1,credit_card,1,155.27
o_004127,1,boleto,1,27.21
o_004128,1,boleto,1,175.47
o_004129,1,credit_card,2,48.73
o_004130,1,credit_card,4,82.14
o_004131,1,credit_card,1,89.8
o_004132,1,credit_card,1,252.44
o_004133,1,debit_card,1,617.81
o_004134,1,credit_card,1,474.73
o_004135,1,credit_card,3,290.21
o_004136,1,credit_card,10,289.59
o_004137,1,credit_card,1,403.23
o_004138,1,credit_card,3,288.3
o_004139,1,credit_card,1,430.94
o_004140,1,credit_card,4,727.71
o_004141,1,boleto,1,52.23
o_004142,1,credit_card,10,140.55
o_004143,1,credit_card,2,211.94
o_004144,1,credit_card,2,80.06
o_004145,1,credit_card,3,143.05
o_004146,1,credit_card,8,90.43
o_004147,1,credit_card,4,227.12
o_004148,1,boleto,1,109.91
o_004149,1,credit_card,1,429.41
o_004150,1,credit_card,2,438.03
o_004151,1,credit_card,6,178.4
o_004152,1,credit_card,1,36.34
o_004153,1,credit_card,3,119.58
o_004154,1,voucher,1,165.57
o_004155,1,credit_card,1,1047.36
o_004156,1,credit_card,1,104.64
o_004157,1,credit_card,1,562.45
o_004158,1,credit_card,3,97.4
o_004159,1,credit_card,6,39.85
o_004160,1,credit_card,4,370.92
o_004161,1,credit_card,1,119.84
o_004162,1,credit_card,1,88.03
o_004163,1,credit_card,4,90.28
o_004164,1,credit_card,3,46.61
o_004165,1,credit_card,6,242.22
o_004166,1,credit_card,1,338.5
o_004167,1,credit_card,1,219.25
o_004168,1,boleto,1,418.31
o_004169,1,credit_card,1,308.64
o_004170,1,credit_card,4,119.12
o_004171,1,boleto,1,30.64
o_004172,1,credit_card,2,188.32
o_004173,1,credit_card,1,220.58
o_004174,1,boleto,1,114.7
o_004175,1,credit_card,1,104.64
o_004176,1,credit_card,1,317.03
o_004177,1,credit_card,4,363.98
o_004178,1,boleto,1,36.15
o_004179,1,boleto,1,230.34
o_004180,1,credit_card,1,24.75
o_004181,1,boleto,1,199.83
o_004182,1,boleto,1,201.0
o_004183,1,credit_card,1,103.1
o_004184,1,boleto,1,210.5
o_004185,1,voucher,1,420.43
o_004186,1,credit_card,4,179.65
o_004187,1,credit_card,6,31.02
o_004188,1,credit_card,4,57.29
o_004189,1,credit_card,4,149.8
o_004190,1,boleto,1,58.85
o_004191,1,boleto,1,416.73
o_004192,1,credit_card,6,375.2
o_004193,1,credit_card,1,40.47
o_004194,1,credit_card,1,172.46
o_004195,1,credit_card,6,244.69
o_004196,1,credit_card,4,51.19
o_004197,1,credit_card,4,56.82
o_004198,1,boleto,1,40.13
o_004199,1,credit_card,1,392.42
o_004200,1,boleto,1,430.45
o_004201,1,credit_card,4,428.98
o_004202,1,voucher,1,83.65
o_004203,1,credit_card,1,238.96
o_004204,1,credit_card,1,276.39
o_004205,1,boleto,1,57.14
o_004206,1,credit_card,2,47.39
o_004207,1,credit_card,4,304.65
o_004208,1,credit_card,1,292.7
o_004209,1,credit_card,10,47.35
o_004210,1,credit_card,8,190.39
o_004211,1,credit_card,2,51.33
o_004212,1,credit_card,1,361.94
o_004213,1,credit_card,1,50.77
o_004214,1,credit_card,3,218.29
o_004215,1,credit_card,3,800.42
o_004216,1,credit_card,4,43.61
o_004217,1,boleto,1,193.59
o_004218,1,credit_card,3,45.19
o_004219,1,credit_card,6,80.11
o_004220,1,credit_card,1,231.64
o_004221,1,boleto,1,173.37
o_004222,1,debit_card,1,129.02
o_004223,1,boleto,1,45.82
o_004224,1,boleto,1,33.34
o_004225,1,credit_card,8,85.02
o_004226,1,credit_card,1,133.95
o_004227,1,credit_card,1,107.29
o_004228,1,credit_card,1,381.95
o_004229,1,credit_card,1,398.05
o_004230,1,credit_card,1,33.77
o_004231,1,credit_card,1,216.47
o_004232,1,credit_card,1,558.42
o_004233,1,boleto,1,246.56
o_004234,1,credit_card,6,74.62
o_004235,1,credit_card,3,151.32
o_004236,1,credit_card,1,303.71
o_004237,1,boleto,1,229.25
o_004238,1,boleto,1,257.99
o_004239,1,credit_card,1,32.88
o_004240,1,boleto,1,247.95
o_004241,1,boleto,1,102.17
o_004242,1,debit_card,1,154.57
o_004243,1,boleto,1,326.16
o_004244,1,credit_card,4,89.5
o_004245,1,credit_card,3,459.82
o_004246,1,voucher,1,371.08
o_004247,1,credit_card,1,68.99
o_004248,1,boleto,1,379.97
o_004249,1,credit_card,1,201.21
o_004250,1,credit_card,2,216.82
o_004251,1,credit_card,10,245.02
o_004252,1,credit_card,2,61.95
o_004253,1,credit_card,3,166.81
o_004254,1,credit_card,2,123.03
o_004255,1,debit_card,1,275.87
o_004256,1,credit_card,2,564.79
o_004257,1,credit_card,6,58.56
o_004258,1,boleto,1,533.96
o_004259,1,debit_card,1,75.93
o_004260,1,credit_card,1,174.16
o_004261,1,boleto,1,37.85
o_004262,1,boleto,1,235.49
o_004263,1,credit_card,6,217.83
o_004264,1,credit_card,2,482.76
o_004265,1,credit_card,10,82.9
o_004266,1,credit_card,1,79.02
o_004267,1,credit_card,10,211.01
o_004268,1,credit_card,1,38.83
o_004269,1,boleto,1,546.28
o_004270,1,boleto,1,78.03
o_004271,1,credit_card,1,60.29
o_004272,1,credit_card,2,119.3
o_004273,1,credit_card,2,64.17
o_004274,1,credit_card,2,61.53
o_004275,1,credit_card,8,187.38
o_004276,1,credit_card,3,90.09
o_004277,1,credit_card,6,139.5
o_004278,1,credit_card,6,72.47
o_004279,1,debit_card,1,64.07
o_004280,1,credit_card,1,55.91
o_004281,1,credit_card,2,73.0
o_004282,1,credit_card,4,65.65
o_004283,1,voucher,1,391.64
o_004284,1,credit_card,2,70.4
o_004285,1,credit_card,1,371.63
o_004286,1,credit_card,2,159.02
o_004287,1,credit_card,10,229.84
o_004288,1,credit_card,1,127.29
o_004289,1,credit_card,3,394.36
o_004290,1,boleto,1,228.26
o_004291,1,credit_card,1,179.88
o_004292,1,credit_card,1,456.99
o_004293,1,credit_card,2,153.4
o_004294,1,credit_card,1,99.96
o_004295,1,boleto,1,59.26
o_004296,1,credit_card,1,333.5
o_004297,1,credit_card,1,266.1
o_004298,1,credit_card,4,28.78
o_004299,1,credit_card,1,131.18
o_004300,1,credit_card,8,96.71
o_004301,1,credit_card,1,296.61
o_004302,1,credit_card,3,528.42
o_004303,1,credit_card,10,153.1
o_004304,1,boleto,1,246.16
o_004305,1,credit_card,1,340.45
o_004306,1,credit_card,4,359.07
o_004307,1,credit_card,4,48.87
o_004308,1,boleto,1,606.28
o_004309,1,boleto,1,38.56
o_004310,1,credit_card,1,306.61
o_004311,1,credit_card,2,308.88
o_004312,1,boleto,1,122.33
o_004313,1,credit_card,6,33.76
o_004314,1,credit_card,12,65.77
o_004315,1,credit_card,1,247.8
o_004316,1,credit_card,1,318.69
o_004317,1,credit_card,1,132.12
o_004318,1,credit_card,4,297.19
o_004319,1,credit_card,1,170.16
o_004320,1,credit_card,1,22.27
o_004321,1,credit_card,1,82.62
o_004322,1,credit_card,6,221.18
o_004323,1,credit_card,8,143.03
o_004324,1,boleto,1,114.35
o_004325,1,boleto,1,179.29
o_004326,1,credit_card,1,148.61
o_004327,1,credit_card,1,203.75
o_004328,1,credit_card,3,172.53
o_004329,1,debit_card,1,59.65
o_004330,1,credit_card,10,46.48
o_004331,1,credit_card,1,53.8
o_004332,1,credit_card,3,52.36
o_004333,1,credit_card,8,124.44
o_004334,1,credit_card,3,276.63
o_004335,1,credit_card,1,206.69
o_004336,1,credit_card,1,94.8
o_004337,1,credit_card,1,205.42
o_004338,1,credit_card,1,398.38
o_004339,1,credit_card,3,54.13
o_004340,1,credit_card,3,388.57
o_004341,1,credit_card,8,42.34
o_004342,1,boleto,1,223.76
o_004343,1,credit_card,1,38.47
o_004344,1,boleto,1,98.76
o_004345,1,credit_card,1,52.94
o_004346,1,credit_card,2,53.88
o_004347,1,credit_card,3,204.53
o_004348,1,voucher,1,159.06
o_004349,1,credit_card,1,713.06
o_004350,1,credit_card,1,86.52
o_004351,1,credit_card,1,188.59
o_004352,1,credit_card,1,33.34
o_004353,1,credit_card,6,296.29
o_004354,1,credit_card,6,39.1
o_004355,1,boleto,1,183.48
o_004356,1,credit_card,1,110.44
o_004357,1,credit_card,1,196.78
o_004358,1,credit_card,2,102.61
o_004359,1,boleto,1,182.05
o_004360,1,credit_card,3,103.96
o_004361,1,credit_card,1,103.63
o_004362,1,boleto,1,43.4
o_004363,1,credit_card,1,36.18
o_004364,1,credit_card,2,74.49
o_004365,1,credit_card,1,169.42
o_004366,1,boleto,1,98.57
o_004367,1,credit_card,1,221.94
o_004368,1,credit_card,4,192.15
o_004369,1,credit_card,1,807.54
o_004370,1,credit_card,6,60.07
o_004371,1,credit_card,1,138.89
o_004372,1,credit_card,1,75.91
o_004373,1,credit_card,1,201.76
o_004374,1,boleto,1,92.14
o_004375,1,credit_card,12,136.98
o_004376,1,credit_card,1,90.84
o_004377,1,voucher,1,649.04
o_004378,1,credit_card,1,42.07
o_004379,1,credit_card,2,422.4
o_004380,1,credit_card,6,111.05
o_004381,1,credit_card,2,347.01
o_004382,1,credit_card,4,40.0
o_004383,1,credit_card,1,40.25
o_004384,1,credit_card,8,177.61
o_004385,1,boleto,1,54.53
o_004386,1,credit_card,10,85.53
o_004387,1,credit_card,1,256.16
o_004388,1,debit_card,1,139.43
o_004389,1,boleto,1,371.73
o_004390,1,credit_card,2,45.16
o_004391,1,credit_card,1,49.08
o_004392,1,boleto,1,105.78
o_004393,1,boleto,1,359.58
o_004394,1,credit_card,1,126.43
o_004395,1,boleto,1,62.59
o_004396,1,credit_card,6,216.44
o_004397,1,credit_card,2,75.08
o_004398,1,credit_card,4,165.34
o_004399,1,boleto,1,29.71
o_004400,1,boleto,1,511.2
o_004401,1,boleto,1,183.42
o_004402,1,credit_card,1,172.41
o_004403,1,credit_card,1,205.47
o_004404,1,credit_card,1,76.04
o_004405,1,boleto,1,75.33
o_004406,1,credit_card,4,179.27
o_004407,1,boleto,1,239.08
o_004408,1,credit_card,3,76.89
o_004409,1,voucher,1,105.89
o_004410,1,credit_card,1,78.17
o_004411,1,credit_card,8,185.01
o_004412,1,boleto,1,827.76
o_004413,1,credit_card,1,165.23
o_004414,1,credit_card,1,27.29
o_004415,1,credit_card,8,301.51
o_004416,1,boleto,1,138.8
o_004417,1,voucher,1,115.12
o_004418,1,credit_card,3,36.11
o_004419,1,credit_card,1,65.21
o_004420,1,credit_card,6,110.36
o_004421,1,credit_card,1,171.15
o_004422,1,credit_card,2,130.67
o_004423,1,credit_card,4,311.03
o_004424,1,credit_card,1,68.96
o_004425,1,credit_card,3,220.17
o_004426,1,credit_card,8,449.44
o_004427,1,credit_card,1,67.38
o_004428,1,credit_card,3,140.37
o_004429,1,credit_card,1,116.01
o_004430,1,credit_card,6,142.29
o_004431,1,boleto,1,368.9
o_004432,1,boleto,1,53.49
o_004433,1,credit_card,1,265.16
o_004434,1,credit_card,8,485.18
o_004435,1,credit_card,1,375.04
o_004436,1,credit_card,12,73.6
o_004437,1,credit_card,4,157.54
o_004438,1,credit_card,1,227.1
o_004439,1,credit_card,3,191.95
o_004440,1,credit_card,4,97.07
o_004441,1,credit_card,1,45.08
o_004442,1,credit_card,1,351.32
o_004443,1,credit_card,1,91.21
o_004444,1,boleto,1,51.62
o_004445,1,boleto,1,40.52
o_004446,1,credit_card,8,92.69
o_004447,1,boleto,1,98.58
o_004448,1,credit_card,1,84.07
o_004449,1,credit_card,1,272.77
o_004450,1,credit_card,4,83.49
o_004451,1,credit_card,8,462.28
o_004452,1,credit_card,10,766.92
o_004453,1,credit_card,3,148.88
o_004454,1,boleto,1,354.49
o_004455,1,credit_card,3,76.28
o_004456,1,credit_card,4,271.83
o_004457,1,credit_card,6,501.2
o_004458,1,credit_card,4,152.25
o_004459,1,credit_card,1,219.01
o_004460,1,credit_card,1,74.89
o_004461,1,credit_card,1,686.75
o_004462,1,credit_card,4,42.95
o_004463,1,debit_card,1,65.11
o_004464,1,credit_card,1,210.48
o_004465,1,credit_card,1,122.95
o_004466,1,credit_card,10,141.94
o_004467,1,boleto,1,224.95
o_004468,1,credit_card,2,358.95
o_004469,1,boleto,1,141.81
o_004470,1,boleto,1,357.63
o_004471,1,credit_card,1,93.85
o_004472,1,credit_card,1,151.85
o_004473,1,credit_card,3,128.39
o_004474,1,credit_card,3,220.47
o_004475,1,credit_card,4,66.56
o_004476,1,credit_card,2,223.69
o_004477,1,credit_card,8,488.41
o_004478,1,credit_card,6,107.38
o_004479,1,credit_card,1,97.86
o_004480,1,boleto,1,52.11
o_004481,1,credit_card,1,105.79
o_004482,1,boleto,1,119.43
o_004483,1,credit_card,6,170.31
o_004484,1,credit_card,1,272.28
o_004485,1,boleto,1,178.93
o_004486,1,boleto,1,66.53
o_004487,1,credit_card,8,80.21
o_004488,1,credit_card,2,132.83
o_004489,1,credit_card,8,42.22
o_004490,1,credit_card,1,423.49
o_004491,1,boleto,1,300.04
o_004492,1,credit_card,2,113.33
o_004493,1,boleto,1,111.29
o_004494,1,debit_card,1,73.52
o_004495,1,credit_card,1,536.63
o_004496,1,credit_card,1,123.59
o_004497,1,debit_card,1,101.81
o_004498,1,credit_card,3,39.73
o_004499,1,boleto,1,414.03
o_004500,1,credit_card,1,275.77
o_004501,1,credit_card,1,399.07
o_004502,1,boleto,1,250.45
o_004503,1,debit_card,1,503.59
o_004504,1,credit_card,3,154.56
o_004505,1,credit_card,8,308.75
o_004506,1,credit_card,6,52.99
o_004507,1,credit_card,1,84.2
o_004508,1,credit_card,3,46.34
o_004509,1,credit_card,6,59.17
o_004510,1,credit_card,1,97.69
o_004511,1,credit_card,3,79.61
o_004512,1,credit_card,8,239.72
o_004513,1,credit_card,1,66.79
o_004514,1,credit_card,2,73.05
o_004515,1,credit_card,1,54.63
o_004516,1,credit_card,1,83.58
o_004517,1,credit_card,2,109.13
o_004518,1,boleto,1,112.26
o_004519,1,credit_card,1,191.35
o_004520,1,credit_card,1,61.58
o_004521,1,boleto,1,208.22
o_004522,1,credit_card,4,129.35
o_004523,1,credit_card,2,168.15
o_004524,1,credit_card,1,118.17
o_004525,1,boleto,1,62.03
o_004526,1,boleto,1,173.66
o_004527,1,credit_card,2,258.19
o_004528,1,credit_card,2,261.86
o_004529,1,credit_card,8,48.29
o_004530,1,credit_card,1,227.92
o_004531,1,boleto,1,210.86
o_004532,1,credit_card,1,64.66
o_004533,1,credit_card,1,219.32
o_004534,1,credit_card,4,62.93
o_004535,1,credit_card,6,220.74
o_004536,1,boleto,1,226.99
o_004537,1,credit_card,6,145.53
o_004538,1,credit_card,10,196.8
o_004539,1,credit_card,1,46.88
o_004540,1,credit_card,2,143.29
o_004541,1,credit_card,8,98.47
o_004542,1,credit_card,2,88.28
o_004543,1,voucher,1,80.68
o_004544,1,credit_card,1,337.7
o_004545,1,boleto,1,351.27
o_004546,1,credit_card,6,211.68
o_004547,1,credit_card,1,45.04
o_004548,1,credit_card,1,38.44
o_004549,1,credit_card,2,683.93
o_004550,1,boleto,1,166.33
o_004551,1,credit_card,2,44.7
o_004552,1,credit_card,2,62.87
o_004553,1,credit_card,8,71.73
o_004554,1,credit_card,2,190.36
o_004555,1,credit_card,1,125.46
o_004556,1,credit_card,1,225.39
o_004557,1,credit_card,1,383.73
o_004558,1,debit_card,1,156.2
o_004559,1,credit_card,10,77.0
o_004560,1,credit_card,4,311.73
o_004561,1,credit_card,1,233.74
o_004562,1,voucher,1,43.68
o_004563,1,credit_card,1,617.39
o_004564,1,credit_card,1,466.99
o_004565,1,boleto,1,596.7
o_004566,1,credit_card,8,235.53
o_004567,1,credit_card,3,153.88
o_004568,1,credit_card,1,26.08
o_004569,1,credit_card,3,280.48
o_004570,1,credit_card,8,63.22
o_004571,1,credit_card,1,129.89
o_004572,1,credit_card,4,58.17
o_004573,1,credit_card,1,370.41
o_004574,1,credit_card,1,57.69
o_004575,1,credit_card,6,27.91
o_004576,1,credit_card,1,301.16
o_004577,1,credit_card,3,96.35
o_004578,1,credit_card,1,109.94
o_004579,1,credit_card,1,354.7
o_004580,1,credit_card,3,141.35
o_004581,1,credit_card,2,43.12
o_004582,1,credit_card,1,261.95
o_004583,1,credit_card,1,144.15
o_004584,1,credit_card,1,118.69
o_004585,1,credit_card,10,121.42
o_004586,1,credit_card,1,105.35
o_004587,1,credit_card,3,142.83
o_004588,1,credit_card,1,268.85
o_004589,1,credit_card,2,176.53
o_004590,1,credit_card,1,55.89
o_004591,1,credit_card,1,76.96
o_004592,1,credit_card,8,57.93
o_004593,1,credit_card,6,226.77
o_004594,1,credit_card,1,27.71
o_004595,1,credit_card,10,33.35
o_004596,1,voucher,1,104.2
o_004597,1,credit_card,4,184.37
o_004598,1,boleto,1,215.64
o_004599,1,boleto,1,150.66
o_004600,1,credit_card,3,104.54
o_004601,1,credit_card,4,419.63
o_004602,1,credit_card,4,269.31
o_004603,1,credit_card,2,385.54
o_004604,1,credit_card,6,81.97
o_004605,1,credit_card,8,165.97
o_004606,1,credit_card,2,83.03
o_004607,1,credit_card,4,187.7
o_004608,1,credit_card,3,103.68
o_004609,1,voucher,1,144.04
o_004610,1,credit_card,1,58.08
o_004611,1,boleto,1,115.46
o_004612,1,credit_card,6,156.42
o_004613,1,boleto,1,204.4
o_004614,1,credit_card,1,72.62
o_004615,1,credit_card,1,113.66
o_004616,1,credit_card,3,165.48
o_004617,1,credit_card,1,121.57
o_004618,1,boleto,1,166.82
o_004619,1,credit_card,1,55.76
o_004620,1,credit_card,1,366.22
o_004621,1,voucher,1,374.34
o_004622,1,credit_card,1,71.54
o_004623,1,credit_card,1,547.63
o_004624,1,voucher,1,153.11
o_004625,1,credit_card,1,140.72
o_004626,1,credit_card,3,67.35
o_004627,1,credit_card,2,825.25
o_004628,1,credit_card,4,416.3
o_004629,1,credit_card,1,761.34
o_004630,1,credit_card,1,67.65
o_004631,1,boleto,1,200.17
o_004632,1,boleto,1,30.35
o_004633,1,credit_card,1,121.56
o_004634,1,credit_card,1,96.07
o_004635,1,credit_card,3,83.89
o_004636,1,credit_card,6,92.37
o_004637,1,credit_card,8,847.83
o_004638,1,credit_card,2,285.09
o_004639,1,boleto,1,259.1
o_004640,1,credit_card,10,107.7
o_004641,1,credit_card,3,136.98
o_004642,1,credit_card,3,32.5
o_004643,1,credit_card,4,132.62
o_004644,1,boleto,1,53.51
o_004645,1,credit_card,1,98.57
o_004646,1,credit_card,2,394.8
o_004647,1,boleto,1,60.0
o_004648,1,credit_card,12,194.25
o_004649,1,credit_card,1,76.57
o_004650,1,credit_card,3,419.04
o_004651,1,credit_card,2,331.66
o_004652,1,credit_card,4,168.18
o_004653,1,credit_card,8,197.67
o_004654,1,credit_card,2,116.33
o_004655,1,credit_card,10,216.42
o_004656,1,credit_card,1,327.69
o_004657,1,credit_card,3,157.45
o_004658,1,credit_card,1,326.32
o_004659,1,credit_card,8,441.88
o_004660,1,boleto,1,95.17
o_004661,1,boleto,1,133.11
o_004662,1,credit_card,1,40.65
o_004663,1,credit_card,6,198.84
o_004664,1,debit_card,1,355.39
o_004665,1,credit_card,1,52.04
o_004666,1,boleto,1,172.81
o_004667,1,credit_card,3,107.59
o_004668,1,credit_card,2,40.49
o_004669,1,credit_card,2,22.14
o_004670,1,credit_card,1,203.3
o_004671,1,boleto,1,76.26
o_004672,1,credit_card,3,51.4
o_004673,1,boleto,1,63.76
o_004674,1,boleto,1,129.6
o_004675,1,voucher,1,269.16
o_004676,1,credit_card,4,97.25
o_004677,1,credit_card,2,299.6
o_004678,1,debit_card,1,458.8
o_004679,1,credit_card,8,191.61
o_004680,1,boleto,1,63.55
o_004681,1,boleto,1,741.21
o_004682,1,voucher,1,151.68
o_004683,1,credit_card,1,118.89
o_004684,1,boleto,1,189.14
o_004685,1,boleto,1,124.07
o_004686,1,credit_card,10,96.64
o_004687,1,credit_card,4,153.23
o_004688,1,credit_card,6,204.16
o_004689,1,credit_card,3,120.59
o_004690,1,credit_card,10,264.48
o_004691,1,boleto,1,138.0
o_004692,1,credit_card,1,140.09
o_004693,1,credit_card,4,28.18
o_004694,1,credit_card,2,32.64
o_004695,1,credit_card,1,170.79
o_004696,1,credit_card,6,175.58
o_004697,1,boleto,1,479.78
o_004698,1,credit_card,3,35.73
o_004699,1,credit_card,1,205.54
o_004700,1,credit_card,10,30.87
o_004701,1,credit_card,1,99.84
o_004702,1,credit_card,4,684.48
o_004703,1,credit_card,1,91.62
o_004704,1,credit_card,3,146.18
o_004705,1,credit_card,1,69.7
o_004706,1,boleto,1,153.58
o_004707,1,boleto,1,178.58
o_004708,1,credit_card,1,53.65
o_004709,1,debit_card,1,71.42
o_004710,1,credit_card,6,264.04
o_004711,1,boleto,1,98.41
o_004712,1,credit_card,8,200.0
o_004713,1,credit_card,4,181.84
o_004714,1,voucher,1,42.47
o_004715,1,credit_card,1,51.25
o_004716,1,boleto,1,308.99
o_004717,1,boleto,1,143.14
o_004718,1,credit_card,6,44.84
o_004719,1,credit_card,1,36.64
o_004720,1,credit_card,3,149.15
o_004721,1,boleto,1,168.18
o_004722,1,credit_card,1,195.77
o_004723,1,credit_card,1,59.16
o_004724,1,credit_card,4,268.04
o_004725,1,credit_card,1,80.75
o_004726,1,boleto,1,41.27
o_004727,1,credit_card,1,46.96
o_004728,1,credit_card,10,185.14
o_004729,1,credit_card,1,133.38
o_004730,1,credit_card,4,122.91
o_004731,1,credit_card,2,192.92
o_004732,1,credit_card,2,355.27
o_004733,1,boleto,1,135.98
o_004734,1,credit_card,1,29.54
o_004735,1,boleto,1,54.38
o_004736,1,credit_card,3,533.65
o_004737,1,voucher,1,475.66
o_004738,1,credit_card,4,107.48
o_004739,1,boleto,1,389.33
o_004740,1,boleto,1,411.46
o_004741,1,credit_card,1,62.6
o_004742,1,credit_card,6,39.68
o_004743,1,credit_card,8,442.99
o_004744,1,credit_card,2,227.6
o_004745,1,credit_card,4,176.58
o_004746,1,credit_card,1,125.01
o_004747,1,credit_card,1,235.14
o_004748,1,credit_card,3,102.55
o_004749,1,credit_card,1,34.08
o_004750,1,credit_card,1,109.28
o_004751,1,voucher,1,40.5
o_004752,1,credit_card,10,40.69
o_004753,1,credit_card,1,101.5
o_004754,1,credit_card,2,869.68
o_004755,1,credit_card,3,215.02
o_004756,1,credit_card,4,67.44
o_004757,1,credit_card,1,132.29
o_004758,1,credit_card,1,203.36
o_004759,1,credit_card,4,99.75
o_004760,1,credit_card,1,287.3
o_004761,1,credit_card,3,388.41
o_004762,1,credit_card,1,73.42
o_004763,1,credit_card,1,86.77
o_004764,1,credit_card,2,208.72
o_004765,1,credit_card,1,206.85
o_004766,1,credit_card,1,37.57
o_004767,1,boleto,1,228.22
o_004768,1,credit_card,2,141.49
o_004769,1,credit_card,10,307.26
o_004770,1,credit_card,1,87.03
o_004771,1,credit_card,1,26.22
o_004772,1,credit_card,6,163.06
o_004773,1,credit_card,1,75.01
o_004774,1,boleto,1,382.71
o_004775,1,credit_card,6,91.96
o_004776,1,boleto,1,124.65
o_004777,1,credit_card,1,143.4
o_004778,1,boleto,1,73.39
o_004779,1,voucher,1,75.36
o_004780,1,credit_card,1,26.51
o_004781,1,boleto,1,117.39
o_004782,1,credit_card,1,350.44
o_004783,1,credit_card,1,56.44
o_004784,1,boleto,1,143.22
o_004785,1,credit_card,2,441.94
o_004786,1,credit_card,4,88.08
o_004787,1,credit_card,12,61.64
o_004788,1,credit_card,8,29.93
o_004789,1,credit_card,1,410.11
o_004790,1,boleto,1,56.17
o_004791,1,credit_card,8,35.98
o_004792,1,credit_card,8,263.96
o_004793,1,credit_card,1,137.95
o_004794,1,boleto,1,79.1
o_004795,1,credit_card,6,189.25
o_004796,1,boleto,1,82.69
o_004797,1,boleto,1,271.8
o_004798,1,boleto,1,96.65
o_004799,1,voucher,1,31.1
o_004800,1,credit_card,10,294.38
o_004801,1,credit_card,2,318.68
o_004802,1,credit_card,2,49.23
o_004803,1,boleto,1,515.12
o_004804,1,credit_card,1,313.71
o_004805,1,credit_card,1,373.6
o_004806,1,boleto,1,57.41
o_004807,1,credit_card,6,218.48
o_004808,1,credit_card,1,225.44
o_004809,1,boleto,1,275.01
o_004810,1,credit_card,1,225.29
o_004811,1,boleto,1,128.94
o_004812,1,voucher,1,67.52
o_004813,1,debit_card,1,48.02
o_004814,1,credit_card,6,140.59
o_004815,1,credit_card,2,25.39
o_004816,1,debit_card,1,85.62
o_004817,1,credit_card,1,173.14
o_004818,1,credit_card,6,164.63
o_004819,1,credit_card,8,95.44
o_004820,1,credit_card,1,121.02
o_004821,1,credit_card,1,46.91
o_004822,1,credit_card,1,366.8
o_004823,1,credit_card,8,68.37
o_004824,1,credit_card,1,466.03
o_004825,1,credit_card,1,379.72
o_004826,1,voucher,1,50.75
o_004827,1,boleto,1,40.57
o_004828,1,boleto,1,151.17
o_004829,1,boleto,1,88.95
o_004830,1,credit_card,3,619.67
o_004831,1,credit_card,1,256.03
o_004832,1,credit_card,2,165.94
o_004833,1,boleto,1,38.09
o_004834,1,credit_card,2,471.71
o_004835,1,boleto,1,95.64
o_004836,1,credit_card,2,72.78
o_004837,1,credit_card,3,156.1
o_004838,1,credit_card,3,91.99
o_004839,1,boleto,1,81.6
o_004840,1,credit_card,2,233.85
o_004841,1,credit_card,1,291.19
o_004842,1,boleto,1,270.07
o_004843,1,credit_card,2,172.68
o_004844,1,credit_card,4,300.22
o_004845,1,credit_card,8,45.12
o_004846,1,credit_card,8,105.26
o_004847,1,credit_card,4,97.4
o_004848,1,credit_card,1,128.3
o_004849,1,credit_card,1,151.31
o_004850,1,credit_card,6,65.49
o_004851,1,credit_card,1,616.98
o_004852,1,credit_card,6,398.9
o_004853,1,credit_card,1,97.08
o_004854,1,credit_card,1,97.29
o_004855,1,credit_card,4,983.65
o_004856,1,credit_card,1,178.09
o_004857,1,boleto,1,67.15
o_004858,1,boleto,1,92.73
o_004859,1,boleto,1,663.87
o_004860,1,credit_card,1,137.61
o_004861,1,credit_card,6,249.8
o_004862,1,credit_card,1,64.58
o_004863,1,boleto,1,122.44
o_004864,1,credit_card,1,256.5
o_004865,1,credit_card,10,30.19
o_004866,1,credit_card,4,173.6
o_004867,1,credit_card,1,118.81
o_004868,1,credit_card,1,343.13
o_004869,1,credit_card,1,47.48
o_004870,1,voucher,1,224.27
o_004871,1,boleto,1,36.02
o_004872,1,credit_card,2,601.09
o_004873,1,credit_card,1,68.31
o_004874,1,credit_card,1,170.43
o_004875,1,credit_card,1,36.97
o_004876,1,boleto,1,78.76
o_004877,1,credit_card,1,118.06
o_004878,1,credit_card,1,115.02
o_004879,1,credit_card,1,258.64
o_004880,1,credit_card,6,339.26
o_004881,1,credit_card,2,495.16
o_004882,1,boleto,1,301.89
o_004883,1,credit_card,2,290.54
o_004884,1,boleto,1,55.23
o_004885,1,debit_card,1,97.13
o_004886,1,boleto,1,547.87
o_004887,1,credit_card,12,40.52
o_004888,1,credit_card,1,80.39
o_004889,1,credit_card,1,51.78
o_004890,1,credit_card,4,285.68
o_004891,1,credit_card,1,154.93
o_004892,1,credit_card,2,189.39
o_004893,1,credit_card,8,498.0
o_004894,1,credit_card,4,75.09
o_004895,1,credit_card,10,87.68
o_004896,1,credit_card,8,126.69
o_004897,1,credit_card,1,116.83
o_004898,1,credit_card,1,183.34
o_004899,1,credit_card,1,140.33
o_004900,1,credit_card,1,124.72
o_004901,1,credit_card,1,131.36
o_004902,1,boleto,1,84.03
o_004903,1,boleto,1,89.72
o_004904,1,credit_card,1,80.45
o_004905,1,boleto,1,46.65
o_004906,1,credit_card,6,79.67
o_004907,1,credit_card,1,93.99
o_004908,1,debit_card,1,231.26
o_004909,1,credit_card,1,96.1
o_004910,1,credit_card,2,88.93
o_004911,1,credit_card,6,325.96
o_004912,1,credit_card,1,77.1
o_004913,1,credit_card,1,246.35
o_004914,1,credit_card,1,136.31
o_004915,1,credit_card,6,447.33
o_004916,1,credit_card,1,36.95
o_004917,1,credit_card,6,181.15
o_004918,1,boleto,1,59.71
o_004919,1,boleto,1,139.89
o_004920,1,credit_card,2,25.92
o_004921,1,credit_card,4,220.91
o_004922,1,credit_card,6,180.97
o_004923,1,boleto,1,132.28
o_004924,1,credit_card,1,108.9
o_004925,1,boleto,1,535.81
o_004926,1,boleto,1,399.69
o_004927,1,credit_card,1,218.68
o_004928,1,credit_card,1,253.76
o_004929,1,credit_card,1,56.94
o_004930,1,credit_card,1,327.52
o_004931,1,credit_card,10,152.46
o_004932,1,credit_card,1,174.56
o_004933,1,credit_card,10,355.0
o_004934,1,voucher,1,57.0
o_004935,1,credit_card,1,122.28
o_004936,1,credit_card,12,52.48
o_004937,1,boleto,1,95.43
o_004938,1,credit_card,1,325.46
o_004939,1,credit_card,2,51.17
o_004940,1,credit_card,6,164.02
o_004941,1,boleto,1,204.88
o_004942,1,debit_card,1,357.79
o_004943,1,credit_card,1,60.62
o_004944,1,credit_card,3,200.28
o_004945,1,credit_card,1,257.7
o_004946,1,boleto,1,399.92
o_004947,1,voucher,1,372.09
o_004948,1,credit_card,1,100.05
o_004949,1,boleto,1,106.46
o_004950,1,credit_card,1,155.31
o_004951,1,credit_card,1,92.0
o_004952,1,credit_card,10,152.25
o_004953,1,credit_card,6,48.03
o_004954,1,credit_card,4,36.2
o_004955,1,boleto,1,87.88
o_004956,1,credit_card,1,216.93
o_004957,1,credit_card,1,124.99
o_004958,1,voucher,1,54.65
o_004959,1,credit_card,1,563.84
o_004960,1,boleto,1,248.55
o_004961,1,boleto,1,70.94
o_004962,1,boleto,1,32.53
o_004963,1,credit_card,6,87.34
o_004964,1,credit_card,2,105.63
o_004965,1,boleto,1,68.94
o_004966,1,credit_card,2,135.35
o_004967,1,boleto,1,30.24
o_004968,1,credit_card,1,362.78
o_004969,1,boleto,1,267.2
o_004970,1,boleto,1,78.52
o_004971,1,boleto,1,232.54
o_004972,1,voucher,1,153.94
o_004973,1,credit_card,1,149.26
o_004974,1,credit_card,1,412.23
o_004975,1,credit_card,1,71.55
o_004976,1,boleto,1,353.29
o_004977,1,credit_card,1,35.46
o_004978,1,credit_card,1,62.28
o_004979,1,credit_card,4,28.34
o_004980,1,boleto,1,120.13
o_004981,1,voucher,1,107.61
o_004982,1,boleto,1,116.48
o_004983,1,credit_card,2,162.39
o_004984,1,boleto,1,78.06
o_004985,1,credit_card,2,227.48
o_004986,1,boleto,1,358.13
o_004987,1,credit_card,1,78.16
o_004988,1,voucher,1,38.42
o_004989,1,credit_card,4,110.02
o_004990,1,credit_card,1,341.71
o_004991,1,credit_card,1,155.83
o_004992,1,boleto,1,494.8
o_004993,1,credit_card,10,76.04
o_004994,1,credit_card,6,162.78
o_004995,1,credit_card,1,167.72
o_004996,1,credit_card,4,151.62
o_004997,1,credit_card,6,33.38
o_004998,1,credit_card,1,130.17
o_004999,1,boleto,1,90.78
o_005000,1,boleto,1,1144.48
o_005001,1,boleto,1,665.5
o_005002,1,credit_card,6,75.15
o_005003,1,credit_card,4,45.97
o_005004,1,credit_card,6,109.74
o_005005,1,credit_card,1,366.82
o_005006,1,credit_card,2,146.72
o_005007,1,credit_card,1,46.21
o_005008,1,credit_card,1,42.27
o_005009,1,credit_card,6,507.62
o_005010,1,credit_card,2,120.95
o_005011,1,boleto,1,207.89
o_005012,1,credit_card,1,299.13
o_005013,1,credit_card,8,146.15
o_005014,1,credit_card,2,270.06
o_005015,1,credit_card,1,229.36
o_005016,1,voucher,1,145.14
o_005017,1,credit_card,2,199.62
o_005018,1,credit_card,1,195.37
o_005019,1,credit_card,8,342.17
o_005020,1,boleto,1,129.22
o_005021,1,voucher,1,27.76
o_005022,1,voucher,1,64.51
o_005023,1,credit_card,4,73.68
o_005024,1,boleto,1,163.18
o_005025,1,credit_card,1,67.6
o_005026,1,credit_card,1,228.73
o_005027,1,credit_card,3,72.44
o_005028,1,credit_card,1,70.66
o_005029,1,credit_card,1,180.18
o_005030,1,credit_card,1,401.13
o_005031,1,credit_card,4,71.7
o_005032,1,credit_card,1,106.97
o_005033,1,credit_card,1,251.57
o_005034,1,debit_card,1,231.12
o_005035,1,credit_card,2,179.39
o_005036,1,voucher,1,103.44
o_005037,1,credit_card,8,91.64
o_005038,1,credit_card,1,331.38
o_005039,1,credit_card,1,39.61
o_005040,1,credit_card,12,194.04
o_005041,1,boleto,1,313.42
o_005042,1,credit_card,1,38.79
o_005043,1,credit_card,1,208.81
o_005044,1,credit_card,1,37.58
o_005045,1,credit_card,10,28.22
o_005046,1,credit_card,4,74.57
o_005047,1,boleto,1,27.19
o_005048,1,credit_card,3,120.79
o_005049,1,credit_card,3,323.45
o_005050,1,boleto,1,222.77
o_005051,1,credit_card,1,71.34
o_005052,1,credit_card,6,284.95
o_005053,1,credit_card,1,230.15
o_005054,1,credit_card,12,165.81
o_005055,1,credit_card,4,128.63
o_005056,1,credit_card,6,68.11
o_005057,1,boleto,1,118.39
o_005058,1,boleto,1,467.33
o_005059,1,credit_card,1,134.46
o_005060,1,credit_card,2,204.06
o_005061,1,credit_card,2,936.44
o_005062,1,credit_card,6,49.57
o_005063,1,credit_card,1,299.04
o_005064,1,voucher,1,226.84
o_005065,1,boleto,1,188.5
o_005066,1,credit_card,10,88.73
o_005067,1,boleto,1,486.97
o_005068,1,credit_card,10,225.6
o_005069,1,credit_card,1,242.39
o_005070,1,credit_card,2,31.8
o_005071,1,credit_card,10,105.42
o_005072,1,boleto,1,347.82
o_005073,1,credit_card,6,86.92
o_005074,1,boleto,1,116.64
o_005075,1,boleto,1,65.74
o_005076,1,credit_card,1,227.56
o_005077,1,credit_card,1,88.46
o_005078,1,boleto,1,224.92
o_005079,1,credit_card,1,200.19
o_005080,1,credit_card,3,49.87
o_005081,1,credit_card,6,403.52
o_005082,1,credit_card,4,353.89
o_005083,1,credit_card,8,259.67
o_005084,1,boleto,1,40.37
o_005085,1,voucher,1,117.37
o_005086,1,credit_card,1,743.9
o_005087,1,boleto,1,74.55
o_005088,1,credit_card,1,308.24
o_005089,1,boleto,1,135.36
o_005090,1,credit_card,6,45.57
o_005091,1,credit_card,2,168.24
o_005092,1,credit_card,3,177.32
o_005093,1,credit_card,1,87.8
o_005094,1,credit_card,1,100.36
o_005095,1,credit_card,6,85.16
o_005096,1,boleto,1,318.4
o_005097,1,boleto,1,132.34
o_005098,1,credit_card,2,66.93
o_005099,1,credit_card,1,589.7
o_005100,1,boleto,1,109.01
o_005101,1,credit_card,1,46.24
o_005102,1,credit_card,1,362.61
o_005103,1,credit_card,1,769.76
o_005104,1,credit_card,4,109.58
o_005105,1,credit_card,2,128.57
o_005106,1,credit_card,6,310.77
o_005107,1,credit_card,3,103.42
o_005108,1,credit_card,1,136.39
o_005109,1,boleto,1,53.07
o_005110,1,credit_card,10,170.16
o_005111,1,credit_card,1,132.41
o_005112,1,debit_card,1,72.4
o_005113,1,credit_card,2,249.41
o_005114,1,credit_card,1,401.76
o_005115,1,credit_card,2,325.44
o_005116,1,credit_card,1,151.02
o_005117,1,credit_card,1,157.23
o_005118,1,credit_card,2,196.91
o_005119,1,credit_card,1,69.42
o_005120,1,credit_card,2,47.37
o_005121,1,credit_card,6,317.53
o_005122,1,credit_card,1,175.46
o_005123,1,credit_card,6,489.98
o_005124,1,credit_card,6,179.66
o_005125,1,credit_card,1,31.9
o_005126,1,boleto,1,101.01
o_005127,1,credit_card,1,89.44
o_005128,1,credit_card,2,185.51
o_005129,1,boleto,1,109.35
o_005130,1,credit_card,2,31.03
o_005131,1,credit_card,1,113.09
o_005132,1,credit_card,1,601.89
o_005133,1,boleto,1,52.96
o_005134,1,debit_card,1,36.18
o_005135,1,credit_card,1,379.47
o_005136,1,credit_card,8,137.5
o_005137,1,credit_card,3,232.29
o_005138,1,boleto,1,269.8
o_005139,1,voucher,1,149.73
o_005140,1,boleto,1,132.69
o_005141,1,credit_card,1,101.81
o_005142,1,credit_card,1,179.93
o_005143,1,credit_card,2,99.95
o_005144,1,credit_card,1,142.22
o_005145,1,voucher,1,184.71
o_005146,1,credit_card,1,275.07
o_005147,1,credit_card,4,48.46
o_005148,1,credit_card,1,107.74
o_005149,1,boleto,1,306.17
o_005150,1,credit_card,3,39.14
o_005151,1,credit_card,1,266.22
o_005152,1,credit_card,1,78.13
o_005153,1,boleto,1,40.07
o_005154,1,credit_card,1,214.35
o_005155,1,credit_card,6,338.57
o_005156,1,debit_card,1,48.57
o_005157,1,credit_card,1,188.02
o_005158,1,credit_card,2,179.1
o_005159,1,credit_card,1,298.26
o_005160,1,credit_card,8,188.44
o_005161,1,credit_card,1,236.75
o_005162,1,credit_card,2,157.15
o_005163,1,boleto,1,128.56
o_005164,1,boleto,1,42.38
o_005165,1,credit_card,1,195.19
o_005166,1,credit_card,6,112.52
o_005167,1,boleto,1,334.64
o_005168,1,boleto,1,156.67
o_005169,1,credit_card,1,150.07
o_005170,1,boleto,1,139.02
o_005171,1,credit_card,12,115.08
o_005172,1,credit_card,4,85.03
o_005173,1,boleto,1,397.74
o_005174,1,credit_card,1,46.61
o_005175,1,boleto,1,87.29
o_005176,1,boleto,1,311.39
o_005177,1,credit_card,1,40.41
o_005178,1,credit_card,1,377.22
o_005179,1,boleto,1,356.64
o_005180,1,credit_card,6,54.78
o_005181,1,credit_card,3,196.89
o_005182,1,credit_card,1,91.1
o_005183,1,credit_card,1,193.46
o_005184,1,credit_card,1,251.13
o_005185,1,debit_card,1,53.98
o_005186,1,credit_card,2,141.43
o_005187,1,credit_card,1,64.33
o_005188,1,credit_card,6,179.59
o_005189,1,credit_card,10,212.84
o_005190,1,credit_card,2,96.69
o_005191,1,credit_card,10,121.22
o_005192,1,credit_card,4,110.28
o_005193,1,credit_card,3,367.34
o_005194,1,credit_card,1,119.57
o_005195,1,credit_card,2,33.64
o_005196,1,boleto,1,850.85
o_005197,1,credit_card,8,690.61
o_005198,1,credit_card,1,291.49
o_005199,1,credit_card,4,56.27
o_005200,1,boleto,1,150.23
o_005201,1,credit_card,1,42.25
o_005202,1,credit_card,6,499.51
o_005203,1,credit_card,3,325.82
o_005204,1,boleto,1,531.52
o_005205,1,credit_card,1,137.1
o_005206,1,credit_card,12,217.01
o_005207,1,credit_card,1,202.94
o_005208,1,credit_card,1,110.68
o_005209,1,credit_card,3,34.2
o_005210,1,boleto,1,148.21
o_005211,1,boleto,1,57.93
o_005212,1,credit_card,1,230.05
o_005213,1,credit_card,1,403.11
o_005214,1,credit_card,1,32.48
o_005215,1,credit_card,1,129.66
o_005216,1,credit_card,1,154.91
o_005217,1,credit_card,10,59.91
o_005218,1,credit_card,10,252.04
o_005219,1,credit_card,1,87.92
o_005220,1,credit_card,1,112.15
o_005221,1,credit_card,1,147.79
o_005222,1,credit_card,4,92.7
o_005223,1,credit_card,1,55.3
o_005224,1,credit_card,1,50.54
o_005225,1,credit_card,1,511.66
o_005226,1,boleto,1,38.26
o_005227,1,credit_card,1,229.3
o_005228,1,credit_card,2,184.41
o_005229,1,boleto,1,313.45
o_005230,1,debit_card,1,83.81
o_005231,1,credit_card,1,133.67
o_005232,1,credit_card,2,120.19
o_005233,1,credit_card,1,84.82
o_005234,1,credit_card,1,426.22
o_005235,1,boleto,1,112.15
o_005236,1,credit_card,3,347.0
o_005237,1,credit_card,3,166.11
o_005238,1,boleto,1,81.38
o_005239,1,credit_card,3,54.51
o_005240,1,debit_card,1,237.13
o_005241,1,credit_card,1,1085.51
o_005242,1,credit_card,1,385.91
o_005243,1,credit_card,1,119.79
o_005244,1,boleto,1,26.37
o_005245,1,boleto,1,104.54
o_005246,1,credit_card,1,156.24
o_005247,1,boleto,1,738.26
o_005248,1,credit_card,6,175.5
o_005249,1,credit_card,2,134.75
o_005250,1,boleto,1,107.81
o_005251,1,credit_card,1,117.32
o_005252,1,credit_card,2,50.39
o_005253,1,credit_card,1,72.57
o_005254,1,credit_card,6,164.16
o_005255,1,credit_card,3,106.78
o_005256,1,credit_card,1,59.43
o_005257,1,credit_card,3,53.83
o_005258,1,credit_card,1,79.5
o_005259,1,credit_card,1,62.29
o_005260,1,credit_card,8,76.29
o_005261,1,credit_card,2,250.12
o_005262,1,credit_card,1,237.4
o_005263,1,credit_card,1,118.97
o_005264,1,boleto,1,305.43
o_005265,1,credit_card,6,334.79
o_005266,1,boleto,1,291.22
o_005267,1,credit_card,4,42.2
o_005268,1,boleto,1,196.84
o_005269,1,boleto,1,170.21
o_005270,1,credit_card,1,219.46
o_005271,1,credit_card,1,37.36
o_005272,1,credit_card,1,103.28
o_005273,1,boleto,1,83.15
o_005274,1,voucher,1,34.11
o_005275,1,credit_card,1,31.8
o_005276,1,credit_card,1,36.39
o_005277,1,credit_card,1,54.84
o_005278,1,credit_card,3,110.37
o_005279,1,boleto,1,394.39
o_005280,1,credit_card,4,30.87
o_005281,1,credit_card,1,144.12
o_005282,1,credit_card,1,499.3
o_005283,1,boleto,1,214.93
o_005284,1,voucher,1,383.43
o_005285,1,credit_card,1,199.19
o_005286,1,credit_card,1,129.55
o_005287,1,boleto,1,61.4
o_005288,1,credit_card,3,60.18
o_005289,1,boleto,1,97.33
o_005290,1,credit_card,1,449.69
o_005291,1,credit_card,1,280.22
o_005292,1,credit_card,8,28.75
o_005293,1,boleto,1,183.65
o_005294,1,boleto,1,99.06
o_005295,1,credit_card,1,139.38
o_005296,1,boleto,1,160.87
o_005297,1,boleto,1,27.98
o_005298,1,credit_card,1,352.43
o_005299,1,voucher,1,134.88
o_005300,1,credit_card,4,73.83
o_005301,1,credit_card,1,56.04
o_005302,1,boleto,1,69.38
o_005303,1,credit_card,6,212.56
o_005304,1,credit_card,1,405.05
o_005305,1,credit_card,2,46.7
o_005306,1,credit_card,10,110.45
o_005307,1,credit_card,1,38.39
o_005308,1,voucher,1,68.52
o_005309,1,credit_card,3,248.19
o_005310,1,credit_card,1,141.06
o_005311,1,credit_card,1,103.65
o_005312,1,voucher,1,175.86
o_005313,1,boleto,1,306.53
o_005314,1,boleto,1,103.08
o_005315,1,credit_card,1,190.48
o_005316,1,credit_card,1,144.35
o_005317,1,debit_card,1,161.28
o_005318,1,boleto,1,90.2
o_005319,1,credit_card,1,161.72
o_005320,1,credit_card,2,60.94
o_005321,1,credit_card,1,68.06
o_005322,1,credit_card,2,167.47
o_005323,1,credit_card,8,155.2
o_005324,1,voucher,1,31.19
o_005325,1,credit_card,1,204.15
o_005326,1,credit_card,8,864.25
o_005327,1,credit_card,3,85.3
o_005328,1,credit_card,2,42.7
o_005329,1,credit_card,1,429.97
o_005330,1,credit_card,3,598.57
o_005331,1,credit_card,4,121.34
o_005332,1,credit_card,1,354.33
o_005333,1,credit_card,2,76.43
o_005334,1,boleto,1,140.5
o_005335,1,voucher,1,129.74
o_005336,1,credit_card,2,24.26
o_005337,1,credit_card,1,174.93
o_005338,1,credit_card,2,32.99
o_005339,1,credit_card,1,216.38
o_005340,1,voucher,1,179.13
o_005341,1,credit_card,2,44.46
o_005342,1,credit_card,4,157.96
o_005343,1,credit_card,1,94.43
o_005344,1,credit_card,12,302.65
o_005345,1,credit_card,8,289.8
o_005346,1,credit_card,1,110.15
o_005347,1,boleto,1,280.73
o_005348,1,boleto,1,208.34
o_005349,1,credit_card,1,75.82
o_005350,1,credit_card,4,175.5
o_005351,1,credit_card,4,56.75
o_005352,1,credit_card,1,59.28
o_005353,1,credit_card,1,214.63
o_005354,1,credit_card,3,101.26
o_005355,1,credit_card,1,239.62
o_005356,1,credit_card,2,46.24
o_005357,1,boleto,1,48.0
o_005358,1,credit_card,4,154.11
o_005359,1,boleto,1,144.63
o_005360,1,boleto,1,198.93
o_005361,1,boleto,1,35.02
o_005362,1,debit_card,1,58.2
o_005363,1,boleto,1,344.33
o_005364,1,credit_card,1,87.82
o_005365,1,credit_card,1,624.94
o_005366,1,credit_card,10,326.45
o_005367,1,credit_card,4,59.7
o_005368,1,credit_card,1,258.69
o_005369,1,credit_card,12,69.93
o_005370,1,boleto,1,412.78
o_005371,1,credit_card,3,462.15
o_005372,1,credit_card,3,100.08
o_005373,1,voucher,1,263.42
o_005374,1,boleto,1,236.89
o_005375,1,boleto,1,66.86
o_005376,1,credit_card,1,227.26
o_005377,1,credit_card,6,244.13
o_005378,1,credit_card,3,34.16
o_005379,1,credit_card,4,345.05
o_005380,1,credit_card,4,119.46
o_005381,1,voucher,1,113.94
o_005382,1,credit_card,2,159.71
o_005383,1,credit_card,1,293.13
o_005384,1,boleto,1,184.08
o_005385,1,boleto,1,151.66
o_005386,1,credit_card,1,611.3
o_005387,1,boleto,1,31.83
o_005388,1,boleto,1,71.83
o_005389,1,credit_card,8,100.18
o_005390,1,credit_card,10,70.79
o_005391,1,credit_card,4,181.68
o_005392,1,boleto,1,44.05
o_005393,1,boleto,1,220.34
o_005394,1,credit_card,4,102.42
o_005395,1,credit_card,1,169.75
o_005396,1,boleto,1,89.31
o_005397,1,credit_card,1,286.01
o_005398,1,credit_card,1,287.67
o_005399,1,credit_card,12,54.29
o_005400,1,credit_card,1,197.33
o_005401,1,credit_card,3,165.21
o_005402,1,credit_card,1,190.26
o_005403,1,credit_card,10,109.68
o_005404,1,credit_card,1,111.99
o_005405,1,credit_card,12,170.66
o_005406,1,credit_card,1,201.11
o_005407,1,credit_card,1,146.37
o_005408,1,credit_card,1,36.39
o_005409,1,credit_card,6,70.0
o_005410,1,boleto,1,178.58
o_005411,1,boleto,1,481.89
o_005412,1,credit_card,1,139.66
o_005413,1,boleto,1,48.5
o_005414,1,boleto,1,112.06
o_005415,1,boleto,1,117.5
o_005416,1,credit_card,1,213.0
o_005417,1,credit_card,1,21.77
o_005418,1,credit_card,1,43.83
o_005419,1,credit_card,10,30.2
o_005420,1,boleto,1,58.89
o_005421,1,credit_card,2,308.55
o_005422,1,credit_card,1,322.29
o_005423,1,credit_card,1,26.53
o_005424,1,credit_card,1,153.25
o_005425,1,credit_card,1,89.64
o_005426,1,credit_card,1,116.58
o_005427,1,credit_card,1,273.93
o_005428,1,credit_card,1,41.14
o_005429,1,boleto,1,306.17
o_005430,1,credit_card,1,143.49
o_005431,1,boleto,1,102.47
o_005432,1,credit_card,1,32.2
o_005433,1,credit_card,1,32.71
o_005434,1,credit_card,1,36.07
o_005435,1,credit_card,1,107.62
o_005436,1,boleto,1,193.99
o_005437,1,credit_card,3,148.47
o_005438,1,credit_card,3,37.95
o_005439,1,credit_card,8,94.58
o_005440,1,credit_card,3,143.77
o_005441,1,boleto,1,208.03
o_005442,1,credit_card,6,73.52
o_005443,1,credit_card,4,44.55
o_005444,1,credit_card,4,70.16
o_005445,1,voucher,1,120.55
o_005446,1,credit_card,1,330.72
o_005447,1,boleto,1,43.25
o_005448,1,credit_card,6,159.21
o_005449,1,credit_card,10,190.88
o_005450,1,credit_card,1,167.45
o_005451,1,boleto,1,125.54
o_005452,1,credit_card,1,146.76
o_005453,1,credit_card,6,658.15
o_005454,1,boleto,1,565.46
o_005455,1,credit_card,4,350.63
o_005456,1,boleto,1,354.68
o_005457,1,credit_card,2,516.57
o_005458,1,boleto,1,64.97
o_005459,1,credit_card,12,45.66
o_005460,1,boleto,1,786.14
o_005461,1,credit_card,1,288.98
o_005462,1,credit_card,10,211.55
o_005463,1,credit_card,8,158.23
o_005464,1,credit_card,1,549.19
o_005465,1,credit_card,1,733.66
o_005466,1,credit_card,1,241.69
o_005467,1,credit_card,8,370.55
o_005468,1,credit_card,6,191.71
o_005469,1,credit_card,10,75.21
o_005470,1,credit_card,1,52.81
o_005471,1,credit_card,1,156.41
o_005472,1,voucher,1,199.61
o_005473,1,credit_card,8,291.78
o_005474,1,credit_card,2,55.62
o_005475,1,boleto,1,125.87
o_005476,1,credit_card,8,43.12
o_005477,1,credit_card,3,231.19
o_005478,1,boleto,1,167.54
o_005479,1,boleto,1,52.78
o_005480,1,boleto,1,208.83
o_005481,1,boleto,1,263.15
o_005482,1,boleto,1,191.83
o_005483,1,credit_card,1,45.31
o_005484,1,boleto,1,80.22
o_005485,1,voucher,1,103.23
o_005486,1,credit_card,1,60.1
o_005487,1,credit_card,6,98.29
o_005488,1,credit_card,8,52.15
o_005489,1,boleto,1,71.48
o_005490,1,boleto,1,38.7
o_005491,1,credit_card,4,110.17
o_005492,1,credit_card,2,100.75
o_005493,1,credit_card,2,154.46
o_005494,1,credit_card,8,86.98
o_005495,1,credit_card,1,196.58
o_005496,1,voucher,1,104.66
o_005497,1,credit_card,6,39.96
o_005498,1,credit_card,8,120.39
o_005499,1,credit_card,2,168.55
o_005500,1,boleto,1,419.69
o_005501,1,credit_card,2,79.62
o_005502,1,credit_card,2,210.17
o_005503,1,credit_card,4,307.4
o_005504,1,credit_card,1,92.42
o_005505,1,credit_card,6,122.28
o_005506,1,debit_card,1,260.27
o_005507,1,boleto,1,281.33
o_005508,1,credit_card,1,147.7
o_005509,1,credit_card,3,128.03
o_005510,1,debit_card,1,52.71
o_005511,1,credit_card,1,95.73
o_005512,1,credit_card,4,273.26
o_005513,1,credit_card,1,217.19
o_005514,1,credit_card,8,39.78
o_005515,1,credit_card,1,235.2
o_005516,1,boleto,1,368.85
o_005517,1,credit_card,2,819.58
o_005518,1,credit_card,3,151.71
o_005519,1,credit_card,1,127.0
o_005520,1,credit_card,2,444.31
o_005521,1,boleto,1,60.85
o_005522,1,credit_card,1,30.66
o_005523,1,credit_card,12,136.75
o_005524,1,credit_card,4,345.4
o_005525,1,credit_card,2,548.07
o_005526,1,debit_card,1,54.39
o_005527,1,credit_card,6,193.37
o_005528,1,boleto,1,130.65
o_005529,1,credit_card,1,59.11
o_005530,1,credit_card,2,307.66
o_005531,1,credit_card,1,441.9
o_005532,1,credit_card,1,68.45
o_005533,1,credit_card,2,309.58
o_005534,1,credit_card,3,126.64
o_005535,1,credit_card,1,42.41
o_005536,1,credit_card,3,127.98
o_005537,1,credit_card,1,120.18
o_005538,1,boleto,1,485.01
o_005539,1,boleto,1,82.56
o_005540,1,voucher,1,41.68
o_005541,1,credit_card,1,71.22
o_005542,1,credit_card,6,728.96
o_005543,1,boleto,1,75.62
o_005544,1,credit_card,1,230.33
o_005545,1,debit_card,1,35.01
o_005546,1,credit_card,1,156.12
o_005547,1,credit_card,1,308.43
o_005548,1,credit_card,2,258.35
o_005549,1,credit_card,10,433.59
o_005550,1,credit_card,3,46.3
o_005551,1,credit_card,1,180.93
o_005552,1,voucher,1,211.3
o_005553,1,credit_card,8,247.58
o_005554,1,boleto,1,292.14
o_005555,1,boleto,1,83.7
o_005556,1,boleto,1,97.08
o_005557,1,credit_card,2,57.32
o_005558,1,credit_card,12,472.87
o_005559,1,credit_card,3,21.46
o_005560,1,debit_card,1,303.51
o_005561,1,credit_card,2,41.25
o_005562,1,credit_card,10,744.96
o_005563,1,credit_card,3,341.31
o_005564,1,credit_card,4,57.87
o_005565,1,boleto,1,64.3
o_005566,1,credit_card,1,167.53
o_005567,1,credit_card,1,173.62
o_005568,1,credit_card,6,147.88
o_005569,1,credit_card,4,146.16
o_005570,1,credit_card,1,228.89
o_005571,1,boleto,1,182.44
o_005572,1,credit_card,1,121.62
o_005573,1,credit_card,6,79.36
o_005574,1,voucher,1,447.13
o_005575,1,boleto,1,360.48
o_005576,1,credit_card,2,734.56
o_005577,1,credit_card,1,132.84
o_005578,1,boleto,1,187.18
o_005579,1,boleto,1,100.3
o_005580,1,credit_card,4,36.39
o_005581,1,credit_card,1,234.8
o_005582,1,boleto,1,84.07
o_005583,1,credit_card,4,38.94
o_005584,1,debit_card,1,186.88
o_005585,1,credit_card,1,167.0
o_005586,1,credit_card,8,213.96
o_005587,1,boleto,1,222.08
o_005588,1,credit_card,1,211.61
o_005589,1,credit_card,4,70.5
o_005590,1,boleto,1,74.99
o_005591,1,credit_card,2,175.93
o_005592,1,credit_card,4,116.7
o_005593,1,credit_card,1,83.36
o_005594,1,credit_card,2,32.11
o_005595,1,credit_card,8,163.59
o_005596,1,credit_card,1,225.14
o_005597,1,credit_card,3,282.2
o_005598,1,credit_card,6,253.69
o_005599,1,voucher,1,395.9
o_005600,1,credit_card,1,290.97
o_005601,1,debit_card,1,95.0
o_005602,1,boleto,1,141.13
o_005603,1,boleto,1,195.54
o_005604,1,credit_card,1,579.97
o_005605,1,credit_card,1,202.73
o_005606,1,credit_card,1,240.76
o_005607,1,credit_card,6,722.65
o_005608,1,voucher,1,81.24
o_005609,1,voucher,1,46.63
o_005610,1,boleto,1,60.08
o_005611,1,credit_card,3,103.85
o_005612,1,credit_card,2,137.97
o_005613,1,boleto,1,95.17
o_005614,1,credit_card,1,167.12
o_005615,1,credit_card,2,107.85
o_005616,1,credit_card,3,143.08
o_005617,1,boleto,1,169.12
o_005618,1,boleto,1,58.78
o_005619,1,credit_card,3,91.59
o_005620,1,credit_card,1,243.13
o_005621,1,credit_card,1,125.21
o_005622,1,credit_card,3,250.39
o_005623,1,credit_card,2,354.87
o_005624,1,credit_card,1,234.26
o_005625,1,credit_card,4,49.34
o_005626,1,credit_card,1,149.11
o_005627,1,credit_card,6,36.18
o_005628,1,credit_card,4,125.9
o_005629,1,boleto,1,134.87
o_005630,1,credit_card,3,131.66
o_005631,1,boleto,1,63.94
o_005632,1,credit_card,1,96.25
o_005633,1,boleto,1,294.57
o_005634,1,credit_card,1,121.73
o_005635,1,credit_card,2,306.77
o_005636,1,credit_card,1,415.61
o_005637,1,credit_card,3,604.33
o_005638,1,boleto,1,252.13
o_005639,1,credit_card,6,138.49
o_005640,1,credit_card,6,645.91
o_005641,1,credit_card,1,46.46
o_005642,1,credit_card,2,65.01
o_005643,1,credit_card,2,86.34
o_005644,1,credit_card,1,435.75
o_005645,1,boleto,1,466.14
o_005646,1,boleto,1,188.37
o_005647,1,credit_card,2,416.69
o_005648,1,credit_card,1,119.1
o_005649,1,credit_card,2,46.64
o_005650,1,credit_card,3,188.05
o_005651,1,credit_card,1,205.62
o_005652,1,boleto,1,192.19
o_005653,1,credit_card,3,353.99
o_005654,1,credit_card,4,145.71
o_005655,1,credit_card,1,41.68
o_005656,1,boleto,1,39.61
o_005657,1,credit_card,2,138.85
o_005658,1,boleto,1,199.41
o_005659,1,credit_card,2,242.69
o_005660,1,credit_card,1,87.07
o_005661,1,boleto,1,281.3
o_005662,1,credit_card,1,135.33
o_005663,1,boleto,1,424.15
o_005664,1,voucher,1,123.99
o_005665,1,credit_card,1,163.94
o_005666,1,boleto,1,353.14
o_005667,1,credit_card,3,195.38
o_005668,1,credit_card,1,278.21
o_005669,1,credit_card,1,53.95
o_005670,1,boleto,1,101.8
o_005671,1,boleto,1,139.27
o_005672,1,credit_card,1,113.66
o_005673,1,credit_card,1,109.14
o_005674,1,credit_card,1,185.62
o_005675,1,credit_card,1,176.01
o_005676,1,credit_card,1,82.98
o_005677,1,credit_card,1,334.08
o_005678,1,credit_card,1,198.69
o_005679,1,credit_card,10,426.86
o_005680,1,boleto,1,474.74
o_005681,1,credit_card,1,154.49
o_005682,1,credit_card,6,676.5
o_005683,1,boleto,1,118.96
o_005684,1,credit_card,1,142.33
o_005685,1,boleto,1,40.44
o_005686,1,boleto,1,31.18
o_005687,1,credit_card,1,224.15
o_005688,1,credit_card,1,80.28
o_005689,1,credit_card,1,340.13
o_005690,1,credit_card,3,278.27
o_005691,1,credit_card,8,277.24
o_005692,1,boleto,1,244.99
o_005693,1,credit_card,1,202.54
o_005694,1,credit_card,1,159.36
o_005695,1,credit_card,1,43.02
o_005696,1,boleto,1,92.69
o_005697,1,credit_card,1,348.77
o_005698,1,credit_card,1,50.75
o_005699,1,credit_card,1,73.75
o_005700,1,credit_card,1,57.66
o_005701,1,boleto,1,99.74
o_005702,1,credit_card,1,351.92
o_005703,1,credit_card,4,378.95
o_005704,1,credit_card,4,630.19
o_005705,1,credit_card,2,156.88
o_005706,1,voucher,1,250.24
o_005707,1,boleto,1,125.64
o_005708,1,credit_card,10,165.09
o_005709,1,boleto,1,79.93
o_005710,1,credit_card,2,94.04
o_005711,1,credit_card,1,35.94
o_005712,1,credit_card,2,252.13
o_005713,1,credit_card,6,129.82
o_005714,1,credit_card,1,646.05
o_005715,1,credit_card,1,98.18
o_005716,1,credit_card,4,74.6
o_005717,1,credit_card,1,104.12
o_005718,1,boleto,1,79.03
o_005719,1,credit_card,4,129.93
o_005720,1,boleto,1,50.83
o_005721,1,credit_card,1,231.44
o_005722,1,credit_card,10,336.7
o_005723,1,credit_card,10,321.07
o_005724,1,credit_card,3,210.45
o_005725,1,credit_card,3,207.8
o_005726,1,boleto,1,232.09
o_005727,1,credit_card,10,266.58
o_005728,1,boleto,1,220.89
o_005729,1,credit_card,1,114.13
o_005730,1,boleto,1,69.23
o_005731,1,voucher,1,39.24
o_005732,1,credit_card,1,183.68
o_005733,1,boleto,1,184.32
o_005734,1,voucher,1,270.92
o_005735,1,credit_card,4,74.5
o_005736,1,credit_card,1,360.72
o_005737,1,boleto,1,50.83
o_005738,1,credit_card,3,311.98
o_005739,1,credit_card,2,109.57
o_005740,1,credit_card,3,204.19
o_005741,1,credit_card,1,179.51
o_005742,1,credit_card,6,80.16
o_005743,1,credit_card,1,502.55
o_005744,1,credit_card,1,373.62
o_005745,1,boleto,1,413.23
o_005746,1,boleto,1,58.14
o_005747,1,credit_card,2,121.2
o_005748,1,credit_card,12,74.56
o_005749,1,boleto,1,251.75
o_005750,1,credit_card,1,44.35
o_005751,1,credit_card,1,276.43
o_005752,1,credit_card,6,210.68
o_005753,1,credit_card,1,60.31
o_005754,1,credit_card,6,343.64
o_005755,1,credit_card,8,27.08
o_005756,1,boleto,1,80.64
o_005757,1,credit_card,4,433.35
o_005758,1,voucher,1,472.38
o_005759,1,credit_card,1,89.69
o_005760,1,credit_card,1,118.85
o_005761,1,boleto,1,118.89
o_005762,1,credit_card,3,281.41
o_005763,1,credit_card,8,244.82
o_005764,1,credit_card,3,59.02
o_005765,1,boleto,1,182.92
o_005766,1,credit_card,1,66.1
o_005767,1,credit_card,8,36.41
o_005768,1,voucher,1,167.61
o_005769,1,credit_card,2,65.47
o_005770,1,boleto,1,100.09
o_005771,1,boleto,1,264.16
o_005772,1,credit_card,10,55.34
o_005773,1,voucher,1,59.21
o_005774,1,boleto,1,190.71
o_005775,1,voucher,1,127.72
o_005776,1,credit_card,10,210.98
o_005777,1,credit_card,6,134.87
o_005778,1,credit_card,6,627.62
o_005779,1,credit_card,2,493.71
o_005780,1,credit_card,2,118.99
o_005781,1,credit_card,6,178.27
o_005782,1,boleto,1,479.12
o_005783,1,credit_card,1,62.22
o_005784,1,credit_card,1,153.83
o_005785,1,credit_card,1,74.32
o_005786,1,credit_card,6,201.59
o_005787,1,credit_card,1,377.67
o_005788,1,credit_card,2,314.04
o_005789,1,credit_card,2,72.28
o_005790,1,credit_card,4,63.3
o_005791,1,credit_card,2,104.77
o_005792,1,credit_card,4,306.03
o_005793,1,credit_card,1,573.69
o_005794,1,credit_card,3,45.68
o_005795,1,boleto,1,48.69
o_005796,1,boleto,1,64.47
o_005797,1,boleto,1,304.18
o_005798,1,credit_card,4,309.18
o_005799,1,credit_card,6,319.73
o_005800,1,credit_card,1,146.82
o_005801,1,boleto,1,234.29
o_005802,1,voucher,1,483.13
o_005803,1,credit_card,1,96.58
o_005804,1,boleto,1,437.07
o_005805,1,boleto,1,57.79
o_005806,1,boleto,1,77.98
o_005807,1,credit_card,10,217.99
o_005808,1,credit_card,1,74.82
o_005809,1,credit_card,1,62.14
o_005810,1,credit_card,3,191.76
o_005811,1,boleto,1,63.35
o_005812,1,credit_card,6,54.84
o_005813,1,boleto,1,81.68
o_005814,1,credit_card,1,253.12
o_005815,1,voucher,1,169.7
o_005816,1,credit_card,1,197.48
o_005817,1,credit_card,4,117.45
o_005818,1,voucher,1,94.29
o_005819,1,credit_card,1,256.23
o_005820,1,credit_card,3,113.56
o_005821,1,credit_card,2,36.72
o_005822,1,credit_card,1,122.64
o_005823,1,credit_card,3,186.18
o_005824,1,credit_card,6,271.63
o_005825,1,credit_card,4,278.24
o_005826,1,boleto,1,153.31
o_005827,1,credit_card,1,224.58
o_005828,1,credit_card,1,208.09
o_005829,1,credit_card,4,93.27
o_005830,1,credit_card,1,67.06
o_005831,1,credit_card,2,92.58
o_005832,1,boleto,1,143.59
o_005833,1,credit_card,2,75.08
o_005834,1,credit_card,6,198.01
o_005835,1,credit_card,1,251.35
o_005836,1,boleto,1,112.08
o_005837,1,boleto,1,201.89
o_005838,1,credit_card,2,238.37
o_005839,1,credit_card,10,46.76
o_005840,1,boleto,1,69.58
o_005841,1,boleto,1,106.21
o_005842,1,boleto,1,183.36
o_005843,1,boleto,1,279.82
o_005844,1,credit_card,2,359.93
o_005845,1,credit_card,6,173.36
o_005846,1,credit_card,12,52.23
o_005847,1,credit_card,1,87.38
o_005848,1,credit_card,3,86.02
o_005849,1,credit_card,2,778.69
o_005850,1,credit_card,1,168.17
o_005851,1,credit_card,3,170.87
o_005852,1,credit_card,6,88.3
o_005853,1,credit_card,4,85.93
o_005854,1,boleto,1,159.6
o_005855,1,credit_card,10,93.53
o_005856,1,credit_card,3,285.44
o_005857,1,credit_card,2,39.43
o_005858,1,credit_card,1,124.82
o_005859,1,credit_card,2,221.01
o_005860,1,credit_card,2,107.07
o_005861,1,credit_card,6,277.8
o_005862,1,credit_card,4,68.54
o_005863,1,boleto,1,73.31
o_005864,1,credit_card,1,41.59
o_005865,1,credit_card,1,45.27
o_005866,1,credit_card,2,243.35
o_005867,1,credit_card,1,235.32
o_005868,1,credit_card,1,181.94
o_005869,1,boleto,1,31.07
o_005870,1,credit_card,1,44.95
o_005871,1,voucher,1,58.11
o_005872,1,credit_card,1,147.54
o_005873,1,credit_card,2,52.89
o_005874,1,credit_card,2,171.93
o_005875,1,credit_card,1,170.84
o_005876,1,credit_card,1,184.19
o_005877,1,credit_card,10,239.86
o_005878,1,credit_card,2,138.4
o_005879,1,credit_card,1,86.18
o_005880,1,credit_card,4,37.76
o_005881,1,credit_card,2,231.11
o_005882,1,boleto,1,78.96
o_005883,1,credit_card,1,201.9
o_005884,1,credit_card,6,328.42
o_005885,1,voucher,1,56.68
o_005886,1,credit_card,1,157.48
o_005887,1,debit_card,1,244.32
o_005888,1,credit_card,3,188.76
o_005889,1,credit_card,1,114.35
o_005890,1,credit_card,2,115.32
o_005891,1,credit_card,1,787.46
o_005892,1,credit_card,1,420.62
o_005893,1,credit_card,1,100.26
o_005894,1,voucher,1,87.35
o_005895,1,credit_card,4,126.94
o_005896,1,credit_card,1,73.91
o_005897,1,boleto,1,234.84
o_005898,1,credit_card,3,615.92
o_005899,1,credit_card,1,59.83
o_005900,1,credit_card,3,245.8
o_005901,1,voucher,1,242.5
o_005902,1,credit_card,2,122.25
o_005903,1,boleto,1,75.79
o_005904,1,credit_card,3,408.01
o_005905,1,credit_card,4,88.62
o_005906,1,boleto,1,40.57
o_005907,1,credit_card,4,34.58
o_005908,1,credit_card,4,357.51
o_005909,1,boleto,1,73.26
o_005910,1,credit_card,1,178.53
o_005911,1,credit_card,4,231.17
o_005912,1,voucher,1,130.98
o_005913,1,boleto,1,314.64
o_005914,1,credit_card,1,109.13
o_005915,1,credit_card,1,650.18
o_005916,1,credit_card,1,31.03
o_005917,1,credit_card,2,131.08
o_005918,1,voucher,1,212.3
o_005919,1,boleto,1,37.87
o_005920,1,credit_card,4,44.35
o_005921,1,debit_card,1,255.56
o_005922,1,credit_card,1,82.73
o_005923,1,credit_card,10,39.8
o_005924,1,credit_card,2,131.74
o_005925,1,credit_card,1,268.52
o_005926,1,credit_card,1,116.13
o_005927,1,boleto,1,373.61
o_005928,1,credit_card,1,465.81
o_005929,1,credit_card,1,81.91
o_005930,1,credit_card,10,39.24
o_005931,1,credit_card,1,246.13
o_005932,1,credit_card,1,142.21
o_005933,1,credit_card,6,50.28
o_005934,1,credit_card,1,233.24
o_005935,1,debit_card,1,30.5
o_005936,1,credit_card,1,60.53
o_005937,1,credit_card,1,44.59
o_005938,1,credit_card,1,87.24
o_005939,1,credit_card,1,42.47
o_005940,1,credit_card,2,308.7
o_005941,1,credit_card,4,60.25
o_005942,1,credit_card,2,151.34
o_005943,1,credit_card,3,156.51
o_005944,1,credit_card,3,76.98
o_005945,1,credit_card,2,48.03
o_005946,1,boleto,1,954.14
o_005947,1,credit_card,1,179.6
o_005948,1,credit_card,2,112.41
o_005949,1,credit_card,4,232.07
o_005950,1,credit_card,1,723.87
o_005951,1,boleto,1,237.72
o_005952,1,credit_card,1,205.39
o_005953,1,credit_card,2,32.12
o_005954,1,credit_card,1,654.44
o_005955,1,credit_card,1,407.73
o_005956,1,voucher,1,261.17
o_005957,1,credit_card,3,135.42
o_005958,1,credit_card,1,33.74
o_005959,1,credit_card,1,95.1
o_005960,1,credit_card,4,174.7
o_005961,1,boleto,1,173.76
o_005962,1,debit_card,1,535.46
o_005963,1,credit_card,3,192.59
o_005964,1,credit_card,1,143.4
o_005965,1,voucher,1,79.37
o_005966,1,credit_card,1,500.7
o_005967,1,credit_card,1,133.11
o_005968,1,boleto,1,94.86
o_005969,1,boleto,1,234.99
o_005970,1,credit_card,1,110.19
o_005971,1,credit_card,1,52.22
o_005972,1,credit_card,1,129.63
o_005973,1,credit_card,1,434.7
o_005974,1,credit_card,1,48.09
o_005975,1,credit_card,3,42.01
o_005976,1,credit_card,8,190.96
o_005977,1,credit_card,12,282.34
o_005978,1,credit_card,2,148.78
o_005979,1,credit_card,2,42.62
o_005980,1,credit_card,1,58.87
o_005981,1,credit_card,6,72.91
o_005982,1,credit_card,2,74.18
o_005983,1,credit_card,3,529.37
o_005984,1,boleto,1,52.96
o_005985,1,credit_card,1,106.57
o_005986,1,credit_card,2,64.23
o_005987,1,credit_card,6,203.57
o_005988,1,credit_card,6,71.48
o_005989,1,boleto,1,30.99
o_005990,1,credit_card,4,375.89
o_005991,1,credit_card,1,291.89
o_005992,1,credit_card,1,333.37
o_005993,1,credit_card,1,61.3
o_005994,1,credit_card,1,181.52
o_005995,1,credit_card,1,201.96
o_005996,1,credit_card,1,239.03
o_005997,1,boleto,1,81.73
o_005998,1,credit_card,1,55.32
o_005999,1,credit_card,1,55.75
o_006000,1,credit_card,3,570.06
o_006001,1,credit_card,1,188.56
o_006002,1,credit_card,1,118.78
o_006003,1,credit_card,4,46.68
o_006004,1,boleto,1,271.04
o_006005,1,credit_card,6,78.94
o_006006,1,credit_card,4,96.85
o_006007,1,credit_card,4,188.2
o_006008,1,voucher,1,31.97
o_006009,1,boleto,1,101.49
o_006010,1,credit_card,8,37.09
o_006011,1,credit_card,1,163.21
o_006012,1,credit_card,3,297.86
o_006013,1,credit_card,1,58.6
o_006014,1,credit_card,6,70.34
o_006015,1,credit_card,1,110.94
o_006016,1,credit_card,2,325.32
o_006017,1,boleto,1,173.86
o_006018,1,credit_card,1,77.55
o_006019,1,credit_card,4,36.65
o_006020,1,boleto,1,57.08
o_006021,1,credit_card,1,307.18
o_006022,1,credit_card,10,234.84
o_006023,1,credit_card,1,100.55
o_006024,1,boleto,1,221.37
o_006025,1,credit_card,1,158.05
o_006026,1,boleto,1,110.25
o_006027,1,boleto,1,513.86
o_006028,1,credit_card,2,144.56
o_006029,1,voucher,1,56.77
o_006030,1,credit_card,8,329.16
o_006031,1,credit_card,1,141.4
o_006032,1,credit_card,10,402.08
o_006033,1,debit_card,1,48.92
o_006034,1,credit_card,1,139.86
o_006035,1,credit_card,1,193.82
o_006036,1,credit_card,10,325.23
o_006037,1,debit_card,1,491.0
o_006038,1,voucher,1,57.74
o_006039,1,credit_card,8,32.04
o_006040,1,credit_card,1,214.1
o_006041,1,credit_card,1,145.38
o_006042,1,credit_card,4,79.19
o_006043,1,credit_card,1,186.74
o_006044,1,credit_card,1,123.51
o_006045,1,credit_card,1,296.73
o_006046,1,credit_card,1,349.8
o_006047,1,credit_card,10,65.62
o_006048,1,credit_card,2,470.56
o_006049,1,boleto,1,115.13
o_006050,1,credit_card,6,39.23
o_006051,1,credit_card,8,262.35
o_006052,1,credit_card,6,255.64
o_006053,1,credit_card,3,31.98
o_006054,1,credit_card,2,42.27
o_006055,1,boleto,1,257.55
o_006056,1,credit_card,1,112.14
o_006057,1,credit_card,2,136.85
o_006058,1,credit_card,2,573.89
o_006059,1,voucher,1,239.24
o_006060,1,credit_card,1,162.26
o_006061,1,boleto,1,121.87
o_006062,1,voucher,1,45.41
o_006063,1,debit_card,1,221.74
o_006064,1,debit_card,1,332.91
o_006065,1,boleto,1,122.72
o_006066,1,credit_card,1,77.53
o_006067,1,credit_card,6,169.93
o_006068,1,boleto,1,315.66
o_006069,1,boleto,1,318.49
o_006070,1,credit_card,1,77.88
o_006071,1,credit_card,4,60.3
o_006072,1,credit_card,1,190.5
o_006073,1,boleto,1,332.48
o_006074,1,credit_card,1,241.12
o_006075,1,credit_card,6,40.03
o_006076,1,boleto,1,34.61
o_006077,1,credit_card,1,52.1
o_006078,1,credit_card,1,156.22
o_006079,1,credit_card,1,46.07
o_006080,1,debit_card,1,90.77
o_006081,1,boleto,1,166.58
o_006082,1,boleto,1,393.76
o_006083,1,credit_card,3,198.15
o_006084,1,credit_card,10,69.69
o_006085,1,credit_card,2,126.74
o_006086,1,boleto,1,113.61
o_006087,1,credit_card,1,222.87
o_006088,1,credit_card,1,133.08
o_006089,1,credit_card,3,44.88
o_006090,1,debit_card,1,89.41
o_006091,1,boleto,1,46.56
o_006092,1,voucher,1,120.01
o_006093,1,credit_card,12,49.24
o_006094,1,credit_card,4,244.8
o_006095,1,boleto,1,318.17
o_006096,1,credit_card,1,48.12
o_006097,1,credit_card,1,70.17
o_006098,1,boleto,1,118.84
o_006099,1,credit_card,12,336.79
o_006100,1,credit_card,1,386.92
o_006101,1,credit_card,6,119.93
o_006102,1,credit_card,1,63.63
o_006103,1,credit_card,1,263.98
o_006104,1,credit_card,2,104.9
o_006105,1,credit_card,1,104.92
o_006106,1,credit_card,1,347.5
o_006107,1,credit_card,8,180.7
o_006108,1,credit_card,1,319.65
o_006109,1,credit_card,10,619.47
o_006110,1,boleto,1,31.6
o_006111,1,credit_card,2,158.96
o_006112,1,credit_card,1,103.82
o_006113,1,credit_card,2,226.31
o_006114,1,voucher,1,352.71
o_006115,1,credit_card,10,115.49
o_006116,1,credit_card,2,233.18
o_006117,1,boleto,1,79.96
o_006118,1,credit_card,1,588.01
o_006119,1,boleto,1,42.85
o_006120,1,boleto,1,56.97
o_006121,1,boleto,1,38.4
o_006122,1,credit_card,6,39.82
o_006123,1,boleto,1,111.55
o_006124,1,debit_card,1,171.34
o_006125,1,boleto,1,53.95
o_006126,1,voucher,1,370.34
o_006127,1,voucher,1,228.78
o_006128,1,boleto,1,543.87
o_006129,1,credit_card,2,195.96
o_006130,1,credit_card,10,82.74
o_006131,1,boleto,1,135.36
o_006132,1,boleto,1,78.33
o_006133,1,credit_card,4,53.7
o_006134,1,credit_card,6,128.85
o_006135,1,boleto,1,71.16
o_006136,1,credit_card,2,217.25
o_006137,1,credit_card,2,221.63
o_006138,1,credit_card,4,27.3
o_006139,1,credit_card,1,153.06
o_006140,1,credit_card,6,108.28
o_006141,1,credit_card,2,235.62
o_006142,1,boleto,1,134.53
o_006143,1,boleto,1,174.76
o_006144,1,credit_card,1,110.54
o_006145,1,boleto,1,203.04
o_006146,1,credit_card,2,36.24
o_006147,1,credit_card,2,23.05
o_006148,1,credit_card,1,192.19
o_006149,1,credit_card,1,87.88
o_006150,1,debit_card,1,1080.94
o_006151,1,credit_card,2,178.43
o_006152,1,boleto,1,147.19
o_006153,1,credit_card,1,97.51
o_006154,1,boleto,1,189.91
o_006155,1,credit_card,2,62.37
o_006156,1,credit_card,10,229.22
o_006157,1,credit_card,1,41.72
o_006158,1,credit_card,4,70.48
o_006159,1,credit_card,1,230.27
o_006160,1,credit_card,6,185.0
o_006161,1,credit_card,8,112.47
o_006162,1,credit_card,1,141.7
o_006163,1,credit_card,1,179.67
o_006164,1,voucher,1,258.05
o_006165,1,credit_card,1,173.0
o_006166,1,credit_card,1,52.9
o_006167,1,credit_card,1,155.01
o_006168,1,credit_card,3,175.7
o_006169,1,credit_card,2,611.71
o_006170,1,credit_card,3,101.95
o_006171,1,boleto,1,45.13
o_006172,1,credit_card,4,85.63
o_006173,1,voucher,1,298.12
o_006174,1,boleto,1,113.29
o_006175,1,credit_card,3,45.95
o_006176,1,credit_card,2,118.51
o_006177,1,credit_card,1,217.22
o_006178,1,credit_card,8,115.29
o_006179,1,debit_card,1,84.23
o_006180,1,credit_card,1,71.93
o_006181,1,boleto,1,190.61
o_006182,1,credit_card,1,78.64
o_006183,1,credit_card,1,254.96
o_006184,1,debit_card,1,123.88
o_006185,1,credit_card,10,41.45
o_006186,1,credit_card,2,213.43
o_006187,1,credit_card,3,192.17
o_006188,1,credit_card,6,233.13
o_006189,1,credit_card,2,55.38
o_006190,1,credit_card,1,184.91
o_006191,1,voucher,1,264.98
o_006192,1,credit_card,1,326.16
o_006193,1,credit_card,6,228.21
o_006194,1,credit_card,8,188.23
o_006195,1,credit_card,3,52.8
o_006196,1,boleto,1,47.79
o_006197,1,credit_card,1,298.84
o_006198,1,credit_card,1,315.75
o_006199,1,credit_card,12,44.97
o_006200,1,credit_card,6,51.93
o_006201,1,credit_card,6,125.64
o_006202,1,boleto,1,152.07
o_006203,1,credit_card,2,46.93
o_006204,1,credit_card,3,235.77
o_006205,1,credit_card,8,129.8
o_006206,1,credit_card,4,270.96
o_006207,1,credit_card,4,56.51
o_006208,1,boleto,1,154.71
o_006209,1,credit_card,3,119.58
o_006210,1,voucher,1,158.28
o_006211,1,credit_card,1,70.33
o_006212,1,credit_card,3,383.67
o_006213,1,credit_card,2,81.21
o_006214,1,credit_card,1,334.07
o_006215,1,credit_card,1,409.27
o_006216,1,credit_card,2,241.16
o_006217,1,credit_card,1,452.98
o_006218,1,boleto,1,226.02
o_006219,1,credit_card,1,157.4
o_006220,1,boleto,1,164.78
o_006221,1,credit_card,2,46.58
o_006222,1,credit_card,1,61.92
o_006223,1,boleto,1,72.14
o_006224,1,credit_card,6,151.2
o_006225,1,credit_card,12,90.46
o_006226,1,boleto,1,396.44
o_006227,1,boleto,1,121.27
o_006228,1,credit_card,1,260.89
o_006229,1,credit_card,3,384.26
o_006230,1,credit_card,4,70.21
o_006231,1,credit_card,1,363.65
o_006232,1,credit_card,3,269.93
o_006233,1,credit_card,1,50.84
o_006234,1,credit_card,1,372.01
o_006235,1,credit_card,8,219.61
o_006236,1,boleto,1,173.17
o_006237,1,credit_card,3,85.08
o_006238,1,credit_card,1,121.03
o_006239,1,credit_card,2,98.97
o_006240,1,boleto,1,257.94
o_006241,1,credit_card,2,68.81
o_006242,1,boleto,1,223.58
o_006243,1,credit_card,1,34.66
o_006244,1,credit_card,1,253.34
o_006245,1,credit_card,1,106.14
o_006246,1,credit_card,1,44.46
o_006247,1,credit_card,4,425.61
o_006248,1,credit_card,1,89.46
o_006249,1,credit_card,10,61.62
o_006250,1,credit_card,8,235.89
o_006251,1,boleto,1,162.41
o_006252,1,credit_card,1,116.84
o_006253,1,credit_card,2,299.46
o_006254,1,credit_card,4,407.18
o_006255,1,credit_card,1,180.11
o_006256,1,credit_card,1,199.89
o_006257,1,credit_card,2,182.32
o_006258,1,boleto,1,59.57
o_006259,1,credit_card,1,696.09
o_006260,1,credit_card,2,270.88
o_006261,1,credit_card,6,136.93
o_006262,1,credit_card,6,119.6
o_006263,1,credit_card,4,106.81
o_006264,1,credit_card,1,114.55
o_006265,1,boleto,1,396.45
o_006266,1,credit_card,1,417.83
o_006267,1,voucher,1,91.14
o_006268,1,credit_card,6,73.08
o_006269,1,credit_card,4,316.63
o_006270,1,credit_card,1,217.66
o_006271,1,credit_card,1,204.12
o_006272,1,credit_card,1,45.43
o_006273,1,boleto,1,468.2
o_006274,1,credit_card,1,132.6
o_006275,1,credit_card,2,112.45
o_006276,1,credit_card,3,243.76
o_006277,1,credit_card,1,45.16
o_006278,1,credit_card,10,535.34
o_006279,1,credit_card,4,109.25
o_006280,1,credit_card,1,47.05
o_006281,1,credit_card,10,257.89
o_006282,1,boleto,1,54.31
o_006283,1,credit_card,8,400.29
o_006284,1,credit_card,6,355.3
o_006285,1,boleto,1,93.12
o_006286,1,debit_card,1,43.94
o_006287,1,credit_card,1,84.74
o_006288,1,boleto,1,36.78
o_006289,1,voucher,1,406.51
o_006290,1,credit_card,1,117.52
o_006291,1,credit_card,8,242.57
o_006292,1,credit_card,6,35.16
o_006293,1,boleto,1,122.53
o_006294,1,credit_card,3,30.86
o_006295,1,credit_card,4,35.99
o_006296,1,boleto,1,65.15
o_006297,1,boleto,1,100.82
o_006298,1,credit_card,2,326.01
o_006299,1,credit_card,4,42.06
o_006300,1,boleto,1,547.55
o_006301,1,credit_card,1,63.18
o_006302,1,credit_card,3,106.36
o_006303,1,boleto,1,87.78
o_006304,1,credit_card,1,80.16
o_006305,1,credit_card,10,38.81
o_006306,1,credit_card,1,168.63
o_006307,1,credit_card,1,63.95
o_006308,1,boleto,1,232.83
o_006309,1,credit_card,1,175.91
o_006310,1,credit_card,4,126.34
o_006311,1,credit_card,6,112.73
o_006312,1,credit_card,1,118.04
o_006313,1,credit_card,10,190.21
o_006314,1,boleto,1,158.7
o_006315,1,boleto,1,399.75
o_006316,1,boleto,1,238.81
o_006317,1,credit_card,6,358.83
o_006318,1,credit_card,2,61.82
o_006319,1,voucher,1,358.52
o_006320,1,credit_card,1,235.38
o_006321,1,boleto,1,91.87
o_006322,1,credit_card,1,236.33
o_006323,1,credit_card,3,104.45
o_006324,1,voucher,1,253.05
o_006325,1,credit_card,1,179.09
o_006326,1,credit_card,4,54.37
o_006327,1,boleto,1,367.53
o_006328,1,credit_card,1,72.85
o_006329,1,boleto,1,88.59
o_006330,1,boleto,1,228.37
o_006331,1,credit_card,10,168.59
o_006332,1,credit_card,2,145.11
o_006333,1,voucher,1,71.75
o_006334,1,debit_card,1,204.56
o_006335,1,boleto,1,66.46
o_006336,1,credit_card,2,58.45
o_006337,1,debit_card,1,170.11
o_006338,1,boleto,1,113.02
o_006339,1,credit_card,3,64.06
o_006340,1,credit_card,2,142.85
o_006341,1,boleto,1,200.65
o_006342,1,boleto,1,241.26
o_006343,1,credit_card,1,86.51
o_006344,1,boleto,1,67.38
o_006345,1,credit_card,1,216.55
o_006346,1,credit_card,1,216.54
o_006347,1,credit_card,1,58.96
o_006348,1,boleto,1,321.08
o_006349,1,boleto,1,111.62
o_006350,1,credit_card,12,147.0
o_006351,1,credit_card,3,39.01
o_006352,1,credit_card,10,113.54
o_006353,1,boleto,1,162.06
o_006354,1,voucher,1,168.3
o_006355,1,boleto,1,107.6
o_006356,1,boleto,1,309.87
o_006357,1,voucher,1,297.36
o_006358,1,credit_card,1,433.52
o_006359,1,credit_card,2,272.81
o_006360,1,credit_card,1,413.18
o_006361,1,credit_card,1,85.43
o_006362,1,credit_card,1,117.44
o_006363,1,credit_card,8,113.63
o_006364,1,credit_card,1,197.97
o_006365,1,credit_card,4,375.68
o_006366,1,credit_card,1,391.6
o_006367,1,credit_card,1,218.54
o_006368,1,credit_card,1,37.14
o_006369,1,credit_card,1,74.14
o_006370,1,credit_card,1,243.15
o_006371,1,boleto,1,151.16
o_006372,1,credit_card,1,143.31
o_006373,1,credit_card,1,104.09
o_006374,1,boleto,1,129.66
o_006375,1,credit_card,6,134.66
o_006376,1,debit_card,1,140.83
o_006377,1,credit_card,1,55.18
o_006378,1,credit_card,1,210.4
o_006379,1,credit_card,4,183.49
o_006380,1,credit_card,3,123.8
o_006381,1,credit_card,1,29.65
o_006382,1,boleto,1,69.61
o_006383,1,credit_card,3,119.75
o_006384,1,credit_card,3,54.47
o_006385,1,credit_card,1,180.96
o_006386,1,credit_card,10,76.0
o_006387,1,credit_card,1,167.4
o_006388,1,credit_card,10,154.2
o_006389,1,voucher,1,288.2
o_006390,1,voucher,1,266.46
o_006391,1,credit_card,10,58.46
o_006392,1,credit_card,10,279.0
o_006393,1,credit_card,1,107.15
o_006394,1,credit_card,8,181.01
o_006395,1,credit_card,8,66.41
o_006396,1,boleto,1,251.05
o_006397,1,credit_card,10,37.12
o_006398,1,boleto,1,236.35
o_006399,1,credit_card,1,188.29
o_006400,1,credit_card,3,27.18
o_006401,1,credit_card,3,83.02
o_006402,1,credit_card,2,306.58
o_006403,1,credit_card,1,99.03
o_006404,1,credit_card,1,185.24
o_006405,1,credit_card,8,322.56
o_006406,1,boleto,1,67.53
o_006407,1,credit_card,4,214.53
o_006408,1,credit_card,1,153.18
o_006409,1,credit_card,4,228.58
o_006410,1,boleto,1,43.95
o_006411,1,credit_card,2,65.57
o_006412,1,credit_card,1,128.73
o_006413,1,credit_card,8,207.1
o_006414,1,credit_card,1,47.09
o_006415,1,credit_card,2,32.49
o_006416,1,credit_card,2,137.59
o_006417,1,boleto,1,109.28
o_006418,1,credit_card,3,103.71
o_006419,1,debit_card,1,118.33
o_006420,1,credit_card,1,64.95
o_006421,1,credit_card,1,112.58
o_006422,1,credit_card,1,154.95
o_006423,1,credit_card,1,207.41
o_006424,1,credit_card,2,103.33
o_006425,1,credit_card,1,133.27
o_006426,1,credit_card,2,445.11
o_006427,1,credit_card,4,39.66
o_006428,1,credit_card,4,115.46
o_006429,1,boleto,1,237.31
o_006430,1,boleto,1,339.17
o_006431,1,boleto,1,156.42
o_006432,1,credit_card,2,521.68
o_006433,1,credit_card,1,229.4
o_006434,1,credit_card,6,375.93
o_006435,1,boleto,1,305.26
o_006436,1,credit_card,1,34.11
o_006437,1,credit_card,2,245.29
o_006438,1,credit_card,1,202.12
o_006439,1,credit_card,2,77.06
o_006440,1,credit_card,3,241.19
o_006441,1,boleto,1,124.37
o_006442,1,credit_card,1,99.74
o_006443,1,credit_card,2,47.88
o_006444,1,credit_card,1,50.41
o_006445,1,credit_card,1,130.73
o_006446,1,credit_card,2,45.5
o_006447,1,credit_card,4,27.5
o_006448,1,credit_card,1,66.14
o_006449,1,credit_card,8,148.3
o_006450,1,credit_card,1,52.58
o_006451,1,credit_card,3,305.13
o_006452,1,credit_card,2,128.36
o_006453,1,boleto,1,92.51
o_006454,1,boleto,1,350.62
o_006455,1,credit_card,2,200.93
o_006456,1,credit_card,1,92.54
o_006457,1,credit_card,1,72.59
o_006458,1,credit_card,3,131.47
o_006459,1,voucher,1,103.5
o_006460,1,boleto,1,134.32
o_006461,1,boleto,1,216.58
o_006462,1,credit_card,10,68.9
o_006463,1,voucher,1,427.68
o_006464,1,credit_card,4,91.56
o_006465,1,credit_card,1,351.29
o_006466,1,credit_card,2,64.22
o_006467,1,credit_card,1,32.17
o_006468,1,boleto,1,78.51
o_006469,1,boleto,1,123.12
o_006470,1,credit_card,3,185.96
o_006471,1,credit_card,1,58.71
o_006472,1,credit_card,3,249.49
o_006473,1,credit_card,4,105.21
o_006474,1,credit_card,1,94.16
o_006475,1,credit_card,1,361.36
o_006476,1,credit_card,2,658.99
o_006477,1,credit_card,1,131.46
o_006478,1,credit_card,4,160.62
o_006479,1,voucher,1,296.02
o_006480,1,boleto,1,151.34
o_006481,1,credit_card,2,249.97
o_006482,1,credit_card,1,467.96
o_006483,1,credit_card,1,242.14
o_006484,1,boleto,1,181.48
o_006485,1,boleto,1,382.62
o_006486,1,boleto,1,143.02
o_006487,1,boleto,1,48.53
o_006488,1,credit_card,3,214.67
o_006489,1,boleto,1,124.76
o_006490,1,credit_card,1,73.76
o_006491,1,credit_card,1,158.97
o_006492,1,boleto,1,244.01
o_006493,1,credit_card,4,271.96
o_006494,1,credit_card,1,306.02
o_006495,1,credit_card,1,179.68
o_006496,1,boleto,1,897.33
o_006497,1,credit_card,6,85.08
o_006498,1,credit_card,1,32.45
o_006499,1,boleto,1,187.38
o_006500,1,credit_card,1,200.69
o_006501,1,credit_card,1,80.04
o_006502,1,credit_card,4,123.44
o_006503,1,credit_card,10,119.68
o_006504,1,credit_card,1,91.68
o_006505,1,credit_card,1,331.33
o_006506,1,credit_card,2,242.54
o_006507,1,credit_card,8,93.65
o_006508,1,boleto,1,63.89
o_006509,1,credit_card,1,38.39
o_006510,1,credit_card,2,688.1
o_006511,1,credit_card,1,55.24
o_006512,1,boleto,1,161.2
o_006513,1,boleto,1,60.07
o_006514,1,credit_card,2,55.78
o_006515,1,credit_card,1,276.85
o_006516,1,credit_card,1,30.12
o_006517,1,credit_card,1,242.09
o_006518,1,credit_card,1,58.33
o_006519,1,boleto,1,46.68
o_006520,1,credit_card,2,35.76
o_006521,1,credit_card,2,49.54
o_006522,1,credit_card,1,424.79
o_006523,1,boleto,1,592.01
o_006524,1,credit_card,6,134.44
o_006525,1,boleto,1,84.73
o_006526,1,credit_card,3,90.07
o_006527,1,credit_card,2,46.29
o_006528,1,credit_card,1,360.03
o_006529,1,credit_card,1,124.9
o_006530,1,credit_card,4,40.88
o_006531,1,boleto,1,128.03
o_006532,1,boleto,1,52.41
o_006533,1,voucher,1,193.21
o_006534,1,boleto,1,41.52
o_006535,1,credit_card,10,77.33
o_006536,1,credit_card,1,406.64
o_006537,1,boleto,1,90.55
o_006538,1,credit_card,1,267.77
o_006539,1,boleto,1,262.54
o_006540,1,credit_card,6,598.04
o_006541,1,credit_card,4,328.88
o_006542,1,credit_card,6,205.66
o_006543,1,credit_card,4,210.62
o_006544,1,voucher,1,46.53
o_006545,1,credit_card,6,286.47
o_006546,1,credit_card,12,365.22
o_006547,1,boleto,1,116.72
o_006548,1,boleto,1,110.87
o_006549,1,credit_card,12,273.92
o_006550,1,credit_card,1,172.91
o_006551,1,boleto,1,150.67
o_006552,1,credit_card,3,80.52
o_006553,1,boleto,1,272.42
o_006554,1,boleto,1,205.46
o_006555,1,boleto,1,202.24
o_006556,1,boleto,1,317.59
o_006557,1,credit_card,1,202.48
o_006558,1,boleto,1,228.24
o_006559,1,credit_card,8,25.57
o_006560,1,credit_card,10,144.11
o_006561,1,credit_card,1,182.65
o_006562,1,credit_card,4,56.84
o_006563,1,credit_card,2,115.39
o_006564,1,credit_card,1,240.92
o_006565,1,boleto,1,234.12
o_006566,1,credit_card,2,58.61
o_006567,1,voucher,1,41.89
o_006568,1,credit_card,2,55.45
o_006569,1,boleto,1,81.67
o_006570,1,credit_card,4,423.96
o_006571,1,credit_card,1,188.57
o_006572,1,credit_card,6,173.15
o_006573,1,credit_card,4,122.6
o_006574,1,boleto,1,220.86
o_006575,1,credit_card,2,53.46
o_006576,1,credit_card,2,323.9
o_006577,1,credit_card,1,550.4
o_006578,1,credit_card,1,250.9
o_006579,1,credit_card,8,40.15
o_006580,1,credit_card,1,174.46
o_006581,1,boleto,1,26.07
o_006582,1,credit_card,8,85.76
o_006583,1,credit_card,1,687.44
o_006584,1,credit_card,8,240.19
o_006585,1,credit_card,2,283.43
o_006586,1,boleto,1,96.92
o_006587,1,boleto,1,44.5
o_006588,1,debit_card,1,522.68
o_006589,1,boleto,1,96.66
o_006590,1,credit_card,1,271.09
o_006591,1,credit_card,3,66.81
o_006592,1,credit_card,1,225.23
o_006593,1,credit_card,10,65.0
o_006594,1,credit_card,1,327.06
o_006595,1,boleto,1,91.6
o_006596,1,credit_card,6,128.71
o_006597,1,voucher,1,44.73
o_006598,1,credit_card,1,159.03
o_006599,1,credit_card,3,160.95
o_006600,1,credit_card,10,269.74
o_006601,1,credit_card,1,139.17
o_006602,1,credit_card,4,179.41
o_006603,1,credit_card,1,191.26
o_006604,1,boleto,1,130.77
o_006605,1,credit_card,1,142.28
o_006606,1,credit_card,8,69.36
o_006607,1,voucher,1,340.16
o_006608,1,credit_card,1,98.36
o_006609,1,credit_card,4,233.9
o_006610,1,credit_card,2,130.31
o_006611,1,credit_card,1,37.1
o_006612,1,credit_card,8,578.63
o_006613,1,credit_card,2,236.56
o_006614,1,credit_card,4,118.73
o_006615,1,voucher,1,72.24
o_006616,1,debit_card,1,71.94
o_006617,1,credit_card,1,107.4
o_006618,1,boleto,1,395.53
o_006619,1,voucher,1,70.09
o_006620,1,voucher,1,43.61
o_006621,1,credit_card,1,541.04
o_006622,1,credit_card,1,204.39
o_006623,1,credit_card,2,327.18
o_006624,1,credit_card,1,119.6
o_006625,1,credit_card,1,45.76
o_006626,1,boleto,1,76.34
o_006627,1,credit_card,1,70.12
o_006628,1,credit_card,2,221.81
o_006629,1,debit_card,1,111.42
o_006630,1,credit_card,10,126.05
o_006631,1,credit_card,3,280.74
o_006632,1,credit_card,3,75.36
o_006633,1,credit_card,1,198.01
o_006634,1,credit_card,1,255.21
o_006635,1,credit_card,1,55.46
o_006636,1,credit_card,1,277.83
o_006637,1,credit_card,1,190.31
o_006638,1,credit_card,4,281.35
o_006639,1,boleto,1,34.0
o_006640,1,boleto,1,47.47
o_006641,1,credit_card,2,141.12
o_006642,1,boleto,1,134.13
o_006643,1,credit_card,3,93.17
o_006644,1,credit_card,10,265.6
o_006645,1,credit_card,4,91.46
o_006646,1,credit_card,1,243.6
o_006647,1,credit_card,6,527.51
o_006648,1,credit_card,10,51.25
o_006649,1,credit_card,4,32.51
o_006650,1,boleto,1,199.56
o_006651,1,credit_card,2,160.57
o_006652,1,boleto,1,166.24
o_006653,1,credit_card,4,739.12
o_006654,1,boleto,1,143.23
o_006655,1,credit_card,10,157.64
o_006656,1,boleto,1,131.85
o_006657,1,boleto,1,85.38
o_006658,1,credit_card,1,144.57
o_006659,1,boleto,1,75.3
o_006660,1,boleto,1,215.07
o_006661,1,credit_card,1,95.2
o_006662,1,boleto,1,97.2
o_006663,1,credit_card,12,430.15
o_006664,1,credit_card,1,148.4
o_006665,1,boleto,1,71.0
o_006666,1,credit_card,6,100.99
o_006667,1,credit_card,1,58.16
o_006668,1,credit_card,10,48.39
o_006669,1,credit_card,3,71.19
o_006670,1,boleto,1,117.47
o_006671,1,credit_card,6,211.51
o_006672,1,credit_card,2,50.42
o_006673,1,boleto,1,334.76
o_006674,1,credit_card,1,53.55
o_006675,1,credit_card,4,117.99
o_006676,1,credit_card,2,289.08
o_006677,1,credit_card,1,60.82
o_006678,1,boleto,1,67.36
o_006679,1,credit_card,2,239.98
o_006680,1,credit_card,4,77.01
o_006681,1,credit_card,6,77.28
o_006682,1,credit_card,1,262.21
o_006683,1,boleto,1,182.5
o_006684,1,credit_card,4,189.48
o_006685,1,voucher,1,149.69
o_006686,1,voucher,1,155.23
o_006687,1,boleto,1,689.07
o_006688,1,credit_card,8,124.05
o_006689,1,credit_card,1,35.57
o_006690,1,credit_card,1,472.06
o_006691,1,credit_card,8,439.71
o_006692,1,credit_card,1,134.37
o_006693,1,boleto,1,316.26
o_006694,1,credit_card,6,130.42
o_006695,1,boleto,1,743.43
o_006696,1,credit_card,1,49.13
o_006697,1,credit_card,2,216.18
o_006698,1,credit_card,1,201.23
o_006699,1,boleto,1,333.03
o_006700,1,credit_card,4,280.82
o_006701,1,credit_card,4,420.64
o_006702,1,voucher,1,39.34
o_006703,1,voucher,1,133.97
o_006704,1,debit_card,1,90.54
o_006705,1,credit_card,10,158.75
o_006706,1,credit_card,1,229.37
o_006707,1,credit_card,1,194.08
o_006708,1,credit_card,3,254.68
o_006709,1,credit_card,1,258.45
o_006710,1,credit_card,1,357.02
o_006711,1,voucher,1,134.49
o_006712,1,credit_card,1,46.51
o_006713,1,credit_card,1,400.51
o_006714,1,boleto,1,26.23
o_006715,1,credit_card,1,222.9
o_006716,1,credit_card,1,47.54
o_006717,1,boleto,1,97.56
o_006718,1,voucher,1,365.55
o_006719,1,credit_card,1,137.29
o_006720,1,boleto,1,298.56
o_006721,1,credit_card,4,97.02
o_006722,1,credit_card,12,544.4
o_006723,1,credit_card,6,104.6
o_006724,1,credit_card,1,58.63
o_006725,1,credit_card,1,187.34
o_006726,1,credit_card,1,133.58
o_006727,1,credit_card,1,214.58
o_006728,1,credit_card,2,47.83
o_006729,1,boleto,1,53.9
o_006730,1,boleto,1,80.66
o_006731,1,voucher,1,92.47
o_006732,1,credit_card,6,65.03
o_006733,1,credit_card,8,245.04
o_006734,1,credit_card,1,88.35
o_006735,1,boleto,1,118.09
o_006736,1,credit_card,1,188.25
o_006737,1,credit_card,8,87.27
o_006738,1,credit_card,1,324.51
o_006739,1,credit_card,1,111.91
o_006740,1,credit_card,6,246.85
o_006741,1,credit_card,1,60.37
o_006742,1,voucher,1,89.97
o_006743,1,credit_card,10,78.43
o_006744,1,boleto,1,846.31
o_006745,1,credit_card,1,160.74
o_006746,1,credit_card,4,73.49
o_006747,1,credit_card,1,85.21
o_006748,1,boleto,1,86.56
o_006749,1,boleto,1,814.42
o_006750,1,credit_card,1,29.47
o_006751,1,credit_card,1,94.97
o_006752,1,credit_card,3,80.58
o_006753,1,credit_card,3,112.22
o_006754,1,credit_card,2,198.37
o_006755,1,credit_card,1,67.71
o_006756,1,credit_card,1,123.51
o_006757,1,credit_card,6,66.11
o_006758,1,credit_card,2,471.23
o_006759,1,credit_card,1,77.99
o_006760,1,credit_card,3,108.14
o_006761,1,credit_card,4,380.25
o_006762,1,boleto,1,100.02
o_006763,1,credit_card,1,220.23
o_006764,1,credit_card,1,65.91
o_006765,1,debit_card,1,126.25
o_006766,1,credit_card,3,119.98
o_006767,1,credit_card,1,119.03
o_006768,1,credit_card,3,52.3
o_006769,1,boleto,1,145.13
o_006770,1,credit_card,2,69.66
o_006771,1,boleto,1,216.36
o_006772,1,boleto,1,49.53
o_006773,1,credit_card,1,339.28
o_006774,1,credit_card,2,81.76
o_006775,1,credit_card,10,170.93
o_006776,1,credit_card,1,107.64
o_006777,1,credit_card,3,236.09
o_006778,1,credit_card,3,120.92
o_006779,1,credit_card,1,93.29
o_006780,1,credit_card,1,55.2
o_006781,1,credit_card,1,416.62
o_006782,1,credit_card,4,39.36
o_006783,1,credit_card,6,222.39
o_006784,1,credit_card,1,36.32
o_006785,1,credit_card,1,30.76
o_006786,1,credit_card,6,180.51
o_006787,1,credit_card,1,74.37
o_006788,1,credit_card,1,93.47
o_006789,1,credit_card,1,66.42
o_006790,1,credit_card,2,105.36
o_006791,1,credit_card,4,129.5
o_006792,1,credit_card,1,285.67
o_006793,1,credit_card,3,90.01
o_006794,1,credit_card,1,40.82
o_006795,1,credit_card,4,175.13
o_006796,1,credit_card,1,185.3
o_006797,1,credit_card,6,217.39
o_006798,1,credit_card,1,35.61
o_006799,1,credit_card,3,42.2
o_006800,1,credit_card,6,267.37
o_006801,1,credit_card,10,164.39
o_006802,1,credit_card,1,121.2
o_006803,1,credit_card,1,43.35
o_006804,1,credit_card,1,130.56
o_006805,1,credit_card,3,31.51
o_006806,1,credit_card,1,50.24
o_006807,1,credit_card,2,414.78
o_006808,1,credit_card,1,118.77
o_006809,1,debit_card,1,71.79
o_006810,1,credit_card,6,38.86
o_006811,1,boleto,1,77.37
o_006812,1,boleto,1,346.46
o_006813,1,credit_card,1,80.18
o_006814,1,boleto,1,140.56
o_006815,1,credit_card,2,82.95
o_006816,1,credit_card,2,254.69
o_006817,1,credit_card,4,44.99
o_006818,1,credit_card,1,127.3
o_006819,1,credit_card,4,205.07
o_006820,1,credit_card,4,90.9
o_006821,1,credit_card,1,177.07
o_006822,1,credit_card,3,48.42
o_006823,1,credit_card,1,136.4
o_006824,1,credit_card,10,59.96
o_006825,1,credit_card,2,180.52
o_006826,1,credit_card,1,100.9
o_006827,1,credit_card,6,31.71
o_006828,1,credit_card,2,124.37
o_006829,1,credit_card,4,134.85
o_006830,1,voucher,1,98.6
o_006831,1,voucher,1,44.1
o_006832,1,credit_card,12,181.27
o_006833,1,credit_card,3,47.5
o_006834,1,credit_card,4,65.16
o_006835,1,credit_card,1,84.72
o_006836,1,debit_card,1,224.87
o_006837,1,boleto,1,169.79
o_006838,1,credit_card,2,489.36
o_006839,1,boleto,1,365.79
o_006840,1,credit_card,10,56.9
o_006841,1,credit_card,1,346.05
o_006842,1,boleto,1,49.53
o_006843,1,credit_card,1,79.09
o_006844,1,credit_card,4,59.09
o_006845,1,credit_card,8,41.28
o_006846,1,boleto,1,293.21
o_006847,1,credit_card,6,194.29
o_006848,1,credit_card,1,68.37
o_006849,1,credit_card,1,92.33
o_006850,1,boleto,1,26.97
o_006851,1,credit_card,2,127.85
o_006852,1,credit_card,10,356.87
o_006853,1,credit_card,2,135.68
o_006854,1,credit_card,3,73.49
o_006855,1,credit_card,1,27.86
o_006856,1,credit_card,1,214.3
o_006857,1,debit_card,1,87.48
o_006858,1,credit_card,1,59.03
o_006859,1,boleto,1,174.5
o_006860,1,credit_card,10,123.53
o_006861,1,boleto,1,132.07
o_006862,1,boleto,1,64.75
o_006863,1,credit_card,1,185.89
o_006864,1,boleto,1,33.62
o_006865,1,credit_card,10,87.28
o_006866,1,credit_card,2,73.23
o_006867,1,credit_card,1,175.82
o_006868,1,credit_card,1,146.4
o_006869,1,boleto,1,165.75
o_006870,1,credit_card,1,228.01
o_006871,1,credit_card,3,43.24
o_006872,1,credit_card,3,41.96
o_006873,1,credit_card,4,565.01
o_006874,1,credit_card,2,186.12
o_006875,1,voucher,1,158.02
o_006876,1,voucher,1,53.84
o_006877,1,credit_card,3,326.46
o_006878,1,credit_card,1,117.33
o_006879,1,credit_card,1,108.69
o_006880,1,credit_card,3,74.44
o_006881,1,boleto,1,53.09
o_006882,1,credit_card,1,289.08
o_006883,1,credit_card,1,51.9
o_006884,1,credit_card,3,23.61
o_006885,1,credit_card,4,84.13
o_006886,1,credit_card,8,389.13
o_006887,1,credit_card,1,335.87
o_006888,1,boleto,1,66.76
o_006889,1,credit_card,1,80.13
o_006890,1,credit_card,3,163.64
o_006891,1,credit_card,3,81.35
o_006892,1,credit_card,2,192.23
o_006893,1,credit_card,1,32.84
o_006894,1,boleto,1,114.69
o_006895,1,boleto,1,300.84
o_006896,1,credit_card,1,149.8
o_006897,1,credit_card,2,323.36
o_006898,1,boleto,1,158.06
o_006899,1,credit_card,1,32.88
o_006900,1,credit_card,10,62.1
o_006901,1,boleto,1,266.22
o_006902,1,boleto,1,88.31
o_006903,1,voucher,1,116.04
o_006904,1,credit_card,8,69.42
o_006905,1,credit_card,1,31.59
o_006906,1,boleto,1,346.59
o_006907,1,credit_card,2,387.98
o_006908,1,credit_card,4,189.74
o_006909,1,credit_card,3,41.56
o_006910,1,credit_card,1,56.56
o_006911,1,credit_card,1,147.54
o_006912,1,voucher,1,353.64
o_006913,1,credit_card,2,90.82
o_006914,1,credit_card,1,156.85
o_006915,1,debit_card,1,195.17
o_006916,1,credit_card,1,440.85
o_006917,1,boleto,1,128.01
o_006918,1,credit_card,1,429.77
o_006919,1,credit_card,2,121.57
o_006920,1,boleto,1,278.69
o_006921,1,credit_card,2,72.65
o_006922,1,debit_card,1,112.04
o_006923,1,credit_card,1,133.13
o_006924,1,voucher,1,50.44
o_006925,1,voucher,1,28.09
o_006926,1,boleto,1,39.34
o_006927,1,credit_card,1,188.91
o_006928,1,credit_card,1,194.6
o_006929,1,voucher,1,38.85
o_006930,1,credit_card,10,270.44
o_006931,1,credit_card,1,70.89
o_006932,1,credit_card,3,87.54
o_006933,1,credit_card,4,160.62
o_006934,1,credit_card,1,367.55
o_006935,1,credit_card,2,153.93
o_006936,1,credit_card,4,82.21
o_006937,1,credit_card,2,33.18
o_006938,1,credit_card,6,294.88
o_006939,1,credit_card,2,251.03
o_006940,1,credit_card,2,68.98
o_006941,1,credit_card,1,175.15
o_006942,1,boleto,1,73.38
o_006943,1,credit_card,1,449.44
o_006944,1,credit_card,4,41.0
o_006945,1,credit_card,1,94.78
o_006946,1,credit_card,2,280.86
o_006947,1,credit_card,4,39.15
o_006948,1,credit_card,1,105.42
o_006949,1,credit_card,1,90.14
o_006950,1,credit_card,6,52.3
o_006951,1,credit_card,1,64.17
o_006952,1,credit_card,8,79.01
o_006953,1,credit_card,3,214.09
o_006954,1,credit_card,1,62.61
o_006955,1,boleto,1,318.2
o_006956,1,credit_card,1,181.82
o_006957,1,boleto,1,142.24
o_006958,1,boleto,1,93.68
o_006959,1,credit_card,2,76.23
o_006960,1,credit_card,1,258.74
o_006961,1,credit_card,6,241.09
o_006962,1,credit_card,4,242.17
o_006963,1,credit_card,3,407.06
o_006964,1,credit_card,2,182.51
o_006965,1,credit_card,12,223.58
o_006966,1,boleto,1,374.8
o_006967,1,credit_card,2,77.36
o_006968,1,credit_card,1,445.9
o_006969,1,boleto,1,116.07
o_006970,1,credit_card,1,94.79
o_006971,1,boleto,1,106.69
o_006972,1,credit_card,8,253.59
o_006973,1,boleto,1,145.57
o_006974,1,credit_card,10,202.63
o_006975,1,credit_card,1,456.26
o_006976,1,credit_card,3,94.98
o_006977,1,credit_card,2,162.21
o_006978,1,credit_card,1,146.28
o_006979,1,credit_card,4,115.84
o_006980,1,credit_card,4,495.53
o_006981,1,credit_card,2,328.71
o_006982,1,credit_card,1,137.1
o_006983,1,credit_card,8,54.15
o_006984,1,credit_card,4,179.69
o_006985,1,credit_card,4,198.45
o_006986,1,credit_card,1,186.54
o_006987,1,boleto,1,244.77
o_006988,1,credit_card,2,73.24
o_006989,1,credit_card,10,471.24
o_006990,1,boleto,1,152.04
o_006991,1,credit_card,2,46.56
o_006992,1,credit_card,2,74.75
o_006993,1,credit_card,1,87.72
o_006994,1,boleto,1,45.34
o_006995,1,credit_card,1,59.82
o_006996,1,credit_card,1,115.29
o_006997,1,credit_card,6,84.93
o_006998,1,credit_card,1,56.05
o_006999,1,credit_card,1,84.01
o_007000,1,boleto,1,188.98
o_007001,1,credit_card,1,51.03
o_007002,1,credit_card,3,39.23
o_007003,1,credit_card,3,284.2
o_007004,1,credit_card,10,31.03
o_007005,1,credit_card,1,122.36
o_007006,1,voucher,1,290.4
o_007007,1,boleto,1,103.03
o_007008,1,credit_card,2,161.75
o_007009,1,credit_card,4,50.27
o_007010,1,credit_card,1,169.12
o_007011,1,credit_card,10,176.21
o_007012,1,credit_card,1,108.44
o_007013,1,boleto,1,48.77
o_007014,1,credit_card,1,117.96
o_007015,1,credit_card,1,62.55
o_007016,1,boleto,1,435.41
o_007017,1,credit_card,3,324.53
o_007018,1,credit_card,2,136.81
o_007019,1,boleto,1,266.68
o_007020,1,credit_card,10,81.33
o_007021,1,credit_card,1,252.43
o_007022,1,credit_card,2,301.42
o_007023,1,credit_card,4,70.0
o_007024,1,credit_card,3,72.97
o_007025,1,credit_card,3,393.09
o_007026,1,credit_card,6,364.19
o_007027,1,credit_card,6,53.04
o_007028,1,credit_card,1,91.72
o_007029,1,credit_card,10,115.53
o_007030,1,debit_card,1,462.84
o_007031,1,credit_card,2,99.8
o_007032,1,credit_card,3,187.59
o_007033,1,credit_card,1,497.36
o_007034,1,credit_card,2,58.29
o_007035,1,boleto,1,88.75
o_007036,1,credit_card,6,152.06
o_007037,1,credit_card,1,127.9
o_007038,1,boleto,1,156.94
o_007039,1,credit_card,1,213.94
o_007040,1,voucher,1,201.33
o_007041,1,credit_card,3,566.32
o_007042,1,boleto,1,418.94
o_007043,1,credit_card,8,26.51
o_007044,1,credit_card,1,352.11
o_007045,1,credit_card,2,128.22
o_007046,1,boleto,1,76.6
o_007047,1,credit_card,2,31.16
o_007048,1,credit_card,1,429.63
o_007049,1,credit_card,3,150.11
o_007050,1,boleto,1,69.74
o_007051,1,credit_card,10,71.98
o_007052,1,boleto,1,100.67
o_007053,1,voucher,1,460.1
o_007054,1,credit_card,1,151.82
o_007055,1,voucher,1,37.5
o_007056,1,credit_card,1,83.84
o_007057,1,credit_card,2,396.45
o_007058,1,boleto,1,335.84
o_007059,1,credit_card,1,65.3
o_007060,1,credit_card,2,162.95
o_007061,1,credit_card,2,471.56
o_007062,1,boleto,1,27.18
o_007063,1,boleto,1,334.74
o_007064,1,credit_card,3,518.27
o_007065,1,credit_card,1,168.35
o_007066,1,boleto,1,103.39
o_007067,1,credit_card,6,120.5
o_007068,1,credit_card,1,132.96
o_007069,1,boleto,1,107.57
o_007070,1,credit_card,1,156.98
o_007071,1,boleto,1,200.22
o_007072,1,credit_card,6,134.17
o_007073,1,credit_card,1,392.96
o_007074,1,credit_card,6,130.93
o_007075,1,credit_card,10,149.82
o_007076,1,credit_card,1,245.51
o_007077,1,credit_card,10,24.0
o_007078,1,credit_card,4,180.21
o_007079,1,credit_card,1,257.28
o_007080,1,boleto,1,32.19
o_007081,1,credit_card,1,268.38
o_007082,1,credit_card,3,220.44
o_007083,1,credit_card,8,191.21
o_007084,1,credit_card,6,206.72
o_007085,1,credit_card,2,140.82
o_007086,1,credit_card,1,86.72
o_007087,1,credit_card,1,373.1
o_007088,1,boleto,1,38.97
o_007089,1,boleto,1,132.75
o_007090,1,credit_card,1,61.7
o_007091,1,boleto,1,251.42
o_007092,1,credit_card,1,185.78
o_007093,1,credit_card,4,182.65
o_007094,1,credit_card,4,164.52
o_007095,1,credit_card,3,160.34
o_007096,1,credit_card,6,159.27
o_007097,1,voucher,1,394.22
o_007098,1,credit_card,1,240.7
o_007099,1,boleto,1,360.61
o_007100,1,credit_card,4,76.64
o_007101,1,credit_card,1,472.0
o_007102,1,credit_card,1,742.45
o_007103,1,credit_card,1,47.2
o_007104,1,boleto,1,543.13
o_007105,1,credit_card,1,210.36
o_007106,1,credit_card,2,633.71
o_007107,1,boleto,1,419.98
o_007108,1,credit_card,10,49.56
o_007109,1,credit_card,4,78.41
o_007110,1,credit_card,4,104.69
o_007111,1,debit_card,1,86.89
o_007112,1,credit_card,3,266.66
o_007113,1,credit_card,3,579.24
o_007114,1,credit_card,1,384.8
o_007115,1,credit_card,6,224.67
o_007116,1,boleto,1,243.44
o_007117,1,credit_card,1,350.3
o_007118,1,boleto,1,406.4
o_007119,1,boleto,1,53.94
o_007120,1,credit_card,6,24.91
o_007121,1,boleto,1,95.45
o_007122,1,credit_card,4,484.07
o_007123,1,credit_card,4,372.85
o_007124,1,credit_card,12,191.17
o_007125,1,credit_card,3,147.08
o_007126,1,credit_card,8,110.08
o_007127,1,credit_card,3,164.67
o_007128,1,credit_card,3,524.31
o_007129,1,credit_card,12,296.86
o_007130,1,boleto,1,165.25
o_007131,1,credit_card,6,59.74
o_007132,1,credit_card,6,97.33
o_007133,1,credit_card,8,383.09
o_007134,1,credit_card,12,195.31
o_007135,1,credit_card,2,326.4
o_007136,1,debit_card,1,882.88
o_007137,1,boleto,1,57.04
o_007138,1,credit_card,6,45.66
o_007139,1,boleto,1,67.92
o_007140,1,boleto,1,49.23
o_007141,1,credit_card,2,41.38
o_007142,1,boleto,1,282.84
o_007143,1,credit_card,1,99.62
o_007144,1,voucher,1,125.98
o_007145,1,boleto,1,170.15
o_007146,1,credit_card,3,104.74
o_007147,1,credit_card,8,171.62
o_007148,1,credit_card,1,55.3
o_007149,1,boleto,1,106.84
o_007150,1,credit_card,3,274.88
o_007151,1,credit_card,3,230.07
o_007152,1,credit_card,2,39.72
o_007153,1,credit_card,3,63.83
o_007154,1,credit_card,1,138.03
o_007155,1,credit_card,1,78.81
o_007156,1,credit_card,4,227.56
o_007157,1,credit_card,12,145.68
o_007158,1,credit_card,1,57.43
o_007159,1,credit_card,2,377.58
o_007160,1,voucher,1,325.32
o_007161,1,credit_card,8,149.6
o_007162,1,credit_card,1,195.89
o_007163,1,voucher,1,120.23
o_007164,1,debit_card,1,182.01
o_007165,1,voucher,1,151.17
o_007166,1,credit_card,1,163.79
o_007167,1,credit_card,3,216.02
o_007168,1,credit_card,3,110.05
o_007169,1,credit_card,4,172.8
o_007170,1,credit_card,2,88.28
o_007171,1,debit_card,1,132.94
o_007172,1,boleto,1,193.71
o_007173,1,credit_card,12,172.83
o_007174,1,credit_card,1,259.16
o_007175,1,boleto,1,161.88
o_007176,1,credit_card,1,189.35
o_007177,1,credit_card,1,171.26
o_007178,1,credit_card,1,158.8
o_007179,1,credit_card,2,61.23
o_007180,1,credit_card,1,126.03
o_007181,1,voucher,1,202.8
o_007182,1,credit_card,1,112.22
o_007183,1,boleto,1,64.24
o_007184,1,credit_card,1,199.84
o_007185,1,credit_card,8,53.8
o_007186,1,boleto,1,206.77
o_007187,1,credit_card,1,193.75
o_007188,1,boleto,1,142.29
o_007189,1,credit_card,1,47.49
o_007190,1,boleto,1,62.36
o_007191,1,credit_card,10,168.18
o_007192,1,credit_card,6,254.12
o_007193,1,credit_card,2,78.63
o_007194,1,credit_card,2,99.53
o_007195,1,credit_card,1,100.04
o_007196,1,credit_card,8,83.31
o_007197,1,credit_card,1,181.41
o_007198,1,boleto,1,333.4
o_007199,1,credit_card,1,40.49
o_007200,1,credit_card,2,94.22
o_007201,1,boleto,1,406.64
o_007202,1,credit_card,1,291.13
o_007203,1,credit_card,3,917.91
o_007204,1,credit_card,1,190.85
o_007205,1,credit_card,2,299.65
o_007206,1,credit_card,1,55.97
o_007207,1,credit_card,8,583.18
o_007208,1,boleto,1,115.32
o_007209,1,credit_card,1,125.36
o_007210,1,credit_card,1,390.94
o_007211,1,credit_card,6,79.74
o_007212,1,credit_card,1,110.18
o_007213,1,credit_card,1,222.86
o_007214,1,credit_card,2,38.51
o_007215,1,credit_card,3,28.14
o_007216,1,credit_card,1,70.81
o_007217,1,credit_card,1,386.16
o_007218,1,credit_card,6,76.36
o_007219,1,credit_card,6,255.97
o_007220,1,credit_card,3,77.6
o_007221,1,boleto,1,85.56
o_007222,1,boleto,1,42.65
o_007223,1,credit_card,1,73.93
o_007224,1,credit_card,1,111.59
o_007225,1,voucher,1,62.01
o_007226,1,credit_card,2,53.06
o_007227,1,credit_card,1,28.83
o_007228,1,credit_card,8,254.46
o_007229,1,credit_card,2,85.26
o_007230,1,credit_card,1,121.32
o_007231,1,credit_card,1,51.09
o_007232,1,boleto,1,93.82
o_007233,1,credit_card,6,234.93
o_007234,1,credit_card,1,55.13
o_007235,1,credit_card,1,300.55
o_007236,1,credit_card,2,53.5
o_007237,1,credit_card,8,188.48
o_007238,1,boleto,1,414.0
o_007239,1,credit_card,1,155.05
o_007240,1,boleto,1,164.27
o_007241,1,credit_card,3,87.36
o_007242,1,boleto,1,268.81
o_007243,1,credit_card,4,50.42
o_007244,1,credit_card,2,57.08
o_007245,1,credit_card,8,149.58
o_007246,1,credit_card,4,127.07
o_007247,1,credit_card,1,102.99
o_007248,1,credit_card,1,186.95
o_007249,1,credit_card,4,652.24
o_007250,1,credit_card,1,29.62
o_007251,1,credit_card,1,68.42
o_007252,1,credit_card,6,52.88
o_007253,1,boleto,1,98.31
o_007254,1,credit_card,8,110.32
o_007255,1,credit_card,1,59.32
o_007256,1,voucher,1,241.52
o_007257,1,credit_card,1,86.24
o_007258,1,credit_card,1,123.88
o_007259,1,credit_card,1,185.44
o_007260,1,credit_card,1,139.09
o_007261,1,credit_card,1,194.39
o_007262,1,credit_card,2,160.83
o_007263,1,credit_card,6,275.93
o_007264,1,credit_card,2,32.63
o_007265,1,credit_card,3,168.26
o_007266,1,credit_card,1,55.78
o_007267,1,credit_card,1,422.0
o_007268,1,credit_card,8,209.62
o_007269,1,credit_card,1,248.96
o_007270,1,credit_card,1,64.07
o_007271,1,credit_card,2,195.13
o_007272,1,credit_card,2,146.87
o_007273,1,credit_card,8,66.39
o_007274,1,credit_card,10,116.25
o_007275,1,boleto,1,147.56
o_007276,1,credit_card,8,391.37
o_007277,1,boleto,1,142.41
o_007278,1,credit_card,10,102.4
o_007279,1,credit_card,1,149.76
o_007280,1,credit_card,1,116.45
o_007281,1,boleto,1,123.97
o_007282,1,credit_card,8,296.94
o_007283,1,credit_card,6,398.79
o_007284,1,credit_card,1,72.82
o_007285,1,credit_card,1,49.6
o_007286,1,credit_card,12,263.21
o_007287,1,credit_card,2,268.24
o_007288,1,credit_card,10,63.2
o_007289,1,credit_card,1,201.28
o_007290,1,credit_card,1,34.72
o_007291,1,boleto,1,203.89
o_007292,1,boleto,1,260.31
o_007293,1,boleto,1,136.46
o_007294,1,debit_card,1,208.78
o_007295,1,debit_card,1,132.33
o_007296,1,credit_card,8,92.46
o_007297,1,credit_card,10,152.78
o_007298,1,credit_card,2,287.54
o_007299,1,credit_card,1,199.92
o_007300,1,credit_card,2,297.66
o_007301,1,credit_card,3,51.03
o_007302,1,boleto,1,188.99
o_007303,1,credit_card,1,124.87
o_007304,1,credit_card,1,325.57
o_007305,1,credit_card,1,260.32
o_007306,1,credit_card,12,122.32
o_007307,1,boleto,1,94.01
o_007308,1,voucher,1,326.4
o_007309,1,credit_card,2,223.56
o_007310,1,boleto,1,640.09
o_007311,1,credit_card,1,155.9
o_007312,1,credit_card,1,232.99
o_007313,1,credit_card,8,107.24
o_007314,1,credit_card,1,53.83
o_007315,1,credit_card,1,216.28
o_007316,1,credit_card,2,171.7
o_007317,1,credit_card,1,57.63
o_007318,1,credit_card,1,122.35
o_007319,1,credit_card,12,438.47
o_007320,1,credit_card,1,378.96
o_007321,1,credit_card,1,39.86
o_007322,1,credit_card,4,284.56
o_007323,1,credit_card,2,96.94
o_007324,1,credit_card,12,184.14
o_007325,1,credit_card,2,424.92
o_007326,1,credit_card,3,73.65
o_007327,1,voucher,1,547.55
o_007328,1,credit_card,1,177.3
o_007329,1,debit_card,1,69.6
o_007330,1,credit_card,1,269.99
o_007331,1,boleto,1,65.49
o_007332,1,credit_card,6,274.18
o_007333,1,boleto,1,465.01
o_007334,1,credit_card,4,122.79
o_007335,1,credit_card,10,144.85
o_007336,1,credit_card,2,51.6
o_007337,1,credit_card,1,435.54
o_007338,1,credit_card,2,237.07
o_007339,1,credit_card,1,341.94
o_007340,1,credit_card,3,280.06
o_007341,1,credit_card,1,266.36
o_007342,1,voucher,1,79.92
o_007343,1,credit_card,2,66.12
o_007344,1,credit_card,2,74.9
o_007345,1,credit_card,1,47.64
o_007346,1,credit_card,2,134.75
o_007347,1,credit_card,1,156.81
o_007348,1,credit_card,4,278.8
o_007349,1,credit_card,1,39.45
o_007350,1,boleto,1,92.34
o_007351,1,credit_card,1,89.96
o_007352,1,boleto,1,345.42
o_007353,1,credit_card,4,71.46
o_007354,1,credit_card,3,216.74
o_007355,1,credit_card,1,330.61
o_007356,1,boleto,1,244.15
o_007357,1,debit_card,1,101.88
o_007358,1,credit_card,1,50.46
o_007359,1,credit_card,2,96.11
o_007360,1,boleto,1,382.85
o_007361,1,credit_card,2,90.95
o_007362,1,credit_card,3,314.11
o_007363,1,credit_card,1,95.73
o_007364,1,credit_card,1,125.2
o_007365,1,credit_card,2,166.95
o_007366,1,credit_card,1,94.76
o_007367,1,credit_card,2,333.49
o_007368,1,boleto,1,568.44
o_007369,1,credit_card,3,42.29
o_007370,1,boleto,1,307.36
o_007371,1,credit_card,8,247.95
o_007372,1,credit_card,1,195.83
o_007373,1,boleto,1,119.27
o_007374,1,debit_card,1,112.36
o_007375,1,credit_card,1,144.38
o_007376,1,credit_card,1,183.65
o_007377,1,boleto,1,100.24
o_007378,1,credit_card,10,161.46
o_007379,1,credit_card,1,287.56
o_007380,1,credit_card,1,98.51
o_007381,1,credit_card,4,215.76
o_007382,1,credit_card,2,169.28
o_007383,1,credit_card,1,89.95
o_007384,1,boleto,1,77.88
o_007385,1,credit_card,2,101.74
o_007386,1,credit_card,1,489.89
o_007387,1,credit_card,2,242.42
o_007388,1,credit_card,8,494.38
o_007389,1,credit_card,4,172.44
o_007390,1,voucher,1,100.05
o_007391,1,debit_card,1,61.25
o_007392,1,credit_card,1,30.94
o_007393,1,boleto,1,92.1
o_007394,1,credit_card,1,96.69
o_007395,1,credit_card,2,193.05
o_007396,1,credit_card,1,418.07
o_007397,1,voucher,1,52.46
o_007398,1,credit_card,8,109.17
o_007399,1,credit_card,3,34.28
o_007400,1,credit_card,10,65.26
o_007401,1,credit_card,2,587.1
o_007402,1,credit_card,1,54.27
o_007403,1,credit_card,1,387.51
o_007404,1,boleto,1,141.79
o_007405,1,credit_card,1,54.62
o_007406,1,credit_card,1,96.96
o_007407,1,credit_card,1,384.81
o_007408,1,credit_card,1,370.33
o_007409,1,credit_card,8,27.07
o_007410,1,credit_card,2,39.13
o_007411,1,credit_card,6,379.0
o_007412,1,credit_card,1,120.03
o_007413,1,credit_card,6,88.0
o_007414,1,credit_card,1,36.96
o_007415,1,boleto,1,93.45
o_007416,1,credit_card,1,201.65
o_007417,1,credit_card,8,98.63
o_007418,1,credit_card,1,47.09
o_007419,1,credit_card,1,474.35
o_007420,1,credit_card,3,179.13
o_007421,1,credit_card,6,32.98
o_007422,1,credit_card,1,91.24
o_007423,1,credit_card,4,94.24
o_007424,1,credit_card,6,241.41
o_007425,1,credit_card,4,139.76
o_007426,1,credit_card,4,95.05
o_007427,1,credit_card,3,331.71
o_007428,1,credit_card,10,369.11
o_007429,1,credit_card,6,221.03
o_007430,1,credit_card,2,181.96
o_007431,1,credit_card,1,100.02
o_007432,1,credit_card,1,400.69
o_007433,1,credit_card,4,63.46
o_007434,1,credit_card,1,59.77
o_007435,1,boleto,1,113.09
o_007436,1,credit_card,6,239.59
o_007437,1,credit_card,3,404.31
o_007438,1,voucher,1,130.71
o_007439,1,credit_card,3,51.43
o_007440,1,credit_card,1,216.05
o_007441,1,credit_card,2,52.64
o_007442,1,credit_card,1,201.48
o_007443,1,credit_card,2,97.6
o_007444,1,boleto,1,711.72
o_007445,1,voucher,1,257.97
o_007446,1,credit_card,2,168.77
o_007447,1,credit_card,1,62.84
o_007448,1,boleto,1,141.54
o_007449,1,credit_card,3,127.53
o_007450,1,credit_card,8,203.64
o_007451,1,credit_card,1,195.3
o_007452,1,boleto,1,67.8
o_007453,1,credit_card,2,51.19
o_007454,1,credit_card,4,256.28
o_007455,1,credit_card,1,486.95
o_007456,1,debit_card,1,183.96
o_007457,1,boleto,1,44.67
o_007458,1,credit_card,2,240.06
o_007459,1,debit_card,1,50.32
o_007460,1,credit_card,4,128.98
o_007461,1,boleto,1,168.77
o_007462,1,credit_card,3,85.92
o_007463,1,boleto,1,314.49
o_007464,1,credit_card,4,52.37
o_007465,1,credit_card,1,133.23
o_007466,1,credit_card,1,197.14
o_007467,1,credit_card,1,161.29
o_007468,1,credit_card,4,90.18
o_007469,1,credit_card,10,59.79
o_007470,1,credit_card,3,72.79
o_007471,1,credit_card,8,90.55
o_007472,1,voucher,1,111.88
o_007473,1,credit_card,6,489.1
o_007474,1,credit_card,4,94.56
o_007475,1,boleto,1,687.62
o_007476,1,credit_card,2,49.02
o_007477,1,credit_card,12,153.37
o_007478,1,voucher,1,35.71
o_007479,1,debit_card,1,129.18
o_007480,1,credit_card,8,38.45
o_007481,1,credit_card,1,52.88
o_007482,1,credit_card,3,277.58
o_007483,1,debit_card,1,267.77
o_007484,1,credit_card,2,117.76
o_007485,1,boleto,1,44.1
o_007486,1,credit_card,2,44.84
o_007487,1,credit_card,4,108.6
o_007488,1,credit_card,1,82.7
o_007489,1,boleto,1,65.76
o_007490,1,credit_card,4,160.04
o_007491,1,credit_card,2,306.47
o_007492,1,credit_card,1,123.47
o_007493,1,boleto,1,76.45
o_007494,1,credit_card,1,127.62
o_007495,1,credit_card,6,108.87
o_007496,1,credit_card,1,63.15
o_007497,1,boleto,1,90.49
o_007498,1,credit_card,1,85.88
o_007499,1,voucher,1,285.25
o_007500,1,credit_card,2,49.12
o_007501,1,voucher,1,152.93
o_007502,1,credit_card,6,69.37
o_007503,1,credit_card,1,292.29
o_007504,1,credit_card,1,207.19
o_007505,1,voucher,1,52.52
o_007506,1,credit_card,2,61.74
o_007507,1,credit_card,1,129.03
o_007508,1,credit_card,1,244.8
o_007509,1,credit_card,1,70.94
o_007510,1,credit_card,1,69.8
o_007511,1,credit_card,2,81.64
o_007512,1,credit_card,1,145.68
o_007513,1,credit_card,1,175.89
o_007514,1,boleto,1,586.63
o_007515,1,credit_card,4,77.28
o_007516,1,debit_card,1,34.73
o_007517,1,credit_card,2,315.61
o_007518,1,credit_card,4,107.89
o_007519,1,voucher,1,280.81
o_007520,1,boleto,1,687.17
o_007521,1,credit_card,3,105.02
o_007522,1,boleto,1,58.28
o_007523,1,credit_card,1,207.49
o_007524,1,boleto,1,22.26
o_007525,1,credit_card,6,74.84
o_007526,1,credit_card,2,104.54
o_007527,1,boleto,1,147.49
o_007528,1,credit_card,4,272.69
o_007529,1,credit_card,1,149.79
o_007530,1,credit_card,4,65.11
o_007531,1,credit_card,2,154.48
o_007532,1,credit_card,2,178.94
o_007533,1,voucher,1,450.7
o_007534,1,credit_card,1,160.88
o_007535,1,boleto,1,212.75
o_007536,1,credit_card,1,177.6
o_007537,1,boleto,1,215.01
o_007538,1,credit_card,10,185.4
o_007539,1,credit_card,3,209.4
o_007540,1,boleto,1,79.2
o_007541,1,credit_card,1,63.85
o_007542,1,boleto,1,643.11
o_007543,1,boleto,1,252.03
o_007544,1,credit_card,2,197.6
o_007545,1,boleto,1,96.03
o_007546,1,credit_card,1,383.2
o_007547,1,credit_card,1,58.44
o_007548,1,credit_card,6,136.24
o_007549,1,credit_card,2,58.66
o_007550,1,credit_card,1,376.73
o_007551,1,boleto,1,162.64
o_007552,1,credit_card,1,111.72
o_007553,1,credit_card,4,215.65
o_007554,1,credit_card,4,90.13
o_007555,1,credit_card,1,43.78
o_007556,1,credit_card,2,208.33
o_007557,1,credit_card,3,134.44
o_007558,1,credit_card,1,666.53
o_007559,1,boleto,1,102.89
o_007560,1,boleto,1,145.38
o_007561,1,credit_card,6,283.14
o_007562,1,credit_card,1,58.01
o_007563,1,credit_card,1,59.7
o_007564,1,credit_card,2,41.4
o_007565,1,credit_card,4,49.57
o_007566,1,credit_card,3,170.65
o_007567,1,credit_card,1,46.56
o_007568,1,credit_card,2,265.81
o_007569,1,boleto,1,127.96
o_007570,1,credit_card,4,403.9
o_007571,1,voucher,1,103.13
o_007572,1,boleto,1,98.23
o_007573,1,credit_card,6,130.2
o_007574,1,boleto,1,162.85
o_007575,1,credit_card,1,123.79
o_007576,1,credit_card,10,74.32
o_007577,1,credit_card,1,200.58
o_007578,1,credit_card,1,351.4
o_007579,1,boleto,1,63.22
o_007580,1,credit_card,3,280.35
o_007581,1,credit_card,2,271.66
o_007582,1,credit_card,2,114.41
o_007583,1,boleto,1,374.64
o_007584,1,credit_card,1,235.78
o_007585,1,credit_card,10,111.64
o_007586,1,credit_card,1,356.53
o_007587,1,credit_card,1,120.49
o_007588,1,credit_card,2,43.95
o_007589,1,voucher,1,566.44
o_007590,1,credit_card,2,321.72
o_007591,1,credit_card,1,197.63
o_007592,1,credit_card,12,399.36
o_007593,1,credit_card,12,120.04
o_007594,1,credit_card,4,318.8
o_007595,1,credit_card,1,261.35
o_007596,1,credit_card,2,53.61
o_007597,1,credit_card,1,80.71
o_007598,1,credit_card,10,180.92
o_007599,1,credit_card,4,211.66
o_007600,1,credit_card,1,76.78
o_007601,1,credit_card,4,40.42
o_007602,1,boleto,1,359.1
o_007603,1,boleto,1,78.58
o_007604,1,credit_card,3,198.44
o_007605,1,credit_card,2,91.0
o_007606,1,boleto,1,94.89
o_007607,1,credit_card,3,69.77
o_007608,1,credit_card,2,77.68
o_007609,1,credit_card,4,194.18
o_007610,1,credit_card,3,218.33
o_007611,1,credit_card,1,30.52
o_007612,1,credit_card,6,29.79
o_007613,1,credit_card,3,33.45
o_007614,1,boleto,1,291.21
o_007615,1,credit_card,2,850.84
o_007616,1,credit_card,4,34.49
o_007617,1,voucher,1,92.64
o_007618,1,credit_card,1,69.64
o_007619,1,boleto,1,268.04
o_007620,1,credit_card,2,246.04
o_007621,1,credit_card,10,108.68
o_007622,1,credit_card,1,199.69
o_007623,1,credit_card,1,227.07
o_007624,1,credit_card,4,33.41
o_007625,1,credit_card,1,181.77
o_007626,1,credit_card,1,129.42
o_007627,1,boleto,1,31.77
o_007628,1,boleto,1,162.04
o_007629,1,credit_card,3,60.36
o_007630,1,voucher,1,181.77
o_007631,1,credit_card,4,450.32
o_007632,1,credit_card,2,110.71
o_007633,1,credit_card,1,141.18
o_007634,1,credit_card,12,167.31
o_007635,1,credit_card,8,127.07
o_007636,1,credit_card,2,312.83
o_007637,1,credit_card,1,209.01
o_007638,1,credit_card,1,82.58
o_007639,1,credit_card,10,232.33
o_007640,1,credit_card,2,63.09
o_007641,1,boleto,1,196.75
o_007642,1,credit_card,2,178.17
o_007643,1,credit_card,2,447.9
o_007644,1,credit_card,1,50.26
o_007645,1,voucher,1,118.31
o_007646,1,voucher,1,581.61
o_007647,1,boleto,1,75.8
o_007648,1,voucher,1,141.97
o_007649,1,credit_card,1,57.14
o_007650,1,credit_card,3,164.47
o_007651,1,boleto,1,39.68
o_007652,1,credit_card,1,343.32
o_007653,1,credit_card,1,118.17
o_007654,1,boleto,1,59.79
o_007655,1,boleto,1,213.22
o_007656,1,credit_card,2,227.29
o_007657,1,debit_card,1,64.83
o_007658,1,credit_card,1,458.11
o_007659,1,boleto,1,143.99
o_007660,1,credit_card,3,37.54
o_007661,1,credit_card,4,172.53
o_007662,1,boleto,1,172.66
o_007663,1,credit_card,1,530.31
o_007664,1,credit_card,1,161.81
o_007665,1,credit_card,1,82.91
o_007666,1,credit_card,1,225.33
o_007667,1,credit_card,2,108.16
o_007668,1,credit_card,3,215.02
o_007669,1,credit_card,3,58.1
o_007670,1,credit_card,1,31.19
o_007671,1,boleto,1,178.12
o_007672,1,credit_card,10,247.85
o_007673,1,voucher,1,113.55
o_007674,1,credit_card,2,128.19
o_007675,1,debit_card,1,47.8
o_007676,1,boleto,1,47.12
o_007677,1,boleto,1,230.79
o_007678,1,boleto,1,230.33
o_007679,1,voucher,1,44.98
o_007680,1,credit_card,1,344.01
o_007681,1,credit_card,2,823.17
o_007682,1,boleto,1,377.83
o_007683,1,credit_card,1,219.61
o_007684,1,boleto,1,98.72
o_007685,1,credit_card,2,145.3
o_007686,1,boleto,1,543.06
o_007687,1,boleto,1,178.4
o_007688,1,boleto,1,173.07
o_007689,1,credit_card,1,32.83
o_007690,1,credit_card,1,522.33
o_007691,1,credit_card,1,34.81
o_007692,1,boleto,1,433.06
o_007693,1,credit_card,1,293.81
o_007694,1,boleto,1,245.13
o_007695,1,credit_card,3,268.79
o_007696,1,credit_card,1,114.4
o_007697,1,credit_card,1,29.11
o_007698,1,boleto,1,99.08
o_007699,1,credit_card,1,360.12
o_007700,1,credit_card,1,148.18
o_007701,1,credit_card,1,120.26
o_007702,1,credit_card,1,410.35
o_007703,1,credit_card,6,114.78
o_007704,1,voucher,1,214.12
o_007705,1,credit_card,1,232.66
o_007706,1,boleto,1,43.12
o_007707,1,credit_card,1,317.16
o_007708,1,boleto,1,156.87
o_007709,1,credit_card,6,53.93
o_007710,1,credit_card,1,559.12
o_007711,1,credit_card,1,96.77
o_007712,1,boleto,1,68.81
o_007713,1,credit_card,1,340.27
o_007714,1,credit_card,12,239.61
o_007715,1,credit_card,3,101.96
o_007716,1,credit_card,1,251.57
o_007717,1,credit_card,6,91.89
o_007718,1,credit_card,3,54.25
o_007719,1,credit_card,1,130.29
o_007720,1,credit_card,1,106.82
o_007721,1,credit_card,10,151.09
o_007722,1,credit_card,3,125.98
o_007723,1,credit_card,4,93.92
o_007724,1,voucher,1,277.07
o_007725,1,credit_card,3,76.71
o_007726,1,credit_card,3,44.12
o_007727,1,voucher,1,1146.23
o_007728,1,credit_card,1,227.28
o_007729,1,boleto,1,58.05
o_007730,1,voucher,1,238.36
o_007731,1,credit_card,1,59.33
o_007732,1,credit_card,3,52.35
o_007733,1,credit_card,1,160.78
o_007734,1,voucher,1,48.9
o_007735,1,voucher,1,375.82
o_007736,1,credit_card,6,100.8
o_007737,1,boleto,1,90.1
o_007738,1,credit_card,1,157.72
o_007739,1,boleto,1,106.23
o_007740,1,credit_card,10,371.84
o_007741,1,voucher,1,251.27
o_007742,1,credit_card,1,178.37
o_007743,1,credit_card,1,123.95
o_007744,1,boleto,1,102.1
o_007745,1,credit_card,8,127.35
o_007746,1,voucher,1,316.69
o_007747,1,credit_card,1,168.3
o_007748,1,credit_card,1,75.9
o_007749,1,boleto,1,147.68
o_007750,1,credit_card,3,146.86
o_007751,1,credit_card,2,73.07
o_007752,1,credit_card,6,103.49
o_007753,1,credit_card,2,130.5
o_007754,1,credit_card,2,77.33
o_007755,1,credit_card,6,76.0
o_007756,1,credit_card,12,97.63
o_007757,1,credit_card,1,251.67
o_007758,1,credit_card,4,99.6
o_007759,1,credit_card,1,61.75
o_007760,1,credit_card,1,185.92
o_007761,1,credit_card,2,47.6
o_007762,1,credit_card,1,34.46
o_007763,1,credit_card,1,153.14
o_007764,1,credit_card,8,402.31
o_007765,1,credit_card,1,133.35
o_007766,1,credit_card,8,88.37
o_007767,1,credit_card,8,27.41
o_007768,1,credit_card,1,60.82
o_007769,1,credit_card,6,113.24
o_007770,1,credit_card,6,354.49
o_007771,1,credit_card,3,92.08
o_007772,1,credit_card,2,79.67
o_007773,1,credit_card,3,273.4
o_007774,1,voucher,1,59.75
o_007775,1,credit_card,10,57.2
o_007776,1,credit_card,1,144.42
o_007777,1,credit_card,1,169.18
o_007778,1,credit_card,1,235.93
o_007779,1,boleto,1,322.8
o_007780,1,credit_card,4,35.02
o_007781,1,boleto,1,124.07
o_007782,1,credit_card,1,274.2
o_007783,1,credit_card,8,440.01
o_007784,1,credit_card,3,379.16
o_007785,1,credit_card,1,195.14
o_007786,1,credit_card,1,62.33
o_007787,1,boleto,1,142.8
o_007788,1,credit_card,1,127.63
o_007789,1,credit_card,2,157.44
o_007790,1,credit_card,1,122.96
o_007791,1,credit_card,1,30.04
o_007792,1,credit_card,1,30.56
o_007793,1,credit_card,4,353.12
o_007794,1,boleto,1,55.06
o_007795,1,credit_card,6,146.41
o_007796,1,voucher,1,28.03
o_007797,1,boleto,1,315.06
o_007798,1,credit_card,10,114.03
o_007799,1,boleto,1,202.45
o_007800,1,credit_card,1,202.14
o_007801,1,credit_card,6,171.39
o_007802,1,credit_card,1,58.76
o_007803,1,credit_card,1,67.53
o_007804,1,credit_card,1,339.86
o_007805,1,boleto,1,271.59
o_007806,1,credit_card,1,172.22
o_007807,1,credit_card,4,380.44
o_007808,1,credit_card,6,458.78
o_007809,1,credit_card,1,192.29
o_007810,1,credit_card,1,191.03
o_007811,1,boleto,1,88.0
o_007812,1,credit_card,1,37.48
o_007813,1,credit_card,1,63.34
o_007814,1,credit_card,1,302.54
o_007815,1,credit_card,1,88.49
o_007816,1,credit_card,3,352.3
o_007817,1,credit_card,1,46.92
o_007818,1,credit_card,1,86.78
o_007819,1,voucher,1,538.79
o_007820,1,credit_card,1,183.26
o_007821,1,boleto,1,24.52
o_007822,1,credit_card,2,31.56
o_007823,1,credit_card,8,171.21
o_007824,1,credit_card,1,288.12
o_007825,1,credit_card,1,110.83
o_007826,1,credit_card,3,48.73
o_007827,1,credit_card,2,163.73
o_007828,1,boleto,1,164.63
o_007829,1,credit_card,2,45.35
o_007830,1,voucher,1,91.73
o_007831,1,credit_card,1,34.33
o_007832,1,credit_card,1,173.88
o_007833,1,boleto,1,250.71
o_007834,1,credit_card,1,101.43
o_007835,1,credit_card,6,169.63
o_007836,1,boleto,1,458.35
o_007837,1,credit_card,1,182.73
o_007838,1,credit_card,6,73.87
o_007839,1,credit_card,4,422.9
o_007840,1,credit_card,1,43.73
o_007841,1,credit_card,1,184.6
o_007842,1,credit_card,3,80.38
o_007843,1,credit_card,1,67.58
o_007844,1,voucher,1,111.67
o_007845,1,credit_card,2,36.76
o_007846,1,credit_card,1,122.5
o_007847,1,credit_card,12,305.69
o_007848,1,credit_card,4,40.06
o_007849,1,boleto,1,131.93
o_007850,1,credit_card,3,160.97
o_007851,1,credit_card,1,33.48
o_007852,1,credit_card,1,163.86
o_007853,1,credit_card,1,135.24
o_007854,1,credit_card,4,51.51
o_007855,1,credit_card,1,127.61
o_007856,1,credit_card,1,86.28
o_007857,1,credit_card,4,51.0
o_007858,1,boleto,1,146.62
o_007859,1,credit_card,4,145.74
o_007860,1,credit_card,3,457.03
o_007861,1,boleto,1,257.47
o_007862,1,credit_card,1,79.74
o_007863,1,credit_card,1,95.88
o_007864,1,debit_card,1,181.07
o_007865,1,boleto,1,145.2
o_007866,1,credit_card,10,366.32
o_007867,1,boleto,1,166.78
o_007868,1,credit_card,1,90.71
o_007869,1,credit_card,2,97.46
o_007870,1,boleto,1,194.47
o_007871,1,boleto,1,95.88
o_007872,1,credit_card,1,300.84
o_007873,1,boleto,1,24.88
o_007874,1,credit_card,1,35.73
o_007875,1,credit_card,8,174.83
o_007876,1,credit_card,1,107.01
o_007877,1,credit_card,2,191.31
o_007878,1,credit_card,1,80.06
o_007879,1,debit_card,1,70.25
o_007880,1,credit_card,1,46.55
o_007881,1,credit_card,12,236.13
o_007882,1,credit_card,1,78.75
o_007883,1,credit_card,1,157.08
o_007884,1,boleto,1,111.57
o_007885,1,boleto,1,60.14
o_007886,1,credit_card,1,53.7
o_007887,1,credit_card,3,77.98
o_007888,1,boleto,1,184.09
o_007889,1,credit_card,1,61.88
o_007890,1,credit_card,1,226.57
o_007891,1,boleto,1,329.67
o_007892,1,boleto,1,172.35
o_007893,1,credit_card,1,41.91
o_007894,1,boleto,1,81.31
o_007895,1,credit_card,1,91.13
o_007896,1,credit_card,2,67.1
o_007897,1,credit_card,8,192.13
o_007898,1,credit_card,1,247.24
o_007899,1,credit_card,1,139.39
o_007900,1,credit_card,3,356.36
o_007901,1,credit_card,4,524.39
o_007902,1,credit_card,8,288.52
o_007903,1,boleto,1,568.46
o_007904,1,credit_card,2,345.6
o_007905,1,boleto,1,205.55
o_007906,1,credit_card,1,143.68
o_007907,1,credit_card,1,442.12
o_007908,1,boleto,1,101.19
o_007909,1,credit_card,6,148.41
o_007910,1,credit_card,4,76.33
o_007911,1,credit_card,2,101.24
o_007912,1,debit_card,1,108.21
o_007913,1,credit_card,1,349.47
o_007914,1,credit_card,6,147.74
o_007915,1,boleto,1,40.43
o_007916,1,credit_card,1,44.08
o_007917,1,credit_card,1,45.16
o_007918,1,boleto,1,97.51
o_007919,1,credit_card,1,250.44
o_007920,1,credit_card,2,83.78
o_007921,1,credit_card,1,41.71
o_007922,1,voucher,1,87.11
o_007923,1,credit_card,2,48.3
o_007924,1,credit_card,1,230.62
o_007925,1,credit_card,1,494.21
o_007926,1,voucher,1,194.18
o_007927,1,credit_card,1,154.89
o_007928,1,credit_card,6,285.6
o_007929,1,credit_card,4,287.68
o_007930,1,voucher,1,60.09
o_007931,1,boleto,1,366.17
o_007932,1,voucher,1,129.76
o_007933,1,credit_card,3,64.19
o_007934,1,debit_card,1,135.59
o_007935,1,credit_card,2,108.66
o_007936,1,credit_card,2,140.56
o_007937,1,boleto,1,172.48
o_007938,1,credit_card,3,394.71
o_007939,1,credit_card,1,335.42
o_007940,1,credit_card,1,732.95
o_007941,1,voucher,1,161.29
o_007942,1,credit_card,1,95.5
o_007943,1,voucher,1,460.17
o_007944,1,credit_card,1,820.34
o_007945,1,credit_card,8,340.5
o_007946,1,credit_card,3,58.26
o_007947,1,credit_card,1,142.32
o_007948,1,credit_card,1,67.86
o_007949,1,credit_card,8,29.24
o_007950,1,credit_card,1,43.04
o_007951,1,boleto,1,480.33
o_007952,1,credit_card,10,113.25
o_007953,1,credit_card,1,103.27
o_007954,1,credit_card,3,134.69
o_007955,1,credit_card,6,203.33
o_007956,1,credit_card,10,116.82
o_007957,1,credit_card,1,50.27
o_007958,1,credit_card,10,79.96
o_007959,1,credit_card,3,192.65
o_007960,1,debit_card,1,209.95
o_007961,1,credit_card,1,203.73
o_007962,1,credit_card,1,70.95
o_007963,1,credit_card,2,159.54
o_007964,1,voucher,1,78.14
o_007965,1,credit_card,1,277.11
o_007966,1,credit_card,3,188.92
o_007967,1,boleto,1,98.3
o_007968,1,boleto,1,188.34
o_007969,1,credit_card,2,85.05
o_007970,1,credit_card,1,159.94
o_007971,1,credit_card,4,399.02
o_007972,1,credit_card,12,95.03
o_007973,1,credit_card,1,93.13
o_007974,1,credit_card,1,388.44
o_007975,1,voucher,1,746.44
o_007976,1,boleto,1,317.65
o_007977,1,boleto,1,161.18
o_007978,1,credit_card,1,54.17
o_007979,1,credit_card,6,120.22
o_007980,1,credit_card,1,94.49
o_007981,1,credit_card,6,151.44
o_007982,1,boleto,1,40.37
o_007983,1,credit_card,3,257.35
o_007984,1,credit_card,1,45.75
o_007985,1,credit_card,4,63.75
o_007986,1,credit_card,1,208.07
o_007987,1,credit_card,8,75.69
o_007988,1,credit_card,4,140.06
o_007989,1,credit_card,1,135.75
o_007990,1,credit_card,8,325.42
o_007991,1,debit_card,1,38.75
o_007992,1,credit_card,10,621.17
o_007993,1,credit_card,4,55.83
o_007994,1,credit_card,2,36.29
o_007995,1,boleto,1,232.33
o_007996,1,credit_card,1,230.46
o_007997,1,credit_card,6,235.81
o_007998,1,credit_card,1,52.55
o_007999,1,credit_card,1,208.61
o_008000,1,credit_card,3,126.0
o_008001,1,voucher,1,129.0
o_008002,1,credit_card,3,152.42
o_008003,1,credit_card,1,49.24
o_008004,1,credit_card,1,179.35
o_008005,1,boleto,1,26.68
o_008006,1,credit_card,4,113.69
o_008007,1,credit_card,10,29.61
o_008008,1,credit_card,10,111.35
o_008009,1,credit_card,1,325.7
o_008010,1,credit_card,10,93.19
o_008011,1,boleto,1,255.17
o_008012,1,boleto,1,114.47
o_008013,1,voucher,1,70.14
o_008014,1,credit_card,10,62.12
o_008015,1,credit_card,4,324.66
o_008016,1,boleto,1,135.44
o_008017,1,credit_card,1,108.96
o_008018,1,credit_card,1,189.9
o_008019,1,credit_card,4,27.98
o_008020,1,boleto,1,101.15
o_008021,1,credit_card,1,173.05
o_008022,1,credit_card,1,24.28
o_008023,1,boleto,1,140.4
o_008024,1,boleto,1,142.22
o_008025,1,credit_card,6,73.75
o_008026,1,credit_card,1,195.51
o_008027,1,boleto,1,50.03
o_008028,1,credit_card,1,87.32
o_008029,1,credit_card,3,133.14
o_008030,1,credit_card,1,160.61
o_008031,1,credit_card,3,43.23
o_008032,1,credit_card,1,174.08
o_008033,1,credit_card,2,28.66
o_008034,1,boleto,1,290.39
o_008035,1,boleto,1,133.16
o_008036,1,debit_card,1,80.83
o_008037,1,voucher,1,200.2
o_008038,1,credit_card,2,77.05
o_008039,1,voucher,1,251.52
o_008040,1,voucher,1,278.25
o_008041,1,debit_card,1,121.37
o_008042,1,boleto,1,151.1
o_008043,1,boleto,1,192.34
o_008044,1,credit_card,12,163.94
o_008045,1,credit_card,1,82.66
o_008046,1,credit_card,2,158.45
o_008047,1,credit_card,1,81.68
o_008048,1,credit_card,8,286.86
o_008049,1,credit_card,1,268.18
o_008050,1,credit_card,1,41.2
o_008051,1,credit_card,2,123.54
o_008052,1,credit_card,1,53.39
o_008053,1,boleto,1,62.7
o_008054,1,credit_card,2,58.5
o_008055,1,credit_card,4,877.9
o_008056,1,credit_card,1,185.07
o_008057,1,credit_card,2,231.59
o_008058,1,credit_card,2,220.42
o_008059,1,credit_card,2,721.95
o_008060,1,credit_card,1,27.38
o_008061,1,boleto,1,141.86
o_008062,1,credit_card,3,478.81
o_008063,1,credit_card,4,99.59
o_008064,1,credit_card,6,91.96
o_008065,1,credit_card,1,114.47
o_008066,1,boleto,1,20.95
o_008067,1,voucher,1,72.37
o_008068,1,credit_card,8,233.56
o_008069,1,credit_card,6,116.25
o_008070,1,boleto,1,170.98
o_008071,1,credit_card,10,48.44
o_008072,1,credit_card,1,635.41
o_008073,1,credit_card,1,79.65
o_008074,1,boleto,1,118.71
o_008075,1,credit_card,1,177.08
o_008076,1,credit_card,6,60.29
o_008077,1,credit_card,3,462.96
o_008078,1,credit_card,1,23.99
o_008079,1,credit_card,1,154.79
o_008080,1,credit_card,1,72.85
o_008081,1,boleto,1,156.28
o_008082,1,credit_card,8,61.51
o_008083,1,credit_card,6,122.65
o_008084,1,boleto,1,35.43
o_008085,1,credit_card,2,197.13
o_008086,1,credit_card,4,88.26
o_008087,1,credit_card,1,92.41
o_008088,1,credit_card,1,201.73
o_008089,1,credit_card,1,53.64
o_008090,1,credit_card,3,40.44
o_008091,1,credit_card,1,159.86
o_008092,1,credit_card,1,225.28
o_008093,1,credit_card,1,157.89
o_008094,1,credit_card,2,260.16
o_008095,1,credit_card,4,33.9
o_008096,1,credit_card,4,409.19
o_008097,1,credit_card,1,96.72
o_008098,1,credit_card,2,157.92
o_008099,1,voucher,1,70.33
o_008100,1,credit_card,1,280.86
o_008101,1,credit_card,12,160.65
o_008102,1,credit_card,4,52.05
o_008103,1,credit_card,2,97.03
o_008104,1,credit_card,3,400.35
o_008105,1,debit_card,1,147.17
o_008106,1,credit_card,3,181.04
o_008107,1,boleto,1,368.45
o_008108,1,credit_card,2,72.36
o_008109,1,credit_card,1,122.84
o_008110,1,credit_card,2,193.56
o_008111,1,boleto,1,162.82
o_008112,1,credit_card,6,320.27
o_008113,1,boleto,1,233.65
o_008114,1,boleto,1,316.68
o_008115,1,credit_card,3,31.85
o_008116,1,credit_card,3,73.59
o_008117,1,credit_card,3,144.93
o_008118,1,credit_card,2,352.01
o_008119,1,credit_card,2,123.54
o_008120,1,credit_card,1,34.61
o_008121,1,credit_card,1,275.06
o_008122,1,credit_card,1,85.67
o_008123,1,boleto,1,108.78
o_008124,1,voucher,1,303.37
o_008125,1,credit_card,4,323.53
o_008126,1,boleto,1,416.46
o_008127,1,credit_card,2,82.29
o_008128,1,credit_card,1,193.06
o_008129,1,credit_card,1,77.18
o_008130,1,credit_card,6,86.69
o_008131,1,credit_card,4,153.75
o_008132,1,credit_card,1,42.18
o_008133,1,boleto,1,225.44
o_008134,1,credit_card,3,103.27
o_008135,1,credit_card,2,80.55
o_008136,1,boleto,1,328.65
o_008137,1,credit_card,2,59.93
o_008138,1,credit_card,1,60.39
o_008139,1,voucher,1,48.6
o_008140,1,credit_card,6,43.81
o_008141,1,boleto,1,97.49
o_008142,1,debit_card,1,327.12
o_008143,1,credit_card,1,184.94
o_008144,1,credit_card,2,230.79
o_008145,1,boleto,1,40.94
o_008146,1,credit_card,1,219.87
o_008147,1,voucher,1,45.0
o_008148,1,debit_card,1,122.91
o_008149,1,credit_card,2,401.48
o_008150,1,credit_card,10,25.8
o_008151,1,credit_card,1,279.02
o_008152,1,credit_card,3,83.16
o_008153,1,credit_card,6,116.2
o_008154,1,boleto,1,252.73
o_008155,1,credit_card,10,163.32
o_008156,1,credit_card,1,265.77
o_008157,1,credit_card,1,300.84
o_008158,1,credit_card,3,395.77
o_008159,1,debit_card,1,151.55
o_008160,1,credit_card,3,81.8
o_008161,1,credit_card,1,121.47
o_008162,1,credit_card,10,294.39
o_008163,1,credit_card,1,184.31
o_008164,1,credit_card,2,44.89
o_008165,1,credit_card,1,86.75
o_008166,1,credit_card,3,81.0
o_008167,1,credit_card,4,119.69
o_008168,1,credit_card,2,60.58
o_008169,1,boleto,1,217.57
o_008170,1,boleto,1,62.94
o_008171,1,credit_card,4,342.48
o_008172,1,credit_card,1,45.32
o_008173,1,credit_card,1,299.84
o_008174,1,credit_card,1,187.75
o_008175,1,credit_card,6,422.06
o_008176,1,credit_card,8,106.44
o_008177,1,credit_card,1,86.29
o_008178,1,credit_card,1,143.13
o_008179,1,boleto,1,110.47
o_008180,1,voucher,1,208.0
o_008181,1,credit_card,1,81.78
o_008182,1,voucher,1,48.63
o_008183,1,credit_card,1,43.55
o_008184,1,credit_card,6,73.77
o_008185,1,credit_card,1,84.04
o_008186,1,boleto,1,125.01
o_008187,1,credit_card,2,119.66
o_008188,1,credit_card,1,175.96
o_008189,1,credit_card,1,115.77
o_008190,1,credit_card,1,101.85
o_008191,1,credit_card,2,139.3
o_008192,1,credit_card,1,133.9
o_008193,1,credit_card,1,31.63
o_008194,1,boleto,1,79.74
o_008195,1,credit_card,1,429.69
o_008196,1,voucher,1,85.0
o_008197,1,credit_card,2,44.01
o_008198,1,credit_card,3,262.52
o_008199,1,credit_card,1,114.76
o_008200,1,credit_card,2,53.53
o_008201,1,credit_card,2,78.58
o_008202,1,credit_card,1,29.44
o_008203,1,credit_card,3,809.01
o_008204,1,credit_card,1,252.23
o_008205,1,boleto,1,92.75
o_008206,1,credit_card,2,30.87
o_008207,1,boleto,1,49.02
o_008208,1,voucher,1,137.05
o_008209,1,credit_card,1,37.51
o_008210,1,credit_card,1,41.62
o_008211,1,credit_card,8,58.11
o_008212,1,credit_card,8,260.18
o_008213,1,boleto,1,87.55
o_008214,1,credit_card,1,87.44
o_008215,1,credit_card,10,237.93
o_008216,1,credit_card,2,52.24
o_008217,1,credit_card,1,305.6
o_008218,1,boleto,1,140.87
o_008219,1,boleto,1,91.17
o_008220,1,boleto,1,105.27
o_008221,1,credit_card,6,95.58
o_008222,1,credit_card,6,403.05
o_008223,1,voucher,1,295.34
o_008224,1,credit_card,6,120.93
o_008225,1,credit_card,1,67.15
o_008226,1,credit_card,1,209.32
o_008227,1,credit_card,1,238.11
o_008228,1,credit_card,8,84.56
o_008229,1,credit_card,4,47.93
o_008230,1,credit_card,8,78.74
o_008231,1,credit_card,10,274.74
o_008232,1,credit_card,6,62.09
o_008233,1,credit_card,3,64.64
o_008234,1,credit_card,3,681.74
o_008235,1,credit_card,10,429.91
o_008236,1,credit_card,3,44.41
o_008237,1,credit_card,3,460.71
o_008238,1,credit_card,1,408.26
o_008239,1,credit_card,10,326.02
o_008240,1,credit_card,2,93.77
o_008241,1,credit_card,1,186.93
o_008242,1,boleto,1,330.68
o_008243,1,credit_card,1,199.31
o_008244,1,credit_card,8,181.36
o_008245,1,credit_card,1,231.44
o_008246,1,credit_card,2,202.48
o_008247,1,voucher,1,204.3
o_008248,1,credit_card,10,178.43
o_008249,1,credit_card,4,126.67
o_008250,1,credit_card,1,78.23
o_008251,1,credit_card,2,100.82
o_008252,1,voucher,1,208.51
o_008253,1,credit_card,1,34.99
o_008254,1,credit_card,1,93.08
o_008255,1,credit_card,2,246.17
o_008256,1,boleto,1,88.31
o_008257,1,voucher,1,115.88
o_008258,1,boleto,1,59.92
o_008259,1,credit_card,2,80.37
o_008260,1,credit_card,3,364.03
o_008261,1,credit_card,1,24.42
o_008262,1,credit_card,4,713.2
o_008263,1,voucher,1,295.55
o_008264,1,boleto,1,130.62
o_008265,1,credit_card,3,570.78
o_008266,1,boleto,1,313.76
o_008267,1,boleto,1,100.45
o_008268,1,credit_card,4,169.57
o_008269,1,credit_card,3,65.17
o_008270,1,boleto,1,470.45
o_008271,1,boleto,1,123.47
o_008272,1,credit_card,8,70.21
o_008273,1,credit_card,6,70.54
o_008274,1,credit_card,1,149.88
o_008275,1,credit_card,3,125.66
o_008276,1,voucher,1,102.89
o_008277,1,credit_card,2,73.35
o_008278,1,credit_card,4,134.13
o_008279,1,credit_card,2,56.3
o_008280,1,credit_card,2,82.96
o_008281,1,credit_card,4,958.66
o_008282,1,boleto,1,81.32
o_008283,1,credit_card,3,169.24
o_008284,1,voucher,1,173.98
o_008285,1,credit_card,1,164.62
o_008286,1,boleto,1,194.34
o_008287,1,credit_card,1,171.43
o_008288,1,debit_card,1,79.15
o_008289,1,credit_card,1,90.95
o_008290,1,boleto,1,143.24
o_008291,1,credit_card,1,315.4
o_008292,1,credit_card,4,67.73
o_008293,1,boleto,1,255.29
o_008294,1,voucher,1,223.61
o_008295,1,credit_card,1,417.91
o_008296,1,credit_card,6,51.05
o_008297,1,credit_card,1,172.44
o_008298,1,credit_card,2,67.27
o_008299,1,credit_card,12,215.52
o_008300,1,credit_card,1,454.36
o_008301,1,boleto,1,155.04
o_008302,1,credit_card,1,166.96
o_008303,1,credit_card,8,42.91
o_008304,1,credit_card,1,142.04
o_008305,1,credit_card,3,229.65
o_008306,1,credit_card,1,64.09
o_008307,1,boleto,1,71.17
o_008308,1,credit_card,6,228.54
o_008309,1,credit_card,3,64.69
o_008310,1,credit_card,4,124.71
o_008311,1,credit_card,10,178.87
o_008312,1,credit_card,1,608.11
o_008313,1,credit_card,1,448.43
o_008314,1,boleto,1,191.59
o_008315,1,credit_card,2,36.78
o_008316,1,voucher,1,492.16
o_008317,1,credit_card,4,116.16
o_008318,1,voucher,1,35.92
o_008319,1,credit_card,1,277.87
o_008320,1,boleto,1,45.4
o_008321,1,credit_card,10,251.28
o_008322,1,credit_card,3,122.28
o_008323,1,boleto,1,87.72
o_008324,1,credit_card,1,252.56
o_008325,1,credit_card,6,157.11
o_008326,1,credit_card,6,70.45
o_008327,1,debit_card,1,32.97
o_008328,1,boleto,1,453.44
o_008329,1,credit_card,2,501.25
o_008330,1,credit_card,10,181.02
o_008331,1,credit_card,1,160.87
o_008332,1,credit_card,1,54.27
o_008333,1,credit_card,2,553.36
o_008334,1,credit_card,3,69.53
o_008335,1,credit_card,3,236.69
o_008336,1,boleto,1,493.86
o_008337,1,credit_card,4,221.49
o_008338,1,boleto,1,36.05
o_008339,1,credit_card,1,64.97
o_008340,1,credit_card,1,236.92
o_008341,1,credit_card,1,359.75
o_008342,1,credit_card,10,145.2
o_008343,1,credit_card,2,58.9
o_008344,1,credit_card,1,130.09
o_008345,1,boleto,1,36.02
o_008346,1,credit_card,1,93.76
o_008347,1,credit_card,3,37.33
o_008348,1,credit_card,2,326.63
o_008349,1,credit_card,6,159.41
o_008350,1,credit_card,1,178.59
o_008351,1,voucher,1,173.42
o_008352,1,credit_card,2,182.79
o_008353,1,credit_card,6,60.15
o_008354,1,credit_card,1,83.54
o_008355,1,credit_card,2,90.5
o_008356,1,voucher,1,281.03
o_008357,1,voucher,1,187.39
o_008358,1,credit_card,1,408.62
o_008359,1,credit_card,1,215.61
o_008360,1,credit_card,3,127.85
o_008361,1,credit_card,1,140.04
o_008362,1,boleto,1,120.65
o_008363,1,credit_card,8,90.43
o_008364,1,boleto,1,144.57
o_008365,1,credit_card,1,281.5
o_008366,1,credit_card,1,258.72
o_008367,1,credit_card,4,217.97
o_008368,1,boleto,1,161.68
o_008369,1,credit_card,1,81.67
o_008370,1,credit_card,2,226.15
o_008371,1,credit_card,3,366.9
o_008372,1,boleto,1,81.79
o_008373,1,credit_card,4,68.49
o_008374,1,credit_card,1,82.35
o_008375,1,credit_card,8,180.65
o_008376,1,boleto,1,300.27
o_008377,1,credit_card,1,537.69
o_008378,1,credit_card,1,61.17
o_008379,1,credit_card,4,131.46
o_008380,1,credit_card,2,65.02
o_008381,1,credit_card,8,547.58
o_008382,1,credit_card,1,27.38
o_008383,1,boleto,1,200.8
o_008384,1,credit_card,6,145.55
o_008385,1,credit_card,1,259.78
o_008386,1,credit_card,6,42.96
o_008387,1,credit_card,4,35.74
o_008388,1,voucher,1,386.97
o_008389,1,credit_card,1,214.76
o_008390,1,credit_card,1,112.07
o_008391,1,boleto,1,264.48
o_008392,1,credit_card,1,312.62
o_008393,1,boleto,1,91.7
o_008394,1,credit_card,10,118.71
o_008395,1,credit_card,4,107.93
o_008396,1,voucher,1,225.35
o_008397,1,credit_card,3,33.26
o_008398,1,credit_card,3,63.1
o_008399,1,credit_card,1,46.23
o_008400,1,credit_card,3,264.8
o_008401,1,credit_card,2,128.38
o_008402,1,credit_card,3,136.72
o_008403,1,boleto,1,58.36
o_008404,1,credit_card,2,75.32
o_008405,1,boleto,1,490.27
o_008406,1,debit_card,1,49.91
o_008407,1,credit_card,1,241.51
o_008408,1,credit_card,1,244.72
o_008409,1,credit_card,2,295.76
o_008410,1,credit_card,1,127.92
o_008411,1,credit_card,2,43.79
o_008412,1,credit_card,10,173.47
o_008413,1,voucher,1,90.91
o_008414,1,boleto,1,384.24
o_008415,1,credit_card,1,174.36
o_008416,1,credit_card,3,393.16
o_008417,1,credit_card,1,28.97
o_008418,1,credit_card,2,61.04
o_008419,1,credit_card,1,79.24
o_008420,1,credit_card,1,153.53
o_008421,1,credit_card,1,24.27
o_008422,1,boleto,1,79.62
o_008423,1,boleto,1,274.87
o_008424,1,credit_card,1,88.62
o_008425,1,credit_card,3,102.38
o_008426,1,boleto,1,447.61
o_008427,1,debit_card,1,310.44
o_008428,1,credit_card,2,153.99
o_008429,1,credit_card,1,79.76
o_008430,1,credit_card,3,287.76
o_008431,1,credit_card,1,85.37
o_008432,1,credit_card,2,293.3
o_008433,1,credit_card,3,297.91
o_008434,1,boleto,1,42.69
o_008435,1,credit_card,1,118.21
o_008436,1,boleto,1,126.31
o_008437,1,boleto,1,24.57
o_008438,1,credit_card,1,184.6
o_008439,1,credit_card,1,77.04
o_008440,1,credit_card,4,56.17
o_008441,1,credit_card,10,114.74
o_008442,1,boleto,1,82.17
o_008443,1,credit_card,4,223.41
o_008444,1,credit_card,2,313.29
o_008445,1,credit_card,6,486.64
o_008446,1,credit_card,3,148.9
o_008447,1,credit_card,4,173.26
o_008448,1,credit_card,4,226.33
o_008449,1,voucher,1,141.49
o_008450,1,boleto,1,72.87
o_008451,1,boleto,1,155.67
o_008452,1,boleto,1,94.62
o_008453,1,credit_card,3,149.55
o_008454,1,credit_card,1,170.17
o_008455,1,credit_card,2,34.39
o_008456,1,debit_card,1,210.05
o_008457,1,credit_card,1,433.59
o_008458,1,credit_card,1,393.86
o_008459,1,boleto,1,168.59
o_008460,1,credit_card,1,66.4
o_008461,1,credit_card,1,54.41
o_008462,1,credit_card,1,299.9
o_008463,1,debit_card,1,114.98
o_008464,1,boleto,1,52.57
o_008465,1,credit_card,1,236.23
o_008466,1,credit_card,1,246.34
o_008467,1,credit_card,3,450.38
o_008468,1,credit_card,1,46.06
o_008469,1,credit_card,6,40.48
o_008470,1,credit_card,4,299.96
o_008471,1,credit_card,1,113.42
o_008472,1,boleto,1,81.37
o_008473,1,credit_card,2,28.61
o_008474,1,credit_card,1,120.15
o_008475,1,credit_card,1,183.63
o_008476,1,credit_card,1,50.01
o_008477,1,boleto,1,192.91
o_008478,1,boleto,1,145.24
o_008479,1,credit_card,1,40.5
o_008480,1,credit_card,10,191.33
o_008481,1,credit_card,2,169.54
o_008482,1,credit_card,1,218.88
o_008483,1,credit_card,1,62.98
o_008484,1,credit_card,10,89.24
o_008485,1,credit_card,8,44.73
o_008486,1,credit_card,1,357.46
o_008487,1,credit_card,1,315.6
o_008488,1,credit_card,2,94.84
o_008489,1,boleto,1,190.72
o_008490,1,boleto,1,87.28
o_008491,1,credit_card,2,151.1
o_008492,1,boleto,1,56.29
o_008493,1,boleto,1,135.88
o_008494,1,credit_card,1,223.79
o_008495,1,credit_card,8,45.6
o_008496,1,credit_card,4,50.88
o_008497,1,credit_card,6,63.21
o_008498,1,debit_card,1,180.52
o_008499,1,boleto,1,56.18
o_008500,1,credit_card,2,39.43
o_008501,1,credit_card,6,134.28
o_008502,1,boleto,1,311.88
o_008503,1,credit_card,2,196.64
o_008504,1,boleto,1,694.22
o_008505,1,credit_card,3,313.08
o_008506,1,credit_card,8,53.6
o_008507,1,credit_card,1,80.0
o_008508,1,credit_card,6,168.81
o_008509,1,credit_card,1,242.21
o_008510,1,credit_card,6,591.19
o_008511,1,credit_card,1,86.61
o_008512,1,credit_card,1,244.45
o_008513,1,credit_card,1,239.15
o_008514,1,credit_card,1,119.01
o_008515,1,credit_card,1,42.93
o_008516,1,voucher,1,122.83
o_008517,1,credit_card,1,129.31
o_008518,1,credit_card,4,250.54
o_008519,1,credit_card,10,200.14
o_008520,1,boleto,1,216.25
o_008521,1,credit_card,2,151.85
o_008522,1,credit_card,1,63.61
o_008523,1,boleto,1,41.54
o_008524,1,credit_card,1,122.58
o_008525,1,boleto,1,187.29
o_008526,1,credit_card,1,255.08
o_008527,1,credit_card,1,276.65
o_008528,1,credit_card,1,34.86
o_008529,1,boleto,1,199.08
o_008530,1,boleto,1,292.94
o_008531,1,credit_card,3,34.23
o_008532,1,credit_card,6,48.03
o_008533,1,boleto,1,71.1
o_008534,1,credit_card,8,359.76
o_008535,1,credit_card,1,286.75
o_008536,1,credit_card,1,91.79
o_008537,1,boleto,1,224.01
o_008538,1,credit_card,4,69.39
o_008539,1,credit_card,1,140.12
o_008540,1,credit_card,1,259.25
o_008541,1,credit_card,1,219.3
o_008542,1,boleto,1,43.85
o_008543,1,boleto,1,477.45
o_008544,1,boleto,1,114.42
o_008545,1,credit_card,3,42.73
o_008546,1,credit_card,1,84.45
o_008547,1,credit_card,1,39.75
o_008548,1,credit_card,6,148.3
o_008549,1,voucher,1,250.3
o_008550,1,credit_card,8,626.3
o_008551,1,voucher,1,265.87
o_008552,1,boleto,1,52.48
o_008553,1,credit_card,2,104.02
o_008554,1,boleto,1,460.64
o_008555,1,boleto,1,304.07
o_008556,1,boleto,1,312.77
o_008557,1,credit_card,1,158.81
o_008558,1,credit_card,1,255.39
o_008559,1,credit_card,6,121.31
o_008560,1,credit_card,1,78.9
o_008561,1,credit_card,1,228.39
o_008562,1,boleto,1,104.05
o_008563,1,credit_card,3,69.18
o_008564,1,credit_card,2,94.2
o_008565,1,boleto,1,96.25
o_008566,1,boleto,1,87.67
o_008567,1,credit_card,8,144.41
o_008568,1,credit_card,6,472.83
o_008569,1,credit_card,6,145.34
o_008570,1,boleto,1,323.45
o_008571,1,boleto,1,74.06
o_008572,1,boleto,1,134.97
o_008573,1,credit_card,8,276.39
o_008574,1,credit_card,1,223.62
o_008575,1,boleto,1,97.96
o_008576,1,credit_card,1,85.05
o_008577,1,credit_card,1,71.51
o_008578,1,boleto,1,37.33
o_008579,1,credit_card,4,77.6
o_008580,1,boleto,1,36.66
o_008581,1,credit_card,1,155.72
o_008582,1,credit_card,2,386.78
o_008583,1,credit_card,6,560.89
o_008584,1,boleto,1,307.68
o_008585,1,credit_card,1,50.78
o_008586,1,credit_card,1,170.19
o_008587,1,boleto,1,137.6
o_008588,1,credit_card,4,91.98
o_008589,1,credit_card,6,48.37
o_008590,1,voucher,1,140.45
o_008591,1,credit_card,6,120.03
o_008592,1,credit_card,10,230.25
o_008593,1,boleto,1,30.91
o_008594,1,debit_card,1,173.22
o_008595,1,credit_card,4,82.31
o_008596,1,credit_card,1,177.05
o_008597,1,credit_card,1,146.42
o_008598,1,voucher,1,47.16
o_008599,1,credit_card,8,361.98
o_008600,1,boleto,1,75.42
o_008601,1,credit_card,1,124.83
o_008602,1,credit_card,6,544.46
o_008603,1,credit_card,1,321.23
o_008604,1,boleto,1,153.87
o_008605,1,credit_card,1,162.09
o_008606,1,credit_card,2,212.88
o_008607,1,credit_card,10,242.42
o_008608,1,boleto,1,140.89
o_008609,1,credit_card,1,212.96
o_008610,1,credit_card,1,141.93
o_008611,1,voucher,1,31.5
o_008612,1,credit_card,1,101.79
o_008613,1,credit_card,1,80.31
o_008614,1,credit_card,1,23.94
o_008615,1,credit_card,3,60.57
o_008616,1,boleto,1,55.97
o_008617,1,boleto,1,671.41
o_008618,1,boleto,1,163.74
o_008619,1,credit_card,4,56.79
o_008620,1,boleto,1,301.54
o_008621,1,credit_card,3,37.27
o_008622,1,voucher,1,314.88
o_008623,1,credit_card,1,93.47
o_008624,1,credit_card,1,166.59
o_008625,1,credit_card,12,122.15
o_008626,1,voucher,1,200.86
o_008627,1,credit_card,1,112.34
o_008628,1,credit_card,1,93.97
o_008629,1,credit_card,12,83.15
o_008630,1,credit_card,10,68.4
o_008631,1,boleto,1,50.41
o_008632,1,boleto,1,144.93
o_008633,1,boleto,1,134.5
o_008634,1,credit_card,1,239.32
o_008635,1,boleto,1,70.8
o_008636,1,credit_card,1,153.33
o_008637,1,credit_card,1,80.88
o_008638,1,boleto,1,110.29
o_008639,1,credit_card,10,105.3
o_008640,1,boleto,1,161.57
o_008641,1,credit_card,6,24.52
o_008642,1,boleto,1,313.85
o_008643,1,credit_card,1,62.59
o_008644,1,credit_card,2,237.96
o_008645,1,voucher,1,103.07
o_008646,1,credit_card,1,49.0
o_008647,1,credit_card,2,27.69
o_008648,1,credit_card,10,41.58
o_008649,1,credit_card,2,273.9
o_008650,1,credit_card,6,178.27
o_008651,1,credit_card,1,72.01
o_008652,1,boleto,1,118.25
o_008653,1,boleto,1,450.01
o_008654,1,boleto,1,34.39
o_008655,1,credit_card,2,219.39
o_008656,1,credit_card,1,394.43
o_008657,1,credit_card,4,280.57
o_008658,1,credit_card,10,96.64
o_008659,1,credit_card,3,588.01
o_008660,1,boleto,1,39.63
o_008661,1,boleto,1,186.6
o_008662,1,credit_card,2,110.2
o_008663,1,boleto,1,63.25
o_008664,1,boleto,1,102.16
o_008665,1,credit_card,1,89.74
o_008666,1,credit_card,8,77.27
o_008667,1,credit_card,2,658.75
o_008668,1,boleto,1,120.12
o_008669,1,credit_card,6,80.69
o_008670,1,boleto,1,290.48
o_008671,1,boleto,1,61.16
o_008672,1,boleto,1,93.69
o_008673,1,credit_card,4,131.93
o_008674,1,credit_card,6,232.88
o_008675,1,credit_card,2,331.21
o_008676,1,credit_card,1,192.74
o_008677,1,voucher,1,177.22
o_008678,1,boleto,1,91.43
o_008679,1,credit_card,1,84.69
o_008680,1,credit_card,1,83.96
o_008681,1,voucher,1,182.03
o_008682,1,credit_card,2,227.0
o_008683,1,credit_card,3,45.71
o_008684,1,credit_card,3,96.33
o_008685,1,credit_card,2,30.2
o_008686,1,credit_card,1,88.27
o_008687,1,boleto,1,108.48
o_008688,1,debit_card,1,240.9
o_008689,1,boleto,1,43.61
o_008690,1,credit_card,1,98.66
o_008691,1,credit_card,1,96.87
o_008692,1,credit_card,10,115.49
o_008693,1,credit_card,1,154.41
o_008694,1,credit_card,1,154.29
o_008695,1,boleto,1,174.41
o_008696,1,credit_card,8,341.29
o_008697,1,credit_card,1,278.64
o_008698,1,credit_card,4,119.94
o_008699,1,credit_card,1,263.73
o_008700,1,boleto,1,110.41
o_008701,1,credit_card,4,77.12
o_008702,1,debit_card,1,87.41
o_008703,1,credit_card,1,41.07
o_008704,1,credit_card,3,124.8
o_008705,1,credit_card,1,61.64
o_008706,1,credit_card,2,35.32
o_008707,1,credit_card,3,129.02
o_008708,1,credit_card,6,126.97
o_008709,1,credit_card,1,32.13
o_008710,1,credit_card,10,30.01
o_008711,1,credit_card,1,563.3
o_008712,1,credit_card,1,276.83
o_008713,1,voucher,1,63.31
o_008714,1,credit_card,1,253.34
o_008715,1,credit_card,1,89.04
o_008716,1,credit_card,4,111.59
o_008717,1,boleto,1,228.98
o_008718,1,credit_card,2,122.52
o_008719,1,credit_card,4,23.67
o_008720,1,credit_card,6,51.0
o_008721,1,boleto,1,173.22
o_008722,1,credit_card,1,244.83
o_008723,1,credit_card,1,156.57
o_008724,1,boleto,1,300.75
o_008725,1,credit_card,1,170.22
o_008726,1,voucher,1,244.71
o_008727,1,boleto,1,61.68
o_008728,1,credit_card,1,156.12
o_008729,1,credit_card,1,98.45
o_008730,1,credit_card,1,169.08
o_008731,1,boleto,1,63.82
o_008732,1,credit_card,8,35.49
o_008733,1,credit_card,4,192.13
o_008734,1,credit_card,2,41.41
o_008735,1,credit_card,3,97.21
o_008736,1,boleto,1,78.17
o_008737,1,boleto,1,564.22
o_008738,1,boleto,1,367.22
o_008739,1,credit_card,2,64.72
o_008740,1,credit_card,1,261.09
o_008741,1,boleto,1,410.44
o_008742,1,boleto,1,239.76
o_008743,1,credit_card,3,133.38
o_008744,1,credit_card,3,165.92
o_008745,1,credit_card,8,122.73
o_008746,1,voucher,1,211.36
o_008747,1,credit_card,1,152.14
o_008748,1,credit_card,6,82.1
o_008749,1,boleto,1,579.36
o_008750,1,credit_card,6,190.24
o_008751,1,credit_card,2,275.23
o_008752,1,boleto,1,74.71
o_008753,1,credit_card,2,75.85
o_008754,1,credit_card,2,60.9
o_008755,1,credit_card,6,84.64
o_008756,1,credit_card,4,148.34
o_008757,1,credit_card,1,388.42
o_008758,1,credit_card,1,109.94
o_008759,1,credit_card,4,40.63
o_008760,1,credit_card,1,84.95
o_008761,1,credit_card,1,114.87
o_008762,1,credit_card,3,163.59
o_008763,1,boleto,1,99.93
o_008764,1,credit_card,3,53.01
o_008765,1,boleto,1,42.18
o_008766,1,credit_card,3,50.14
o_008767,1,credit_card,1,143.73
o_008768,1,credit_card,1,79.47
o_008769,1,credit_card,1,155.56
o_008770,1,credit_card,4,152.64
o_008771,1,credit_card,1,170.69
o_008772,1,credit_card,3,139.82
o_008773,1,credit_card,6,136.69
o_008774,1,boleto,1,201.84
o_008775,1,boleto,1,33.52
o_008776,1,credit_card,3,80.05
o_008777,1,credit_card,4,141.76
o_008778,1,voucher,1,280.1
o_008779,1,credit_card,1,324.33
o_008780,1,boleto,1,248.81
o_008781,1,credit_card,3,186.06
o_008782,1,credit_card,6,203.34
o_008783,1,credit_card,4,94.24
o_008784,1,credit_card,2,71.44
o_008785,1,credit_card,1,205.52
o_008786,1,boleto,1,801.61
o_008787,1,credit_card,10,123.9
o_008788,1,credit_card,3,78.6
o_008789,1,credit_card,3,81.71
o_008790,1,credit_card,6,393.96
o_008791,1,boleto,1,164.18
o_008792,1,credit_card,8,182.36
o_008793,1,credit_card,6,217.78
o_008794,1,credit_card,10,126.71
o_008795,1,credit_card,2,112.73
o_008796,1,boleto,1,104.99
o_008797,1,credit_card,4,113.04
o_008798,1,credit_card,4,165.71
o_008799,1,credit_card,10,74.47
o_008800,1,credit_card,1,106.99
o_008801,1,credit_card,3,42.64
o_008802,1,credit_card,1,309.44
o_008803,1,credit_card,1,314.43
o_008804,1,credit_card,10,123.15
o_008805,1,credit_card,1,233.91
o_008806,1,credit_card,1,404.49
o_008807,1,credit_card,1,86.12
o_008808,1,credit_card,2,51.73
o_008809,1,credit_card,10,392.19
o_008810,1,credit_card,4,225.0
o_008811,1,boleto,1,473.48
o_008812,1,credit_card,1,107.99
o_008813,1,credit_card,3,131.05
o_008814,1,credit_card,1,91.9
o_008815,1,credit_card,1,112.81
o_008816,1,credit_card,1,50.39
o_008817,1,credit_card,4,105.31
o_008818,1,boleto,1,132.46
o_008819,1,debit_card,1,103.35
o_008820,1,voucher,1,163.9
o_008821,1,credit_card,1,327.11
o_008822,1,credit_card,8,34.2
o_008823,1,credit_card,4,266.12
o_008824,1,credit_card,3,31.92
o_008825,1,voucher,1,134.63
o_008826,1,credit_card,1,205.73
o_008827,1,credit_card,4,188.71
o_008828,1,credit_card,10,180.21
o_008829,1,debit_card,1,189.77
o_008830,1,credit_card,8,90.14
o_008831,1,credit_card,4,237.26
o_008832,1,credit_card,6,139.41
o_008833,1,voucher,1,38.79
o_008834,1,credit_card,1,24.45
o_008835,1,credit_card,3,23.96
o_008836,1,credit_card,3,97.58
o_008837,1,credit_card,4,48.65
o_008838,1,boleto,1,199.06
o_008839,1,credit_card,8,103.54
o_008840,1,credit_card,1,45.6
o_008841,1,boleto,1,216.94
o_008842,1,credit_card,10,132.68
o_008843,1,voucher,1,157.27
o_008844,1,credit_card,8,176.36
o_008845,1,credit_card,1,132.69
o_008846,1,credit_card,1,117.98
o_008847,1,credit_card,1,55.53
o_008848,1,voucher,1,322.91
o_008849,1,credit_card,1,219.89
o_008850,1,credit_card,1,269.06
o_008851,1,credit_card,3,209.72
o_008852,1,boleto,1,212.52
o_008853,1,credit_card,1,33.92
o_008854,1,credit_card,1,395.75
o_008855,1,boleto,1,367.99
o_008856,1,credit_card,1,172.32
o_008857,1,credit_card,6,152.46
o_008858,1,credit_card,2,140.58
o_008859,1,credit_card,1,137.66
o_008860,1,credit_card,2,30.17
o_008861,1,credit_card,1,107.84
o_008862,1,boleto,1,119.29
o_008863,1,credit_card,4,130.08
o_008864,1,credit_card,4,319.75
o_008865,1,boleto,1,287.35
o_008866,1,voucher,1,410.84
o_008867,1,credit_card,1,188.81
o_008868,1,boleto,1,39.79
o_008869,1,boleto,1,65.14
o_008870,1,credit_card,1,259.0
o_008871,1,boleto,1,147.21
o_008872,1,boleto,1,257.78
o_008873,1,voucher,1,79.39
o_008874,1,credit_card,1,123.15
o_008875,1,credit_card,12,247.98
o_008876,1,voucher,1,65.09
o_008877,1,boleto,1,148.28
o_008878,1,credit_card,2,59.62
o_008879,1,credit_card,6,73.66
o_008880,1,credit_card,3,63.01
o_008881,1,credit_card,4,246.98
o_008882,1,credit_card,2,39.77
o_008883,1,credit_card,1,158.46
o_008884,1,credit_card,10,236.72
o_008885,1,debit_card,1,127.91
o_008886,1,credit_card,1,54.13
o_008887,1,boleto,1,141.12
o_008888,1,credit_card,1,84.61
o_008889,1,credit_card,1,396.33
o_008890,1,credit_card,3,56.52
o_008891,1,credit_card,1,132.58
o_008892,1,credit_card,1,175.9
o_008893,1,credit_card,1,114.87
o_008894,1,credit_card,1,222.5
o_008895,1,credit_card,1,214.85
o_008896,1,credit_card,2,86.41
o_008897,1,credit_card,2,241.16
o_008898,1,credit_card,8,345.09
o_008899,1,credit_card,6,114.86
o_008900,1,credit_card,2,116.15
o_008901,1,credit_card,3,45.02
o_008902,1,voucher,1,168.69
o_008903,1,boleto,1,102.1
o_008904,1,credit_card,1,117.13
o_008905,1,credit_card,4,128.8
o_008906,1,credit_card,2,435.63
o_008907,1,credit_card,4,94.63
o_008908,1,credit_card,3,119.15
o_008909,1,credit_card,10,126.69
o_008910,1,credit_card,1,369.14
o_008911,1,boleto,1,78.6
o_008912,1,credit_card,1,32.62
o_008913,1,credit_card,1,88.83
o_008914,1,boleto,1,309.45
o_008915,1,voucher,1,184.72
o_008916,1,credit_card,1,103.7
o_008917,1,credit_card,2,220.26
o_008918,1,credit_card,1,312.03
o_008919,1,credit_card,2,51.68
o_008920,1,credit_card,10,299.24
o_008921,1,credit_card,1,302.38
o_008922,1,boleto,1,281.94
o_008923,1,boleto,1,386.52
o_008924,1,credit_card,1,188.34
o_008925,1,boleto,1,64.87
o_008926,1,credit_card,1,85.23
o_008927,1,voucher,1,42.38
o_008928,1,credit_card,1,608.65
o_008929,1,voucher,1,187.5
o_008930,1,credit_card,8,79.14
o_008931,1,credit_card,2,158.63
o_008932,1,boleto,1,183.27
o_008933,1,credit_card,1,68.82
o_008934,1,credit_card,1,143.93
o_008935,1,credit_card,3,297.64
o_008936,1,credit_card,3,230.6
o_008937,1,boleto,1,216.51
o_008938,1,credit_card,2,32.59
o_008939,1,credit_card,1,202.5
o_008940,1,credit_card,1,145.36
o_008941,1,credit_card,8,166.46
o_008942,1,credit_card,1,29.99
o_008943,1,credit_card,1,400.26
o_008944,1,credit_card,8,215.05
o_008945,1,credit_card,1,193.51
o_008946,1,credit_card,1,509.13
o_008947,1,credit_card,3,176.5
o_008948,1,credit_card,2,48.6
o_008949,1,credit_card,1,108.75
o_008950,1,credit_card,4,90.04
o_008951,1,boleto,1,60.36
o_008952,1,credit_card,2,86.74
o_008953,1,credit_card,1,821.02
o_008954,1,boleto,1,283.73
o_008955,1,boleto,1,71.97
o_008956,1,credit_card,1,48.63
o_008957,1,voucher,1,613.79
o_008958,1,credit_card,2,107.46
o_008959,1,credit_card,1,125.94
o_008960,1,credit_card,4,215.34
o_008961,1,credit_card,6,167.23
o_008962,1,credit_card,3,131.17
o_008963,1,credit_card,2,91.02
o_008964,1,credit_card,3,30.96
o_008965,1,credit_card,6,178.42
o_008966,1,credit_card,2,68.82
o_008967,1,boleto,1,32.67
o_008968,1,credit_card,1,183.39
o_008969,1,credit_card,6,38.93
o_008970,1,boleto,1,452.6
o_008971,1,voucher,1,103.04
o_008972,1,credit_card,4,212.81
o_008973,1,voucher,1,52.77
o_008974,1,credit_card,2,418.47
o_008975,1,boleto,1,32.23
o_008976,1,credit_card,2,96.32
o_008977,1,credit_card,3,66.5
o_008978,1,credit_card,1,54.1
o_008979,1,credit_card,2,65.88
o_008980,1,credit_card,2,255.87
o_008981,1,boleto,1,340.0
o_008982,1,boleto,1,421.75
o_008983,1,credit_card,1,122.96
o_008984,1,credit_card,2,24.08
o_008985,1,credit_card,4,167.46
o_008986,1,credit_card,1,174.66
o_008987,1,credit_card,4,286.49
o_008988,1,credit_card,1,100.81
o_008989,1,boleto,1,34.54
o_008990,1,credit_card,1,28.37
o_008991,1,credit_card,1,225.05
o_008992,1,voucher,1,48.72
o_008993,1,credit_card,3,193.54
o_008994,1,credit_card,2,157.29
o_008995,1,boleto,1,54.05
o_008996,1,credit_card,4,36.08
o_008997,1,boleto,1,44.96
o_008998,1,credit_card,1,42.72
o_008999,1,credit_card,8,175.84
o_009000,1,credit_card,6,184.57
o_009001,1,credit_card,1,44.96
o_009002,1,credit_card,8,59.8
o_009003,1,credit_card,1,67.5
o_009004,1,credit_card,1,53.45
o_009005,1,credit_card,1,479.27
o_009006,1,boleto,1,43.37
o_009007,1,credit_card,2,254.66
o_009008,1,credit_card,6,79.14
o_009009,1,credit_card,1,89.97
o_009010,1,credit_card,10,130.07
o_009011,1,credit_card,6,75.21
o_009012,1,credit_card,10,152.58
o_009013,1,credit_card,2,34.38
o_009014,1,credit_card,3,241.35
o_009015,1,credit_card,1,128.73
o_009016,1,credit_card,1,54.77
o_009017,1,boleto,1,48.92
o_009018,1,credit_card,8,115.27
o_009019,1,boleto,1,147.42
o_009020,1,credit_card,1,91.69
o_009021,1,credit_card,1,179.63
o_009022,1,credit_card,1,327.77
o_009023,1,boleto,1,89.41
o_009024,1,credit_card,4,111.8
o_009025,1,boleto,1,248.36
o_009026,1,credit_card,2,183.57
o_009027,1,credit_card,2,232.22
o_009028,1,credit_card,1,349.65
o_009029,1,credit_card,10,258.59
o_009030,1,credit_card,1,181.28
o_009031,1,credit_card,3,403.52
o_009032,1,credit_card,4,106.05
o_009033,1,boleto,1,298.8
o_009034,1,credit_card,2,92.0
o_009035,1,credit_card,4,255.68
o_009036,1,credit_card,2,66.68
o_009037,1,credit_card,1,149.13
o_009038,1,boleto,1,312.02
o_009039,1,credit_card,4,217.04
o_009040,1,credit_card,1,140.46
o_009041,1,voucher,1,88.93
o_009042,1,boleto,1,412.49
o_009043,1,credit_card,1,1118.6
o_009044,1,boleto,1,34.3
o_009045,1,credit_card,1,237.07
o_009046,1,credit_card,3,160.08
o_009047,1,credit_card,1,282.89
o_009048,1,boleto,1,414.88
o_009049,1,credit_card,1,401.46
o_009050,1,credit_card,6,203.17
o_009051,1,credit_card,6,71.14
o_009052,1,credit_card,1,289.89
o_009053,1,credit_card,4,56.21
o_009054,1,debit_card,1,162.65
o_009055,1,credit_card,1,63.64
o_009056,1,voucher,1,243.08
o_009057,1,boleto,1,57.56
o_009058,1,credit_card,1,265.74
o_009059,1,credit_card,1,136.76
o_009060,1,credit_card,6,186.85
o_009061,1,credit_card,4,116.95
o_009062,1,credit_card,10,93.94
o_009063,1,boleto,1,166.23
o_009064,1,credit_card,3,110.64
o_009065,1,credit_card,1,307.31
o_009066,1,boleto,1,45.98
o_009067,1,boleto,1,225.41
o_009068,1,boleto,1,93.9
o_009069,1,credit_card,4,236.41
o_009070,1,credit_card,1,87.14
o_009071,1,credit_card,1,48.4
o_009072,1,credit_card,1,252.84
o_009073,1,boleto,1,113.24
o_009074,1,credit_card,1,220.68
o_009075,1,credit_card,3,418.27
o_009076,1,voucher,1,148.37
o_009077,1,credit_card,6,82.89
o_009078,1,credit_card,1,31.24
o_009079,1,credit_card,4,53.17
o_009080,1,credit_card,2,59.72
o_009081,1,credit_card,2,75.49
o_009082,1,boleto,1,398.85
o_009083,1,credit_card,8,169.69
o_009084,1,credit_card,6,238.8
o_009085,1,credit_card,1,519.21
o_009086,1,credit_card,3,152.07
o_009087,1,credit_card,6,196.44
o_009088,1,boleto,1,94.83
o_009089,1,credit_card,1,79.32
o_009090,1,boleto,1,43.12
o_009091,1,debit_card,1,146.71
o_009092,1,boleto,1,45.59
o_009093,1,credit_card,1,94.45
o_009094,1,credit_card,8,364.25
o_009095,1,credit_card,1,335.0
o_009096,1,credit_card,2,121.99
o_009097,1,credit_card,10,59.57
o_009098,1,voucher,1,368.23
o_009099,1,credit_card,1,377.34
o_009100,1,debit_card,1,209.14
o_009101,1,credit_card,6,584.36
o_009102,1,credit_card,1,301.4
o_009103,1,credit_card,1,108.23
o_009104,1,credit_card,1,196.1
o_009105,1,credit_card,1,571.47
o_009106,1,boleto,1,39.32
o_009107,1,credit_card,6,69.51
o_009108,1,credit_card,1,176.34
o_009109,1,boleto,1,36.31
o_009110,1,credit_card,1,57.73
o_009111,1,boleto,1,281.37
o_009112,1,credit_card,1,258.71
o_009113,1,credit_card,2,177.92
o_009114,1,credit_card,2,131.47
o_009115,1,credit_card,1,34.96
o_009116,1,credit_card,1,162.31
o_009117,1,credit_card,4,129.3
o_009118,1,voucher,1,852.51
o_009119,1,credit_card,1,125.2
o_009120,1,boleto,1,150.05
o_009121,1,voucher,1,216.47
o_009122,1,credit_card,6,79.77
o_009123,1,credit_card,1,229.37
o_009124,1,boleto,1,70.77
o_009125,1,credit_card,2,244.65
o_009126,1,credit_card,1,127.93
o_009127,1,boleto,1,65.91
o_009128,1,credit_card,10,172.93
o_009129,1,boleto,1,82.96
o_009130,1,credit_card,1,278.57
o_009131,1,credit_card,1,66.29
o_009132,1,credit_card,2,324.04
o_009133,1,credit_card,1,404.78
o_009134,1,credit_card,2,324.39
o_009135,1,credit_card,4,148.04
o_009136,1,credit_card,6,134.12
o_009137,1,credit_card,1,75.02
o_009138,1,boleto,1,424.7
o_009139,1,boleto,1,305.93
o_009140,1,debit_card,1,37.09
o_009141,1,boleto,1,202.04
o_009142,1,credit_card,8,27.23
o_009143,1,credit_card,1,242.15
o_009144,1,credit_card,2,65.2
o_009145,1,credit_card,8,59.67
o_009146,1,boleto,1,213.97
o_009147,1,credit_card,1,59.34
o_009148,1,credit_card,1,41.35
o_009149,1,credit_card,2,50.03
o_009150,1,credit_card,2,47.64
o_009151,1,credit_card,1,202.4
o_009152,1,credit_card,1,47.4
o_009153,1,credit_card,2,320.15
o_009154,1,boleto,1,202.43
o_009155,1,credit_card,1,73.01
o_009156,1,credit_card,1,63.64
o_009157,1,credit_card,1,81.04
o_009158,1,credit_card,1,215.23
o_009159,1,credit_card,1,68.76
o_009160,1,boleto,1,160.27
o_009161,1,credit_card,1,27.93
o_009162,1,credit_card,1,84.64
o_009163,1,credit_card,6,45.56
o_009164,1,credit_card,3,215.01
o_009165,1,voucher,1,64.26
o_009166,1,credit_card,10,190.81
o_009167,1,credit_card,1,516.26
o_009168,1,credit_card,2,65.29
o_009169,1,credit_card,1,46.76
o_009170,1,credit_card,1,125.46
o_009171,1,credit_card,2,84.16
o_009172,1,boleto,1,178.75
o_009173,1,credit_card,4,327.47
o_009174,1,credit_card,4,206.35
o_009175,1,credit_card,6,84.16
o_009176,1,credit_card,1,40.48
o_009177,1,credit_card,1,127.13
o_009178,1,boleto,1,215.87
o_009179,1,debit_card,1,60.64
o_009180,1,credit_card,1,202.06
o_009181,1,credit_card,1,464.27
o_009182,1,credit_card,10,260.75
o_009183,1,credit_card,2,111.88
o_009184,1,credit_card,1,217.49
o_009185,1,credit_card,1,154.23
o_009186,1,credit_card,2,57.94
o_009187,1,credit_card,1,172.0
o_009188,1,credit_card,1,37.28
o_009189,1,credit_card,3,85.77
o_009190,1,credit_card,1,159.63
o_009191,1,credit_card,4,122.19
o_009192,1,credit_card,1,269.16
o_009193,1,credit_card,2,570.02
o_009194,1,credit_card,1,58.96
o_009195,1,credit_card,1,381.63
o_009196,1,credit_card,3,131.42
o_009197,1,credit_card,2,466.43
o_009198,1,debit_card,1,123.03
o_009199,1,credit_card,1,187.12
o_009200,1,credit_card,6,92.62
o_009201,1,credit_card,1,157.86
o_009202,1,credit_card,2,93.99
o_009203,1,credit_card,1,123.54
o_009204,1,boleto,1,46.7
o_009205,1,boleto,1,151.26
o_009206,1,credit_card,8,369.73
o_009207,1,credit_card,10,172.31
o_009208,1,credit_card,4,235.9
o_009209,1,credit_card,3,237.87
o_009210,1,credit_card,4,640.26
o_009211,1,credit_card,1,97.38
o_009212,1,debit_card,1,108.77
o_009213,1,credit_card,4,114.86
o_009214,1,debit_card,1,35.34
o_009215,1,credit_card,12,324.32
o_009216,1,debit_card,1,101.73
o_009217,1,boleto,1,85.17
o_009218,1,credit_card,4,130.52
o_009219,1,credit_card,8,49.57
o_009220,1,credit_card,2,292.31
o_009221,1,credit_card,1,60.46
o_009222,1,voucher,1,118.74
o_009223,1,credit_card,8,88.23
o_009224,1,boleto,1,57.43
o_009225,1,credit_card,6,50.52
o_009226,1,credit_card,10,91.87
o_009227,1,voucher,1,48.73
o_009228,1,credit_card,1,56.18
o_009229,1,credit_card,6,648.8
o_009230,1,credit_card,1,101.6
o_009231,1,credit_card,1,198.55
o_009232,1,credit_card,10,139.78
o_009233,1,credit_card,2,186.57
o_009234,1,boleto,1,63.76
o_009235,1,boleto,1,165.19
o_009236,1,voucher,1,364.76
o_009237,1,credit_card,1,77.68
o_009238,1,credit_card,2,138.64
o_009239,1,credit_card,4,160.36
o_009240,1,credit_card,2,149.08
o_009241,1,credit_card,1,60.02
o_009242,1,credit_card,1,386.29
o_009243,1,boleto,1,131.09
o_009244,1,credit_card,1,47.73
o_009245,1,credit_card,1,81.21
o_009246,1,credit_card,6,250.54
o_009247,1,voucher,1,92.64
o_009248,1,credit_card,4,197.73
o_009249,1,voucher,1,53.42
o_009250,1,credit_card,3,157.68
o_009251,1,boleto,1,60.15
o_009252,1,credit_card,6,95.42
o_009253,1,boleto,1,90.47
o_009254,1,credit_card,1,127.26
o_009255,1,credit_card,1,64.01
o_009256,1,credit_card,1,32.2
o_009257,1,boleto,1,95.42
o_009258,1,voucher,1,305.07
o_009259,1,credit_card,3,77.81
o_009260,1,credit_card,3,44.52
o_009261,1,credit_card,1,138.76
o_009262,1,credit_card,1,226.16
o_009263,1,credit_card,2,243.04
o_009264,1,voucher,1,41.77
o_009265,1,credit_card,1,85.16
o_009266,1,credit_card,1,67.03
o_009267,1,credit_card,1,212.57
o_009268,1,voucher,1,37.81
o_009269,1,credit_card,2,366.3
o_009270,1,boleto,1,160.96
o_009271,1,boleto,1,177.7
o_009272,1,voucher,1,57.53
o_009273,1,credit_card,12,155.27
o_009274,1,credit_card,1,89.6
o_009275,1,credit_card,4,237.45
o_009276,1,credit_card,4,36.76
o_009277,1,boleto,1,52.16
o_009278,1,boleto,1,273.41
o_009279,1,credit_card,10,123.15
o_009280,1,boleto,1,35.55
o_009281,1,credit_card,1,76.94
o_009282,1,credit_card,1,446.27
o_009283,1,credit_card,1,91.86
o_009284,1,boleto,1,119.92
o_009285,1,credit_card,2,213.42
o_009286,1,credit_card,10,156.46
o_009287,1,credit_card,1,275.31
o_009288,1,credit_card,4,345.97
o_009289,1,credit_card,2,57.28
o_009290,1,credit_card,6,100.61
o_009291,1,credit_card,3,72.97
o_009292,1,credit_card,1,300.83
o_009293,1,credit_card,8,70.88
o_009294,1,credit_card,3,72.26
o_009295,1,credit_card,4,298.65
o_009296,1,boleto,1,33.18
o_009297,1,credit_card,6,922.39
o_009298,1,credit_card,1,37.83
o_009299,1,credit_card,1,163.7
o_009300,1,credit_card,2,236.73
o_009301,1,credit_card,1,26.47
o_009302,1,credit_card,1,153.6
o_009303,1,credit_card,4,44.73
o_009304,1,boleto,1,51.68
o_009305,1,credit_card,8,78.87
o_009306,1,credit_card,6,278.5
o_009307,1,credit_card,1,203.31
o_009308,1,credit_card,4,75.09
o_009309,1,credit_card,3,155.79
o_009310,1,boleto,1,642.39
o_009311,1,credit_card,6,267.11
o_009312,1,credit_card,6,131.94
o_009313,1,voucher,1,33.33
o_009314,1,credit_card,6,90.85
o_009315,1,credit_card,8,156.8
o_009316,1,credit_card,2,51.41
o_009317,1,credit_card,1,165.16
o_009318,1,boleto,1,411.92
o_009319,1,boleto,1,171.39
o_009320,1,credit_card,1,151.62
o_009321,1,credit_card,4,147.62
o_009322,1,credit_card,1,502.38
o_009323,1,credit_card,2,203.35
o_009324,1,credit_card,1,102.71
o_009325,1,boleto,1,70.71
o_009326,1,credit_card,1,79.33
o_009327,1,boleto,1,62.47
o_009328,1,credit_card,8,671.78
o_009329,1,credit_card,3,88.99
o_009330,1,boleto,1,305.7
o_009331,1,credit_card,3,177.95
o_009332,1,credit_card,1,39.05
o_009333,1,credit_card,1,70.61
o_009334,1,boleto,1,72.48
o_009335,1,voucher,1,60.26
o_009336,1,credit_card,2,183.58
o_009337,1,credit_card,1,249.0
o_009338,1,credit_card,1,126.05
o_009339,1,credit_card,2,120.47
o_009340,1,credit_card,1,214.46
o_009341,1,credit_card,1,322.9
o_009342,1,voucher,1,515.07
o_009343,1,credit_card,1,367.76
o_009344,1,credit_card,4,262.1
o_009345,1,credit_card,2,35.88
o_009346,1,credit_card,1,489.77
o_009347,1,boleto,1,81.92
o_009348,1,boleto,1,182.66
o_009349,1,credit_card,4,423.02
o_009350,1,credit_card,1,108.76
o_009351,1,credit_card,1,90.8
o_009352,1,credit_card,4,84.41
o_009353,1,credit_card,10,213.29
o_009354,1,credit_card,1,110.36
o_009355,1,credit_card,1,84.11
o_009356,1,credit_card,2,75.79
o_009357,1,credit_card,1,98.29
o_009358,1,boleto,1,108.97
o_009359,1,credit_card,1,123.52
o_009360,1,boleto,1,25.22
o_009361,1,debit_card,1,30.56
o_009362,1,credit_card,3,125.07
o_009363,1,boleto,1,71.84
o_009364,1,credit_card,1,70.11
o_009365,1,credit_card,4,56.07
o_009366,1,voucher,1,289.47
o_009367,1,voucher,1,123.8
o_009368,1,boleto,1,350.6
o_009369,1,credit_card,1,832.42
o_009370,1,credit_card,3,225.97
o_009371,1,boleto,1,291.84
o_009372,1,credit_card,3,214.6
o_009373,1,credit_card,1,54.83
o_009374,1,credit_card,1,83.61
o_009375,1,boleto,1,132.91
o_009376,1,credit_card,3,91.68
o_009377,1,boleto,1,134.42
o_009378,1,credit_card,1,50.28
o_009379,1,credit_card,10,494.15
o_009380,1,credit_card,4,386.58
o_009381,1,credit_card,8,167.79
o_009382,1,credit_card,3,414.42
o_009383,1,credit_card,6,231.66
o_009384,1,credit_card,1,42.84
o_009385,1,credit_card,4,211.41
o_009386,1,boleto,1,147.82
o_009387,1,credit_card,1,233.6
o_009388,1,boleto,1,137.98
o_009389,1,credit_card,3,322.03
o_009390,1,boleto,1,48.78
o_009391,1,credit_card,1,51.46
o_009392,1,credit_card,2,153.91
o_009393,1,credit_card,1,141.95
o_009394,1,credit_card,1,113.33
o_009395,1,boleto,1,203.37
o_009396,1,credit_card,3,74.39
o_009397,1,credit_card,1,89.76
o_009398,1,credit_card,10,51.8
o_009399,1,boleto,1,64.68
o_009400,1,credit_card,1,38.05
o_009401,1,boleto,1,259.02
o_009402,1,credit_card,1,335.11
o_009403,1,credit_card,1,223.29
o_009404,1,boleto,1,205.42
o_009405,1,credit_card,1,419.79
o_009406,1,boleto,1,63.43
o_009407,1,credit_card,1,341.63
o_009408,1,credit_card,3,156.11
o_009409,1,debit_card,1,265.26
o_009410,1,credit_card,1,315.89
o_009411,1,credit_card,1,169.84
o_009412,1,credit_card,4,264.0
o_009413,1,credit_card,2,264.3
o_009414,1,credit_card,2,159.31
o_009415,1,credit_card,1,223.39
o_009416,1,credit_card,4,173.8
o_009417,1,credit_card,1,144.18
o_009418,1,credit_card,6,55.98
o_009419,1,credit_card,4,26.84
o_009420,1,credit_card,2,249.47
o_009421,1,credit_card,1,295.26
o_009422,1,credit_card,2,82.09
o_009423,1,credit_card,3,663.77
o_009424,1,credit_card,8,124.49
o_009425,1,boleto,1,200.52
o_009426,1,credit_card,1,170.44
o_009427,1,credit_card,10,400.18
o_009428,1,credit_card,1,92.93
o_009429,1,credit_card,1,88.36
o_009430,1,boleto,1,86.62
o_009431,1,credit_card,10,179.66
o_009432,1,voucher,1,61.64
o_009433,1,credit_card,10,129.8
o_009434,1,credit_card,4,456.33
o_009435,1,boleto,1,171.46
o_009436,1,credit_card,2,114.34
o_009437,1,credit_card,1,138.83
o_009438,1,voucher,1,350.41
o_009439,1,credit_card,1,38.6
o_009440,1,credit_card,12,198.85
o_009441,1,credit_card,6,50.87
o_009442,1,credit_card,1,82.29
o_009443,1,boleto,1,35.99
o_009444,1,credit_card,1,253.73
o_009445,1,boleto,1,57.33
o_009446,1,boleto,1,146.43
o_009447,1,credit_card,3,503.28
o_009448,1,voucher,1,223.62
o_009449,1,credit_card,1,149.42
o_009450,1,credit_card,1,209.35
o_009451,1,credit_card,1,80.79
o_009452,1,boleto,1,32.42
o_009453,1,credit_card,4,35.66
o_009454,1,boleto,1,218.57
o_009455,1,credit_card,10,267.16
o_009456,1,credit_card,1,394.78
o_009457,1,boleto,1,147.35
o_009458,1,credit_card,4,443.22
o_009459,1,credit_card,1,33.36
o_009460,1,credit_card,1,35.88
o_009461,1,credit_card,1,169.96
o_009462,1,credit_card,1,147.65
o_009463,1,boleto,1,110.3
o_009464,1,credit_card,1,393.98
o_009465,1,boleto,1,136.69
o_009466,1,credit_card,2,230.53
o_009467,1,voucher,1,304.37
o_009468,1,credit_card,1,475.25
o_009469,1,credit_card,1,36.2
o_009470,1,credit_card,1,269.29
o_009471,1,credit_card,2,131.84
o_009472,1,boleto,1,110.65
o_009473,1,credit_card,1,162.96
o_009474,1,credit_card,10,192.45
o_009475,1,credit_card,8,62.56
o_009476,1,credit_card,6,46.46
o_009477,1,credit_card,1,104.81
o_009478,1,credit_card,3,124.62
o_009479,1,credit_card,6,170.05
o_009480,1,credit_card,10,85.99
o_009481,1,credit_card,1,231.92
o_009482,1,boleto,1,48.64
o_009483,1,boleto,1,850.68
o_009484,1,credit_card,1,78.48
o_009485,1,boleto,1,51.2
o_009486,1,boleto,1,106.96
o_009487,1,credit_card,6,257.68
o_009488,1,credit_card,6,187.87
o_009489,1,credit_card,1,344.34
o_009490,1,credit_card,1,221.65
o_009491,1,credit_card,1,139.45
o_009492,1,credit_card,3,103.84
o_009493,1,credit_card,1,51.49
o_009494,1,credit_card,3,442.69
o_009495,1,boleto,1,409.44
o_009496,1,credit_card,1,177.49
o_009497,1,boleto,1,277.95
o_009498,1,voucher,1,98.22
o_009499,1,credit_card,8,72.91
o_009500,1,credit_card,3,57.04
o_009501,1,boleto,1,47.6
o_009502,1,credit_card,1,119.28
o_009503,1,boleto,1,364.92
o_009504,1,boleto,1,107.4
o_009505,1,credit_card,2,134.82
o_009506,1,credit_card,2,124.54
o_009507,1,credit_card,1,102.05
o_009508,1,credit_card,3,374.21
o_009509,1,credit_card,6,83.18
o_009510,1,credit_card,2,188.5
o_009511,1,credit_card,3,225.91
o_009512,1,credit_card,6,310.87
o_009513,1,credit_card,2,221.11
o_009514,1,boleto,1,273.89
o_009515,1,credit_card,3,303.93
o_009516,1,credit_card,1,22.79
o_009517,1,credit_card,3,502.44
o_009518,1,credit_card,1,46.32
o_009519,1,voucher,1,53.39
o_009520,1,debit_card,1,197.12
o_009521,1,credit_card,1,93.4
o_009522,1,credit_card,1,108.59
o_009523,1,boleto,1,238.59
o_009524,1,credit_card,4,242.63
o_009525,1,credit_card,2,196.73
o_009526,1,credit_card,2,31.95
o_009527,1,credit_card,1,103.64
o_009528,1,credit_card,3,81.48
o_009529,1,credit_card,1,232.82
o_009530,1,boleto,1,416.48
o_009531,1,credit_card,1,42.59
o_009532,1,credit_card,1,77.1
o_009533,1,boleto,1,88.24
o_009534,1,boleto,1,72.81
o_009535,1,credit_card,1,421.46
o_009536,1,credit_card,1,144.38
o_009537,1,boleto,1,244.54
o_009538,1,boleto,1,67.97
o_009539,1,credit_card,1,163.95
o_009540,1,debit_card,1,44.18
o_009541,1,credit_card,1,162.98
o_009542,1,credit_card,2,104.3
o_009543,1,credit_card,1,116.84
o_009544,1,boleto,1,384.33
o_009545,1,boleto,1,96.14
o_009546,1,voucher,1,198.58
o_009547,1,credit_card,1,43.1
o_009548,1,boleto,1,135.23
o_009549,1,boleto,1,471.0
o_009550,1,credit_card,2,300.31
o_009551,1,credit_card,6,152.04
o_009552,1,credit_card,1,83.15
o_009553,1,credit_card,1,513.99
o_009554,1,voucher,1,41.86
o_009555,1,credit_card,10,148.74
o_009556,1,credit_card,2,46.15
o_009557,1,credit_card,2,306.83
o_009558,1,boleto,1,218.73
o_009559,1,credit_card,1,442.8
o_009560,1,boleto,1,214.28
o_009561,1,credit_card,10,95.43
o_009562,1,boleto,1,174.72
o_009563,1,credit_card,1,236.31
o_009564,1,boleto,1,77.72
o_009565,1,credit_card,10,198.84
o_009566,1,credit_card,1,81.46
o_009567,1,credit_card,4,133.61
o_009568,1,credit_card,12,74.64
o_009569,1,credit_card,1,325.35
o_009570,1,credit_card,8,51.83
o_009571,1,credit_card,1,153.03
o_009572,1,credit_card,1,298.33
o_009573,1,credit_card,1,468.61
o_009574,1,credit_card,6,407.39
o_009575,1,boleto,1,121.54
o_009576,1,boleto,1,51.94
o_009577,1,debit_card,1,112.84
o_009578,1,credit_card,4,40.1
o_009579,1,credit_card,2,107.5
o_009580,1,credit_card,1,114.32
o_009581,1,credit_card,3,68.98
o_009582,1,credit_card,2,193.39
o_009583,1,credit_card,1,82.36
o_009584,1,credit_card,8,194.46
o_009585,1,credit_card,6,241.85
o_009586,1,credit_card,2,224.93
o_009587,1,credit_card,4,85.45
o_009588,1,boleto,1,24.56
o_009589,1,credit_card,1,37.2
o_009590,1,voucher,1,89.29
o_009591,1,boleto,1,314.63
o_009592,1,credit_card,1,341.66
o_009593,1,boleto,1,129.16
o_009594,1,credit_card,3,117.74
o_009595,1,credit_card,8,234.3
o_009596,1,boleto,1,633.51
o_009597,1,credit_card,6,323.52
o_009598,1,credit_card,3,42.45
o_009599,1,boleto,1,391.37
o_009600,1,credit_card,1,269.01
o_009601,1,credit_card,1,72.11
o_009602,1,credit_card,1,208.05
o_009603,1,credit_card,1,111.77
o_009604,1,credit_card,1,254.11
o_009605,1,credit_card,6,74.37
o_009606,1,credit_card,4,64.75
o_009607,1,credit_card,6,79.25
o_009608,1,credit_card,1,404.5
o_009609,1,credit_card,4,48.09
o_009610,1,credit_card,6,208.65
o_009611,1,credit_card,1,190.2
o_009612,1,credit_card,10,159.64
o_009613,1,credit_card,1,176.94
o_009614,1,credit_card,1,373.83
o_009615,1,boleto,1,167.18
o_009616,1,credit_card,10,145.71
o_009617,1,credit_card,10,257.64
o_009618,1,credit_card,8,98.44
o_009619,1,credit_card,1,153.21
o_009620,1,credit_card,2,65.62
o_009621,1,boleto,1,28.6
o_009622,1,boleto,1,127.31
o_009623,1,credit_card,6,641.93
o_009624,1,credit_card,2,41.97
o_009625,1,credit_card,10,465.38
o_009626,1,credit_card,3,79.36
o_009627,1,voucher,1,65.47
o_009628,1,credit_card,3,171.54
o_009629,1,credit_card,2,134.52
o_009630,1,credit_card,3,33.91
o_009631,1,credit_card,1,308.13
o_009632,1,credit_card,3,118.17
o_009633,1,credit_card,10,27.28
o_009634,1,credit_card,12,434.47
o_009635,1,credit_card,1,58.94
o_009636,1,credit_card,1,57.96
o_009637,1,credit_card,1,233.58
o_009638,1,credit_card,1,395.82
o_009639,1,credit_card,1,179.75
o_009640,1,credit_card,6,82.22
o_009641,1,credit_card,1,149.97
o_009642,1,boleto,1,232.45
o_009643,1,boleto,1,132.95
o_009644,1,boleto,1,264.6
o_009645,1,voucher,1,673.29
o_009646,1,credit_card,1,145.77
o_009647,1,credit_card,3,33.59
o_009648,1,voucher,1,34.72
o_009649,1,credit_card,1,143.56
o_009650,1,credit_card,1,84.3
o_009651,1,credit_card,1,27.34
o_009652,1,credit_card,4,66.99
o_009653,1,boleto,1,33.9
o_009654,1,boleto,1,186.25
o_009655,1,credit_card,1,235.97
o_009656,1,credit_card,6,33.29
o_009657,1,credit_card,1,87.75
o_009658,1,credit_card,1,441.31
o_009659,1,credit_card,1,410.13
o_009660,1,credit_card,10,85.72
o_009661,1,boleto,1,99.73
o_009662,1,voucher,1,44.21
o_009663,1,credit_card,1,284.29
o_009664,1,credit_card,4,31.39
o_009665,1,boleto,1,289.8
o_009666,1,credit_card,4,215.59
o_009667,1,credit_card,1,39.72
o_009668,1,credit_card,1,444.74
o_009669,1,credit_card,1,243.94
o_009670,1,credit_card,10,57.29
o_009671,1,credit_card,1,573.86
o_009672,1,credit_card,1,86.49
o_009673,1,credit_card,4,398.45
o_009674,1,boleto,1,89.08
o_009675,1,credit_card,2,39.98
o_009676,1,boleto,1,180.06
o_009677,1,credit_card,2,69.06
o_009678,1,credit_card,1,93.0
o_009679,1,credit_card,1,247.07
o_009680,1,credit_card,1,149.27
o_009681,1,credit_card,1,256.92
o_009682,1,credit_card,1,37.02
o_009683,1,credit_card,1,34.24
o_009684,1,credit_card,1,272.47
o_009685,1,credit_card,2,372.97
o_009686,1,credit_card,6,168.23
o_009687,1,boleto,1,144.97
o_009688,1,credit_card,1,112.66
o_009689,1,voucher,1,151.27
o_009690,1,credit_card,1,41.66
o_009691,1,voucher,1,28.87
o_009692,1,credit_card,2,220.89
o_009693,1,credit_card,1,97.36
o_009694,1,credit_card,1,130.44
o_009695,1,credit_card,6,750.2
o_009696,1,voucher,1,95.24
o_009697,1,credit_card,6,130.69
o_009698,1,credit_card,6,245.33
o_009699,1,credit_card,6,122.43
o_009700,1,credit_card,2,446.71
o_009701,1,credit_card,3,570.3
o_009702,1,credit_card,10,50.89
o_009703,1,credit_card,10,113.31
o_009704,1,credit_card,1,529.83
o_009705,1,voucher,1,155.23
o_009706,1,credit_card,1,265.61
o_009707,1,boleto,1,74.14
o_009708,1,boleto,1,325.19
o_009709,1,credit_card,1,82.79
o_009710,1,credit_card,1,34.42
o_009711,1,credit_card,6,200.87
o_009712,1,credit_card,4,69.27
o_009713,1,credit_card,1,224.07
o_009714,1,credit_card,3,187.8
o_009715,1,boleto,1,57.48
o_009716,1,credit_card,4,167.87
o_009717,1,credit_card,6,54.58
o_009718,1,voucher,1,111.78
o_009719,1,credit_card,1,192.83
o_009720,1,voucher,1,183.69
o_009721,1,voucher,1,176.45
o_009722,1,credit_card,4,77.71
o_009723,1,credit_card,1,177.88
o_009724,1,credit_card,1,181.96
o_009725,1,credit_card,6,127.71
o_009726,1,credit_card,1,94.53
o_009727,1,credit_card,1,146.58
o_009728,1,boleto,1,115.34
o_009729,1,credit_card,2,184.94
o_009730,1,voucher,1,191.16
o_009731,1,credit_card,2,143.91
o_009732,1,credit_card,1,463.22
o_009733,1,credit_card,1,140.02
o_009734,1,credit_card,1,170.23
o_009735,1,credit_card,3,160.22
o_009736,1,debit_card,1,126.98
o_009737,1,boleto,1,48.19
o_009738,1,credit_card,1,46.93
o_009739,1,credit_card,1,185.84
o_009740,1,credit_card,12,175.58
o_009741,1,boleto,1,93.65
o_009742,1,credit_card,2,52.74
o_009743,1,credit_card,10,87.48
o_009744,1,credit_card,1,82.54
o_009745,1,credit_card,2,457.53
o_009746,1,boleto,1,78.29
o_009747,1,voucher,1,124.26
o_009748,1,credit_card,1,400.35
o_009749,1,credit_card,12,35.83
o_009750,1,boleto,1,81.38
o_009751,1,credit_card,6,303.97
o_009752,1,boleto,1,57.75
o_009753,1,credit_card,1,89.07
o_009754,1,credit_card,8,73.12
o_009755,1,credit_card,2,60.72
o_009756,1,credit_card,1,91.36
o_009757,1,credit_card,1,219.39
o_009758,1,credit_card,6,243.68
o_009759,1,credit_card,3,58.96
o_009760,1,debit_card,1,160.64
o_009761,1,credit_card,2,226.25
o_009762,1,credit_card,8,126.9
o_009763,1,boleto,1,61.72
o_009764,1,debit_card,1,197.79
o_009765,1,credit_card,1,284.48
o_009766,1,credit_card,8,28.36
o_009767,1,credit_card,1,113.59
o_009768,1,credit_card,10,408.15
o_009769,1,credit_card,1,148.29
o_009770,1,credit_card,2,469.73
o_009771,1,credit_card,6,125.55
o_009772,1,credit_card,3,30.99
o_009773,1,credit_card,1,88.11
o_009774,1,credit_card,3,166.31
o_009775,1,boleto,1,225.82
o_009776,1,debit_card,1,104.16
o_009777,1,boleto,1,198.52
o_009778,1,credit_card,2,57.03
o_009779,1,credit_card,3,176.62
o_009780,1,credit_card,1,40.19
o_009781,1,boleto,1,123.79
o_009782,1,credit_card,1,42.4
o_009783,1,credit_card,10,128.03
o_009784,1,voucher,1,543.83
o_009785,1,credit_card,1,71.95
o_009786,1,credit_card,3,695.01
o_009787,1,credit_card,2,59.48
o_009788,1,credit_card,10,85.58
o_009789,1,credit_card,1,154.24
o_009790,1,credit_card,2,220.19
o_009791,1,boleto,1,121.31
o_009792,1,credit_card,1,345.06
o_009793,1,credit_card,1,90.05
o_009794,1,credit_card,1,200.19
o_009795,1,credit_card,3,116.81
o_009796,1,boleto,1,185.28
o_009797,1,credit_card,10,459.21
o_009798,1,boleto,1,51.88
o_009799,1,boleto,1,39.74
o_009800,1,boleto,1,56.39
o_009801,1,credit_card,8,269.2
o_009802,1,credit_card,6,312.42
o_009803,1,credit_card,4,83.54
o_009804,1,credit_card,4,69.91
o_009805,1,credit_card,6,284.58
o_009806,1,credit_card,1,156.5
o_009807,1,boleto,1,67.58
o_009808,1,debit_card,1,137.11
o_009809,1,credit_card,10,58.31
o_009810,1,credit_card,1,64.95
o_009811,1,voucher,1,551.79
o_009812,1,debit_card,1,93.59
o_009813,1,credit_card,4,183.27
o_009814,1,boleto,1,171.01
o_009815,1,credit_card,1,241.35
o_009816,1,credit_card,4,55.26
o_009817,1,credit_card,2,291.07
o_009818,1,boleto,1,83.74
o_009819,1,credit_card,8,435.27
o_009820,1,credit_card,1,256.24
o_009821,1,credit_card,6,98.17
o_009822,1,credit_card,6,289.45
o_009823,1,credit_card,3,82.13
o_009824,1,boleto,1,112.92
o_009825,1,credit_card,1,370.3
o_009826,1,boleto,1,182.83
o_009827,1,boleto,1,39.85
o_009828,1,credit_card,1,36.63
o_009829,1,credit_card,2,138.05
o_009830,1,credit_card,1,97.55
o_009831,1,credit_card,1,382.26
o_009832,1,boleto,1,401.05
o_009833,1,credit_card,2,385.04
o_009834,1,credit_card,1,179.67
o_009835,1,credit_card,1,76.49
o_009836,1,credit_card,6,39.47
o_009837,1,boleto,1,132.37
o_009838,1,credit_card,1,174.54
o_009839,1,credit_card,4,184.73
o_009840,1,credit_card,2,92.8
o_009841,1,voucher,1,255.21
o_009842,1,boleto,1,54.96
o_009843,1,credit_card,2,304.47
o_009844,1,credit_card,8,456.15
o_009845,1,credit_card,1,148.26
o_009846,1,credit_card,1,126.36
o_009847,1,credit_card,2,92.79
o_009848,1,credit_card,4,167.57
o_009849,1,credit_card,4,208.86
o_009850,1,credit_card,1,132.61
o_009851,1,credit_card,2,96.57
o_009852,1,credit_card,3,135.41
o_009853,1,boleto,1,41.15
o_009854,1,credit_card,10,123.8
o_009855,1,boleto,1,167.44
o_009856,1,credit_card,2,62.72
o_009857,1,credit_card,1,371.37
o_009858,1,credit_card,10,174.38
o_009859,1,credit_card,2,99.86
o_009860,1,credit_card,1,193.28
o_009861,1,boleto,1,132.95
o_009862,1,credit_card,2,38.27
o_009863,1,boleto,1,146.99
o_009864,1,credit_card,6,144.85
o_009865,1,credit_card,4,312.17
o_009866,1,credit_card,8,220.43
o_009867,1,credit_card,2,230.59
o_009868,1,credit_card,8,58.59
o_009869,1,credit_card,1,55.21
o_009870,1,credit_card,1,49.24
o_009871,1,credit_card,1,163.29
o_009872,1,credit_card,1,174.09
o_009873,1,credit_card,12,49.03
o_009874,1,credit_card,6,133.64
o_009875,1,credit_card,6,309.25
o_009876,1,credit_card,2,133.62
o_009877,1,credit_card,1,44.45
o_009878,1,credit_card,4,134.26
o_009879,1,credit_card,8,192.95
o_009880,1,boleto,1,159.48
o_009881,1,credit_card,10,60.72
o_009882,1,boleto,1,128.89
o_009883,1,credit_card,2,157.39
o_009884,1,credit_card,3,59.2
o_009885,1,credit_card,3,400.16
o_009886,1,credit_card,1,93.36
o_009887,1,credit_card,2,47.09
o_009888,1,credit_card,4,170.17
o_009889,1,credit_card,1,39.16
o_009890,1,credit_card,8,23.52
o_009891,1,credit_card,3,139.59
o_009892,1,boleto,1,256.61
o_009893,1,credit_card,1,137.6
o_009894,1,credit_card,2,181.39
o_009895,1,boleto,1,103.91
o_009896,1,credit_card,1,135.59
o_009897,1,credit_card,1,46.9
o_009898,1,voucher,1,141.93
o_009899,1,boleto,1,250.77
o_009900,1,boleto,1,77.46
o_009901,1,voucher,1,97.66
o_009902,1,boleto,1,52.92
o_009903,1,boleto,1,337.23
o_009904,1,credit_card,1,186.46
o_009905,1,credit_card,4,203.84
o_009906,1,credit_card,1,41.4
o_009907,1,credit_card,8,428.43
o_009908,1,credit_card,8,92.1
o_009909,1,credit_card,2,250.37
o_009910,1,voucher,1,269.06
o_009911,1,credit_card,1,44.64
o_009912,1,credit_card,4,98.28
o_009913,1,credit_card,1,235.55
o_009914,1,credit_card,1,26.76
o_009915,1,credit_card,4,37.94
o_009916,1,boleto,1,285.18
o_009917,1,boleto,1,167.22
o_009918,1,credit_card,1,333.74
o_009919,1,credit_card,1,255.92
o_009920,1,credit_card,12,322.02
o_009921,1,boleto,1,178.77
o_009922,1,credit_card,4,343.83
o_009923,1,credit_card,10,41.8
o_009924,1,credit_card,1,156.07
o_009925,1,credit_card,1,99.03
o_009926,1,credit_card,2,47.68
o_009927,1,credit_card,4,94.86
o_009928,1,boleto,1,145.59
o_009929,1,credit_card,1,108.11
o_009930,1,credit_card,6,107.49
o_009931,1,credit_card,1,205.88
o_009932,1,boleto,1,171.08
o_009933,1,boleto,1,161.83
o_009934,1,credit_card,1,60.67
o_009935,1,boleto,1,103.51
o_009936,1,credit_card,2,33.01
o_009937,1,boleto,1,252.05
o_009938,1,boleto,1,164.27
o_009939,1,boleto,1,50.38
o_009940,1,credit_card,2,95.99
o_009941,1,boleto,1,35.76
o_009942,1,boleto,1,281.03
o_009943,1,debit_card,1,52.97
o_009944,1,credit_card,6,175.34
o_009945,1,boleto,1,261.11
o_009946,1,credit_card,1,423.87
o_009947,1,credit_card,2,200.15
o_009948,1,credit_card,1,103.4
o_009949,1,credit_card,8,122.1
o_009950,1,credit_card,10,253.33
o_009951,1,credit_card,2,192.56
o_009952,1,credit_card,2,120.45
o_009953,1,credit_card,1,215.35
o_009954,1,credit_card,1,117.04
o_009955,1,voucher,1,173.76
o_009956,1,credit_card,1,218.16
o_009957,1,credit_card,1,250.97
o_009958,1,credit_card,2,150.05
o_009959,1,credit_card,10,179.23
o_009960,1,credit_card,3,163.95
o_009961,1,credit_card,1,69.78
o_009962,1,boleto,1,503.82
o_009963,1,credit_card,1,187.7
o_009964,1,credit_card,1,56.87
o_009965,1,credit_card,2,45.45
o_009966,1,credit_card,6,140.0
o_009967,1,boleto,1,47.86
o_009968,1,credit_card,1,109.96
o_009969,1,credit_card,1,125.52
o_009970,1,credit_card,4,243.05
o_009971,1,credit_card,1,274.96
o_009972,1,boleto,1,329.62
o_009973,1,credit_card,1,287.38
o_009974,1,credit_card,1,346.66
o_009975,1,boleto,1,203.83
o_009976,1,credit_card,1,406.05
o_009977,1,credit_card,8,492.51
o_009978,1,credit_card,1,84.63
o_009979,1,credit_card,2,43.62
o_009980,1,credit_card,8,37.4
o_009981,1,voucher,1,140.83
o_009982,1,boleto,1,205.64
o_009983,1,credit_card,1,65.88
o_009984,1,credit_card,3,91.55
o_009985,1,credit_card,2,146.78
o_009986,1,boleto,1,251.68
o_009987,1,credit_card,1,102.44
o_009988,1,credit_card,2,213.79
o_009989,1,credit_card,8,69.69
o_009990,1,credit_card,1,455.19
o_009991,1,boleto,1,489.79
o_009992,1,credit_card,1,65.38
o_009993,1,credit_card,2,270.86
o_009994,1,credit_card,1,112.77
o_009995,1,credit_card,6,426.95
o_009996,1,credit_card,1,198.83
o_009997,1,credit_card,1,43.96
o_009998,1,credit_card,1,176.25
o_009999,1,credit_card,1,349.94
